Entry	Organism
P17139	Caenorhabditis elegans
P34688	Caenorhabditis elegans
P35800	Caenorhabditis elegans
P17140	Caenorhabditis elegans
P08124	Caenorhabditis elegans
P27393	Ascaris suum (Pig roundworm) (Ascaris lumbricoides)
Q20754	Caenorhabditis elegans
Q9N4U2	Caenorhabditis elegans
P18835	Caenorhabditis elegans
Q23628	Caenorhabditis elegans
O76368	Caenorhabditis elegans
P20784	Caenorhabditis elegans
P35799	Caenorhabditis elegans
P91285	Caenorhabditis elegans
Q09457	Caenorhabditis elegans
P12114	Caenorhabditis elegans
P20631	Caenorhabditis elegans
P34803	Caenorhabditis elegans
Q17460	Caenorhabditis elegans
P18833	Caenorhabditis elegans
P18834	Caenorhabditis elegans
P18832	Caenorhabditis elegans
P34804	Caenorhabditis elegans
O44989	Caenorhabditis elegans
P17656	Caenorhabditis elegans
P20630	Caenorhabditis elegans
P18831	Caenorhabditis elegans
P17657	Caenorhabditis elegans
Q20778	Caenorhabditis elegans
P34687	Caenorhabditis elegans
Q09455	Caenorhabditis elegans
Q09456	Caenorhabditis elegans
P34340	Caenorhabditis elegans
Q09578	Caenorhabditis elegans
P34391	Caenorhabditis elegans
Q09233	Caenorhabditis elegans
Q17459	Caenorhabditis elegans
Q21184	Caenorhabditis elegans
P16252	Haemonchus contortus (Barber pole worm)
A8XV36	Caenorhabditis briggsae
P16253	Haemonchus contortus (Barber pole worm)
A8WR59	Caenorhabditis briggsae
A8XV37	Caenorhabditis briggsae
G5EDV5	Caenorhabditis elegans
A0A4E9FAJ1	Brugia malayi (Filarial nematode worm)
A0A1I7VK11	Loa loa (Eye worm) (Filaria loa)
A0A090LPC4	Strongyloides ratti (Parasitic roundworm)
A0A0V1CJV7	Trichinella britovi (Parasitic roundworm)
A0A090LFU5	Strongyloides ratti (Parasitic roundworm)
A0A0N4VAB6	Enterobius vermicularis (Human pinworm)
A0A0R3PWM0	Angiostrongylus costaricensis (Nematode worm)
A0A158Q4Y5	Dracunculus medinensis (Guinea worm)
A0A261C7A9	Caenorhabditis latens
A0A7I4YA88	Haemonchus contortus (Barber pole worm)
A0A8S1EFS3	Caenorhabditis bovis
A0A8S1ELJ8	Caenorhabditis bovis
A0AA36FT11	Mesorhabditis spiculigera
A0AA39LPC2	Steinernema hermaphroditum
A0AAD5M2K0	Parelaphostrongylus tenuis (Meningeal worm)
A0AAE9FFT0	Caenorhabditis briggsae
A0AAV5VJ17	Pristionchus fissidentatus
A0ABR1CYM9	Necator americanus (Human hookworm)
A0A4U5NEN0	Steinernema carpocapsae (Entomopathogenic nematode)
A0A8S1EJ42	Caenorhabditis bovis
A0A9P1N9Y8	Caenorhabditis angaria
A0AA39LP64	Steinernema hermaphroditum
A0AAE9JE13	Caenorhabditis briggsae
A0AAN4YVQ7	Pristionchus mayeri
A0ABD6EAC8	Gnathostoma spinigerum
A0ABR1EPI3	Necator americanus (Human hookworm)
A0ABR1EPK4	Necator americanus (Human hookworm)
A0A0N4Z416	Parastrongyloides trichosuri (Possum-specific nematode worm)
A0A0N5D3H0	Thelazia callipaeda (Oriental eyeworm) (Parasitic nematode)
A0A1I7UHI5	Caenorhabditis tropicalis
A0A260ZKG4	Caenorhabditis remanei (Caenorhabditis vulgaris)
A0A2G5SJV3	Caenorhabditis nigoni
A0A2G5SKE5	Caenorhabditis nigoni
A0A2G5UHM5	Caenorhabditis nigoni
A0A498S3H3	Acanthocheilonema viteae (Filarial nematode worm) (Dipetalonema viteae)
A0A7I4Z8M8	Haemonchus contortus (Barber pole worm)
A0A811LWI9	Bursaphelenchus okinawaensis
A0A8J2LPH6	Cercopithifilaria johnstoni
A0A8S1EMH1	Caenorhabditis bovis
A0A914WTW1	Plectus sambesii
A0AA36MEB7	Cylicocyclus nassatus (Nematode worm)
A0AAF3E9B6	Mesorhabditis belari
A0AAN4ZSX3	Pristionchus mayeri
A0AAV5T9R9	Pristionchus entomophagus
A0ABR1D146	Necator americanus (Human hookworm)
G0MHJ7	Caenorhabditis brenneri (Nematode worm)
A0A016V0Y3	Ancylostoma ceylanicum
A0A0N4UVY3	Enterobius vermicularis (Human pinworm)
A0A158PQV7	Brugia pahangi (Filarial nematode worm)
A0A260ZEU2	Caenorhabditis remanei (Caenorhabditis vulgaris)
A0A261CLK8	Caenorhabditis latens
A0A2G5SJT5	Caenorhabditis nigoni
A0A3P7K3E4	Strongylus vulgaris (Blood worm)
A0A4U5NE86	Steinernema carpocapsae (Entomopathogenic nematode)
A0A811LSY7	Bursaphelenchus okinawaensis
A0A9P1N2N1	Caenorhabditis angaria
A0AA39LPE5	Steinernema hermaphroditum
A0ABR1EPL1	Necator americanus (Human hookworm)
A0ACB0XW69	Meloidogyne enterolobii (Root-knot nematode worm) (Meloidogyne mayaguensis)
A0A016SV44	Ancylostoma ceylanicum
A0A0N4YIC4	Nippostrongylus brasiliensis (Rat hookworm)
A0A0N5BFK7	Strongyloides papillosus (Intestinal threadworm)
A0A158PJY5	Angiostrongylus costaricensis (Nematode worm)
A0A158PPJ2	Anisakis simplex (Herring worm)
A0A260ZEJ4	Caenorhabditis remanei (Caenorhabditis vulgaris)
A0A8R1U184	Onchocerca volvulus
A0A8S1EP01	Caenorhabditis bovis
A0A915B319	Parascaris univalens (Nematode worm)
A0AA36GTB9	Cylicocyclus nassatus (Nematode worm)
A0AA39I352	Steinernema hermaphroditum
A0AAE9FCB0	Caenorhabditis briggsae
A0AAV5UFU7	Pristionchus entomophagus
A0AAV5WKH5	Pristionchus fissidentatus
A0AA39MCE9	Steinernema hermaphroditum
A0AA39MC17	Steinernema hermaphroditum
O01904	Caenorhabditis elegans
O16787	Caenorhabditis elegans
O17642	Caenorhabditis elegans
Q18345	Caenorhabditis elegans
Q9N527	Caenorhabditis elegans
O44774	Caenorhabditis elegans
Q8MXR1	Caenorhabditis elegans
O17209	Caenorhabditis elegans
O62432	Caenorhabditis elegans
Q19079	Caenorhabditis elegans
Q20136	Caenorhabditis elegans
A0AAV5VMU8	Pristionchus fissidentatus
A0ABD2I597	Heterodera schachtii (Sugarbeet cyst nematode worm) (Tylenchus schachtii)
A0A2A6CJ97	Pristionchus pacificus (Parasitic nematode worm)
A0ABD2KRA5	Heterodera trifolii
A0AAV5TER2	Pristionchus entomophagus
Q93569	Caenorhabditis elegans
A0ACB1N2Z8	Caenorhabditis elegans
A0A0V1FQW4	Trichinella pseudospiralis (Parasitic roundworm)
A0A0V1MB67	Trichinella papuae
A0A0V1IU98	Trichinella pseudospiralis (Parasitic roundworm)
A0A0V1MC54	Trichinella papuae
A0A0V1H9L0	Trichinella zimbabwensis
A0A0V0U828	Trichinella murrelli
A0A0V1BAI7	Trichinella spiralis (Trichina worm)
A0A0V0U7M2	Trichinella murrelli
A0A0V0U818	Trichinella murrelli
A0A0V1BAK8	Trichinella spiralis (Trichina worm)
A0A0V1D9Q5	Trichinella britovi (Parasitic roundworm)
A0A0V1BBP0	Trichinella spiralis (Trichina worm)
A0A0V1J574	Trichinella pseudospiralis (Parasitic roundworm)
A0A0V1FHI1	Trichinella pseudospiralis (Parasitic roundworm)
A0A0V1LT50	Trichinella nativa
A0A077Z512	Trichuris trichiura (Whipworm) (Trichocephalus trichiurus)
A0A0B2VES5	Toxocara canis (Canine roundworm)
A0A0V0U5U9	Trichinella murrelli
A0A016URY3	Ancylostoma ceylanicum
A0A0V0S6Y6	Trichinella nelsoni
A0A0V0TCX8	Trichinella murrelli
A0A0V1B3F2	Trichinella spiralis (Trichina worm)
A0A0V1HNG9	Trichinella zimbabwensis
A0A0V1MPN8	Trichinella papuae
A0AA39IK95	Steinernema hermaphroditum
A0ABR1DCA9	Necator americanus (Human hookworm)
A0A085MF13	Trichuris suis (pig whipworm)
A0A0V1B3F6	Trichinella spiralis (Trichina worm)
A0A0V1FJR2	Trichinella pseudospiralis (Parasitic roundworm)
A0A0V1IJW4	Trichinella pseudospiralis (Parasitic roundworm)
A0A0V1IK71	Trichinella pseudospiralis (Parasitic roundworm)
A0A0V1LSG4	Trichinella nativa
A0A0V1N601	Trichinella papuae
A0ABR1DBT6	Necator americanus (Human hookworm)
A0ABR1DCG3	Necator americanus (Human hookworm)
A0ABR1DES2	Necator americanus (Human hookworm)
A0ABR3KIR2	Trichinella spiralis (Trichina worm)
A0ABR3KMV5	Trichinella spiralis (Trichina worm)
F1KQQ4	Ascaris suum (Pig roundworm) (Ascaris lumbricoides)
Q17163	Brugia malayi (Filarial nematode worm)
W2TSZ3	Necator americanus (Human hookworm)
A0A016T1C6	Ancylostoma ceylanicum
A0A016T5P8	Ancylostoma ceylanicum
A0A016UJH5	Ancylostoma ceylanicum
A0A0B2USK0	Toxocara canis (Canine roundworm)
A0A0V0U3N2	Trichinella murrelli
A0A0V0Z8W9	Trichinella patagoniensis
A0A0V1AH30	Trichinella patagoniensis
A0A0V1B3L0	Trichinella spiralis (Trichina worm)
A0A0V1J6Y9	Trichinella pseudospiralis (Parasitic roundworm)
A0A0V1J705	Trichinella pseudospiralis (Parasitic roundworm)
A0A0V1LBE1	Trichinella nativa
A0A183H6H3	Onchocerca flexuosa
A0ABR1D4Q9	Necator americanus (Human hookworm)
A0A0B2V0L0	Toxocara canis (Canine roundworm)
A0A0B2V9M8	Toxocara canis (Canine roundworm)
A0A0V0SJP0	Trichinella nelsoni
A0A0V1MPF3	Trichinella papuae
A0A0V1MY62	Trichinella papuae
A0ABR3KVT9	Trichinella spiralis (Trichina worm)
A0A0V0S713	Trichinella nelsoni
A0A0V0TE84	Trichinella murrelli
A0A0V0Z9K4	Trichinella patagoniensis
A0A0V1BQ61	Trichinella spiralis (Trichina worm)
A0A0V1CJ19	Trichinella britovi (Parasitic roundworm)
A0A0V1CJB6	Trichinella britovi (Parasitic roundworm)
A0A0V1FAV5	Trichinella pseudospiralis (Parasitic roundworm)
A0A0V1IJY7	Trichinella pseudospiralis (Parasitic roundworm)
A0A0V1N5M2	Trichinella papuae
A0AA39M9N8	Steinernema hermaphroditum
F1KQD5	Ascaris suum (Pig roundworm) (Ascaris lumbricoides)
A0A0N4T9X3	Brugia pahangi (Filarial nematode worm)
A0A0N5AF16	Syphacia muris
A0A0N5AZP5	Syphacia muris
A0A0R3RTE5	Elaeophora elaphi
A0A0R3S3U8	Elaeophora elaphi
A0A158RCY5	Thelazia callipaeda (Oriental eyeworm) (Parasitic nematode)
A0A183D2P5	Gongylonema pulchrum
A0A183DIP4	Gongylonema pulchrum
A0A183I3N5	Onchocerca flexuosa
A0A2G5V8D8	Caenorhabditis nigoni
A0A2G5V8H3	Caenorhabditis nigoni
A0A3P7DZ09	Wuchereria bancrofti
A0A3P7LUE9	Cylicostephanus goldi (Nematode worm)
A0A7I4Z7X9	Haemonchus contortus (Barber pole worm)
A0A8S1HA54	Caenorhabditis auriculariae
A0A8S9ZSF4	Meloidogyne graminicola
A0A8T0A2L8	Meloidogyne graminicola
A0A914QF68	Panagrolaimus davidi
A0A915MHC1	Meloidogyne javanica (Root-knot nematode worm)
A0A915PBW6	Setaria digitata
A0A915Q4E1	Setaria digitata
A0AA36CVF6	Mesorhabditis spiculigera
A0AAN8FLY9	Trichostrongylus colubriformis (Black scour worm)
A0ABD6EXY6	Gnathostoma spinigerum
K7I6X0	Caenorhabditis japonica
A0A016V090	Ancylostoma ceylanicum
A0A0K0DJ47	Angiostrongylus cantonensis (Rat lungworm)
A0A183CR21	Globodera pallida (Potato cyst nematode worm) (Heterodera pallida)
A0A183G8K5	Heligmosomoides polygyrus (Parasitic roundworm)
A0A183IG83	Soboliphyme baturini
A0A183UPI4	Toxocara canis (Canine roundworm)
A0A1I7TZH1	Caenorhabditis tropicalis
A0A261CLL0	Caenorhabditis latens
A0A2A2J3I7	Diploscapter pachys
A0A3P7ZPA8	Haemonchus placei (Barber's pole worm)
A0A3P8BA19	Onchocerca flexuosa
A0A4U5N1L9	Steinernema carpocapsae (Entomopathogenic nematode)
A0A4V6A1P7	Steinernema carpocapsae (Entomopathogenic nematode)
A0A5S6QU61	Trichuris muris (Mouse whipworm)
A0A7E4VK49	Panagrellus redivivus (Microworm)
A0A914D6M5	Acrobeloides nanus
A0A914H8L1	Globodera rostochiensis (Golden nematode worm) (Heterodera rostochiensis)
A0A914NL52	Meloidogyne incognita (Southern root-knot nematode worm) (Oxyuris incognita)
A0A915IZQ3	Romanomermis culicivorax (Nematode worm)
A0A915LSG6	Meloidogyne javanica (Root-knot nematode worm)
A0A915NNR0	Meloidogyne floridensis
A0AAN8IKF4	Trichostrongylus colubriformis (Black scour worm)
A0ACB0Y486	Meloidogyne enterolobii (Root-knot nematode worm) (Meloidogyne mayaguensis)
A0ACB0YAH7	Meloidogyne enterolobii (Root-knot nematode worm) (Meloidogyne mayaguensis)
A0ACB0Z7I7	Meloidogyne enterolobii (Root-knot nematode worm) (Meloidogyne mayaguensis)
K7I6X3	Caenorhabditis japonica
A0A016UZR8	Ancylostoma ceylanicum
A0A085M5D3	Trichuris suis (pig whipworm)
A0A085NT60	Trichuris suis (pig whipworm)
A0A0N4WYL9	Haemonchus placei (Barber's pole worm)
A0A0N5CID1	Strongyloides papillosus (Intestinal threadworm)
A0A158PN13	Anisakis simplex (Herring worm)
A0A158QM15	Haemonchus placei (Barber's pole worm)
A0A183BID9	Globodera pallida (Potato cyst nematode worm) (Heterodera pallida)
A0A183DDI3	Gongylonema pulchrum
A0A183V3I4	Toxocara canis (Canine roundworm)
A0A1I7TZH0	Caenorhabditis tropicalis
A0A1I7TZH2	Caenorhabditis tropicalis
A0A1I7XCC0	Heterorhabditis bacteriophora (Entomopathogenic nematode worm)
A0A1I7XJT2	Heterorhabditis bacteriophora (Entomopathogenic nematode worm)
A0A2A2JCN3	Diploscapter pachys
A0A2A2JW88	Diploscapter pachys
A0A3P6UGP6	Onchocerca ochengi (Filarial nematode worm)
A0A3P7FZU5	Wuchereria bancrofti
A0A3P8BTM0	Soboliphyme baturini
A0A498S930	Acanthocheilonema viteae (Filarial nematode worm) (Dipetalonema viteae)
A0A8J2Q3J8	Cercopithifilaria johnstoni
A0A8L8KC30	Heligmosomoides polygyrus (Parasitic roundworm)
A0A8R1TPF1	Onchocerca volvulus
A0A914LVV9	Meloidogyne incognita (Southern root-knot nematode worm) (Oxyuris incognita)
A0A914MEB9	Meloidogyne incognita (Southern root-knot nematode worm) (Oxyuris incognita)
A0A914RK67	Parascaris equorum (Equine roundworm)
A0A914WJC0	Plectus sambesii
A0A915B4R1	Parascaris univalens (Nematode worm)
A0A915JIQ4	Romanomermis culicivorax (Nematode worm)
A0A915K0N8	Romanomermis culicivorax (Nematode worm)
A0AAF3FF49	Mesorhabditis belari
A0AAF5DHZ1	Strongyloides stercoralis (Threadworm)
A0A0N4T9J8	Brugia pahangi (Filarial nematode worm)
A0A183BWC3	Globodera pallida (Potato cyst nematode worm) (Heterodera pallida)
A0A183E9H4	Gongylonema pulchrum
A0A183IXG9	Soboliphyme baturini
A0A261BTJ6	Caenorhabditis latens
A0A2A2KLL7	Diploscapter pachys
A0A2G5SLW9	Caenorhabditis nigoni
A0A3P6TT52	Litomosoides sigmodontis (Filarial nematode worm)
A0A4U5N192	Steinernema carpocapsae (Entomopathogenic nematode)
A0A5S6R2W5	Trichuris muris (Mouse whipworm)
A0A8R1DLX7	Caenorhabditis japonica
A0A8R1DSQ5	Caenorhabditis japonica
A0A914E3U1	Acrobeloides nanus
A0A914E4L7	Acrobeloides nanus
A0A914HWY9	Globodera rostochiensis (Golden nematode worm) (Heterodera rostochiensis)
A0A914IFW2	Globodera rostochiensis (Golden nematode worm) (Heterodera rostochiensis)
A0A914IG06	Globodera rostochiensis (Golden nematode worm) (Heterodera rostochiensis)
A0A914KZ45	Meloidogyne incognita (Southern root-knot nematode worm) (Oxyuris incognita)
A0A914MUG6	Meloidogyne incognita (Southern root-knot nematode worm) (Oxyuris incognita)
A0A914NVM1	Meloidogyne incognita (Southern root-knot nematode worm) (Oxyuris incognita)
A0A914UZP5	Plectus sambesii
A0A914Z801	Panagrolaimus superbus
A0A915DBL3	Ditylenchus dipsaci
A0A915LDZ9	Romanomermis culicivorax (Nematode worm)
A0A9J2Q1S8	Ascaris lumbricoides (Giant roundworm)
A0AA36CV71	Mesorhabditis spiculigera
A0AA36D702	Mesorhabditis spiculigera
A0AAE9JCE3	Caenorhabditis briggsae
A0AAF3EH52	Mesorhabditis belari
A0A0M3I790	Ascaris lumbricoides (Giant roundworm)
A0A0N4XV54	Nippostrongylus brasiliensis (Rat hookworm)
A0A0N4ZV32	Parastrongyloides trichosuri (Possum-specific nematode worm)
A0A0R3PWC3	Angiostrongylus costaricensis (Nematode worm)
A0A158Q5Z5	Dracunculus medinensis (Guinea worm)
A0A183C9M9	Globodera pallida (Potato cyst nematode worm) (Heterodera pallida)
A0A1I7VPR6	Loa loa (Eye worm) (Filaria loa)
A0A1I8A8U3	Steinernema glaseri
A0A1I8BF70	Meloidogyne hapla (Root-knot nematode worm)
A0A1I8BYJ6	Meloidogyne hapla (Root-knot nematode worm)
A0A2A2JVX2	Diploscapter pachys
A0A2G5V8A6	Caenorhabditis nigoni
A0A7E4VJE6	Panagrellus redivivus (Microworm)
A0A7E4VLG2	Panagrellus redivivus (Microworm)
A0A7E4W7F1	Panagrellus redivivus (Microworm)
A0A8S1GQN8	Caenorhabditis auriculariae
A0A914E255	Acrobeloides nanus
A0A914I5W2	Globodera rostochiensis (Golden nematode worm) (Heterodera rostochiensis)
A0A914NMQ9	Meloidogyne incognita (Southern root-knot nematode worm) (Oxyuris incognita)
A0A914QL03	Panagrolaimus davidi
A0A915B2X1	Parascaris univalens (Nematode worm)
A0A915DJR3	Ditylenchus dipsaci
A0A915ED16	Ditylenchus dipsaci
A0AAF5DAX0	Strongyloides stercoralis (Threadworm)
A0ACB0ZZ98	Meloidogyne enterolobii (Root-knot nematode worm) (Meloidogyne mayaguensis)
A0ACB1AC08	Meloidogyne enterolobii (Root-knot nematode worm) (Meloidogyne mayaguensis)
A0A016WER2	Ancylostoma ceylanicum
A0A0N4VCK5	Enterobius vermicularis (Human pinworm)
A0A915B596	Parascaris univalens (Nematode worm)
A0A915B729	Parascaris univalens (Nematode worm)
A0AAN5I5F2	Pristionchus mayeri
A0A016TGW8	Ancylostoma ceylanicum
A0A016VZL7	Ancylostoma ceylanicum
A0A260YRE6	Caenorhabditis remanei (Caenorhabditis vulgaris)
A0A260YZP4	Caenorhabditis remanei (Caenorhabditis vulgaris)
A0A261B0B9	Caenorhabditis remanei (Caenorhabditis vulgaris)
A0A261CQR8	Caenorhabditis latens
A0A2G5SNY1	Caenorhabditis nigoni
A0A2G5SUC4	Caenorhabditis nigoni
A0A2G5SUN2	Caenorhabditis nigoni
A0A2G5SUY6	Caenorhabditis nigoni
A0A2G5SV42	Caenorhabditis nigoni
A0A2G5SV46	Caenorhabditis nigoni
A0A2G5T0P3	Caenorhabditis nigoni
A0A2G5T1R3	Caenorhabditis nigoni
A0A2G5T1W5	Caenorhabditis nigoni
A0A2G5TGA6	Caenorhabditis nigoni
A0A2G5TK21	Caenorhabditis nigoni
A0A2G5TKH6	Caenorhabditis nigoni
A0A2G5TLY0	Caenorhabditis nigoni
A0A2G5TTH5	Caenorhabditis nigoni
A0A2G5U347	Caenorhabditis nigoni
A0A2G5U523	Caenorhabditis nigoni
A0A2G5U5C0	Caenorhabditis nigoni
A0A2G5U5P8	Caenorhabditis nigoni
A0A2G5U651	Caenorhabditis nigoni
A0A2G5U9P4	Caenorhabditis nigoni
A0A2G5UDE5	Caenorhabditis nigoni
A0A2G5UEV9	Caenorhabditis nigoni
A0A2G5UUL9	Caenorhabditis nigoni
A0A2G5UY84	Caenorhabditis nigoni
A0A2G5V162	Caenorhabditis nigoni
A0A2G5V2L7	Caenorhabditis nigoni
A0A2G5V3C0	Caenorhabditis nigoni
A0A2G5V3C2	Caenorhabditis nigoni
A0A2G5V5N0	Caenorhabditis nigoni
A0A2G5VD88	Caenorhabditis nigoni
A0A2G5VEJ1	Caenorhabditis nigoni
A0A2G5VHY6	Caenorhabditis nigoni
A0A2G5VJR4	Caenorhabditis nigoni
A0A2G5VK17	Caenorhabditis nigoni
A0A8S1E8S1	Caenorhabditis bovis
A0A8S1EJV5	Caenorhabditis bovis
A0A8S1EKS9	Caenorhabditis bovis
A0A8S1GTQ2	Caenorhabditis auriculariae
A0A914UZ01	Plectus sambesii
A0AA36DAH3	Mesorhabditis spiculigera
A0AAF3E820	Mesorhabditis belari
A0ABR1BU57	Necator americanus (Human hookworm)
A0A016T134	Ancylostoma ceylanicum
A0A016WLH4	Ancylostoma ceylanicum
A0A261ASF6	Caenorhabditis remanei (Caenorhabditis vulgaris)
A0A2A2J874	Diploscapter pachys
A0A2G5SPB8	Caenorhabditis nigoni
A0A2G5SRR5	Caenorhabditis nigoni
A0A2G5SSW0	Caenorhabditis nigoni
A0A2G5T2E0	Caenorhabditis nigoni
A0A2G5TEM8	Caenorhabditis nigoni
A0A2G5TG66	Caenorhabditis nigoni
A0A2G5THA1	Caenorhabditis nigoni
A0A2G5TIH2	Caenorhabditis nigoni
A0A2G5TJI2	Caenorhabditis nigoni
A0A2G5TUX4	Caenorhabditis nigoni
A0A2G5U0L7	Caenorhabditis nigoni
A0A2G5U4I9	Caenorhabditis nigoni
A0A2G5U8J1	Caenorhabditis nigoni
A0A2G5UB98	Caenorhabditis nigoni
A0A2G5UBF2	Caenorhabditis nigoni
A0A2G5UBL7	Caenorhabditis nigoni
A0A2G5UC58	Caenorhabditis nigoni
A0A2G5UDR1	Caenorhabditis nigoni
A0A2G5UFL8	Caenorhabditis nigoni
A0A2G5UTM0	Caenorhabditis nigoni
A0A2G5UTP5	Caenorhabditis nigoni
A0A2G5V2E0	Caenorhabditis nigoni
A0A2G5V2U3	Caenorhabditis nigoni
A0A2G5V4H1	Caenorhabditis nigoni
A0A2G5V740	Caenorhabditis nigoni
A0A2G5VA37	Caenorhabditis nigoni
A0A2G5VDP0	Caenorhabditis nigoni
A0A2G5VFB9	Caenorhabditis nigoni
A0A2G5VHC2	Caenorhabditis nigoni
A0A2G5VHG0	Caenorhabditis nigoni
A0A2G5VKD0	Caenorhabditis nigoni
A0A498S709	Acanthocheilonema viteae (Filarial nematode worm) (Dipetalonema viteae)
A0A8S1F7C2	Caenorhabditis bovis
A0A8S1H237	Caenorhabditis auriculariae
A0A8S1HGV2	Caenorhabditis auriculariae
A0A914ZRW4	Parascaris univalens (Nematode worm)
A0A915L3I2	Romanomermis culicivorax (Nematode worm)
A0A9P1J0N3	Caenorhabditis angaria
A0AA36FUX5	Mesorhabditis spiculigera
A0AA36G054	Mesorhabditis spiculigera
A0AA36G343	Mesorhabditis spiculigera
A0AA36GT16	Cylicocyclus nassatus (Nematode worm)
A0AAF5DC02	Strongyloides stercoralis (Threadworm)
A0ABR1CFQ1	Necator americanus (Human hookworm)
G0N247	Caenorhabditis brenneri (Nematode worm)
G0NR15	Caenorhabditis brenneri (Nematode worm)
G0NUJ8	Caenorhabditis brenneri (Nematode worm)
A0A016T7T8	Ancylostoma ceylanicum
A0A0N4YBW4	Nippostrongylus brasiliensis (Rat hookworm)
A0A183IKT4	Soboliphyme baturini
A0A261AMH8	Caenorhabditis remanei (Caenorhabditis vulgaris)
A0A261AY78	Caenorhabditis remanei (Caenorhabditis vulgaris)
A0A261B828	Caenorhabditis remanei (Caenorhabditis vulgaris)
A0A2A2L2Q4	Diploscapter pachys
A0A2G5SKS2	Caenorhabditis nigoni
A0A2G5SP45	Caenorhabditis nigoni
A0A2G5STP8	Caenorhabditis nigoni
A0A2G5SUB6	Caenorhabditis nigoni
A0A2G5SUH9	Caenorhabditis nigoni
A0A2G5T1X8	Caenorhabditis nigoni
A0A2G5T5G5	Caenorhabditis nigoni
A0A2G5T7L9	Caenorhabditis nigoni
A0A2G5THA5	Caenorhabditis nigoni
A0A2G5TIN4	Caenorhabditis nigoni
A0A2G5TIQ8	Caenorhabditis nigoni
A0A2G5TJD3	Caenorhabditis nigoni
A0A2G5TKG1	Caenorhabditis nigoni
A0A2G5TL09	Caenorhabditis nigoni
A0A2G5TLX7	Caenorhabditis nigoni
A0A2G5TVP6	Caenorhabditis nigoni
A0A2G5U253	Caenorhabditis nigoni
A0A2G5U6U5	Caenorhabditis nigoni
A0A2G5UA84	Caenorhabditis nigoni
A0A2G5UCW0	Caenorhabditis nigoni
A0A2G5UEJ8	Caenorhabditis nigoni
A0A2G5UFD1	Caenorhabditis nigoni
A0A2G5UIP1	Caenorhabditis nigoni
A0A2G5UT58	Caenorhabditis nigoni
A0A2G5UYF9	Caenorhabditis nigoni
A0A2G5V023	Caenorhabditis nigoni
A0A2G5V2B6	Caenorhabditis nigoni
A0A2G5V4K4	Caenorhabditis nigoni
A0A2G5V5M3	Caenorhabditis nigoni
A0A2G5VDI2	Caenorhabditis nigoni
A0A2G5VE75	Caenorhabditis nigoni
A0A498SC65	Acanthocheilonema viteae (Filarial nematode worm) (Dipetalonema viteae)
A0A8S1HA47	Caenorhabditis auriculariae
A0AAD5RCA8	Parelaphostrongylus tenuis (Meningeal worm)
A0AAF3FFK3	Mesorhabditis belari
A0ABD2KAV0	Heterodera trifolii
A0ABR1BU52	Necator americanus (Human hookworm)
A0ABR1CVA1	Necator americanus (Human hookworm)
E3LYI4	Caenorhabditis remanei (Caenorhabditis vulgaris)
G0PC03	Caenorhabditis brenneri (Nematode worm)
A0A016S019	Ancylostoma ceylanicum
A0A016UGM4	Ancylostoma ceylanicum
A0A016VYU3	Ancylostoma ceylanicum
A0A0N4Y0Y0	Nippostrongylus brasiliensis (Rat hookworm)
A0A260YZ50	Caenorhabditis remanei (Caenorhabditis vulgaris)
A0A260ZMF7	Caenorhabditis remanei (Caenorhabditis vulgaris)
A0A261AWS5	Caenorhabditis remanei (Caenorhabditis vulgaris)
A0A261AY66	Caenorhabditis remanei (Caenorhabditis vulgaris)
A0A261B7Q0	Caenorhabditis remanei (Caenorhabditis vulgaris)
A0A2G5SKT3	Caenorhabditis nigoni
A0A2G5SLI0	Caenorhabditis nigoni
A0A2G5SUQ5	Caenorhabditis nigoni
A0A2G5SUU5	Caenorhabditis nigoni
A0A2G5SUV9	Caenorhabditis nigoni
A0A2G5SVM2	Caenorhabditis nigoni
A0A2G5SWW2	Caenorhabditis nigoni
A0A2G5T1I9	Caenorhabditis nigoni
A0A2G5T784	Caenorhabditis nigoni
A0A2G5TGD9	Caenorhabditis nigoni
A0A2G5TIC2	Caenorhabditis nigoni
A0A2G5TJ47	Caenorhabditis nigoni
A0A2G5TJ82	Caenorhabditis nigoni
A0A2G5TJA1	Caenorhabditis nigoni
A0A2G5TJB7	Caenorhabditis nigoni
A0A2G5TJL9	Caenorhabditis nigoni
A0A2G5U2C9	Caenorhabditis nigoni
A0A2G5U2Y4	Caenorhabditis nigoni
A0A2G5U5H0	Caenorhabditis nigoni
A0A2G5U744	Caenorhabditis nigoni
A0A2G5U7S9	Caenorhabditis nigoni
A0A2G5UBM0	Caenorhabditis nigoni
A0A2G5UC71	Caenorhabditis nigoni
A0A2G5UT85	Caenorhabditis nigoni
A0A2G5UXL9	Caenorhabditis nigoni
A0A2G5UXM9	Caenorhabditis nigoni
A0A2G5UXN4	Caenorhabditis nigoni
A0A2G5V3E5	Caenorhabditis nigoni
A0A2G5V5X0	Caenorhabditis nigoni
A0A2G5VEX7	Caenorhabditis nigoni
A0A2G5VHB8	Caenorhabditis nigoni
A0A2G5VHQ9	Caenorhabditis nigoni
A0A914DND8	Acrobeloides nanus
A0AAE9D5F5	Caenorhabditis briggsae
A0AAE9E9D4	Caenorhabditis briggsae
A0AAF5DGX9	Strongyloides stercoralis (Threadworm)
A0ABR1EBK9	Necator americanus (Human hookworm)
E3NSP4	Caenorhabditis remanei (Caenorhabditis vulgaris)
G0NUP2	Caenorhabditis brenneri (Nematode worm)
G0PID0	Caenorhabditis brenneri (Nematode worm)
A0A016RRC9	Ancylostoma ceylanicum
A0A016T0Y2	Ancylostoma ceylanicum
A0A016U298	Ancylostoma ceylanicum
A0A016UB44	Ancylostoma ceylanicum
A0A016X2N1	Ancylostoma ceylanicum
A0A085M4I9	Trichuris suis (pig whipworm)
A0A261CLJ8	Caenorhabditis latens
A0A2G5SRD6	Caenorhabditis nigoni
A0A2G5SUJ6	Caenorhabditis nigoni
A0A2G5SWI3	Caenorhabditis nigoni
A0A2G5T1S8	Caenorhabditis nigoni
A0A2G5TEM0	Caenorhabditis nigoni
A0A2G5THT6	Caenorhabditis nigoni
A0A2G5THZ0	Caenorhabditis nigoni
A0A2G5TIJ2	Caenorhabditis nigoni
A0A2G5TWK7	Caenorhabditis nigoni
A0A2G5TZW0	Caenorhabditis nigoni
A0A2G5U1P5	Caenorhabditis nigoni
A0A2G5U6L6	Caenorhabditis nigoni
A0A2G5UCW6	Caenorhabditis nigoni
A0A2G5UFX8	Caenorhabditis nigoni
A0A2G5UNE0	Caenorhabditis nigoni
A0A2G5UNE6	Caenorhabditis nigoni
A0A2G5UNQ6	Caenorhabditis nigoni
A0A2G5UTD0	Caenorhabditis nigoni
A0A2G5UTU3	Caenorhabditis nigoni
A0A2G5UZN7	Caenorhabditis nigoni
A0A2G5V084	Caenorhabditis nigoni
A0A2G5V1G8	Caenorhabditis nigoni
A0A2G5V234	Caenorhabditis nigoni
A0A2G5V235	Caenorhabditis nigoni
A0A2G5V274	Caenorhabditis nigoni
A0A2G5V2B3	Caenorhabditis nigoni
A0A2G5V8T1	Caenorhabditis nigoni
A0A2G5VCK2	Caenorhabditis nigoni
A0A2G5VDF3	Caenorhabditis nigoni
A0A2G5VDH0	Caenorhabditis nigoni
A0A2G5VDX7	Caenorhabditis nigoni
A0A2G5VHR0	Caenorhabditis nigoni
A0A811JQK5	Bursaphelenchus okinawaensis
A0A8S1E644	Caenorhabditis bovis
A0A8S1EGB1	Caenorhabditis bovis
A0A8S1H0E5	Caenorhabditis auriculariae
A0A8S1HAG2	Caenorhabditis auriculariae
A0A914ZUK5	Parascaris univalens (Nematode worm)
A0AAE9DLB9	Caenorhabditis briggsae
A0AAE9DXH5	Caenorhabditis briggsae
G0MP42	Caenorhabditis brenneri (Nematode worm)
A0AAD4NEF7	Ditylenchus destructor
A0AAD4R9W4	Ditylenchus destructor
A0A8S1EWD5	Caenorhabditis bovis
A0A0V0S3R7	Trichinella nelsoni
A0A2G5VIR7	Caenorhabditis nigoni
A0AA39IL89	Steinernema hermaphroditum
A0ABR3KTH7	Trichinella spiralis (Trichina worm)
A8WS67	Caenorhabditis briggsae
G0NY09	Caenorhabditis brenneri (Nematode worm)
A0A2G5VIR9	Caenorhabditis nigoni
A0A4U5PD66	Steinernema carpocapsae (Entomopathogenic nematode)
A0A8S1F8R3	Caenorhabditis bovis
A0A0V1HEH6	Trichinella zimbabwensis
A0A0V1MK39	Trichinella papuae
A0AAE9E3A7	Caenorhabditis briggsae
A0A0V0S3L1	Trichinella nelsoni
A0A0V1A3W7	Trichinella patagoniensis
A0A1I7T8R6	Caenorhabditis tropicalis
A0A2G5VIQ7	Caenorhabditis nigoni
A0AA39IJU5	Steinernema hermaphroditum
E3LVZ3	Caenorhabditis remanei (Caenorhabditis vulgaris)
A0A5S6PQW3	Brugia malayi (Filarial nematode worm)
A0A0J9XUW7	Brugia malayi (Filarial nematode worm)
Q17333	Caenorhabditis elegans
G3MU58	Caenorhabditis elegans
Q1EPL5	Caenorhabditis elegans
Q7KXP7	Caenorhabditis elegans
Q7YTG4	Caenorhabditis elegans
A0ACB1KCY0	Caenorhabditis elegans
Q86D04	Caenorhabditis elegans
A0A0K0F6T7	Strongyloides venezuelensis (Threadworm)
Q7JRR9	Caenorhabditis elegans
O61783	Caenorhabditis elegans
Q9TXE7	Caenorhabditis elegans
Q7JRR7	Caenorhabditis elegans
Q9TXE8	Caenorhabditis elegans
A0A131MBK4	Caenorhabditis elegans
A0A131MBL6	Caenorhabditis elegans
A0A131MCG3	Caenorhabditis elegans
A0A131MBJ3	Caenorhabditis elegans
A0A131MD59	Caenorhabditis elegans
U4PMN6	Caenorhabditis elegans
A0A131MBJ4	Caenorhabditis elegans
A0A131MD72	Caenorhabditis elegans
D1MN72	Caenorhabditis elegans
U4PRZ7	Caenorhabditis elegans
A0A131MAZ6	Caenorhabditis elegans
A0A131MB32	Caenorhabditis elegans
A0A131MBQ9	Caenorhabditis elegans
A0A131MCS7	Caenorhabditis elegans
A0A131MCY1	Caenorhabditis elegans
U4PC95	Caenorhabditis elegans
G5EBJ0	Caenorhabditis elegans
O01873	Caenorhabditis elegans
Q7YZV5	Caenorhabditis elegans
Q9XVT6	Caenorhabditis elegans
V6CLD0	Caenorhabditis elegans
H2L2C4	Caenorhabditis elegans
O01860	Caenorhabditis elegans
B6GUQ3	Caenorhabditis elegans
V6CM19	Caenorhabditis elegans
A0A061ADV7	Caenorhabditis elegans
D6VP96	Caenorhabditis elegans
V6CLE3	Caenorhabditis elegans
O61209	Caenorhabditis elegans
U4PM21	Caenorhabditis elegans
Q6RSA3	Caenorhabditis elegans
A0A2C9C2I3	Caenorhabditis elegans
G5EFU8	Caenorhabditis elegans
O17035	Caenorhabditis elegans
O17734	Caenorhabditis elegans
O18286	Caenorhabditis elegans
O45105	Caenorhabditis elegans
Q17402	Caenorhabditis elegans
Q17458	Caenorhabditis elegans
Q19111	Caenorhabditis elegans
Q19725	Caenorhabditis elegans
Q19979	Caenorhabditis elegans
Q20135	Caenorhabditis elegans
Q20739	Caenorhabditis elegans
Q20880	Caenorhabditis elegans
Q20921	Caenorhabditis elegans
Q21437	Caenorhabditis elegans
Q22260	Caenorhabditis elegans
Q22393	Caenorhabditis elegans
Q23222	Caenorhabditis elegans
Q23263	Caenorhabditis elegans
Q86FL7	Caenorhabditis elegans
Q8MXT6	Caenorhabditis elegans
Q93207	Caenorhabditis elegans
Q95Y22	Caenorhabditis elegans
Q966K5	Caenorhabditis elegans
Q9GYP3	Caenorhabditis elegans
Q9GZF7	Caenorhabditis elegans
Q9NAR3	Caenorhabditis elegans
M1ZJS7	Caenorhabditis elegans
O01799	Caenorhabditis elegans
O17038	Caenorhabditis elegans
O17641	Caenorhabditis elegans
O44904	Caenorhabditis elegans
P91250	Caenorhabditis elegans
Q17417	Caenorhabditis elegans
Q17582	Caenorhabditis elegans
Q18450	Caenorhabditis elegans
Q19218	Caenorhabditis elegans
Q19470	Caenorhabditis elegans
Q19514	Caenorhabditis elegans
Q20922	Caenorhabditis elegans
Q22183	Caenorhabditis elegans
Q22651	Caenorhabditis elegans
Q93208	Caenorhabditis elegans
Q9GYI3	Caenorhabditis elegans
Q9N3D7	Caenorhabditis elegans
Q9NAE0	Caenorhabditis elegans
Q9NAQ4	Caenorhabditis elegans
A5JYR8	Caenorhabditis elegans
A5JYR9	Caenorhabditis elegans
B2MZB1	Caenorhabditis elegans
O02271	Caenorhabditis elegans
O17805	Caenorhabditis elegans
O44173	Caenorhabditis elegans
O44796	Caenorhabditis elegans
Q17418	Caenorhabditis elegans
Q17939	Caenorhabditis elegans
Q18536	Caenorhabditis elegans
Q19050	Caenorhabditis elegans
Q19528	Caenorhabditis elegans
Q20142	Caenorhabditis elegans
Q20282	Caenorhabditis elegans
Q22380	Caenorhabditis elegans
Q23422	Caenorhabditis elegans
Q2XN04	Caenorhabditis elegans
Q7YXA3	Caenorhabditis elegans
Q86NE3	Caenorhabditis elegans
Q94399	Caenorhabditis elegans
Q9TZ57	Caenorhabditis elegans
Q9XVG3	Caenorhabditis elegans
Q9XWR2	Caenorhabditis elegans
G5ECU6	Caenorhabditis elegans
G5EDG6	Caenorhabditis elegans
I2HA94	Caenorhabditis elegans
O17036	Caenorhabditis elegans
O17686	Caenorhabditis elegans
O18097	Caenorhabditis elegans
O45114	Caenorhabditis elegans
O61525	Caenorhabditis elegans
Q18480	Caenorhabditis elegans
Q18799	Caenorhabditis elegans
Q18975	Caenorhabditis elegans
Q20091	Caenorhabditis elegans
Q20744	Caenorhabditis elegans
Q20805	Caenorhabditis elegans
Q20927	Caenorhabditis elegans
Q21528	Caenorhabditis elegans
Q22256	Caenorhabditis elegans
Q22369	Caenorhabditis elegans
Q7Z152	Caenorhabditis elegans
Q86MP2	Caenorhabditis elegans
Q86NE4	Caenorhabditis elegans
Q86S35	Caenorhabditis elegans
Q9NA83	Caenorhabditis elegans
Q9U348	Caenorhabditis elegans
Q9XUE9	Caenorhabditis elegans
Q9XVY1	Caenorhabditis elegans
U4PBE1	Caenorhabditis elegans
U4PFF3	Caenorhabditis elegans
A3QM98	Caenorhabditis elegans
G5ED38	Caenorhabditis elegans
G5EEB6	Caenorhabditis elegans
O01662	Caenorhabditis elegans
O44174	Caenorhabditis elegans
P91249	Caenorhabditis elegans
P91274	Caenorhabditis elegans
Q18302	Caenorhabditis elegans
Q18620	Caenorhabditis elegans
Q19592	Caenorhabditis elegans
Q19813	Caenorhabditis elegans
Q20270	Caenorhabditis elegans
Q21047	Caenorhabditis elegans
Q21556	Caenorhabditis elegans
Q21562	Caenorhabditis elegans
Q22379	Caenorhabditis elegans
Q23150	Caenorhabditis elegans
Q86MP1	Caenorhabditis elegans
Q86NE2	Caenorhabditis elegans
Q8I4C0	Caenorhabditis elegans
Q9U2P5	Caenorhabditis elegans
Q9U349	Caenorhabditis elegans
Q9XUT4	Caenorhabditis elegans
A0A1I7UTU2	Caenorhabditis tropicalis
A0A1I7VBF3	Loa loa (Eye worm) (Filaria loa)
A0A1I7VBG6	Loa loa (Eye worm) (Filaria loa)
A0A1I7VBK6	Loa loa (Eye worm) (Filaria loa)
A0A1I7XZ18	Steinernema glaseri
A0A2A6BAL2	Pristionchus pacificus (Parasitic nematode worm)
A0A2A6BDL2	Pristionchus pacificus (Parasitic nematode worm)
A0A2A6BIF8	Pristionchus pacificus (Parasitic nematode worm)
A0A2A6BIM6	Pristionchus pacificus (Parasitic nematode worm)
A0A2A6BIS8	Pristionchus pacificus (Parasitic nematode worm)
A0A2A6BIU6	Pristionchus pacificus (Parasitic nematode worm)
A0A2A6BPQ2	Pristionchus pacificus (Parasitic nematode worm)
A0A2A6BX51	Pristionchus pacificus (Parasitic nematode worm)
A0A2A6BYV2	Pristionchus pacificus (Parasitic nematode worm)
A0A2A6C5N1	Pristionchus pacificus (Parasitic nematode worm)
A0A2A6CC34	Pristionchus pacificus (Parasitic nematode worm)
A0A2A6CKG3	Pristionchus pacificus (Parasitic nematode worm)
A0A2A6CQK8	Pristionchus pacificus (Parasitic nematode worm)
A0A2A6CTR4	Pristionchus pacificus (Parasitic nematode worm)
A0A454XIU8	Pristionchus pacificus (Parasitic nematode worm)
A0A454XLC2	Pristionchus pacificus (Parasitic nematode worm)
A0A454XLK0	Pristionchus pacificus (Parasitic nematode worm)
A0A454XNK0	Pristionchus pacificus (Parasitic nematode worm)
A0A454XS25	Pristionchus pacificus (Parasitic nematode worm)
A0A454XXM3	Pristionchus pacificus (Parasitic nematode worm)
A0A454Y6N5	Pristionchus pacificus (Parasitic nematode worm)
A0A7I4Z6I2	Haemonchus contortus (Barber pole worm)
A0A8R1UDU2	Pristionchus pacificus (Parasitic nematode worm)
A0A8R1V1D6	Pristionchus pacificus (Parasitic nematode worm)
A0A8S9ZSR0	Meloidogyne graminicola
A0A914DMS8	Acrobeloides nanus
A0A914I1V1	Globodera rostochiensis (Golden nematode worm) (Heterodera rostochiensis)
A0A914NBB0	Meloidogyne incognita (Southern root-knot nematode worm) (Oxyuris incognita)
A0A914YDZ9	Panagrolaimus superbus
A0A915M5Z7	Meloidogyne javanica (Root-knot nematode worm)
A0A915M6H6	Meloidogyne javanica (Root-knot nematode worm)
A0A915M940	Meloidogyne javanica (Root-knot nematode worm)
A0A915MC33	Meloidogyne javanica (Root-knot nematode worm)
A0A915MP98	Meloidogyne javanica (Root-knot nematode worm)
A0A915N0K1	Meloidogyne javanica (Root-knot nematode worm)
A0A915N7H7	Meloidogyne javanica (Root-knot nematode worm)
A0A915N8E6	Meloidogyne javanica (Root-knot nematode worm)
A0A915NB29	Meloidogyne javanica (Root-knot nematode worm)
A0A915NDH4	Meloidogyne javanica (Root-knot nematode worm)
A0A915P8P7	Meloidogyne floridensis
A0AAF3F7B2	Mesorhabditis belari
A0AAF3FC83	Mesorhabditis belari
A0AAN4Z9R1	Pristionchus mayeri
A0AAN4ZDG1	Pristionchus mayeri
A0AAN5CNS4	Pristionchus mayeri
A0AAN5CRE3	Pristionchus mayeri
A0AAN5D240	Pristionchus mayeri
A0AAN5DC58	Pristionchus mayeri
A0AAN5DDF5	Pristionchus mayeri
A0AAN5IBM0	Pristionchus mayeri
A0AAV5S9E5	Pristionchus entomophagus
A0AAV5TG89	Pristionchus entomophagus
A0AAV5TRD7	Pristionchus entomophagus
A0AAV5TXG4	Pristionchus entomophagus
A0AAV5U2V2	Pristionchus entomophagus
A0AAV5U2Z4	Pristionchus entomophagus
A0AAV5U3D6	Pristionchus entomophagus
A0AAV5VWI4	Pristionchus fissidentatus
A0AAV5W246	Pristionchus fissidentatus
A0AAV5W7H2	Pristionchus fissidentatus
A0AAV5WBP6	Pristionchus fissidentatus
A0AAV5WX60	Pristionchus fissidentatus
A0AAV5X541	Pristionchus fissidentatus
A0A173GMY0	Meloidogyne enterolobii (Root-knot nematode worm) (Meloidogyne mayaguensis)
A0A1I7ZLW2	Steinernema glaseri
A0A2A6B855	Pristionchus pacificus (Parasitic nematode worm)
A0A2A6BE41	Pristionchus pacificus (Parasitic nematode worm)
A0A2A6BM09	Pristionchus pacificus (Parasitic nematode worm)
A0A2A6BQA4	Pristionchus pacificus (Parasitic nematode worm)
A0A2A6BWD4	Pristionchus pacificus (Parasitic nematode worm)
A0A2A6C6S6	Pristionchus pacificus (Parasitic nematode worm)
A0A2A6C8J7	Pristionchus pacificus (Parasitic nematode worm)
A0A2A6CHA1	Pristionchus pacificus (Parasitic nematode worm)
A0A2A6CJS7	Pristionchus pacificus (Parasitic nematode worm)
A0A454XIM8	Pristionchus pacificus (Parasitic nematode worm)
A0A454XLL3	Pristionchus pacificus (Parasitic nematode worm)
A0A454XNF3	Pristionchus pacificus (Parasitic nematode worm)
A0A454XTJ8	Pristionchus pacificus (Parasitic nematode worm)
A0A454XW01	Pristionchus pacificus (Parasitic nematode worm)
A0A454XZD7	Pristionchus pacificus (Parasitic nematode worm)
A0A454Y287	Pristionchus pacificus (Parasitic nematode worm)
A0A454Y5Q9	Pristionchus pacificus (Parasitic nematode worm)
A0A8R1YM93	Pristionchus pacificus (Parasitic nematode worm)
A0A8S9Z713	Meloidogyne graminicola
A0A8S9ZS19	Meloidogyne graminicola
A0A914CLW8	Acrobeloides nanus
A0A914DKD0	Acrobeloides nanus
A0A915D6C2	Ditylenchus dipsaci
A0A915DL70	Ditylenchus dipsaci
A0A915LV05	Meloidogyne javanica (Root-knot nematode worm)
A0A915LY07	Meloidogyne javanica (Root-knot nematode worm)
A0A915M046	Meloidogyne javanica (Root-knot nematode worm)
A0A915MCG2	Meloidogyne javanica (Root-knot nematode worm)
A0A915MCR3	Meloidogyne javanica (Root-knot nematode worm)
A0A915MLY7	Meloidogyne javanica (Root-knot nematode worm)
A0A915MQU7	Meloidogyne javanica (Root-knot nematode worm)
A0A915MSK8	Meloidogyne javanica (Root-knot nematode worm)
A0A915N1K6	Meloidogyne javanica (Root-knot nematode worm)
A0A915N4G2	Meloidogyne javanica (Root-knot nematode worm)
A0A915NBN3	Meloidogyne javanica (Root-knot nematode worm)
A0A915NMX4	Meloidogyne floridensis
A0A915NYU6	Meloidogyne floridensis
A0A915P4W0	Meloidogyne floridensis
A0A915PEH1	Meloidogyne floridensis
A0AAN5BZ70	Pristionchus mayeri
A0AAN5C1N8	Pristionchus mayeri
A0AAN5CF12	Pristionchus mayeri
A0AAN5CIR7	Pristionchus mayeri
A0AAN5CV24	Pristionchus mayeri
A0AAN5DCW0	Pristionchus mayeri
A0AAN5DFX5	Pristionchus mayeri
A0AAN5DFY0	Pristionchus mayeri
A0AAN5IBU2	Pristionchus mayeri
A0AAV5SME5	Pristionchus entomophagus
A0AAV5SQB2	Pristionchus entomophagus
A0AAV5SU68	Pristionchus entomophagus
A0AAV5T2M4	Pristionchus entomophagus
A0AAV5TF78	Pristionchus entomophagus
A0AAV5TM80	Pristionchus entomophagus
A0AAV5UGA3	Pristionchus entomophagus
A0AAV5UR10	Pristionchus fissidentatus
A0AAV5URZ1	Pristionchus fissidentatus
A0AAV5V8M5	Pristionchus fissidentatus
A0AAV5VGU2	Pristionchus fissidentatus
A0AAV5VZ39	Pristionchus fissidentatus
A0AAV5W260	Pristionchus fissidentatus
A0AAV5WC44	Pristionchus fissidentatus
A0AAV5WJM0	Pristionchus fissidentatus
A0AAV5WKE1	Pristionchus fissidentatus
A0AAV5WUT8	Pristionchus fissidentatus
A0AAV5WX48	Pristionchus fissidentatus
Q8WT20	Ostertagia ostertagi (Brown stomach worm) (Strongylus ostertagi)
A0A183GM73	Heligmosomoides polygyrus (Parasitic roundworm)
A0A1I7VBG3	Loa loa (Eye worm) (Filaria loa)
A0A2A6B4G5	Pristionchus pacificus (Parasitic nematode worm)
A0A2A6B7C3	Pristionchus pacificus (Parasitic nematode worm)
A0A2A6BAL5	Pristionchus pacificus (Parasitic nematode worm)
A0A2A6BHG5	Pristionchus pacificus (Parasitic nematode worm)
A0A2A6BI46	Pristionchus pacificus (Parasitic nematode worm)
A0A2A6BXF9	Pristionchus pacificus (Parasitic nematode worm)
A0A2A6BYM4	Pristionchus pacificus (Parasitic nematode worm)
A0A2A6BZC8	Pristionchus pacificus (Parasitic nematode worm)
A0A2A6C054	Pristionchus pacificus (Parasitic nematode worm)
A0A2A6C0I8	Pristionchus pacificus (Parasitic nematode worm)
A0A2A6C4B4	Pristionchus pacificus (Parasitic nematode worm)
A0A2A6C4E1	Pristionchus pacificus (Parasitic nematode worm)
A0A2A6CAK7	Pristionchus pacificus (Parasitic nematode worm)
A0A2A6CEZ4	Pristionchus pacificus (Parasitic nematode worm)
A0A2A6CJJ2	Pristionchus pacificus (Parasitic nematode worm)
A0A2A6CJN9	Pristionchus pacificus (Parasitic nematode worm)
A0A2A6CQH6	Pristionchus pacificus (Parasitic nematode worm)
A0A2A6CT53	Pristionchus pacificus (Parasitic nematode worm)
A0A2A6CTL2	Pristionchus pacificus (Parasitic nematode worm)
A0A2A6CTM3	Pristionchus pacificus (Parasitic nematode worm)
A0A2A6CTT2	Pristionchus pacificus (Parasitic nematode worm)
A0A2A6CU57	Pristionchus pacificus (Parasitic nematode worm)
A0A454XLN9	Pristionchus pacificus (Parasitic nematode worm)
A0A454XPZ8	Pristionchus pacificus (Parasitic nematode worm)
A0A454XQX4	Pristionchus pacificus (Parasitic nematode worm)
A0A454XUM3	Pristionchus pacificus (Parasitic nematode worm)
A0A454XYL1	Pristionchus pacificus (Parasitic nematode worm)
A0A454Y4I2	Pristionchus pacificus (Parasitic nematode worm)
A0A454Y5A3	Pristionchus pacificus (Parasitic nematode worm)
A0A8R1V789	Pristionchus pacificus (Parasitic nematode worm)
A0A8S9Z6P6	Meloidogyne graminicola
A0A914NGX8	Meloidogyne incognita (Southern root-knot nematode worm) (Oxyuris incognita)
A0A914NZM5	Meloidogyne incognita (Southern root-knot nematode worm) (Oxyuris incognita)
A0A915CAS3	Parascaris univalens (Nematode worm)
A0A915CQS2	Ditylenchus dipsaci
A0A915LGH3	Meloidogyne javanica (Root-knot nematode worm)
A0A915LIS1	Meloidogyne javanica (Root-knot nematode worm)
A0A915LKT6	Meloidogyne javanica (Root-knot nematode worm)
A0A915LMH4	Meloidogyne javanica (Root-knot nematode worm)
A0A915LUH4	Meloidogyne javanica (Root-knot nematode worm)
A0A915LWG9	Meloidogyne javanica (Root-knot nematode worm)
A0A915LZY2	Meloidogyne javanica (Root-knot nematode worm)
A0A915M0C4	Meloidogyne javanica (Root-knot nematode worm)
A0A915M0Z8	Meloidogyne javanica (Root-knot nematode worm)
A0A915M2F1	Meloidogyne javanica (Root-knot nematode worm)
A0A915M6L0	Meloidogyne javanica (Root-knot nematode worm)
A0A915M9P6	Meloidogyne javanica (Root-knot nematode worm)
A0A915MAS7	Meloidogyne javanica (Root-knot nematode worm)
A0A915MAT3	Meloidogyne javanica (Root-knot nematode worm)
A0A915MAY8	Meloidogyne javanica (Root-knot nematode worm)
A0A915MJF5	Meloidogyne javanica (Root-knot nematode worm)
A0A915MN82	Meloidogyne javanica (Root-knot nematode worm)
A0A915MT06	Meloidogyne javanica (Root-knot nematode worm)
A0A915MWJ6	Meloidogyne javanica (Root-knot nematode worm)
A0A915N071	Meloidogyne javanica (Root-knot nematode worm)
A0AA36CTZ4	Mesorhabditis spiculigera
A0AAN4YYE4	Pristionchus mayeri
A0AAN4Z286	Pristionchus mayeri
A0AAN4Z2X9	Pristionchus mayeri
A0AAN4ZRM7	Pristionchus mayeri
A0AAN5C9L5	Pristionchus mayeri
A0AAN5CDH1	Pristionchus mayeri
A0AAN5CJH9	Pristionchus mayeri
A0AAN5CP82	Pristionchus mayeri
A0AAN5CZF7	Pristionchus mayeri
A0AAN5D4F6	Pristionchus mayeri
A0AAN5DDP3	Pristionchus mayeri
A0AAN8FSN0	Trichostrongylus colubriformis (Black scour worm)
A0AAV5TNM5	Pristionchus entomophagus
A0AAV5TP58	Pristionchus entomophagus
A0AAV5UJS1	Pristionchus entomophagus
A0AAV5VAG6	Pristionchus fissidentatus
A0AAV5W2B7	Pristionchus fissidentatus
A0AAV5W3X4	Pristionchus fissidentatus
A0AAV5WKR0	Pristionchus fissidentatus
H3ELB9	Pristionchus pacificus (Parasitic nematode worm)
Q17266	Brugia pahangi (Filarial nematode worm)
Q25617	Onchocerca volvulus
A0A1I7VBF8	Loa loa (Eye worm) (Filaria loa)
A0A1I7XHP0	Heterorhabditis bacteriophora (Entomopathogenic nematode worm)
A0A1I7YDY4	Steinernema glaseri
A0A2A6B988	Pristionchus pacificus (Parasitic nematode worm)
A0A2A6B9W8	Pristionchus pacificus (Parasitic nematode worm)
A0A2A6BFM7	Pristionchus pacificus (Parasitic nematode worm)
A0A2A6BI51	Pristionchus pacificus (Parasitic nematode worm)
A0A2A6BMM4	Pristionchus pacificus (Parasitic nematode worm)
A0A2A6BX31	Pristionchus pacificus (Parasitic nematode worm)
A0A2A6BZS8	Pristionchus pacificus (Parasitic nematode worm)
A0A2A6CNW5	Pristionchus pacificus (Parasitic nematode worm)
A0A2A6CQF5	Pristionchus pacificus (Parasitic nematode worm)
A0A2A6CTG5	Pristionchus pacificus (Parasitic nematode worm)
A0A2A6CTH3	Pristionchus pacificus (Parasitic nematode worm)
A0A454XRX7	Pristionchus pacificus (Parasitic nematode worm)
A0A454XYF8	Pristionchus pacificus (Parasitic nematode worm)
A0A454XZN5	Pristionchus pacificus (Parasitic nematode worm)
A0A454Y242	Pristionchus pacificus (Parasitic nematode worm)
A0A8R1UDW6	Pristionchus pacificus (Parasitic nematode worm)
A0A914RU31	Parascaris equorum (Equine roundworm)
A0A915LEY2	Meloidogyne javanica (Root-knot nematode worm)
A0A915LYF7	Meloidogyne javanica (Root-knot nematode worm)
A0A915M4Q1	Meloidogyne javanica (Root-knot nematode worm)
A0A915M5L7	Meloidogyne javanica (Root-knot nematode worm)
A0A915MHZ5	Meloidogyne javanica (Root-knot nematode worm)
A0A915MJ14	Meloidogyne javanica (Root-knot nematode worm)
A0A915MQM5	Meloidogyne javanica (Root-knot nematode worm)
A0A915MS11	Meloidogyne javanica (Root-knot nematode worm)
A0A915MTJ8	Meloidogyne javanica (Root-knot nematode worm)
A0A915MTL5	Meloidogyne javanica (Root-knot nematode worm)
A0A915MV08	Meloidogyne javanica (Root-knot nematode worm)
A0A915MVP0	Meloidogyne javanica (Root-knot nematode worm)
A0A915MY06	Meloidogyne javanica (Root-knot nematode worm)
A0A915N0K3	Meloidogyne javanica (Root-knot nematode worm)
A0A915N231	Meloidogyne javanica (Root-knot nematode worm)
A0A915N682	Meloidogyne javanica (Root-knot nematode worm)
A0A915NSJ3	Meloidogyne floridensis
A0AA36CIM0	Mesorhabditis spiculigera
A0AAD5QUP1	Parelaphostrongylus tenuis (Meningeal worm)
A0AAF3F0Z7	Mesorhabditis belari
A0AAN4ZEV6	Pristionchus mayeri
A0AAN5CF75	Pristionchus mayeri
A0AAN5CTR9	Pristionchus mayeri
A0AAN5D0P3	Pristionchus mayeri
A0AAN5D299	Pristionchus mayeri
A0AAN5HXU9	Pristionchus mayeri
A0AAN5HZE1	Pristionchus mayeri
A0AAV5SBJ7	Pristionchus entomophagus
A0AAV5SJV7	Pristionchus entomophagus
A0AAV5SZE3	Pristionchus entomophagus
A0AAV5T898	Pristionchus entomophagus
A0AAV5TNU6	Pristionchus entomophagus
A0AAV5TS66	Pristionchus entomophagus
A0AAV5U1Z6	Pristionchus entomophagus
A0AAV5U354	Pristionchus entomophagus
A0AAV5UAV6	Pristionchus entomophagus
A0AAV5UB69	Pristionchus entomophagus
A0AAV5UIL7	Pristionchus entomophagus
A0AAV5UKE6	Pristionchus entomophagus
A0AAV5V133	Pristionchus fissidentatus
A0AAV5V4G2	Pristionchus fissidentatus
A0AAV5V6G7	Pristionchus fissidentatus
A0AAV5VA74	Pristionchus fissidentatus
A0AAV5WFA5	Pristionchus fissidentatus
A0AAV5WJJ1	Pristionchus fissidentatus
A0AAV5WSR7	Pristionchus fissidentatus
A0AAV5WUV7	Pristionchus fissidentatus
A0ABD6EPE1	Gnathostoma spinigerum
O01945	Meloidogyne javanica (Root-knot nematode worm)
Q17088	Ascaris suum (Pig roundworm) (Ascaris lumbricoides)
Q25001	Globodera pallida (Potato cyst nematode worm) (Heterodera pallida)
Q95WV2	Meloidogyne javanica (Root-knot nematode worm)
A0A0R3RP84	Elaeophora elaphi
A0A1I8AT66	Steinernema glaseri
A0A2A6BA24	Pristionchus pacificus (Parasitic nematode worm)
A0A2A6BE07	Pristionchus pacificus (Parasitic nematode worm)
A0A2A6BG62	Pristionchus pacificus (Parasitic nematode worm)
A0A2A6BIV8	Pristionchus pacificus (Parasitic nematode worm)
A0A2A6BKE6	Pristionchus pacificus (Parasitic nematode worm)
A0A2A6BN85	Pristionchus pacificus (Parasitic nematode worm)
A0A2A6BNB6	Pristionchus pacificus (Parasitic nematode worm)
A0A2A6BPN1	Pristionchus pacificus (Parasitic nematode worm)
A0A2A6BQ07	Pristionchus pacificus (Parasitic nematode worm)
A0A2A6BQ86	Pristionchus pacificus (Parasitic nematode worm)
A0A2A6C9F6	Pristionchus pacificus (Parasitic nematode worm)
A0A2A6CBH5	Pristionchus pacificus (Parasitic nematode worm)
A0A2A6CCS1	Pristionchus pacificus (Parasitic nematode worm)
A0A2A6CIU7	Pristionchus pacificus (Parasitic nematode worm)
A0A2A6CPG8	Pristionchus pacificus (Parasitic nematode worm)
A0A2A6CQB6	Pristionchus pacificus (Parasitic nematode worm)
A0A2A6CRQ4	Pristionchus pacificus (Parasitic nematode worm)
A0A2A6CTB0	Pristionchus pacificus (Parasitic nematode worm)
A0A2A6CTH6	Pristionchus pacificus (Parasitic nematode worm)
A0A2A6CUS6	Pristionchus pacificus (Parasitic nematode worm)
A0A2A6CWQ5	Pristionchus pacificus (Parasitic nematode worm)
A0A454XSC5	Pristionchus pacificus (Parasitic nematode worm)
A0A454XTR1	Pristionchus pacificus (Parasitic nematode worm)
A0A454Y641	Pristionchus pacificus (Parasitic nematode worm)
A0A914C758	Acrobeloides nanus
A0A914CNE8	Acrobeloides nanus
A0A914CV01	Acrobeloides nanus
A0A914DC31	Acrobeloides nanus
A0A914LVY2	Meloidogyne incognita (Southern root-knot nematode worm) (Oxyuris incognita)
A0A914NZM9	Meloidogyne incognita (Southern root-knot nematode worm) (Oxyuris incognita)
A0A914YR67	Panagrolaimus superbus
A0A914Z8D6	Panagrolaimus superbus
A0A915BIE1	Parascaris univalens (Nematode worm)
A0A915LNI3	Meloidogyne javanica (Root-knot nematode worm)
A0A915LRL1	Meloidogyne javanica (Root-knot nematode worm)
A0A915LVQ0	Meloidogyne javanica (Root-knot nematode worm)
A0A915LWA2	Meloidogyne javanica (Root-knot nematode worm)
A0A915LYF0	Meloidogyne javanica (Root-knot nematode worm)
A0A915MQK9	Meloidogyne javanica (Root-knot nematode worm)
A0A915MU38	Meloidogyne javanica (Root-knot nematode worm)
A0A915MXA0	Meloidogyne javanica (Root-knot nematode worm)
A0A915N6J5	Meloidogyne javanica (Root-knot nematode worm)
A0A915N6X9	Meloidogyne javanica (Root-knot nematode worm)
A0A915NAY2	Meloidogyne javanica (Root-knot nematode worm)
A0A915NQY2	Meloidogyne floridensis
A0AA36D7R5	Mesorhabditis spiculigera
A0AAF3ELW6	Mesorhabditis belari
A0AAN4ZIM3	Pristionchus mayeri
A0AAN5CES7	Pristionchus mayeri
A0AAN5CFI7	Pristionchus mayeri
A0AAN5CI14	Pristionchus mayeri
A0AAN5CQL8	Pristionchus mayeri
A0AAN5D1H4	Pristionchus mayeri
A0AAN5DCK6	Pristionchus mayeri
A0AAN5I1M9	Pristionchus mayeri
A0AAN5I5T0	Pristionchus mayeri
A0AAN5I8D6	Pristionchus mayeri
A0AAN8FYI6	Trichostrongylus colubriformis (Black scour worm)
A0AAV5SI78	Pristionchus entomophagus
A0AAV5T716	Pristionchus entomophagus
A0AAV5TV02	Pristionchus entomophagus
A0AAV5U3T9	Pristionchus entomophagus
A0AAV5U703	Pristionchus entomophagus
A0AAV5UB83	Pristionchus entomophagus
A0AAV5UG74	Pristionchus entomophagus
A0AAV5UIZ8	Pristionchus entomophagus
A0AAV5UK32	Pristionchus entomophagus
A0AAV5V0E7	Pristionchus fissidentatus
A0AAV5V8F8	Pristionchus fissidentatus
A0AAV5VY07	Pristionchus fissidentatus
A0AAV5W2C2	Pristionchus fissidentatus
A0AAV5W9Q1	Pristionchus fissidentatus
A0AAV5WD42	Pristionchus fissidentatus
A0AAV5WJI2	Pristionchus fissidentatus
A0AAV5WPU2	Pristionchus fissidentatus
A0AAV5WTY3	Pristionchus fissidentatus
A0AAV5WWP8	Pristionchus fissidentatus
H3DZ82	Pristionchus pacificus (Parasitic nematode worm)
Q17089	Ascaris suum (Pig roundworm) (Ascaris lumbricoides)
W8FY44	Meloidogyne graminicola
A0A077Z6T3	Trichuris trichiura (Whipworm) (Trichocephalus trichiurus)
A0A0V1LJQ8	Trichinella nativa
A0A0V1LTU1	Trichinella nativa
A0A1B3TNA7	Meloidogyne incognita (Southern root-knot nematode worm) (Oxyuris incognita)
A0AAN8ES87	Trichostrongylus colubriformis (Black scour worm)
A0AAN8F0F9	Trichostrongylus colubriformis (Black scour worm)
A0AAN8F814	Trichostrongylus colubriformis (Black scour worm)
A0AAN8G9I6	Trichostrongylus colubriformis (Black scour worm)
A0ABR3KWZ3	Trichinella spiralis (Trichina worm)
B0LSI4	Wuchereria bancrofti
Q8MQT5	Trichinella spiralis (Trichina worm)
A0A0K0DLN7	Angiostrongylus cantonensis (Rat lungworm)
A0A0K0FK63	Strongyloides venezuelensis (Threadworm)
A0A0V1KQ55	Trichinella nativa
A0A0V1L6W7	Trichinella nativa
A0A0V1LHQ6	Trichinella nativa
A0A8S9ZE31	Meloidogyne graminicola
A0A915CWS7	Ditylenchus dipsaci
A0AAD5MAT0	Parelaphostrongylus tenuis (Meningeal worm)
A0AAD5N7B2	Parelaphostrongylus tenuis (Meningeal worm)
A0AAN8FIN1	Trichostrongylus colubriformis (Black scour worm)
A0ABR3K2Z1	Trichinella spiralis (Trichina worm)
A0ABR3KRT7	Trichinella spiralis (Trichina worm)
C7BVP7	Angiostrongylus cantonensis (Rat lungworm)
O97070	Ascaris suum (Pig roundworm) (Ascaris lumbricoides)
Q25467	Meloidogyne incognita (Southern root-knot nematode worm) (Oxyuris incognita)
Q7JMU0	Meloidogyne incognita (Southern root-knot nematode worm) (Oxyuris incognita)
A0A0K0D0Y8	Angiostrongylus cantonensis (Rat lungworm)
A0A0K0DH65	Angiostrongylus cantonensis (Rat lungworm)
A0A0V1KVG7	Trichinella nativa
A0A1I7VQJ1	Loa loa (Eye worm) (Filaria loa)
A0A7E4VUC9	Panagrellus redivivus (Microworm)
A0A914KGT9	Meloidogyne incognita (Southern root-knot nematode worm) (Oxyuris incognita)
A0AAD5M9Q4	Parelaphostrongylus tenuis (Meningeal worm)
A0AAD5MFC2	Parelaphostrongylus tenuis (Meningeal worm)
A0AAN8FT91	Trichostrongylus colubriformis (Black scour worm)
A0AAN8GA51	Trichostrongylus colubriformis (Black scour worm)
A0AAN8IGC0	Trichostrongylus colubriformis (Black scour worm)
A0ABR3KB69	Trichinella spiralis (Trichina worm)
B3GD71	Caenorhabditis brenneri (Nematode worm)
C7BVL4	Angiostrongylus cantonensis (Rat lungworm)
C7BVQ2	Angiostrongylus cantonensis (Rat lungworm)
A0A0K0D1H9	Angiostrongylus cantonensis (Rat lungworm)
A0A0K0G647	Strongyloides venezuelensis (Threadworm)
A0A0K0JZ07	Brugia malayi (Filarial nematode worm)
A0A1I7ZYI1	Steinernema glaseri
A0A4E9FF38	Brugia malayi (Filarial nematode worm)
A0A7I4Z342	Haemonchus contortus (Barber pole worm)
A0AAD5MSP6	Parelaphostrongylus tenuis (Meningeal worm)
A0AAN8F848	Trichostrongylus colubriformis (Black scour worm)
A0AAN8IJF5	Trichostrongylus colubriformis (Black scour worm)
A0AAN8IT90	Trichostrongylus colubriformis (Black scour worm)
A0ABR3KCR9	Trichinella spiralis (Trichina worm)
C7BVN2	Angiostrongylus cantonensis (Rat lungworm)
E0YDP0	Haemonchus contortus (Barber pole worm)
A0A0K0DPP2	Angiostrongylus cantonensis (Rat lungworm)
A0A0V1L6W1	Trichinella nativa
A0AAN8F8J8	Trichostrongylus colubriformis (Black scour worm)
A0AAN8IAF5	Trichostrongylus colubriformis (Black scour worm)
A0ABR3KIP0	Trichinella spiralis (Trichina worm)
A0ABR3KTT3	Trichinella spiralis (Trichina worm)
A0ABR3KVJ5	Trichinella spiralis (Trichina worm)
B7U9D0	Wuchereria bancrofti
C7BVR6	Angiostrongylus cantonensis (Rat lungworm)
Q25582	Teladorsagia circumcincta (Brown stomach worm) (Ostertagia circumcincta)
Q45U96	Caenorhabditis remanei (Caenorhabditis vulgaris)
A0A077Z0A6	Trichuris trichiura (Whipworm) (Trichocephalus trichiurus)
A0A0B2UTZ7	Toxocara canis (Canine roundworm)
A0A0B2UUD7	Toxocara canis (Canine roundworm)
A0A0B2UYF3	Toxocara canis (Canine roundworm)
A0A0B2V390	Toxocara canis (Canine roundworm)
A0A0B2V7I6	Toxocara canis (Canine roundworm)
A0A0B2VBC7	Toxocara canis (Canine roundworm)
A0A0B2VBD8	Toxocara canis (Canine roundworm)
A0A0B2VG14	Toxocara canis (Canine roundworm)
A0A0B2VH89	Toxocara canis (Canine roundworm)
A0A0B2VIG7	Toxocara canis (Canine roundworm)
A0A0B2VWY5	Toxocara canis (Canine roundworm)
A0A0B2VX07	Toxocara canis (Canine roundworm)
A0A0B2W1Y1	Toxocara canis (Canine roundworm)
A0A0B2W2T6	Toxocara canis (Canine roundworm)
A0A0K0D2T1	Angiostrongylus cantonensis (Rat lungworm)
A0A0N5CIE4	Strongyloides papillosus (Intestinal threadworm)
A0A0V0RQE7	Trichinella nelsoni
A0A0V0S0U3	Trichinella nelsoni
A0A0V0S6V2	Trichinella nelsoni
A0A0V0SMD2	Trichinella nelsoni
A0A0V0SMQ9	Trichinella nelsoni
A0A0V1A151	Trichinella patagoniensis
A0A0V1ADC6	Trichinella patagoniensis
A0A0V1BY38	Trichinella spiralis (Trichina worm)
A0A0V1DG45	Trichinella britovi (Parasitic roundworm)
A0A0V1DW52	Trichinella pseudospiralis (Parasitic roundworm)
A0A0V1HME1	Trichinella zimbabwensis
A0A0V1IIV6	Trichinella pseudospiralis (Parasitic roundworm)
A0A0V1MIJ8	Trichinella papuae
A0A183EY24	Gongylonema pulchrum
A0A183TWV1	Toxocara canis (Canine roundworm)
A0A183TX02	Toxocara canis (Canine roundworm)
A0A183UBE6	Toxocara canis (Canine roundworm)
A0A1I7VBF5	Loa loa (Eye worm) (Filaria loa)
A0A1I7VL94	Loa loa (Eye worm) (Filaria loa)
A0A1I7VRW5	Loa loa (Eye worm) (Filaria loa)
A0A1I7VYX2	Loa loa (Eye worm) (Filaria loa)
A0A1I7ZG28	Steinernema glaseri
A0A1P6CCT6	Brugia malayi (Filarial nematode worm)
A0A261AK86	Caenorhabditis remanei (Caenorhabditis vulgaris)
A0A261AKB1	Caenorhabditis remanei (Caenorhabditis vulgaris)
A0A2G5U6Z2	Caenorhabditis nigoni
A0A498STN6	Acanthocheilonema viteae (Filarial nematode worm) (Dipetalonema viteae)
A0A498SXC4	Acanthocheilonema viteae (Filarial nematode worm) (Dipetalonema viteae)
A0A7E4VH62	Panagrellus redivivus (Microworm)
A0A8L7TIR9	Brugia malayi (Filarial nematode worm)
A0A8S1F885	Caenorhabditis bovis
A0A914CRK0	Acrobeloides nanus
A0AAD4MIM7	Ditylenchus destructor
A0AAD4N1H6	Ditylenchus destructor
A0AAD4R1G6	Ditylenchus destructor
A0AAE9ER83	Caenorhabditis briggsae
A0AAE9EVM2	Caenorhabditis briggsae
A0AAN8EWL7	Trichostrongylus colubriformis (Black scour worm)
A0AAN8FM06	Trichostrongylus colubriformis (Black scour worm)
F1L236	Ascaris suum (Pig roundworm) (Ascaris lumbricoides)
F1L616	Ascaris suum (Pig roundworm) (Ascaris lumbricoides)
F1L6L8	Ascaris suum (Pig roundworm) (Ascaris lumbricoides)
F1L8W3	Ascaris suum (Pig roundworm) (Ascaris lumbricoides)
F1LA34	Ascaris suum (Pig roundworm) (Ascaris lumbricoides)
F1LB36	Ascaris suum (Pig roundworm) (Ascaris lumbricoides)
F1LB83	Ascaris suum (Pig roundworm) (Ascaris lumbricoides)
F1LB99	Ascaris suum (Pig roundworm) (Ascaris lumbricoides)
F1LDD1	Ascaris suum (Pig roundworm) (Ascaris lumbricoides)
F1LED0	Ascaris suum (Pig roundworm) (Ascaris lumbricoides)
F1LHX1	Ascaris suum (Pig roundworm) (Ascaris lumbricoides)
A0A077YVH8	Trichuris trichiura (Whipworm) (Trichocephalus trichiurus)
A0A0B2UUU0	Toxocara canis (Canine roundworm)
A0A0B2V6V2	Toxocara canis (Canine roundworm)
A0A0B2V8P2	Toxocara canis (Canine roundworm)
A0A0B2V9W8	Toxocara canis (Canine roundworm)
A0A0B2VCH3	Toxocara canis (Canine roundworm)
A0A0B2VCL1	Toxocara canis (Canine roundworm)
A0A0B2VG08	Toxocara canis (Canine roundworm)
A0A0B2VHB3	Toxocara canis (Canine roundworm)
A0A0B2VIH0	Toxocara canis (Canine roundworm)
A0A0B2VMT6	Toxocara canis (Canine roundworm)
A0A0B2VV18	Toxocara canis (Canine roundworm)
A0A0B2VXX6	Toxocara canis (Canine roundworm)
A0A0B2W213	Toxocara canis (Canine roundworm)
A0A0B2W319	Toxocara canis (Canine roundworm)
A0A0B2W3P5	Toxocara canis (Canine roundworm)
A0A0K0D1F6	Angiostrongylus cantonensis (Rat lungworm)
A0A0V0TED1	Trichinella murrelli
A0A0V0TRL9	Trichinella murrelli
A0A0V0TZQ8	Trichinella murrelli
A0A0V1AUR3	Trichinella spiralis (Trichina worm)
A0A0V1B1Z6	Trichinella spiralis (Trichina worm)
A0A0V1CFQ0	Trichinella britovi (Parasitic roundworm)
A0A0V1CYM3	Trichinella britovi (Parasitic roundworm)
A0A0V1CZV1	Trichinella britovi (Parasitic roundworm)
A0A0V1FZ97	Trichinella pseudospiralis (Parasitic roundworm)
A0A0V1I3J8	Trichinella zimbabwensis
A0A0V1I4H4	Trichinella zimbabwensis
A0A0V1ILK7	Trichinella pseudospiralis (Parasitic roundworm)
A0A0V1ITX8	Trichinella pseudospiralis (Parasitic roundworm)
A0A0V1M6E9	Trichinella papuae
A0A0V1M8H7	Trichinella papuae
A0A183BW85	Globodera pallida (Potato cyst nematode worm) (Heterodera pallida)
A0A183U116	Toxocara canis (Canine roundworm)
A0A183U1U4	Toxocara canis (Canine roundworm)
A0A183UH24	Toxocara canis (Canine roundworm)
A0A1I7VAV7	Loa loa (Eye worm) (Filaria loa)
A0A1I7VFA2	Loa loa (Eye worm) (Filaria loa)
A0A1I7WCM7	Heterorhabditis bacteriophora (Entomopathogenic nematode worm)
A0A261AK32	Caenorhabditis remanei (Caenorhabditis vulgaris)
A0A2K6VNB6	Onchocerca volvulus
A0A498ST46	Acanthocheilonema viteae (Filarial nematode worm) (Dipetalonema viteae)
A0A4E9FRF7	Brugia malayi (Filarial nematode worm)
A0A7E4VVH3	Panagrellus redivivus (Microworm)
A0A8J2PW43	Cercopithifilaria johnstoni
A0A8S1F840	Caenorhabditis bovis
A0A8S1FBK3	Caenorhabditis bovis
A0A8S1FCJ3	Caenorhabditis bovis
A0A914CPY9	Acrobeloides nanus
A0AAD5NAP0	Parelaphostrongylus tenuis (Meningeal worm)
A0AAE9EW57	Caenorhabditis briggsae
A0AAE9JI89	Caenorhabditis briggsae
A0AAF3F612	Mesorhabditis belari
A0AAF3J461	Mesorhabditis belari
A0AAN8F0D2	Trichostrongylus colubriformis (Black scour worm)
A0AAN8FL38	Trichostrongylus colubriformis (Black scour worm)
C7BVP6	Angiostrongylus cantonensis (Rat lungworm)
F1L8G6	Ascaris suum (Pig roundworm) (Ascaris lumbricoides)
F1L9N4	Ascaris suum (Pig roundworm) (Ascaris lumbricoides)
F1LAG3	Ascaris suum (Pig roundworm) (Ascaris lumbricoides)
F1LBE8	Ascaris suum (Pig roundworm) (Ascaris lumbricoides)
F1LCQ3	Ascaris suum (Pig roundworm) (Ascaris lumbricoides)
F1LDN4	Ascaris suum (Pig roundworm) (Ascaris lumbricoides)
F1LDV0	Ascaris suum (Pig roundworm) (Ascaris lumbricoides)
F1LFW0	Ascaris suum (Pig roundworm) (Ascaris lumbricoides)
F1LGR5	Ascaris suum (Pig roundworm) (Ascaris lumbricoides)
F1LHY9	Ascaris suum (Pig roundworm) (Ascaris lumbricoides)
Q155Z8	Wuchereria bancrofti
Q17207	Brugia malayi (Filarial nematode worm)
A0A077Z423	Trichuris trichiura (Whipworm) (Trichocephalus trichiurus)
A0A077Z745	Trichuris trichiura (Whipworm) (Trichocephalus trichiurus)
A0A077Z891	Trichuris trichiura (Whipworm) (Trichocephalus trichiurus)
A0A0B2UNV6	Toxocara canis (Canine roundworm)
A0A0B2UQ00	Toxocara canis (Canine roundworm)
A0A0B2USM6	Toxocara canis (Canine roundworm)
A0A0B2V7D8	Toxocara canis (Canine roundworm)
A0A0B2VA45	Toxocara canis (Canine roundworm)
A0A0B2VBX6	Toxocara canis (Canine roundworm)
A0A0B2VFI7	Toxocara canis (Canine roundworm)
A0A0B2VG19	Toxocara canis (Canine roundworm)
A0A0B2VH02	Toxocara canis (Canine roundworm)
A0A0B2VQJ4	Toxocara canis (Canine roundworm)
A0A0B2VRI7	Toxocara canis (Canine roundworm)
A0A0B2VVT7	Toxocara canis (Canine roundworm)
A0A0B2W595	Toxocara canis (Canine roundworm)
A0A0J9YC03	Brugia malayi (Filarial nematode worm)
A0A0N5AAM0	Syphacia muris
A0A0V0SK81	Trichinella nelsoni
A0A0V0TEF1	Trichinella murrelli
A0A0V0TKU0	Trichinella murrelli
A0A0V1A412	Trichinella patagoniensis
A0A0V1A463	Trichinella patagoniensis
A0A0V1BGG1	Trichinella spiralis (Trichina worm)
A0A0V1CFM3	Trichinella britovi (Parasitic roundworm)
A0A0V1DFA5	Trichinella britovi (Parasitic roundworm)
A0A0V1E5V0	Trichinella pseudospiralis (Parasitic roundworm)
A0A0V1F8E2	Trichinella pseudospiralis (Parasitic roundworm)
A0A0V1FV17	Trichinella pseudospiralis (Parasitic roundworm)
A0A0V1L2D6	Trichinella nativa
A0A0V1LE55	Trichinella nativa
A0A183UKZ8	Toxocara canis (Canine roundworm)
A0A183VCA8	Toxocara canis (Canine roundworm)
A0A1I7ZGN8	Steinernema glaseri
A0A1I8BK14	Meloidogyne hapla (Root-knot nematode worm)
A0A1I8C2F7	Meloidogyne hapla (Root-knot nematode worm)
A0A261AK29	Caenorhabditis remanei (Caenorhabditis vulgaris)
A0A261AKU5	Caenorhabditis remanei (Caenorhabditis vulgaris)
A0A261ALK5	Caenorhabditis remanei (Caenorhabditis vulgaris)
A0A261BFG1	Caenorhabditis latens
A0A2G5U7N6	Caenorhabditis nigoni
A0A3G6JBE2	Anisakis simplex (Herring worm)
A0A3G6JH29	Anisakis pegreffii
A0A8S1FEX9	Caenorhabditis bovis
A0A914CQQ5	Acrobeloides nanus
A0A914MCB1	Meloidogyne incognita (Southern root-knot nematode worm) (Oxyuris incognita)
A0A915PS99	Setaria digitata
A0AAD5MLF0	Parelaphostrongylus tenuis (Meningeal worm)
A0AAN8IQ74	Trichostrongylus colubriformis (Black scour worm)
A0AAN8IYR3	Trichostrongylus colubriformis (Black scour worm)
A0ABR3KAR5	Trichinella spiralis (Trichina worm)
E5KK50	Caenorhabditis sinica
F1L036	Ascaris suum (Pig roundworm) (Ascaris lumbricoides)
F1L0Q3	Ascaris suum (Pig roundworm) (Ascaris lumbricoides)
F1L1F7	Ascaris suum (Pig roundworm) (Ascaris lumbricoides)
F1L3V8	Ascaris suum (Pig roundworm) (Ascaris lumbricoides)
F1L4X9	Ascaris suum (Pig roundworm) (Ascaris lumbricoides)
F1L618	Ascaris suum (Pig roundworm) (Ascaris lumbricoides)
F1L6P9	Ascaris suum (Pig roundworm) (Ascaris lumbricoides)
F1L7X5	Ascaris suum (Pig roundworm) (Ascaris lumbricoides)
F1L9P7	Ascaris suum (Pig roundworm) (Ascaris lumbricoides)
F1LAF3	Ascaris suum (Pig roundworm) (Ascaris lumbricoides)
F1LAU9	Ascaris suum (Pig roundworm) (Ascaris lumbricoides)
F1LC43	Ascaris suum (Pig roundworm) (Ascaris lumbricoides)
F1LDD2	Ascaris suum (Pig roundworm) (Ascaris lumbricoides)
F1LE69	Ascaris suum (Pig roundworm) (Ascaris lumbricoides)
F1LE87	Ascaris suum (Pig roundworm) (Ascaris lumbricoides)
F1LFV5	Ascaris suum (Pig roundworm) (Ascaris lumbricoides)
Q9NFM0	Globodera pallida (Potato cyst nematode worm) (Heterodera pallida)
A0A077Z6F5	Trichuris trichiura (Whipworm) (Trichocephalus trichiurus)
A0A0B2USQ7	Toxocara canis (Canine roundworm)
A0A0B2UTD8	Toxocara canis (Canine roundworm)
A0A0B2UYS8	Toxocara canis (Canine roundworm)
A0A0B2V2D4	Toxocara canis (Canine roundworm)
A0A0B2V2E1	Toxocara canis (Canine roundworm)
A0A0B2V2U9	Toxocara canis (Canine roundworm)
A0A0B2V371	Toxocara canis (Canine roundworm)
A0A0B2V8Q6	Toxocara canis (Canine roundworm)
A0A0B2VA68	Toxocara canis (Canine roundworm)
A0A0B2VBE4	Toxocara canis (Canine roundworm)
A0A0B2VCH7	Toxocara canis (Canine roundworm)
A0A0B2VCK8	Toxocara canis (Canine roundworm)
A0A0B2VEE3	Toxocara canis (Canine roundworm)
A0A0B2VH68	Toxocara canis (Canine roundworm)
A0A0B2VH94	Toxocara canis (Canine roundworm)
A0A0B2VHE2	Toxocara canis (Canine roundworm)
A0A0B2VHF5	Toxocara canis (Canine roundworm)
A0A0B2VWT5	Toxocara canis (Canine roundworm)
A0A0B2W3F0	Toxocara canis (Canine roundworm)
A0A0B2W3L4	Toxocara canis (Canine roundworm)
A0A0N4ZHV6	Parastrongyloides trichosuri (Possum-specific nematode worm)
A0A0N4ZPZ9	Parastrongyloides trichosuri (Possum-specific nematode worm)
A0A0R3RXN8	Elaeophora elaphi
A0A0V0ZL02	Trichinella patagoniensis
A0A0V1A8I3	Trichinella patagoniensis
A0A0V1A8R8	Trichinella patagoniensis
A0A0V1ADS7	Trichinella patagoniensis
A0A0V1BKK7	Trichinella spiralis (Trichina worm)
A0A0V1DDP1	Trichinella britovi (Parasitic roundworm)
A0A0V1DYQ6	Trichinella pseudospiralis (Parasitic roundworm)
A0A0V1FET4	Trichinella pseudospiralis (Parasitic roundworm)
A0A0V1FJG9	Trichinella pseudospiralis (Parasitic roundworm)
A0A0V1FTV7	Trichinella pseudospiralis (Parasitic roundworm)
A0A0V1HA84	Trichinella zimbabwensis
A0A0V1HIJ4	Trichinella pseudospiralis (Parasitic roundworm)
A0A0V1I7G5	Trichinella zimbabwensis
A0A0V1MBT1	Trichinella papuae
A0A183U293	Toxocara canis (Canine roundworm)
A0A183UBE4	Toxocara canis (Canine roundworm)
A0A183UF00	Toxocara canis (Canine roundworm)
A0A183UKZ9	Toxocara canis (Canine roundworm)
A0A183UQJ7	Toxocara canis (Canine roundworm)
A0A183V8G6	Toxocara canis (Canine roundworm)
A0A1I7VBG4	Loa loa (Eye worm) (Filaria loa)
A0A1I7XUU9	Heterorhabditis bacteriophora (Entomopathogenic nematode worm)
A0A261AKQ5	Caenorhabditis remanei (Caenorhabditis vulgaris)
A0A261BF24	Caenorhabditis latens
A0A261BG12	Caenorhabditis latens
A0A3P7KTJ8	Onchocerca ochengi (Filarial nematode worm)
A0A498S472	Acanthocheilonema viteae (Filarial nematode worm) (Dipetalonema viteae)
A0A498ST74	Acanthocheilonema viteae (Filarial nematode worm) (Dipetalonema viteae)
A0A7E4VWY4	Panagrellus redivivus (Microworm)
A0A8J2M1L6	Cercopithifilaria johnstoni
A0A8S1HTN0	Caenorhabditis auriculariae
A0A915PKA2	Setaria digitata
A0AAD4N5M2	Ditylenchus destructor
A0AAD5LYW8	Parelaphostrongylus tenuis (Meningeal worm)
A0AAD5N1D7	Parelaphostrongylus tenuis (Meningeal worm)
A0AAE9ER58	Caenorhabditis briggsae
A0AAF3EX64	Mesorhabditis belari
A0AAN8FSW7	Trichostrongylus colubriformis (Black scour worm)
A0ABR3KCS2	Trichinella spiralis (Trichina worm)
E5KK41	Caenorhabditis sinica
E5SAG9	Trichinella spiralis (Trichina worm)
F1L4Y3	Ascaris suum (Pig roundworm) (Ascaris lumbricoides)
F1L7M6	Ascaris suum (Pig roundworm) (Ascaris lumbricoides)
F1L9E5	Ascaris suum (Pig roundworm) (Ascaris lumbricoides)
F1L9K5	Ascaris suum (Pig roundworm) (Ascaris lumbricoides)
F1LBC9	Ascaris suum (Pig roundworm) (Ascaris lumbricoides)
F1LCA4	Ascaris suum (Pig roundworm) (Ascaris lumbricoides)
F1LDZ6	Ascaris suum (Pig roundworm) (Ascaris lumbricoides)
F1LG49	Ascaris suum (Pig roundworm) (Ascaris lumbricoides)
Q17189	Brugia malayi (Filarial nematode worm)
Q26358	Onchocerca volvulus
Q9NFL9	Globodera pallida (Potato cyst nematode worm) (Heterodera pallida)
A0A077Z124	Trichuris trichiura (Whipworm) (Trichocephalus trichiurus)
A0A077ZB84	Trichuris trichiura (Whipworm) (Trichocephalus trichiurus)
A0A0B2UT56	Toxocara canis (Canine roundworm)
A0A0B2UXM4	Toxocara canis (Canine roundworm)
A0A0B2UYD4	Toxocara canis (Canine roundworm)
A0A0B2V2W2	Toxocara canis (Canine roundworm)
A0A0B2V3Q2	Toxocara canis (Canine roundworm)
A0A0B2V6Z6	Toxocara canis (Canine roundworm)
A0A0B2V799	Toxocara canis (Canine roundworm)
A0A0B2V8P3	Toxocara canis (Canine roundworm)
A0A0B2VBD1	Toxocara canis (Canine roundworm)
A0A0B2VIF9	Toxocara canis (Canine roundworm)
A0A0B2VIZ8	Toxocara canis (Canine roundworm)
A0A0B2VKB4	Toxocara canis (Canine roundworm)
A0A0B2VX33	Toxocara canis (Canine roundworm)
A0A0B2W378	Toxocara canis (Canine roundworm)
A0A0B2W3G8	Toxocara canis (Canine roundworm)
A0A0B2W3M3	Toxocara canis (Canine roundworm)
A0A0B2W3Q4	Toxocara canis (Canine roundworm)
A0A0B2W4R3	Toxocara canis (Canine roundworm)
A0A0K0DHJ8	Angiostrongylus cantonensis (Rat lungworm)
A0A0V0RZP7	Trichinella nelsoni
A0A0V0TKE2	Trichinella murrelli
A0A0V0TRN1	Trichinella murrelli
A0A0V0ZPK1	Trichinella patagoniensis
A0A0V1A354	Trichinella patagoniensis
A0A0V1DDY8	Trichinella britovi (Parasitic roundworm)
A0A0V1F1X0	Trichinella pseudospiralis (Parasitic roundworm)
A0A0V1FEW7	Trichinella pseudospiralis (Parasitic roundworm)
A0A0V1G3P0	Trichinella pseudospiralis (Parasitic roundworm)
A0A0V1H6M2	Trichinella zimbabwensis
A0A0V1HA92	Trichinella zimbabwensis
A0A0V1I0A2	Trichinella zimbabwensis
A0A0V1IIJ9	Trichinella pseudospiralis (Parasitic roundworm)
A0A0V1IK75	Trichinella pseudospiralis (Parasitic roundworm)
A0A0V1KY98	Trichinella nativa
A0A0V1N716	Trichinella papuae
A0A183CL88	Globodera pallida (Potato cyst nematode worm) (Heterodera pallida)
A0A183TV93	Toxocara canis (Canine roundworm)
A0A183UJ93	Toxocara canis (Canine roundworm)
A0A183UL38	Toxocara canis (Canine roundworm)
A0A1I7VBF2	Loa loa (Eye worm) (Filaria loa)
A0A1I8AQF5	Steinernema glaseri
A0A2G5U6W0	Caenorhabditis nigoni
A0A2K6VMI6	Onchocerca volvulus
A0A7I4YI04	Haemonchus contortus (Barber pole worm)
A0A7I4YJT3	Haemonchus contortus (Barber pole worm)
A0A8J2PU77	Cercopithifilaria johnstoni
A0A8S1F7Y7	Caenorhabditis bovis
A0A914PAK8	Panagrolaimus davidi
A0A914Z5A5	Panagrolaimus superbus
A0AAN8G275	Trichostrongylus colubriformis (Black scour worm)
E5KK58	Caenorhabditis sinica
F1KY46	Ascaris suum (Pig roundworm) (Ascaris lumbricoides)
F1KYQ1	Ascaris suum (Pig roundworm) (Ascaris lumbricoides)
F1L1N7	Ascaris suum (Pig roundworm) (Ascaris lumbricoides)
F1LBH1	Ascaris suum (Pig roundworm) (Ascaris lumbricoides)
F1LBI7	Ascaris suum (Pig roundworm) (Ascaris lumbricoides)
F1LC40	Ascaris suum (Pig roundworm) (Ascaris lumbricoides)
F1LD10	Ascaris suum (Pig roundworm) (Ascaris lumbricoides)
F1LDT7	Ascaris suum (Pig roundworm) (Ascaris lumbricoides)
F1LFS0	Ascaris suum (Pig roundworm) (Ascaris lumbricoides)
F1LGF1	Ascaris suum (Pig roundworm) (Ascaris lumbricoides)
Q9NFZ9	Ascaris suum (Pig roundworm) (Ascaris lumbricoides)
A0A7I4Y3U1	Haemonchus contortus (Barber pole worm)
A0A7I4Z8I7	Haemonchus contortus (Barber pole worm)
A0A7I4Z8Q7	Haemonchus contortus (Barber pole worm)
A0AAN8ES35	Trichostrongylus colubriformis (Black scour worm)
A0AAN8F9T8	Trichostrongylus colubriformis (Black scour worm)
A0AAN8IRH4	Trichostrongylus colubriformis (Black scour worm)
W6NAK4	Haemonchus contortus (Barber pole worm)
W6NR79	Haemonchus contortus (Barber pole worm)
A0A7I4YJB8	Haemonchus contortus (Barber pole worm)
A0AAN8EZA2	Trichostrongylus colubriformis (Black scour worm)
A0AAN8F8W7	Trichostrongylus colubriformis (Black scour worm)
A0AAN8F920	Trichostrongylus colubriformis (Black scour worm)
A0A7I4YET2	Haemonchus contortus (Barber pole worm)
A0A7I4YFF7	Haemonchus contortus (Barber pole worm)
A0A7I4YSK5	Haemonchus contortus (Barber pole worm)
A0AAN8FQS6	Trichostrongylus colubriformis (Black scour worm)
A0AAN8IGP7	Trichostrongylus colubriformis (Black scour worm)
A0AAN8ITE2	Trichostrongylus colubriformis (Black scour worm)
W6NBR2	Haemonchus contortus (Barber pole worm)
A0A7I4Y1N7	Haemonchus contortus (Barber pole worm)
A0A7I5E6J8	Haemonchus contortus (Barber pole worm)
A0AAN8FI91	Trichostrongylus colubriformis (Black scour worm)
W6NAH7	Haemonchus contortus (Barber pole worm)
A0A7I4XTA1	Haemonchus contortus (Barber pole worm)
A0AAN8F1C8	Trichostrongylus colubriformis (Black scour worm)
A0AAN8ID83	Trichostrongylus colubriformis (Black scour worm)
U6P3A9	Haemonchus contortus (Barber pole worm)
A0A077Z187	Trichuris trichiura (Whipworm) (Trichocephalus trichiurus)
A0A077Z2M8	Trichuris trichiura (Whipworm) (Trichocephalus trichiurus)
A0A077Z7P5	Trichuris trichiura (Whipworm) (Trichocephalus trichiurus)
A0A0B2UUK2	Toxocara canis (Canine roundworm)
A0A0B2UUK7	Toxocara canis (Canine roundworm)
A0A0B2UWD8	Toxocara canis (Canine roundworm)
A0A0B2UWL1	Toxocara canis (Canine roundworm)
A0A0B2V4I6	Toxocara canis (Canine roundworm)
A0A0B2V862	Toxocara canis (Canine roundworm)
A0A0B2VBU5	Toxocara canis (Canine roundworm)
A0A0B2VCF8	Toxocara canis (Canine roundworm)
A0A0B2VM78	Toxocara canis (Canine roundworm)
A0A0B2VQ77	Toxocara canis (Canine roundworm)
A0A0B2VSG1	Toxocara canis (Canine roundworm)
A0A0B2VSU8	Toxocara canis (Canine roundworm)
A0A0B2VTA1	Toxocara canis (Canine roundworm)
A0A0B2VUC7	Toxocara canis (Canine roundworm)
A0A0B2VUD8	Toxocara canis (Canine roundworm)
A0A0B2W4C1	Toxocara canis (Canine roundworm)
A0A0B2W4D8	Toxocara canis (Canine roundworm)
A0A0K0JFE2	Brugia malayi (Filarial nematode worm)
A0A0V0RNN9	Trichinella nelsoni
A0A0V0RS84	Trichinella nelsoni
A0A0V0RU19	Trichinella nelsoni
A0A0V0RWN7	Trichinella nelsoni
A0A0V0SHE4	Trichinella nelsoni
A0A0V0TVP3	Trichinella murrelli
A0A0V0TZF7	Trichinella murrelli
A0A0V0TZG2	Trichinella murrelli
A0A0V0U523	Trichinella murrelli
A0A0V0UBR3	Trichinella murrelli
A0A0V0ZL08	Trichinella patagoniensis
A0A0V0ZLR0	Trichinella patagoniensis
A0A0V0ZMF4	Trichinella patagoniensis
A0A0V0ZWQ9	Trichinella patagoniensis
A0A0V0ZXV2	Trichinella patagoniensis
A0A0V1A2Y9	Trichinella patagoniensis
A0A0V1A7S0	Trichinella patagoniensis
A0A0V1BL19	Trichinella spiralis (Trichina worm)
A0A0V1CK85	Trichinella britovi (Parasitic roundworm)
A0A0V1CP37	Trichinella britovi (Parasitic roundworm)
A0A0V1D8Y0	Trichinella britovi (Parasitic roundworm)
A0A0V1EBV7	Trichinella pseudospiralis (Parasitic roundworm)
A0A0V1FJN6	Trichinella pseudospiralis (Parasitic roundworm)
A0A0V1HYL6	Trichinella zimbabwensis
A0A0V1IDN4	Trichinella pseudospiralis (Parasitic roundworm)
A0A0V1LK04	Trichinella nativa
A0A0V1LKH8	Trichinella nativa
A0A0V1MQK9	Trichinella papuae
A0A0V1MVU6	Trichinella papuae
A0A0V1MXL3	Trichinella papuae
A0A0V1N3L0	Trichinella papuae
A0A183U2P4	Toxocara canis (Canine roundworm)
A0A183UA11	Toxocara canis (Canine roundworm)
A0A183UH81	Toxocara canis (Canine roundworm)
A0A183UHM7	Toxocara canis (Canine roundworm)
A0A183VBN0	Toxocara canis (Canine roundworm)
A0A2A2M425	Diploscapter pachys
A0A4E9EZ18	Brugia malayi (Filarial nematode worm)
A0A4E9F002	Brugia malayi (Filarial nematode worm)
A0A5S6PSB5	Brugia malayi (Filarial nematode worm)
A0A5S6PV86	Brugia malayi (Filarial nematode worm)
A0A5S6PVP5	Brugia malayi (Filarial nematode worm)
A0AAD4NEV1	Ditylenchus destructor
A0AAD5MT21	Parelaphostrongylus tenuis (Meningeal worm)
A0AAN8EXR3	Trichostrongylus colubriformis (Black scour worm)
A0AAN8F491	Trichostrongylus colubriformis (Black scour worm)
A0AAN8IA62	Trichostrongylus colubriformis (Black scour worm)
A0AAN8IJQ6	Trichostrongylus colubriformis (Black scour worm)
A0ABR3KMB0	Trichinella spiralis (Trichina worm)
A0ABR3KR64	Trichinella spiralis (Trichina worm)
A0ABR3KSD0	Trichinella spiralis (Trichina worm)
F1L007	Ascaris suum (Pig roundworm) (Ascaris lumbricoides)
F1L3X8	Ascaris suum (Pig roundworm) (Ascaris lumbricoides)
F1L872	Ascaris suum (Pig roundworm) (Ascaris lumbricoides)
F1L9K8	Ascaris suum (Pig roundworm) (Ascaris lumbricoides)
F1LAN9	Ascaris suum (Pig roundworm) (Ascaris lumbricoides)
O45214	Brugia pahangi (Filarial nematode worm)
Q9U994	Ascaris suum (Pig roundworm) (Ascaris lumbricoides)
A0A077YY52	Trichuris trichiura (Whipworm) (Trichocephalus trichiurus)
A0A077Z0B0	Trichuris trichiura (Whipworm) (Trichocephalus trichiurus)
A0A077Z3P9	Trichuris trichiura (Whipworm) (Trichocephalus trichiurus)
A0A077ZHH1	Trichuris trichiura (Whipworm) (Trichocephalus trichiurus)
A0A0B2UUG2	Toxocara canis (Canine roundworm)
A0A0B2UY93	Toxocara canis (Canine roundworm)
A0A0B2UYL1	Toxocara canis (Canine roundworm)
A0A0B2V148	Toxocara canis (Canine roundworm)
A0A0B2V5U6	Toxocara canis (Canine roundworm)
A0A0B2V7J2	Toxocara canis (Canine roundworm)
A0A0B2V8J9	Toxocara canis (Canine roundworm)
A0A0B2V9Z7	Toxocara canis (Canine roundworm)
A0A0B2VDH4	Toxocara canis (Canine roundworm)
A0A0B2VET0	Toxocara canis (Canine roundworm)
A0A0B2VM88	Toxocara canis (Canine roundworm)
A0A0B2VNF1	Toxocara canis (Canine roundworm)
A0A0B2VNY8	Toxocara canis (Canine roundworm)
A0A0B2VPV5	Toxocara canis (Canine roundworm)
A0A0B2VQD0	Toxocara canis (Canine roundworm)
A0A0B2VS23	Toxocara canis (Canine roundworm)
A0A0J9Y9W5	Brugia malayi (Filarial nematode worm)
A0A0K0JS88	Brugia malayi (Filarial nematode worm)
A0A0K0K0A4	Brugia malayi (Filarial nematode worm)
A0A0V0RK85	Trichinella nelsoni
A0A0V0RU41	Trichinella nelsoni
A0A0V0RY05	Trichinella nelsoni
A0A0V0TNS0	Trichinella murrelli
A0A0V0TNV0	Trichinella murrelli
A0A0V0TR14	Trichinella murrelli
A0A0V0TR55	Trichinella murrelli
A0A0V0TZF9	Trichinella murrelli
A0A0V0XTE3	Trichinella pseudospiralis (Parasitic roundworm)
A0A0V1A6L1	Trichinella patagoniensis
A0A0V1AV27	Trichinella spiralis (Trichina worm)
A0A0V1AZR8	Trichinella spiralis (Trichina worm)
A0A0V1B3A4	Trichinella spiralis (Trichina worm)
A0A0V1BCX8	Trichinella spiralis (Trichina worm)
A0A0V1CFB1	Trichinella britovi (Parasitic roundworm)
A0A0V1D0C3	Trichinella britovi (Parasitic roundworm)
A0A0V1D0G7	Trichinella britovi (Parasitic roundworm)
A0A0V1D1I4	Trichinella britovi (Parasitic roundworm)
A0A0V1D2J1	Trichinella britovi (Parasitic roundworm)
A0A0V1DBI8	Trichinella britovi (Parasitic roundworm)
A0A0V1H6B9	Trichinella zimbabwensis
A0A0V1HAC3	Trichinella zimbabwensis
A0A0V1HNF2	Trichinella zimbabwensis
A0A0V1KXG6	Trichinella nativa
A0A0V1KXS5	Trichinella nativa
A0A0V1LJ42	Trichinella nativa
A0A0V1M9Y6	Trichinella papuae
A0A0V1MVX1	Trichinella papuae
A0A0V1N569	Trichinella papuae
A0A0V1N7I1	Trichinella papuae
A0A183UEZ4	Toxocara canis (Canine roundworm)
A0A183UJZ4	Toxocara canis (Canine roundworm)
A0A183UK54	Toxocara canis (Canine roundworm)
A0A183V127	Toxocara canis (Canine roundworm)
A0A4E9EPU6	Brugia malayi (Filarial nematode worm)
A0AAN8F2K7	Trichostrongylus colubriformis (Black scour worm)
A0AAN8J2N0	Trichostrongylus colubriformis (Black scour worm)
A0ABR3KTP3	Trichinella spiralis (Trichina worm)
E5SQQ0	Trichinella spiralis (Trichina worm)
F1L821	Ascaris suum (Pig roundworm) (Ascaris lumbricoides)
F1LB80	Ascaris suum (Pig roundworm) (Ascaris lumbricoides)
F1LDL9	Ascaris suum (Pig roundworm) (Ascaris lumbricoides)
F1LFY3	Ascaris suum (Pig roundworm) (Ascaris lumbricoides)
Q17277	Brugia pahangi (Filarial nematode worm)
A0A077YXF0	Trichuris trichiura (Whipworm) (Trichocephalus trichiurus)
A0A077Z5C0	Trichuris trichiura (Whipworm) (Trichocephalus trichiurus)
A0A077ZGG4	Trichuris trichiura (Whipworm) (Trichocephalus trichiurus)
A0A0B2UP06	Toxocara canis (Canine roundworm)
A0A0B2UV53	Toxocara canis (Canine roundworm)
A0A0B2UX86	Toxocara canis (Canine roundworm)
A0A0B2UX96	Toxocara canis (Canine roundworm)
A0A0B2UXG1	Toxocara canis (Canine roundworm)
A0A0B2V4V6	Toxocara canis (Canine roundworm)
A0A0B2VAE0	Toxocara canis (Canine roundworm)
A0A0B2VBB0	Toxocara canis (Canine roundworm)
A0A0B2VBT1	Toxocara canis (Canine roundworm)
A0A0B2VCR8	Toxocara canis (Canine roundworm)
A0A0B2VDN4	Toxocara canis (Canine roundworm)
A0A0B2VE33	Toxocara canis (Canine roundworm)
A0A0B2VGE0	Toxocara canis (Canine roundworm)
A0A0B2VIG1	Toxocara canis (Canine roundworm)
A0A0B2VV87	Toxocara canis (Canine roundworm)
A0A0B2W1T8	Toxocara canis (Canine roundworm)
A0A0D6LM16	Ancylostoma ceylanicum
A0A0K0DB67	Angiostrongylus cantonensis (Rat lungworm)
A0A0K0JN33	Brugia malayi (Filarial nematode worm)
A0A0K0K0A3	Brugia malayi (Filarial nematode worm)
A0A0V0RTI5	Trichinella nelsoni
A0A0V0RYS6	Trichinella nelsoni
A0A0V0TL39	Trichinella murrelli
A0A0V0UBA4	Trichinella murrelli
A0A0V0XKA0	Trichinella pseudospiralis (Parasitic roundworm)
A0A0V0XV20	Trichinella pseudospiralis (Parasitic roundworm)
A0A0V0ZMK8	Trichinella patagoniensis
A0A0V0ZYH1	Trichinella patagoniensis
A0A0V1A411	Trichinella patagoniensis
A0A0V1BGD3	Trichinella spiralis (Trichina worm)
A0A0V1BMR6	Trichinella spiralis (Trichina worm)
A0A0V1CYP4	Trichinella britovi (Parasitic roundworm)
A0A0V1CZQ2	Trichinella britovi (Parasitic roundworm)
A0A0V1D041	Trichinella britovi (Parasitic roundworm)
A0A0V1D0D7	Trichinella britovi (Parasitic roundworm)
A0A0V1F993	Trichinella pseudospiralis (Parasitic roundworm)
A0A0V1FNX4	Trichinella pseudospiralis (Parasitic roundworm)
A0A0V1GY93	Trichinella zimbabwensis
A0A0V1HAH8	Trichinella zimbabwensis
A0A0V1HZ37	Trichinella zimbabwensis
A0A0V1I076	Trichinella pseudospiralis (Parasitic roundworm)
A0A0V1INI2	Trichinella pseudospiralis (Parasitic roundworm)
A0A0V1J9C2	Trichinella pseudospiralis (Parasitic roundworm)
A0A0V1JS84	Trichinella pseudospiralis (Parasitic roundworm)
A0A0V1KWV5	Trichinella nativa
A0A0V1L4V5	Trichinella nativa
A0A0V1L6V2	Trichinella nativa
A0A0V1MA41	Trichinella papuae
A0A0V1MPS5	Trichinella papuae
A0A183U036	Toxocara canis (Canine roundworm)
A0A183UE25	Toxocara canis (Canine roundworm)
A0A183UMR9	Toxocara canis (Canine roundworm)
A0A183V4Z3	Toxocara canis (Canine roundworm)
A0A183VB22	Toxocara canis (Canine roundworm)
A0A4E9FRH1	Brugia malayi (Filarial nematode worm)
A0A5S6PVD2	Brugia malayi (Filarial nematode worm)
A0A5S6PVK0	Brugia malayi (Filarial nematode worm)
A0A914IA29	Globodera rostochiensis (Golden nematode worm) (Heterodera rostochiensis)
A0AAD5QGS1	Parelaphostrongylus tenuis (Meningeal worm)
A0AAN8FF32	Trichostrongylus colubriformis (Black scour worm)
A0AAN8FFZ3	Trichostrongylus colubriformis (Black scour worm)
A0AAN8G369	Trichostrongylus colubriformis (Black scour worm)
A0AAN8IGC6	Trichostrongylus colubriformis (Black scour worm)
A0AAN8IRI0	Trichostrongylus colubriformis (Black scour worm)
A0ABR3K4V4	Trichinella spiralis (Trichina worm)
A0ABR3KSN7	Trichinella spiralis (Trichina worm)
A0ABR3KTG9	Trichinella spiralis (Trichina worm)
A0ABR3KTX7	Trichinella spiralis (Trichina worm)
A0ABR3KW38	Trichinella spiralis (Trichina worm)
A0ABR3L0X4	Trichinella spiralis (Trichina worm)
E5SQP5	Trichinella spiralis (Trichina worm)
F1L1T3	Ascaris suum (Pig roundworm) (Ascaris lumbricoides)
Q17166	Brugia malayi (Filarial nematode worm)
A0A077Z4R4	Trichuris trichiura (Whipworm) (Trichocephalus trichiurus)
A0A0B2ULD5	Toxocara canis (Canine roundworm)
A0A0B2UQV5	Toxocara canis (Canine roundworm)
A0A0B2UVC6	Toxocara canis (Canine roundworm)
A0A0B2UVQ1	Toxocara canis (Canine roundworm)
A0A0B2V1C2	Toxocara canis (Canine roundworm)
A0A0B2VC09	Toxocara canis (Canine roundworm)
A0A0B2VMT4	Toxocara canis (Canine roundworm)
A0A0B2W3D2	Toxocara canis (Canine roundworm)
A0A0B2W5A3	Toxocara canis (Canine roundworm)
A0A0V0RN13	Trichinella nelsoni
A0A0V0RPI5	Trichinella nelsoni
A0A0V0RX50	Trichinella nelsoni
A0A0V0RXF4	Trichinella nelsoni
A0A0V0S4W1	Trichinella nelsoni
A0A0V0TNX3	Trichinella murrelli
A0A0V0UB03	Trichinella murrelli
A0A0V0UGW3	Trichinella murrelli
A0A0V0ZH37	Trichinella patagoniensis
A0A0V0ZLD4	Trichinella patagoniensis
A0A0V0ZUS4	Trichinella patagoniensis
A0A0V1A470	Trichinella patagoniensis
A0A0V1B3R0	Trichinella spiralis (Trichina worm)
A0A0V1B455	Trichinella spiralis (Trichina worm)
A0A0V1B4Y2	Trichinella spiralis (Trichina worm)
A0A0V1BMQ1	Trichinella spiralis (Trichina worm)
A0A0V1CMZ5	Trichinella britovi (Parasitic roundworm)
A0A0V1CYQ7	Trichinella britovi (Parasitic roundworm)
A0A0V1D0C8	Trichinella britovi (Parasitic roundworm)
A0A0V1DBZ6	Trichinella britovi (Parasitic roundworm)
A0A0V1DCF6	Trichinella britovi (Parasitic roundworm)
A0A0V1DCJ7	Trichinella britovi (Parasitic roundworm)
A0A0V1FEX2	Trichinella pseudospiralis (Parasitic roundworm)
A0A0V1FK32	Trichinella pseudospiralis (Parasitic roundworm)
A0A0V1FWE8	Trichinella pseudospiralis (Parasitic roundworm)
A0A0V1GXC9	Trichinella zimbabwensis
A0A0V1HAV1	Trichinella zimbabwensis
A0A0V1HJM7	Trichinella zimbabwensis
A0A0V1HLK6	Trichinella zimbabwensis
A0A0V1HML5	Trichinella zimbabwensis
A0A0V1HPL6	Trichinella zimbabwensis
A0A0V1I072	Trichinella pseudospiralis (Parasitic roundworm)
A0A0V1I0Q5	Trichinella zimbabwensis
A0A0V1ILP0	Trichinella pseudospiralis (Parasitic roundworm)
A0A0V1IQ57	Trichinella pseudospiralis (Parasitic roundworm)
A0A0V1KXC6	Trichinella nativa
A0A0V1KXQ9	Trichinella nativa
A0A0V1LDN2	Trichinella nativa
A0A0V1LTX9	Trichinella nativa
A0A0V1MD59	Trichinella papuae
A0A0V1MJH4	Trichinella papuae
A0A0V1MK33	Trichinella papuae
A0A0V1MKM7	Trichinella papuae
A0A0V1MVV5	Trichinella papuae
A0A0V1MWK1	Trichinella papuae
A0A0V1N7W6	Trichinella papuae
A0A183TZS6	Toxocara canis (Canine roundworm)
A0A183UK52	Toxocara canis (Canine roundworm)
A0A183V780	Toxocara canis (Canine roundworm)
A0A183V925	Toxocara canis (Canine roundworm)
A0A183V978	Toxocara canis (Canine roundworm)
A0A4E9F9B9	Brugia malayi (Filarial nematode worm)
A0A5S6PIA4	Brugia malayi (Filarial nematode worm)
A0A8J2LZJ8	Cercopithifilaria johnstoni
A0AAD4N0Y2	Ditylenchus destructor
A0AAD4RAW8	Ditylenchus destructor
A0AAN8FYP3	Trichostrongylus colubriformis (Black scour worm)
A0AAN8G4Q9	Trichostrongylus colubriformis (Black scour worm)
A0AAN8J069	Trichostrongylus colubriformis (Black scour worm)
A0ABR3K9N1	Trichinella spiralis (Trichina worm)
A0ABR3KNX2	Trichinella spiralis (Trichina worm)
A0ABR3KP02	Trichinella spiralis (Trichina worm)
A0ABR3KQF6	Trichinella spiralis (Trichina worm)
C7TNR6	Angiostrongylus cantonensis (Rat lungworm)
E5S3P0	Trichinella spiralis (Trichina worm)
F1LA16	Ascaris suum (Pig roundworm) (Ascaris lumbricoides)
F1LD61	Ascaris suum (Pig roundworm) (Ascaris lumbricoides)
O45213	Brugia pahangi (Filarial nematode worm)
A0A077ZFM5	Trichuris trichiura (Whipworm) (Trichocephalus trichiurus)
A0A077ZHL6	Trichuris trichiura (Whipworm) (Trichocephalus trichiurus)
A0A0B2UR83	Toxocara canis (Canine roundworm)
A0A0B2UVP4	Toxocara canis (Canine roundworm)
A0A0B2UY99	Toxocara canis (Canine roundworm)
A0A0B2UZC1	Toxocara canis (Canine roundworm)
A0A0B2V0H7	Toxocara canis (Canine roundworm)
A0A0B2V124	Toxocara canis (Canine roundworm)
A0A0B2VBA6	Toxocara canis (Canine roundworm)
A0A0B2VD81	Toxocara canis (Canine roundworm)
A0A0B2VDB6	Toxocara canis (Canine roundworm)
A0A0B2VLY3	Toxocara canis (Canine roundworm)
A0A0K0IQJ1	Brugia malayi (Filarial nematode worm)
A0A0V0RX56	Trichinella nelsoni
A0A0V0S4J9	Trichinella nelsoni
A0A0V0SI55	Trichinella nelsoni
A0A0V0UEQ6	Trichinella murrelli
A0A0V0ZTP7	Trichinella patagoniensis
A0A0V0ZYU7	Trichinella patagoniensis
A0A0V1AV33	Trichinella spiralis (Trichina worm)
A0A0V1B3D0	Trichinella spiralis (Trichina worm)
A0A0V1B3S9	Trichinella spiralis (Trichina worm)
A0A0V1B4D2	Trichinella spiralis (Trichina worm)
A0A0V1CZ01	Trichinella britovi (Parasitic roundworm)
A0A0V1D0G6	Trichinella britovi (Parasitic roundworm)
A0A0V1D0K1	Trichinella britovi (Parasitic roundworm)
A0A0V1DC48	Trichinella britovi (Parasitic roundworm)
A0A0V1EIK8	Trichinella pseudospiralis (Parasitic roundworm)
A0A0V1F9X6	Trichinella pseudospiralis (Parasitic roundworm)
A0A0V1FLG8	Trichinella pseudospiralis (Parasitic roundworm)
A0A0V1FMN4	Trichinella pseudospiralis (Parasitic roundworm)
A0A0V1FTY9	Trichinella pseudospiralis (Parasitic roundworm)
A0A0V1G4N0	Trichinella pseudospiralis (Parasitic roundworm)
A0A0V1HBD7	Trichinella zimbabwensis
A0A0V1HF13	Trichinella zimbabwensis
A0A0V1HSU1	Trichinella zimbabwensis
A0A0V1IP54	Trichinella pseudospiralis (Parasitic roundworm)
A0A0V1ISV0	Trichinella pseudospiralis (Parasitic roundworm)
A0A0V1K1G3	Trichinella pseudospiralis (Parasitic roundworm)
A0A0V1KYH7	Trichinella nativa
A0A0V1L4E1	Trichinella nativa
A0A0V1L7D7	Trichinella nativa
A0A0V1LME4	Trichinella nativa
A0A0V1LN43	Trichinella nativa
A0A0V1MM31	Trichinella papuae
A0A0V1MSZ4	Trichinella papuae
A0A183U1N7	Toxocara canis (Canine roundworm)
A0A183V2D5	Toxocara canis (Canine roundworm)
A0A4E9EVA7	Brugia malayi (Filarial nematode worm)
A0A4E9F226	Brugia malayi (Filarial nematode worm)
A0A5S6PVG9	Brugia malayi (Filarial nematode worm)
A0A915PMA4	Setaria digitata
A0AAD4NI19	Ditylenchus destructor
A0AAD5M0D8	Parelaphostrongylus tenuis (Meningeal worm)
A0AAD5WKG7	Parelaphostrongylus tenuis (Meningeal worm)
A0AAN8F8L3	Trichostrongylus colubriformis (Black scour worm)
A0AAN8FAA5	Trichostrongylus colubriformis (Black scour worm)
A0AAN8G3Y7	Trichostrongylus colubriformis (Black scour worm)
A0ABR3K2W8	Trichinella spiralis (Trichina worm)
A0ABR3KVR6	Trichinella spiralis (Trichina worm)
A0ABR3KW13	Trichinella spiralis (Trichina worm)
A0ABR3KWY4	Trichinella spiralis (Trichina worm)
C7TNQ4	Angiostrongylus cantonensis (Rat lungworm)
E5SL96	Trichinella spiralis (Trichina worm)
F1L3A4	Ascaris suum (Pig roundworm) (Ascaris lumbricoides)
F1LAW3	Ascaris suum (Pig roundworm) (Ascaris lumbricoides)
Q6V9G2	Brugia malayi (Filarial nematode worm)
A0A090KYS2	Strongyloides ratti (Parasitic roundworm)
A0A090KZ43	Strongyloides ratti (Parasitic roundworm)
A0A090L0H6	Strongyloides ratti (Parasitic roundworm)
A0A090L3X9	Strongyloides ratti (Parasitic roundworm)
A0A090L8G9	Strongyloides ratti (Parasitic roundworm)
A0A090LFL4	Strongyloides ratti (Parasitic roundworm)
A0A090LN40	Strongyloides ratti (Parasitic roundworm)
A0A090LS94	Strongyloides ratti (Parasitic roundworm)
A0A090LTJ1	Strongyloides ratti (Parasitic roundworm)
A0A090MUT7	Strongyloides ratti (Parasitic roundworm)
A0A090N0I6	Strongyloides ratti (Parasitic roundworm)
A0AAN8EW45	Trichostrongylus colubriformis (Black scour worm)
A0AAN8F2A8	Trichostrongylus colubriformis (Black scour worm)
A0AAN8FT25	Trichostrongylus colubriformis (Black scour worm)
A0AAN8IHW8	Trichostrongylus colubriformis (Black scour worm)
A0A090KTK5	Strongyloides ratti (Parasitic roundworm)
A0A090L4W5	Strongyloides ratti (Parasitic roundworm)
A0A090LAI3	Strongyloides ratti (Parasitic roundworm)
A0A090LFK5	Strongyloides ratti (Parasitic roundworm)
A0A090LHX2	Strongyloides ratti (Parasitic roundworm)
A0A090LK22	Strongyloides ratti (Parasitic roundworm)
A0A090LLX5	Strongyloides ratti (Parasitic roundworm)
A0A090LLY4	Strongyloides ratti (Parasitic roundworm)
A0A090MXI8	Strongyloides ratti (Parasitic roundworm)
A0A090MY74	Strongyloides ratti (Parasitic roundworm)
A0AAN8EY05	Trichostrongylus colubriformis (Black scour worm)
A0AAN8EY11	Trichostrongylus colubriformis (Black scour worm)
A0AAN8EZH3	Trichostrongylus colubriformis (Black scour worm)
A0AAN8ISE6	Trichostrongylus colubriformis (Black scour worm)
A0A090L2L7	Strongyloides ratti (Parasitic roundworm)
A0A090L329	Strongyloides ratti (Parasitic roundworm)
A0A090L6Z3	Strongyloides ratti (Parasitic roundworm)
A0A090LG32	Strongyloides ratti (Parasitic roundworm)
A0A090LKH8	Strongyloides ratti (Parasitic roundworm)
A0A090LS45	Strongyloides ratti (Parasitic roundworm)
A0AAN8FKF7	Trichostrongylus colubriformis (Black scour worm)
A0AAN8FSX9	Trichostrongylus colubriformis (Black scour worm)
A0AAN8IVX8	Trichostrongylus colubriformis (Black scour worm)
A0AAN8J3R6	Trichostrongylus colubriformis (Black scour worm)
A0A090L749	Strongyloides ratti (Parasitic roundworm)
A0A090L845	Strongyloides ratti (Parasitic roundworm)
A0A090LAF5	Strongyloides ratti (Parasitic roundworm)
A0A090LB45	Strongyloides ratti (Parasitic roundworm)
A0A090LIL2	Strongyloides ratti (Parasitic roundworm)
A0A090LRT5	Strongyloides ratti (Parasitic roundworm)
A0AAN8ETG9	Trichostrongylus colubriformis (Black scour worm)
A0AAN8FVE7	Trichostrongylus colubriformis (Black scour worm)
A0AAN8IKW6	Trichostrongylus colubriformis (Black scour worm)
A0AAN8IKX5	Trichostrongylus colubriformis (Black scour worm)
A0AAN8IRF8	Trichostrongylus colubriformis (Black scour worm)
A0AAN8IUF1	Trichostrongylus colubriformis (Black scour worm)
A0A090LEA3	Strongyloides ratti (Parasitic roundworm)
A0A090LFI2	Strongyloides ratti (Parasitic roundworm)
A0A090LFV2	Strongyloides ratti (Parasitic roundworm)
A0A090LHI3	Strongyloides ratti (Parasitic roundworm)
A0A090LLT2	Strongyloides ratti (Parasitic roundworm)
A0A090LQW7	Strongyloides ratti (Parasitic roundworm)
A0A090MYN2	Strongyloides ratti (Parasitic roundworm)
A0AAN8EUH9	Trichostrongylus colubriformis (Black scour worm)
A0AAN8EZ32	Trichostrongylus colubriformis (Black scour worm)
A0AAN8FLY4	Trichostrongylus colubriformis (Black scour worm)
A0A016RZT8	Ancylostoma ceylanicum
A0A016S5F2	Ancylostoma ceylanicum
A0A016TV52	Ancylostoma ceylanicum
A0A016U1R1	Ancylostoma ceylanicum
A0A016UBG6	Ancylostoma ceylanicum
A0A016UG78	Ancylostoma ceylanicum
A0A016UGV4	Ancylostoma ceylanicum
A0A016UQW8	Ancylostoma ceylanicum
A0A016UZZ4	Ancylostoma ceylanicum
A0A016VD32	Ancylostoma ceylanicum
A0A016WH55	Ancylostoma ceylanicum
A0A016WMB6	Ancylostoma ceylanicum
A0A016X1K3	Ancylostoma ceylanicum
A0A085M6S4	Trichuris suis (pig whipworm)
A0A085MJ71	Trichuris suis (pig whipworm)
A0A090KQA2	Strongyloides ratti (Parasitic roundworm)
A0A090LM00	Strongyloides ratti (Parasitic roundworm)
A0A090LRG3	Strongyloides ratti (Parasitic roundworm)
A0A0B1RRZ8	Oesophagostomum dentatum (Nodular worm)
A0A0B1RSV2	Oesophagostomum dentatum (Nodular worm)
A0A0B1RUD2	Oesophagostomum dentatum (Nodular worm)
A0A0B1S0J3	Oesophagostomum dentatum (Nodular worm)
A0A0B1S0V0	Oesophagostomum dentatum (Nodular worm)
A0A0B1S2J4	Oesophagostomum dentatum (Nodular worm)
A0A0B1S339	Oesophagostomum dentatum (Nodular worm)
A0A0B1S8S8	Oesophagostomum dentatum (Nodular worm)
A0A0B1SD40	Oesophagostomum dentatum (Nodular worm)
A0A0B1SEJ6	Oesophagostomum dentatum (Nodular worm)
A0A0B1SEV2	Oesophagostomum dentatum (Nodular worm)
A0A0B1SGE6	Oesophagostomum dentatum (Nodular worm)
A0A0B1SGH5	Oesophagostomum dentatum (Nodular worm)
A0A0B1SHC7	Oesophagostomum dentatum (Nodular worm)
A0A0B1SHF2	Oesophagostomum dentatum (Nodular worm)
A0A0B1SHU0	Oesophagostomum dentatum (Nodular worm)
A0A0B1SJV8	Oesophagostomum dentatum (Nodular worm)
A0A0B1SK28	Oesophagostomum dentatum (Nodular worm)
A0A0B1SKH3	Oesophagostomum dentatum (Nodular worm)
A0A0B1SLI2	Oesophagostomum dentatum (Nodular worm)
A0A0B1SLR7	Oesophagostomum dentatum (Nodular worm)
A0A0B1SMG1	Oesophagostomum dentatum (Nodular worm)
A0A0B1SNI7	Oesophagostomum dentatum (Nodular worm)
A0A0B1SNP2	Oesophagostomum dentatum (Nodular worm)
A0A0B1SPN8	Oesophagostomum dentatum (Nodular worm)
A0A0B1SPV7	Oesophagostomum dentatum (Nodular worm)
A0A0B1SSJ7	Oesophagostomum dentatum (Nodular worm)
A0A0B1SVN8	Oesophagostomum dentatum (Nodular worm)
A0A0B1SXY6	Oesophagostomum dentatum (Nodular worm)
A0A0B1SY47	Oesophagostomum dentatum (Nodular worm)
A0A0B1SZC6	Oesophagostomum dentatum (Nodular worm)
A0A0B1SZD7	Oesophagostomum dentatum (Nodular worm)
A0A0B1T3I8	Oesophagostomum dentatum (Nodular worm)
A0A0B1T486	Oesophagostomum dentatum (Nodular worm)
A0A0B1T5H6	Oesophagostomum dentatum (Nodular worm)
A0A0B1T5L4	Oesophagostomum dentatum (Nodular worm)
A0A0B1T659	Oesophagostomum dentatum (Nodular worm)
A0A0B1T6G1	Oesophagostomum dentatum (Nodular worm)
A0A0B1T6K6	Oesophagostomum dentatum (Nodular worm)
A0A0B1TAX5	Oesophagostomum dentatum (Nodular worm)
A0A0B1TBK9	Oesophagostomum dentatum (Nodular worm)
A0A0B1TCB1	Oesophagostomum dentatum (Nodular worm)
A0A0B1TCQ9	Oesophagostomum dentatum (Nodular worm)
A0A0B1TCU8	Oesophagostomum dentatum (Nodular worm)
A0A0B1TD85	Oesophagostomum dentatum (Nodular worm)
A0A0B1TE24	Oesophagostomum dentatum (Nodular worm)
A0A0B1TE57	Oesophagostomum dentatum (Nodular worm)
A0A0B1TFV2	Oesophagostomum dentatum (Nodular worm)
A0A0B1TI64	Oesophagostomum dentatum (Nodular worm)
A0A0B1TIS4	Oesophagostomum dentatum (Nodular worm)
A0A0B1TJI4	Oesophagostomum dentatum (Nodular worm)
A0A0B1TLK1	Oesophagostomum dentatum (Nodular worm)
A0A0B1TNU8	Oesophagostomum dentatum (Nodular worm)
A0A0B1TR13	Oesophagostomum dentatum (Nodular worm)
A0A0B2UZD6	Toxocara canis (Canine roundworm)
A0A0B2VGV6	Toxocara canis (Canine roundworm)
A0A0B2VP38	Toxocara canis (Canine roundworm)
A0A0B2VRE9	Toxocara canis (Canine roundworm)
A0A0B2VRU1	Toxocara canis (Canine roundworm)
A0A0B2VSV6	Toxocara canis (Canine roundworm)
A0A0B2VY44	Toxocara canis (Canine roundworm)
A0A0B2W452	Toxocara canis (Canine roundworm)
A0A0C2CBE9	Ancylostoma duodenale
A0A0C2CFN1	Ancylostoma duodenale
A0A0C2CG49	Ancylostoma duodenale
A0A0C2CGU0	Ancylostoma duodenale
A0A0C2CSH9	Ancylostoma duodenale
A0A0C2CYP2	Ancylostoma duodenale
A0A0C2D7Y7	Ancylostoma duodenale
A0A0C2D9H2	Ancylostoma duodenale
A0A0C2DBU6	Ancylostoma duodenale
A0A0C2DG76	Ancylostoma duodenale
A0A0C2DIY9	Ancylostoma duodenale
A0A0C2DNN0	Ancylostoma duodenale
A0A0C2E0W7	Ancylostoma duodenale
A0A0C2FBK0	Ancylostoma duodenale
A0A0C2FED0	Ancylostoma duodenale
A0A0C2FGC9	Ancylostoma duodenale
A0A0C2FPD0	Ancylostoma duodenale
A0A0C2G1C2	Ancylostoma duodenale
A0A0C2G3Q6	Ancylostoma duodenale
A0A0C2G8L3	Ancylostoma duodenale
A0A0C2GD70	Ancylostoma duodenale
A0A0C2GEM4	Ancylostoma duodenale
A0A0C2GIF0	Ancylostoma duodenale
A0A0C2GS64	Ancylostoma duodenale
A0A0C2GT99	Ancylostoma duodenale
A0A0C2H0F1	Ancylostoma duodenale
A0A0C2H341	Ancylostoma duodenale
A0A0C2H553	Ancylostoma duodenale
A0A0C2H560	Ancylostoma duodenale
A0A0C2H9C4	Ancylostoma duodenale
A0A0C2HF21	Ancylostoma duodenale
A0A0C2HH37	Ancylostoma duodenale
A0A0D6L4M0	Ancylostoma ceylanicum
A0A0D6L5Q0	Ancylostoma ceylanicum
A0A0D6L624	Ancylostoma ceylanicum
A0A0D6L7S9	Ancylostoma ceylanicum
A0A0D6L9M0	Ancylostoma ceylanicum
A0A0D6LB67	Ancylostoma ceylanicum
A0A0D6LB80	Ancylostoma ceylanicum
A0A0D6LC58	Ancylostoma ceylanicum
A0A0D6LCR0	Ancylostoma ceylanicum
A0A0D6LD10	Ancylostoma ceylanicum
A0A0D6LHP5	Ancylostoma ceylanicum
A0A0D6LKZ9	Ancylostoma ceylanicum
A0A0D6LLM8	Ancylostoma ceylanicum
A0A0D6LMB3	Ancylostoma ceylanicum
A0A0D6LNS0	Ancylostoma ceylanicum
A0A0D6LNU9	Ancylostoma ceylanicum
A0A0D6LRT4	Ancylostoma ceylanicum
A0A0D6LUC7	Ancylostoma ceylanicum
A0A0D6LUP6	Ancylostoma ceylanicum
A0A0D6LVY2	Ancylostoma ceylanicum
A0A0D6LW71	Ancylostoma ceylanicum
A0A0D6LZ99	Ancylostoma ceylanicum
A0A0D6LZF3	Ancylostoma ceylanicum
A0A0D6LZI1	Ancylostoma ceylanicum
A0A0D6M0F0	Ancylostoma ceylanicum
A0A0D6M0Q0	Ancylostoma ceylanicum
A0A0D6M1E3	Ancylostoma ceylanicum
A0A0D6M336	Ancylostoma ceylanicum
A0A0D6M3Z7	Ancylostoma ceylanicum
A0A0D6M7F4	Ancylostoma ceylanicum
A0A0D6M856	Ancylostoma ceylanicum
A0A0D6M8Z9	Ancylostoma ceylanicum
A0A0D6MCF2	Ancylostoma ceylanicum
A0A0D8X7Y3	Dictyocaulus viviparus (Bovine lungworm)
A0A0D8X8F5	Dictyocaulus viviparus (Bovine lungworm)
A0A0D8XC41	Dictyocaulus viviparus (Bovine lungworm)
A0A0D8XCZ3	Dictyocaulus viviparus (Bovine lungworm)
A0A0D8XD82	Dictyocaulus viviparus (Bovine lungworm)
A0A0D8XDL3	Dictyocaulus viviparus (Bovine lungworm)
A0A0D8XEA0	Dictyocaulus viviparus (Bovine lungworm)
A0A0D8XEE2	Dictyocaulus viviparus (Bovine lungworm)
A0A0D8XHA6	Dictyocaulus viviparus (Bovine lungworm)
A0A0D8XKG3	Dictyocaulus viviparus (Bovine lungworm)
A0A0D8XKN9	Dictyocaulus viviparus (Bovine lungworm)
A0A0D8XLL5	Dictyocaulus viviparus (Bovine lungworm)
A0A0D8XMD3	Dictyocaulus viviparus (Bovine lungworm)
A0A0D8XP31	Dictyocaulus viviparus (Bovine lungworm)
A0A0D8XPA4	Dictyocaulus viviparus (Bovine lungworm)
A0A0D8XPL4	Dictyocaulus viviparus (Bovine lungworm)
A0A0D8XSF3	Dictyocaulus viviparus (Bovine lungworm)
A0A0D8XT70	Dictyocaulus viviparus (Bovine lungworm)
A0A0D8XU59	Dictyocaulus viviparus (Bovine lungworm)
A0A0D8XW52	Dictyocaulus viviparus (Bovine lungworm)
A0A0D8XY36	Dictyocaulus viviparus (Bovine lungworm)
A0A0D8XYL0	Dictyocaulus viviparus (Bovine lungworm)
A0A0D8XYR4	Dictyocaulus viviparus (Bovine lungworm)
A0A0D8XYU5	Dictyocaulus viviparus (Bovine lungworm)
A0A0D8Y339	Dictyocaulus viviparus (Bovine lungworm)
A0A0D8Y7M9	Dictyocaulus viviparus (Bovine lungworm)
A0A0D8Y8V4	Dictyocaulus viviparus (Bovine lungworm)
A0A0D8YDK9	Dictyocaulus viviparus (Bovine lungworm)
A0A0K0CST7	Angiostrongylus cantonensis (Rat lungworm)
A0A0K0CU67	Angiostrongylus cantonensis (Rat lungworm)
A0A0K0D574	Angiostrongylus cantonensis (Rat lungworm)
A0A0K0DIB4	Angiostrongylus cantonensis (Rat lungworm)
A0A0K0FWM5	Strongyloides venezuelensis (Threadworm)
A0A0M3HLC0	Ascaris lumbricoides (Giant roundworm)
A0A0M3HVW4	Ascaris lumbricoides (Giant roundworm)
A0A0M3I3I7	Ascaris lumbricoides (Giant roundworm)
A0A0M3I723	Ascaris lumbricoides (Giant roundworm)
A0A0M3IJF4	Ascaris lumbricoides (Giant roundworm)
A0A0M3IKS9	Ascaris lumbricoides (Giant roundworm)
A0A0M3IRH4	Ascaris lumbricoides (Giant roundworm)
A0A0M3ISC7	Ascaris lumbricoides (Giant roundworm)
A0A0M3J2G1	Anisakis simplex (Herring worm)
A0A0M3JFX5	Anisakis simplex (Herring worm)
A0A0M3JNE2	Anisakis simplex (Herring worm)
A0A0M3JVM0	Anisakis simplex (Herring worm)
A0A0M3K5J4	Anisakis simplex (Herring worm)
A0A0M3KFY5	Anisakis simplex (Herring worm)
A0A0N4WXB9	Haemonchus placei (Barber's pole worm)
A0A0N4XLM6	Nippostrongylus brasiliensis (Rat hookworm)
A0A0N4XVM2	Nippostrongylus brasiliensis (Rat hookworm)
A0A0N4YEU0	Nippostrongylus brasiliensis (Rat hookworm)
A0A0N4YKE3	Nippostrongylus brasiliensis (Rat hookworm)
A0A0N4YSS7	Nippostrongylus brasiliensis (Rat hookworm)
A0A0N5A9B2	Syphacia muris
A0A0N5AIK9	Syphacia muris
A0A0N5AN27	Syphacia muris
A0A0N5D6C6	Thelazia callipaeda (Oriental eyeworm) (Parasitic nematode)
A0A0R3RKQ5	Elaeophora elaphi
A0A0R3S5Q9	Elaeophora elaphi
A0A0R3S6H8	Elaeophora elaphi
A0A0V0RPA4	Trichinella nelsoni
A0A0V0RXT5	Trichinella nelsoni
A0A0V0S5T7	Trichinella nelsoni
A0A0V0TMU2	Trichinella murrelli
A0A0V0TW05	Trichinella murrelli
A0A0V0U578	Trichinella murrelli
A0A0V1A3N7	Trichinella patagoniensis
A0A0V1A3T7	Trichinella patagoniensis
A0A0V1A407	Trichinella patagoniensis
A0A0V1A4X9	Trichinella patagoniensis
A0A0V1AA70	Trichinella patagoniensis
A0A0V1B7X4	Trichinella spiralis (Trichina worm)
A0A0V1BCC9	Trichinella spiralis (Trichina worm)
A0A0V1CWX7	Trichinella britovi (Parasitic roundworm)
A0A0V1D799	Trichinella britovi (Parasitic roundworm)
A0A0V1FEY2	Trichinella pseudospiralis (Parasitic roundworm)
A0A0V1FGB7	Trichinella pseudospiralis (Parasitic roundworm)
A0A0V1FNT1	Trichinella pseudospiralis (Parasitic roundworm)
A0A0V1FWI0	Trichinella pseudospiralis (Parasitic roundworm)
A0A0V1H4D4	Trichinella zimbabwensis
A0A0V1HAT9	Trichinella zimbabwensis
A0A0V1HED0	Trichinella zimbabwensis
A0A0V1HFQ7	Trichinella zimbabwensis
A0A0V1HFV2	Trichinella zimbabwensis
A0A0V1HGC8	Trichinella zimbabwensis
A0A0V1HLC5	Trichinella zimbabwensis
A0A0V1IQH9	Trichinella pseudospiralis (Parasitic roundworm)
A0A0V1JGU7	Trichinella pseudospiralis (Parasitic roundworm)
A0A0V1L6Y1	Trichinella nativa
A0A0V1LR67	Trichinella nativa
A0A0V1LTR7	Trichinella nativa
A0A0V1LUP9	Trichinella nativa
A0A0V1MLU8	Trichinella papuae
A0A0V1MWC8	Trichinella papuae
A0A0V1N864	Trichinella papuae
A0A0V1N9J7	Trichinella papuae
A0A158P5X8	Angiostrongylus cantonensis (Rat lungworm)
A0A183BWQ4	Globodera pallida (Potato cyst nematode worm) (Heterodera pallida)
A0A183C750	Globodera pallida (Potato cyst nematode worm) (Heterodera pallida)
A0A183CN92	Globodera pallida (Potato cyst nematode worm) (Heterodera pallida)
A0A183CVI9	Gongylonema pulchrum
A0A183CZE8	Gongylonema pulchrum
A0A183ERX0	Gongylonema pulchrum
A0A183FJN6	Heligmosomoides polygyrus (Parasitic roundworm)
A0A183FKT0	Heligmosomoides polygyrus (Parasitic roundworm)
A0A183FZC4	Heligmosomoides polygyrus (Parasitic roundworm)
A0A183G226	Heligmosomoides polygyrus (Parasitic roundworm)
A0A183G6E6	Heligmosomoides polygyrus (Parasitic roundworm)
A0A183G7W5	Heligmosomoides polygyrus (Parasitic roundworm)
A0A183G966	Heligmosomoides polygyrus (Parasitic roundworm)
A0A183H5G7	Onchocerca flexuosa
A0A183HGX6	Onchocerca flexuosa
A0A183HH93	Onchocerca flexuosa
A0A183HL97	Onchocerca flexuosa
A0A183HPR2	Onchocerca flexuosa
A0A183HWB7	Onchocerca flexuosa
A0A183HX06	Onchocerca flexuosa
A0A183I7F0	Onchocerca flexuosa
A0A183TXK5	Toxocara canis (Canine roundworm)
A0A183U278	Toxocara canis (Canine roundworm)
A0A183U533	Toxocara canis (Canine roundworm)
A0A183U773	Toxocara canis (Canine roundworm)
A0A183UMQ6	Toxocara canis (Canine roundworm)
A0A183UZH8	Toxocara canis (Canine roundworm)
A0A183VFQ0	Toxocara canis (Canine roundworm)
A0A183VGL2	Toxocara canis (Canine roundworm)
A0A1I7T4L2	Caenorhabditis tropicalis
A0A1I7T7Q2	Caenorhabditis tropicalis
A0A1I7TTC4	Caenorhabditis tropicalis
A0A1I7U4N5	Caenorhabditis tropicalis
A0A1I7UKH3	Caenorhabditis tropicalis
A0A1I7VBQ8	Loa loa (Eye worm) (Filaria loa)
A0A1I7VBT6	Loa loa (Eye worm) (Filaria loa)
A0A1I7VDQ2	Loa loa (Eye worm) (Filaria loa)
A0A1I7VXF6	Loa loa (Eye worm) (Filaria loa)
A0A1I7VZF1	Loa loa (Eye worm) (Filaria loa)
A0A1I7WQ45	Heterorhabditis bacteriophora (Entomopathogenic nematode worm)
A0A1I7WRM4	Heterorhabditis bacteriophora (Entomopathogenic nematode worm)
A0A1I7X1K2	Heterorhabditis bacteriophora (Entomopathogenic nematode worm)
A0A1I7XFN1	Heterorhabditis bacteriophora (Entomopathogenic nematode worm)
A0A1I7YD56	Steinernema glaseri
A0A1I7YE16	Steinernema glaseri
A0A1I7YN40	Steinernema glaseri
A0A1I7Z2W1	Steinernema glaseri
A0A1I7Z3G6	Steinernema glaseri
A0A1I7Z8F5	Steinernema glaseri
A0A1I7ZPB8	Steinernema glaseri
A0A1I8A489	Steinernema glaseri
A0A1I8APL0	Steinernema glaseri
A0A1I8BJZ8	Meloidogyne hapla (Root-knot nematode worm)
A0A1I8BU69	Meloidogyne hapla (Root-knot nematode worm)
A0A238BK10	Onchocerca flexuosa
A0A238BKM1	Onchocerca flexuosa
A0A238BKT8	Onchocerca flexuosa
A0A238BMH9	Onchocerca flexuosa
A0A238BU17	Onchocerca flexuosa
A0A238BVI0	Onchocerca flexuosa
A0A238C1U2	Onchocerca flexuosa
A0A238C3L9	Onchocerca flexuosa
A0A2G5T090	Caenorhabditis nigoni
A0A2G9T4H6	Teladorsagia circumcincta (Brown stomach worm) (Ostertagia circumcincta)
A0A2G9T4M6	Teladorsagia circumcincta (Brown stomach worm) (Ostertagia circumcincta)
A0A2G9T564	Teladorsagia circumcincta (Brown stomach worm) (Ostertagia circumcincta)
A0A2G9T6D3	Teladorsagia circumcincta (Brown stomach worm) (Ostertagia circumcincta)
A0A2G9T740	Teladorsagia circumcincta (Brown stomach worm) (Ostertagia circumcincta)
A0A2G9T7K6	Teladorsagia circumcincta (Brown stomach worm) (Ostertagia circumcincta)
A0A2G9T8X3	Teladorsagia circumcincta (Brown stomach worm) (Ostertagia circumcincta)
A0A2G9TAE9	Teladorsagia circumcincta (Brown stomach worm) (Ostertagia circumcincta)
A0A2G9TAF6	Teladorsagia circumcincta (Brown stomach worm) (Ostertagia circumcincta)
A0A2G9TAK6	Teladorsagia circumcincta (Brown stomach worm) (Ostertagia circumcincta)
A0A2G9TCV3	Teladorsagia circumcincta (Brown stomach worm) (Ostertagia circumcincta)
A0A2G9TDL1	Teladorsagia circumcincta (Brown stomach worm) (Ostertagia circumcincta)
A0A2G9TEG0	Teladorsagia circumcincta (Brown stomach worm) (Ostertagia circumcincta)
A0A2G9TER7	Teladorsagia circumcincta (Brown stomach worm) (Ostertagia circumcincta)
A0A2G9TKJ9	Teladorsagia circumcincta (Brown stomach worm) (Ostertagia circumcincta)
A0A2G9TLV1	Teladorsagia circumcincta (Brown stomach worm) (Ostertagia circumcincta)
A0A2G9TNN1	Teladorsagia circumcincta (Brown stomach worm) (Ostertagia circumcincta)
A0A2G9TP40	Teladorsagia circumcincta (Brown stomach worm) (Ostertagia circumcincta)
A0A2G9TQA5	Teladorsagia circumcincta (Brown stomach worm) (Ostertagia circumcincta)
A0A2G9TQQ8	Teladorsagia circumcincta (Brown stomach worm) (Ostertagia circumcincta)
A0A2G9TRP3	Teladorsagia circumcincta (Brown stomach worm) (Ostertagia circumcincta)
A0A2G9TT23	Teladorsagia circumcincta (Brown stomach worm) (Ostertagia circumcincta)
A0A2G9TUH8	Teladorsagia circumcincta (Brown stomach worm) (Ostertagia circumcincta)
A0A2G9TWG1	Teladorsagia circumcincta (Brown stomach worm) (Ostertagia circumcincta)
A0A2G9TXA9	Teladorsagia circumcincta (Brown stomach worm) (Ostertagia circumcincta)
A0A2G9TZI5	Teladorsagia circumcincta (Brown stomach worm) (Ostertagia circumcincta)
A0A2G9U0W1	Teladorsagia circumcincta (Brown stomach worm) (Ostertagia circumcincta)
A0A2G9U1D5	Teladorsagia circumcincta (Brown stomach worm) (Ostertagia circumcincta)
A0A2G9U3I5	Teladorsagia circumcincta (Brown stomach worm) (Ostertagia circumcincta)
A0A2G9U3V6	Teladorsagia circumcincta (Brown stomach worm) (Ostertagia circumcincta)
A0A2G9U3W8	Teladorsagia circumcincta (Brown stomach worm) (Ostertagia circumcincta)
A0A2G9U5L5	Teladorsagia circumcincta (Brown stomach worm) (Ostertagia circumcincta)
A0A2G9U5R6	Teladorsagia circumcincta (Brown stomach worm) (Ostertagia circumcincta)
A0A2G9U665	Teladorsagia circumcincta (Brown stomach worm) (Ostertagia circumcincta)
A0A2G9U6E0	Teladorsagia circumcincta (Brown stomach worm) (Ostertagia circumcincta)
A0A2G9U773	Teladorsagia circumcincta (Brown stomach worm) (Ostertagia circumcincta)
A0A2G9U9M9	Teladorsagia circumcincta (Brown stomach worm) (Ostertagia circumcincta)
A0A2G9UB75	Teladorsagia circumcincta (Brown stomach worm) (Ostertagia circumcincta)
A0A2G9UD84	Teladorsagia circumcincta (Brown stomach worm) (Ostertagia circumcincta)
A0A2G9UGE3	Teladorsagia circumcincta (Brown stomach worm) (Ostertagia circumcincta)
A0A2G9UGM9	Teladorsagia circumcincta (Brown stomach worm) (Ostertagia circumcincta)
A0A2G9UH38	Teladorsagia circumcincta (Brown stomach worm) (Ostertagia circumcincta)
A0A2G9UK15	Teladorsagia circumcincta (Brown stomach worm) (Ostertagia circumcincta)
A0A2G9UKR3	Teladorsagia circumcincta (Brown stomach worm) (Ostertagia circumcincta)
A0A2G9ULH2	Teladorsagia circumcincta (Brown stomach worm) (Ostertagia circumcincta)
A0A2G9ULL7	Teladorsagia circumcincta (Brown stomach worm) (Ostertagia circumcincta)
A0A2G9UML7	Teladorsagia circumcincta (Brown stomach worm) (Ostertagia circumcincta)
A0A2G9UNW4	Teladorsagia circumcincta (Brown stomach worm) (Ostertagia circumcincta)
A0A2G9UR65	Teladorsagia circumcincta (Brown stomach worm) (Ostertagia circumcincta)
A0A2G9UR71	Teladorsagia circumcincta (Brown stomach worm) (Ostertagia circumcincta)
A0A2G9URA3	Teladorsagia circumcincta (Brown stomach worm) (Ostertagia circumcincta)
A0A2G9URG7	Teladorsagia circumcincta (Brown stomach worm) (Ostertagia circumcincta)
A0A2G9URZ4	Teladorsagia circumcincta (Brown stomach worm) (Ostertagia circumcincta)
A0A2G9USJ8	Teladorsagia circumcincta (Brown stomach worm) (Ostertagia circumcincta)
A0A2G9USM1	Teladorsagia circumcincta (Brown stomach worm) (Ostertagia circumcincta)
A0A2G9USS6	Teladorsagia circumcincta (Brown stomach worm) (Ostertagia circumcincta)
A0A2G9UU23	Teladorsagia circumcincta (Brown stomach worm) (Ostertagia circumcincta)
A0A2G9UU42	Teladorsagia circumcincta (Brown stomach worm) (Ostertagia circumcincta)
A0A2G9UWF4	Teladorsagia circumcincta (Brown stomach worm) (Ostertagia circumcincta)
A0A2G9UX15	Teladorsagia circumcincta (Brown stomach worm) (Ostertagia circumcincta)
A0A2G9UX77	Teladorsagia circumcincta (Brown stomach worm) (Ostertagia circumcincta)
A0A2G9UYA8	Teladorsagia circumcincta (Brown stomach worm) (Ostertagia circumcincta)
A0A2G9UYL1	Teladorsagia circumcincta (Brown stomach worm) (Ostertagia circumcincta)
A0A2G9V0Z7	Teladorsagia circumcincta (Brown stomach worm) (Ostertagia circumcincta)
A0A2G9V123	Teladorsagia circumcincta (Brown stomach worm) (Ostertagia circumcincta)
A0A2G9V2E0	Teladorsagia circumcincta (Brown stomach worm) (Ostertagia circumcincta)
A0A2G9V2V2	Teladorsagia circumcincta (Brown stomach worm) (Ostertagia circumcincta)
A0A2G9V3A6	Teladorsagia circumcincta (Brown stomach worm) (Ostertagia circumcincta)
A0A2G9V556	Teladorsagia circumcincta (Brown stomach worm) (Ostertagia circumcincta)
A0A2G9V5D6	Teladorsagia circumcincta (Brown stomach worm) (Ostertagia circumcincta)
A0A2G9V5K8	Teladorsagia circumcincta (Brown stomach worm) (Ostertagia circumcincta)
A0A368EVT0	Ancylostoma caninum (Dog hookworm)
A0A368EVZ6	Ancylostoma caninum (Dog hookworm)
A0A368F3Y9	Ancylostoma caninum (Dog hookworm)
A0A368F5F9	Ancylostoma caninum (Dog hookworm)
A0A368F7K2	Ancylostoma caninum (Dog hookworm)
A0A368F896	Ancylostoma caninum (Dog hookworm)
A0A368FDW8	Ancylostoma caninum (Dog hookworm)
A0A368FIQ8	Ancylostoma caninum (Dog hookworm)
A0A368FJ06	Ancylostoma caninum (Dog hookworm)
A0A368FJF1	Ancylostoma caninum (Dog hookworm)
A0A368FJU3	Ancylostoma caninum (Dog hookworm)
A0A368FLG9	Ancylostoma caninum (Dog hookworm)
A0A368FMT5	Ancylostoma caninum (Dog hookworm)
A0A368FTC7	Ancylostoma caninum (Dog hookworm)
A0A368FU57	Ancylostoma caninum (Dog hookworm)
A0A368FYS6	Ancylostoma caninum (Dog hookworm)
A0A368FYU9	Ancylostoma caninum (Dog hookworm)
A0A368G002	Ancylostoma caninum (Dog hookworm)
A0A368G1L0	Ancylostoma caninum (Dog hookworm)
A0A368G5K8	Ancylostoma caninum (Dog hookworm)
A0A368GGH3	Ancylostoma caninum (Dog hookworm)
A0A368GJG6	Ancylostoma caninum (Dog hookworm)
A0A368GKA5	Ancylostoma caninum (Dog hookworm)
A0A368GME2	Ancylostoma caninum (Dog hookworm)
A0A368GML8	Ancylostoma caninum (Dog hookworm)
A0A368GMT8	Ancylostoma caninum (Dog hookworm)
A0A368GQ53	Ancylostoma caninum (Dog hookworm)
A0A368GQA7	Ancylostoma caninum (Dog hookworm)
A0A368GQG4	Ancylostoma caninum (Dog hookworm)
A0A368GQM4	Ancylostoma caninum (Dog hookworm)
A0A368GR07	Ancylostoma caninum (Dog hookworm)
A0A368GRD4	Ancylostoma caninum (Dog hookworm)
A0A368GUA0	Ancylostoma caninum (Dog hookworm)
A0A368GUA4	Ancylostoma caninum (Dog hookworm)
A0A368GUM9	Ancylostoma caninum (Dog hookworm)
A0A368GVP7	Ancylostoma caninum (Dog hookworm)
A0A368GXA7	Ancylostoma caninum (Dog hookworm)
A0A368GY76	Ancylostoma caninum (Dog hookworm)
A0A368GZ43	Ancylostoma caninum (Dog hookworm)
A0A368GZN0	Ancylostoma caninum (Dog hookworm)
A0A368H083	Ancylostoma caninum (Dog hookworm)
A0A368H0S6	Ancylostoma caninum (Dog hookworm)
A0A368H3A2	Ancylostoma caninum (Dog hookworm)
A0A368H3Y5	Ancylostoma caninum (Dog hookworm)
A0A368H5G3	Ancylostoma caninum (Dog hookworm)
A0A368H5G6	Ancylostoma caninum (Dog hookworm)
A0A3P6PN74	Anisakis simplex (Herring worm)
A0A3P6PVK9	Anisakis simplex (Herring worm)
A0A3P6QW14	Cylicostephanus goldi (Nematode worm)
A0A3P6RJ73	Cylicostephanus goldi (Nematode worm)
A0A3P6RSU1	Cylicostephanus goldi (Nematode worm)
A0A3P7C924	Nippostrongylus brasiliensis (Rat hookworm)
A0A3P7E2T3	Wuchereria bancrofti
A0A3P7ET09	Wuchereria bancrofti
A0A3P7G4K5	Wuchereria bancrofti
A0A3P7IKA9	Strongylus vulgaris (Blood worm)
A0A3P7IMG9	Strongylus vulgaris (Blood worm)
A0A3P7J6P6	Strongylus vulgaris (Blood worm)
A0A3P7J861	Strongylus vulgaris (Blood worm)
A0A3P7KSE5	Strongylus vulgaris (Blood worm)
A0A3P7L1E4	Strongylus vulgaris (Blood worm)
A0A3P7MPC1	Cylicostephanus goldi (Nematode worm)
A0A3P7N0K9	Cylicostephanus goldi (Nematode worm)
A0A3P7NYE2	Cylicostephanus goldi (Nematode worm)
A0A3P7R1Y9	Cylicostephanus goldi (Nematode worm)
A0A3P7XTK2	Onchocerca flexuosa
A0A498SYG4	Acanthocheilonema viteae (Filarial nematode worm) (Dipetalonema viteae)
A0A4U5M3V9	Steinernema carpocapsae (Entomopathogenic nematode)
A0A4U5MWZ0	Steinernema carpocapsae (Entomopathogenic nematode)
A0A7E4UPK0	Panagrellus redivivus (Microworm)
A0A7E5A0R3	Panagrellus redivivus (Microworm)
A0A7I4Y4E7	Haemonchus contortus (Barber pole worm)
A0A7I4YHW3	Haemonchus contortus (Barber pole worm)
A0A7I4YNM6	Haemonchus contortus (Barber pole worm)
A0A7I4Z851	Haemonchus contortus (Barber pole worm)
A0A8I3B0I2	Ancylostoma ceylanicum
A0A8I3B0T1	Ancylostoma ceylanicum
A0A8I3B0U8	Ancylostoma ceylanicum
A0A8I3B136	Ancylostoma ceylanicum
A0A8I3B164	Ancylostoma ceylanicum
A0A8I3B1G3	Ancylostoma ceylanicum
A0A8I3B1Z2	Ancylostoma ceylanicum
A0A8I3B2A6	Ancylostoma ceylanicum
A0A8I3B2J8	Ancylostoma ceylanicum
A0A8I3B2L4	Ancylostoma ceylanicum
A0A8I3B3H8	Ancylostoma ceylanicum
A0A8I3B3L3	Ancylostoma ceylanicum
A0A8J2MBB0	Cercopithifilaria johnstoni
A0A8R1DSC3	Caenorhabditis japonica
A0A8R1DZ79	Caenorhabditis japonica
A0A8R1EG81	Caenorhabditis japonica
A0A8R1HL86	Caenorhabditis japonica
A0A8R1HLV9	Caenorhabditis japonica
A0A8R1HUJ5	Caenorhabditis japonica
A0A8R1HWF3	Caenorhabditis japonica
A0A8S1F5S7	Caenorhabditis bovis
A0A8S9ZPJ5	Meloidogyne graminicola
A0A914BVG5	Acrobeloides nanus
A0A914CBG3	Acrobeloides nanus
A0A914CDK0	Acrobeloides nanus
A0A914CJT0	Acrobeloides nanus
A0A914CN33	Acrobeloides nanus
A0A914CQ55	Acrobeloides nanus
A0A914CVY5	Acrobeloides nanus
A0A914D3W1	Acrobeloides nanus
A0A914D5T5	Acrobeloides nanus
A0A914D6D2	Acrobeloides nanus
A0A914DMM3	Acrobeloides nanus
A0A914DY60	Acrobeloides nanus
A0A914KPV0	Meloidogyne incognita (Southern root-knot nematode worm) (Oxyuris incognita)
A0A914LG15	Meloidogyne incognita (Southern root-knot nematode worm) (Oxyuris incognita)
A0A914LPZ0	Meloidogyne incognita (Southern root-knot nematode worm) (Oxyuris incognita)
A0A914LXE2	Meloidogyne incognita (Southern root-knot nematode worm) (Oxyuris incognita)
A0A914M0X2	Meloidogyne incognita (Southern root-knot nematode worm) (Oxyuris incognita)
A0A914MM52	Meloidogyne incognita (Southern root-knot nematode worm) (Oxyuris incognita)
A0A914MSF6	Meloidogyne incognita (Southern root-knot nematode worm) (Oxyuris incognita)
A0A914N6H6	Meloidogyne incognita (Southern root-knot nematode worm) (Oxyuris incognita)
A0A914PHN2	Panagrolaimus davidi
A0A914PJ55	Panagrolaimus davidi
A0A914PW70	Panagrolaimus davidi
A0A914QBC8	Panagrolaimus davidi
A0A914QF30	Panagrolaimus davidi
A0A914QG23	Panagrolaimus davidi
A0A914QLC5	Panagrolaimus davidi
A0A914S399	Parascaris equorum (Equine roundworm)
A0A914VQQ4	Plectus sambesii
A0A914XUP4	Panagrolaimus superbus
A0A914Y657	Panagrolaimus superbus
A0A914YFD9	Panagrolaimus superbus
A0A914YMB4	Panagrolaimus superbus
A0A914YPG6	Panagrolaimus superbus
A0A914YT96	Panagrolaimus superbus
A0A914YTG3	Panagrolaimus superbus
A0A915B7Q6	Parascaris univalens (Nematode worm)
A0A915BAM6	Parascaris univalens (Nematode worm)
A0A915BBQ4	Parascaris univalens (Nematode worm)
A0A915BMW8	Parascaris univalens (Nematode worm)
A0A915C0G0	Parascaris univalens (Nematode worm)
A0A915C2N1	Parascaris univalens (Nematode worm)
A0A915C787	Parascaris univalens (Nematode worm)
A0A915CBZ5	Parascaris univalens (Nematode worm)
A0A915CNJ7	Ditylenchus dipsaci
A0A915DA65	Ditylenchus dipsaci
A0A915DJR8	Ditylenchus dipsaci
A0A915ERV3	Ditylenchus dipsaci
A0A915HSG9	Romanomermis culicivorax (Nematode worm)
A0A915JIB1	Romanomermis culicivorax (Nematode worm)
A0A915L2N1	Romanomermis culicivorax (Nematode worm)
A0A915L990	Romanomermis culicivorax (Nematode worm)
A0A915LCZ3	Romanomermis culicivorax (Nematode worm)
A0A915LDI9	Meloidogyne javanica (Root-knot nematode worm)
A0A915LF88	Meloidogyne javanica (Root-knot nematode worm)
A0A915LIQ2	Meloidogyne javanica (Root-knot nematode worm)
A0A915N3V0	Meloidogyne javanica (Root-knot nematode worm)
A0A915N8S4	Meloidogyne javanica (Root-knot nematode worm)
A0A915NTK3	Meloidogyne floridensis
A0A915PAH1	Meloidogyne floridensis
A0A915PRQ4	Setaria digitata
A0A915Q7Q5	Setaria digitata
A0AA36FXP4	Mesorhabditis spiculigera
A0AA36GLK0	Cylicocyclus nassatus (Nematode worm)
A0AA36GLP6	Cylicocyclus nassatus (Nematode worm)
A0AA36H6A4	Cylicocyclus nassatus (Nematode worm)
A0AAD4N4C2	Ditylenchus destructor
A0AAD5MFD4	Parelaphostrongylus tenuis (Meningeal worm)
A0AAD5MXH6	Parelaphostrongylus tenuis (Meningeal worm)
A0AAD5QIB5	Parelaphostrongylus tenuis (Meningeal worm)
A0AAD5QWF8	Parelaphostrongylus tenuis (Meningeal worm)
A0AAD5R258	Parelaphostrongylus tenuis (Meningeal worm)
A0AAD5RD55	Parelaphostrongylus tenuis (Meningeal worm)
A0AAE9E4S7	Caenorhabditis briggsae
A0AAN8ESF2	Trichostrongylus colubriformis (Black scour worm)
A0AAN8FHS1	Trichostrongylus colubriformis (Black scour worm)
A0AAN8FIY7	Trichostrongylus colubriformis (Black scour worm)
A0AAN8FKQ8	Trichostrongylus colubriformis (Black scour worm)
A0AAN8FTZ9	Trichostrongylus colubriformis (Black scour worm)
A0AAN8FZ62	Trichostrongylus colubriformis (Black scour worm)
A0AAN8G462	Trichostrongylus colubriformis (Black scour worm)
A0AAN8I9R0	Trichostrongylus colubriformis (Black scour worm)
A0AAN8IJQ5	Trichostrongylus colubriformis (Black scour worm)
A0AAN8IL33	Trichostrongylus colubriformis (Black scour worm)
A0AAN8IP54	Trichostrongylus colubriformis (Black scour worm)
A0AAN8IPI6	Trichostrongylus colubriformis (Black scour worm)
A0AAN8ITL3	Trichostrongylus colubriformis (Black scour worm)
A0AAN8J0Y7	Trichostrongylus colubriformis (Black scour worm)
A0AAN8J216	Trichostrongylus colubriformis (Black scour worm)
A0AAN8J235	Trichostrongylus colubriformis (Black scour worm)
A0AAN8J283	Trichostrongylus colubriformis (Black scour worm)
A0ABD2JFQ4	Heterodera schachtii (Sugarbeet cyst nematode worm) (Tylenchus schachtii)
A0ABD2KF41	Heterodera trifolii
A0ABD6ED87	Gnathostoma spinigerum
A0ABD6EPZ8	Gnathostoma spinigerum
A0ABR1BJW1	Necator americanus (Human hookworm)
A0ABR1C061	Necator americanus (Human hookworm)
A0ABR1C0Y7	Necator americanus (Human hookworm)
A0ABR1C2I4	Necator americanus (Human hookworm)
A0ABR1CHG8	Necator americanus (Human hookworm)
A0ABR1CI51	Necator americanus (Human hookworm)
A0ABR1CLT7	Necator americanus (Human hookworm)
A0ABR1DE02	Necator americanus (Human hookworm)
A0ABR1DZE9	Necator americanus (Human hookworm)
A0ABR1DZG1	Necator americanus (Human hookworm)
A0ABR1EJB1	Necator americanus (Human hookworm)
A0ABR1ERQ1	Necator americanus (Human hookworm)
A0ABR3KNT4	Trichinella spiralis (Trichina worm)
A0ABR3KSC8	Trichinella spiralis (Trichina worm)
A0ABR3KSX2	Trichinella spiralis (Trichina worm)
E3MT37	Caenorhabditis remanei (Caenorhabditis vulgaris)
E3NWL6	Caenorhabditis remanei (Caenorhabditis vulgaris)
F1KSR0	Ascaris suum (Pig roundworm) (Ascaris lumbricoides)
F1KVW3	Ascaris suum (Pig roundworm) (Ascaris lumbricoides)
G0MFG7	Caenorhabditis brenneri (Nematode worm)
G0NAR4	Caenorhabditis brenneri (Nematode worm)
G0NK29	Caenorhabditis brenneri (Nematode worm)
Q25581	Teladorsagia circumcincta (Brown stomach worm) (Ostertagia circumcincta)
W2SH48	Necator americanus (Human hookworm)
W2SHI8	Necator americanus (Human hookworm)
W2SIN6	Necator americanus (Human hookworm)
W2SJ65	Necator americanus (Human hookworm)
W2SJH1	Necator americanus (Human hookworm)
W2SJK8	Necator americanus (Human hookworm)
W2SM08	Necator americanus (Human hookworm)
W2SMW7	Necator americanus (Human hookworm)
W2SQX5	Necator americanus (Human hookworm)
W2SRA0	Necator americanus (Human hookworm)
W2SU12	Necator americanus (Human hookworm)
W2SUC5	Necator americanus (Human hookworm)
W2SUK2	Necator americanus (Human hookworm)
W2SV86	Necator americanus (Human hookworm)
W2SY58	Necator americanus (Human hookworm)
W2SYL0	Necator americanus (Human hookworm)
W2T0L1	Necator americanus (Human hookworm)
W2T1S1	Necator americanus (Human hookworm)
W2T952	Necator americanus (Human hookworm)
W2TB20	Necator americanus (Human hookworm)
W2TB42	Necator americanus (Human hookworm)
W2TEZ0	Necator americanus (Human hookworm)
W2TFU1	Necator americanus (Human hookworm)
W2TG68	Necator americanus (Human hookworm)
W2THW5	Necator americanus (Human hookworm)
W2TJT0	Necator americanus (Human hookworm)
W2TP10	Necator americanus (Human hookworm)
W2TPB7	Necator americanus (Human hookworm)
W2U0T1	Necator americanus (Human hookworm)
A0A016RUX1	Ancylostoma ceylanicum
A0A016S033	Ancylostoma ceylanicum
A0A016S4K0	Ancylostoma ceylanicum
A0A016SFW7	Ancylostoma ceylanicum
A0A016SKU5	Ancylostoma ceylanicum
A0A016THV1	Ancylostoma ceylanicum
A0A016TMZ7	Ancylostoma ceylanicum
A0A016TVY6	Ancylostoma ceylanicum
A0A016U9I9	Ancylostoma ceylanicum
A0A016UC46	Ancylostoma ceylanicum
A0A016UD26	Ancylostoma ceylanicum
A0A016USP3	Ancylostoma ceylanicum
A0A016VTZ4	Ancylostoma ceylanicum
A0A016WWA9	Ancylostoma ceylanicum
A0A016X133	Ancylostoma ceylanicum
A0A085NUT5	Trichuris suis (pig whipworm)
A0A090KRM4	Strongyloides ratti (Parasitic roundworm)
A0A090KYD8	Strongyloides ratti (Parasitic roundworm)
A0A090LEW0	Strongyloides ratti (Parasitic roundworm)
A0A090MWC8	Strongyloides ratti (Parasitic roundworm)
A0A090MZX6	Strongyloides ratti (Parasitic roundworm)
A0A0B1RT30	Oesophagostomum dentatum (Nodular worm)
A0A0B1RXN7	Oesophagostomum dentatum (Nodular worm)
A0A0B1S240	Oesophagostomum dentatum (Nodular worm)
A0A0B1S4M8	Oesophagostomum dentatum (Nodular worm)
A0A0B1S5T1	Oesophagostomum dentatum (Nodular worm)
A0A0B1SBV4	Oesophagostomum dentatum (Nodular worm)
A0A0B1SC78	Oesophagostomum dentatum (Nodular worm)
A0A0B1SCY8	Oesophagostomum dentatum (Nodular worm)
A0A0B1SD48	Oesophagostomum dentatum (Nodular worm)
A0A0B1SEX9	Oesophagostomum dentatum (Nodular worm)
A0A0B1SHW9	Oesophagostomum dentatum (Nodular worm)
A0A0B1SIU4	Oesophagostomum dentatum (Nodular worm)
A0A0B1SLE0	Oesophagostomum dentatum (Nodular worm)
A0A0B1SNA9	Oesophagostomum dentatum (Nodular worm)
A0A0B1SQF1	Oesophagostomum dentatum (Nodular worm)
A0A0B1SSY6	Oesophagostomum dentatum (Nodular worm)
A0A0B1SU71	Oesophagostomum dentatum (Nodular worm)
A0A0B1SUE9	Oesophagostomum dentatum (Nodular worm)
A0A0B1SVY1	Oesophagostomum dentatum (Nodular worm)
A0A0B1SXJ8	Oesophagostomum dentatum (Nodular worm)
A0A0B1SY81	Oesophagostomum dentatum (Nodular worm)
A0A0B1SYQ8	Oesophagostomum dentatum (Nodular worm)
A0A0B1T071	Oesophagostomum dentatum (Nodular worm)
A0A0B1T5J3	Oesophagostomum dentatum (Nodular worm)
A0A0B1T619	Oesophagostomum dentatum (Nodular worm)
A0A0B1T6T5	Oesophagostomum dentatum (Nodular worm)
A0A0B1TAM0	Oesophagostomum dentatum (Nodular worm)
A0A0B1TAW4	Oesophagostomum dentatum (Nodular worm)
A0A0B1TC02	Oesophagostomum dentatum (Nodular worm)
A0A0B1TC65	Oesophagostomum dentatum (Nodular worm)
A0A0B1TCY6	Oesophagostomum dentatum (Nodular worm)
A0A0B1TDI8	Oesophagostomum dentatum (Nodular worm)
A0A0B1TDP0	Oesophagostomum dentatum (Nodular worm)
A0A0B1TG39	Oesophagostomum dentatum (Nodular worm)
A0A0B1TG56	Oesophagostomum dentatum (Nodular worm)
A0A0B1TGT3	Oesophagostomum dentatum (Nodular worm)
A0A0B1THM6	Oesophagostomum dentatum (Nodular worm)
A0A0B1TIY9	Oesophagostomum dentatum (Nodular worm)
A0A0B1TLC1	Oesophagostomum dentatum (Nodular worm)
A0A0B1TP20	Oesophagostomum dentatum (Nodular worm)
A0A0B2US51	Toxocara canis (Canine roundworm)
A0A0B2UTM3	Toxocara canis (Canine roundworm)
A0A0C2BG47	Ancylostoma duodenale
A0A0C2BHZ9	Ancylostoma duodenale
A0A0C2BT22	Ancylostoma duodenale
A0A0C2BTN8	Ancylostoma duodenale
A0A0C2BVW0	Ancylostoma duodenale
A0A0C2BZZ0	Ancylostoma duodenale
A0A0C2C7R4	Ancylostoma duodenale
A0A0C2CA77	Ancylostoma duodenale
A0A0C2CFB0	Ancylostoma duodenale
A0A0C2CG11	Ancylostoma duodenale
A0A0C2CY37	Ancylostoma duodenale
A0A0C2D4J7	Ancylostoma duodenale
A0A0C2D602	Ancylostoma duodenale
A0A0C2D897	Ancylostoma duodenale
A0A0C2DA12	Ancylostoma duodenale
A0A0C2DEU4	Ancylostoma duodenale
A0A0C2DIK7	Ancylostoma duodenale
A0A0C2DP62	Ancylostoma duodenale
A0A0C2DPC4	Ancylostoma duodenale
A0A0C2DQG0	Ancylostoma duodenale
A0A0C2DXC8	Ancylostoma duodenale
A0A0C2DYW6	Ancylostoma duodenale
A0A0C2E143	Ancylostoma duodenale
A0A0C2FAE6	Ancylostoma duodenale
A0A0C2FC54	Ancylostoma duodenale
A0A0C2FGJ8	Ancylostoma duodenale
A0A0C2FGK8	Ancylostoma duodenale
A0A0C2FGX2	Ancylostoma duodenale
A0A0C2FK33	Ancylostoma duodenale
A0A0C2FP29	Ancylostoma duodenale
A0A0C2FQ61	Ancylostoma duodenale
A0A0C2FV53	Ancylostoma duodenale
A0A0C2G2N4	Ancylostoma duodenale
A0A0C2G611	Ancylostoma duodenale
A0A0C2G9C7	Ancylostoma duodenale
A0A0C2GEU4	Ancylostoma duodenale
A0A0C2GH76	Ancylostoma duodenale
A0A0C2GHN2	Ancylostoma duodenale
A0A0C2GKM3	Ancylostoma duodenale
A0A0C2GLW0	Ancylostoma duodenale
A0A0C2GSQ0	Ancylostoma duodenale
A0A0C2GU40	Ancylostoma duodenale
A0A0C2GY58	Ancylostoma duodenale
A0A0C2H4R7	Ancylostoma duodenale
A0A0C2H5J0	Ancylostoma duodenale
A0A0C2HAM6	Ancylostoma duodenale
A0A0C2HF82	Ancylostoma duodenale
A0A0D6L486	Ancylostoma ceylanicum
A0A0D6L528	Ancylostoma ceylanicum
A0A0D6L5F6	Ancylostoma ceylanicum
A0A0D6L6J2	Ancylostoma ceylanicum
A0A0D6L827	Ancylostoma ceylanicum
A0A0D6L844	Ancylostoma ceylanicum
A0A0D6L845	Ancylostoma ceylanicum
A0A0D6LBI8	Ancylostoma ceylanicum
A0A0D6LD27	Ancylostoma ceylanicum
A0A0D6LEQ1	Ancylostoma ceylanicum
A0A0D6LFA6	Ancylostoma ceylanicum
A0A0D6LHJ2	Ancylostoma ceylanicum
A0A0D6LM96	Ancylostoma ceylanicum
A0A0D6LMJ9	Ancylostoma ceylanicum
A0A0D6LNG1	Ancylostoma ceylanicum
A0A0D6LP69	Ancylostoma ceylanicum
A0A0D6LQ95	Ancylostoma ceylanicum
A0A0D6LR31	Ancylostoma ceylanicum
A0A0D6LRK4	Ancylostoma ceylanicum
A0A0D6LU00	Ancylostoma ceylanicum
A0A0D6LUE8	Ancylostoma ceylanicum
A0A0D6LUI6	Ancylostoma ceylanicum
A0A0D6LUS0	Ancylostoma ceylanicum
A0A0D6LV19	Ancylostoma ceylanicum
A0A0D6LVX8	Ancylostoma ceylanicum
A0A0D6LXI6	Ancylostoma ceylanicum
A0A0D6M057	Ancylostoma ceylanicum
A0A0D6M174	Ancylostoma ceylanicum
A0A0D6M323	Ancylostoma ceylanicum
A0A0D6M5L1	Ancylostoma ceylanicum
A0A0D6M5Q7	Ancylostoma ceylanicum
A0A0D6M5R5	Ancylostoma ceylanicum
A0A0D6M5T4	Ancylostoma ceylanicum
A0A0D6MBI1	Ancylostoma ceylanicum
A0A0D6MC46	Ancylostoma ceylanicum
A0A0D6MCE4	Ancylostoma ceylanicum
A0A0D8X553	Dictyocaulus viviparus (Bovine lungworm)
A0A0D8X8A3	Dictyocaulus viviparus (Bovine lungworm)
A0A0D8XCU1	Dictyocaulus viviparus (Bovine lungworm)
A0A0D8XGG9	Dictyocaulus viviparus (Bovine lungworm)
A0A0D8XIC3	Dictyocaulus viviparus (Bovine lungworm)
A0A0D8XIT2	Dictyocaulus viviparus (Bovine lungworm)
A0A0D8XKY2	Dictyocaulus viviparus (Bovine lungworm)
A0A0D8XTG3	Dictyocaulus viviparus (Bovine lungworm)
A0A0D8XUE1	Dictyocaulus viviparus (Bovine lungworm)
A0A0D8XWN7	Dictyocaulus viviparus (Bovine lungworm)
A0A0D8Y2Y0	Dictyocaulus viviparus (Bovine lungworm)
A0A0D8Y319	Dictyocaulus viviparus (Bovine lungworm)
A0A0D8Y4E4	Dictyocaulus viviparus (Bovine lungworm)
A0A0D8Y4H2	Dictyocaulus viviparus (Bovine lungworm)
A0A0D8Y4W7	Dictyocaulus viviparus (Bovine lungworm)
A0A0D8Y8A2	Dictyocaulus viviparus (Bovine lungworm)
A0A0D8Y8U9	Dictyocaulus viviparus (Bovine lungworm)
A0A0D8YBB4	Dictyocaulus viviparus (Bovine lungworm)
A0A0D8YBH2	Dictyocaulus viviparus (Bovine lungworm)
A0A0I9N804	Brugia malayi (Filarial nematode worm)
A0A0K0CWE2	Angiostrongylus cantonensis (Rat lungworm)
A0A0K0CZF7	Angiostrongylus cantonensis (Rat lungworm)
A0A0K0DAT5	Angiostrongylus cantonensis (Rat lungworm)
A0A0K0DDH8	Angiostrongylus cantonensis (Rat lungworm)
A0A0K0DLW1	Angiostrongylus cantonensis (Rat lungworm)
A0A0K0DQN2	Angiostrongylus cantonensis (Rat lungworm)
A0A0K0IQL5	Brugia malayi (Filarial nematode worm)
A0A0M3HJB9	Ascaris lumbricoides (Giant roundworm)
A0A0M3I913	Ascaris lumbricoides (Giant roundworm)
A0A0M3ICZ1	Ascaris lumbricoides (Giant roundworm)
A0A0M3IF67	Ascaris lumbricoides (Giant roundworm)
A0A0M3IP63	Ascaris lumbricoides (Giant roundworm)
A0A0M3ITC1	Ascaris lumbricoides (Giant roundworm)
A0A0M3JU03	Anisakis simplex (Herring worm)
A0A0M3KIF9	Anisakis simplex (Herring worm)
A0A0N4SWL0	Brugia pahangi (Filarial nematode worm)
A0A0N4TY96	Brugia pahangi (Filarial nematode worm)
A0A0N4WZC4	Haemonchus placei (Barber's pole worm)
A0A0N4XIG5	Nippostrongylus brasiliensis (Rat hookworm)
A0A0N4Y3M0	Nippostrongylus brasiliensis (Rat hookworm)
A0A0N4YG79	Nippostrongylus brasiliensis (Rat hookworm)
A0A0N4YT56	Nippostrongylus brasiliensis (Rat hookworm)
A0A0N4YTC2	Nippostrongylus brasiliensis (Rat hookworm)
A0A0N4ZFL8	Parastrongyloides trichosuri (Possum-specific nematode worm)
A0A0N5AEA9	Syphacia muris
A0A0N5AVR8	Syphacia muris
A0A0N5B4C9	Strongyloides papillosus (Intestinal threadworm)
A0A0R3R8I9	Brugia timori
A0A0R3S078	Elaeophora elaphi
A0A0R3S347	Elaeophora elaphi
A0A0R3S5Z6	Elaeophora elaphi
A0A0R3S6L6	Elaeophora elaphi
A0A0V0RX35	Trichinella nelsoni
A0A0V0RXB0	Trichinella nelsoni
A0A0V0RXW0	Trichinella nelsoni
A0A0V0S5I8	Trichinella nelsoni
A0A0V0S5K6	Trichinella nelsoni
A0A0V0S6M8	Trichinella nelsoni
A0A0V0SHK1	Trichinella nelsoni
A0A0V0TCU7	Trichinella murrelli
A0A0V0TNQ5	Trichinella murrelli
A0A0V0TZD1	Trichinella murrelli
A0A0V0TZH8	Trichinella murrelli
A0A0V0TZL7	Trichinella murrelli
A0A0V0U8J3	Trichinella murrelli
A0A0V1A2N7	Trichinella patagoniensis
A0A0V1A342	Trichinella patagoniensis
A0A0V1A620	Trichinella patagoniensis
A0A0V1B7W0	Trichinella spiralis (Trichina worm)
A0A0V1B7X0	Trichinella spiralis (Trichina worm)
A0A0V1B922	Trichinella spiralis (Trichina worm)
A0A0V1BLB4	Trichinella spiralis (Trichina worm)
A0A0V1BM48	Trichinella spiralis (Trichina worm)
A0A0V1BUW5	Trichinella spiralis (Trichina worm)
A0A0V1CJ70	Trichinella britovi (Parasitic roundworm)
A0A0V1CV58	Trichinella britovi (Parasitic roundworm)
A0A0V1DC83	Trichinella britovi (Parasitic roundworm)
A0A0V1FEU2	Trichinella pseudospiralis (Parasitic roundworm)
A0A0V1H3F4	Trichinella zimbabwensis
A0A0V1HG08	Trichinella zimbabwensis
A0A0V1HGA2	Trichinella zimbabwensis
A0A0V1HGE7	Trichinella zimbabwensis
A0A0V1HGQ8	Trichinella zimbabwensis
A0A0V1HH06	Trichinella zimbabwensis
A0A0V1HKL5	Trichinella zimbabwensis
A0A0V1HPL1	Trichinella zimbabwensis
A0A0V1HVB0	Trichinella zimbabwensis
A0A0V1IXJ3	Trichinella pseudospiralis (Parasitic roundworm)
A0A0V1IXK6	Trichinella pseudospiralis (Parasitic roundworm)
A0A0V1IXK7	Trichinella pseudospiralis (Parasitic roundworm)
A0A0V1J5N6	Trichinella pseudospiralis (Parasitic roundworm)
A0A0V1KT91	Trichinella nativa
A0A0V1L862	Trichinella nativa
A0A0V1L930	Trichinella nativa
A0A0V1LUY4	Trichinella nativa
A0A0V1MPJ7	Trichinella papuae
A0A0V1MUJ3	Trichinella papuae
A0A0V1MW98	Trichinella papuae
A0A183CDN1	Globodera pallida (Potato cyst nematode worm) (Heterodera pallida)
A0A183CEP7	Globodera pallida (Potato cyst nematode worm) (Heterodera pallida)
A0A183CJT7	Globodera pallida (Potato cyst nematode worm) (Heterodera pallida)
A0A183CM12	Globodera pallida (Potato cyst nematode worm) (Heterodera pallida)
A0A183CPV0	Globodera pallida (Potato cyst nematode worm) (Heterodera pallida)
A0A183F1S5	Heligmosomoides polygyrus (Parasitic roundworm)
A0A183F6N3	Heligmosomoides polygyrus (Parasitic roundworm)
A0A183FNZ9	Heligmosomoides polygyrus (Parasitic roundworm)
A0A183FQ23	Heligmosomoides polygyrus (Parasitic roundworm)
A0A183FRK1	Heligmosomoides polygyrus (Parasitic roundworm)
A0A183G545	Heligmosomoides polygyrus (Parasitic roundworm)
A0A183GFP7	Heligmosomoides polygyrus (Parasitic roundworm)
A0A183HDL2	Onchocerca flexuosa
A0A183HHE7	Onchocerca flexuosa
A0A183HHJ5	Onchocerca flexuosa
A0A183HIK7	Onchocerca flexuosa
A0A183HL39	Onchocerca flexuosa
A0A183HM77	Onchocerca flexuosa
A0A183I733	Onchocerca flexuosa
A0A183J4C1	Soboliphyme baturini
A0A183TWN5	Toxocara canis (Canine roundworm)
A0A183U1M9	Toxocara canis (Canine roundworm)
A0A183U259	Toxocara canis (Canine roundworm)
A0A183U476	Toxocara canis (Canine roundworm)
A0A183U5G3	Toxocara canis (Canine roundworm)
A0A183UDA3	Toxocara canis (Canine roundworm)
A0A183UMV3	Toxocara canis (Canine roundworm)
A0A183USL4	Toxocara canis (Canine roundworm)
A0A183UTS3	Toxocara canis (Canine roundworm)
A0A183UZL2	Toxocara canis (Canine roundworm)
A0A1I7T3S9	Caenorhabditis tropicalis
A0A1I7U6W2	Caenorhabditis tropicalis
A0A1I7U6W3	Caenorhabditis tropicalis
A0A1I7UER0	Caenorhabditis tropicalis
A0A1I7UZH6	Caenorhabditis tropicalis
A0A1I7V377	Caenorhabditis tropicalis
A0A1I7V6L9	Loa loa (Eye worm) (Filaria loa)
A0A1I7VJD5	Loa loa (Eye worm) (Filaria loa)
A0A1I7VL19	Loa loa (Eye worm) (Filaria loa)
A0A1I7VNK5	Loa loa (Eye worm) (Filaria loa)
A0A1I7VPB0	Loa loa (Eye worm) (Filaria loa)
A0A1I7VUW6	Loa loa (Eye worm) (Filaria loa)
A0A1I7WXD2	Heterorhabditis bacteriophora (Entomopathogenic nematode worm)
A0A1I7XLC5	Heterorhabditis bacteriophora (Entomopathogenic nematode worm)
A0A1I7Y1L0	Steinernema glaseri
A0A1I7Y588	Steinernema glaseri
A0A1I7YCT8	Steinernema glaseri
A0A1I7YJT2	Steinernema glaseri
A0A1I7YVL9	Steinernema glaseri
A0A1I7Z2M1	Steinernema glaseri
A0A1I7Z7V0	Steinernema glaseri
A0A1I7ZL86	Steinernema glaseri
A0A1I7ZSW3	Steinernema glaseri
A0A1I8AEA7	Steinernema glaseri
A0A1I8ARW8	Steinernema glaseri
A0A1I8AWS6	Meloidogyne hapla (Root-knot nematode worm)
A0A1I8BHN2	Meloidogyne hapla (Root-knot nematode worm)
A0A238BJ23	Onchocerca flexuosa
A0A238BJH1	Onchocerca flexuosa
A0A238BKF1	Onchocerca flexuosa
A0A238BL25	Onchocerca flexuosa
A0A238BMS8	Onchocerca flexuosa
A0A238BNH2	Onchocerca flexuosa
A0A238BPD0	Onchocerca flexuosa
A0A238BSU9	Onchocerca flexuosa
A0A238BTY2	Onchocerca flexuosa
A0A238BUR6	Onchocerca flexuosa
A0A261AFS1	Caenorhabditis remanei (Caenorhabditis vulgaris)
A0A2G9T4G8	Teladorsagia circumcincta (Brown stomach worm) (Ostertagia circumcincta)
A0A2G9T4L5	Teladorsagia circumcincta (Brown stomach worm) (Ostertagia circumcincta)
A0A2G9T5K8	Teladorsagia circumcincta (Brown stomach worm) (Ostertagia circumcincta)
A0A2G9T6C5	Teladorsagia circumcincta (Brown stomach worm) (Ostertagia circumcincta)
A0A2G9T7B3	Teladorsagia circumcincta (Brown stomach worm) (Ostertagia circumcincta)
A0A2G9TFC4	Teladorsagia circumcincta (Brown stomach worm) (Ostertagia circumcincta)
A0A2G9TFN8	Teladorsagia circumcincta (Brown stomach worm) (Ostertagia circumcincta)
A0A2G9TN54	Teladorsagia circumcincta (Brown stomach worm) (Ostertagia circumcincta)
A0A2G9TNM3	Teladorsagia circumcincta (Brown stomach worm) (Ostertagia circumcincta)
A0A2G9TP70	Teladorsagia circumcincta (Brown stomach worm) (Ostertagia circumcincta)
A0A2G9TTC2	Teladorsagia circumcincta (Brown stomach worm) (Ostertagia circumcincta)
A0A2G9TTL2	Teladorsagia circumcincta (Brown stomach worm) (Ostertagia circumcincta)
A0A2G9TY70	Teladorsagia circumcincta (Brown stomach worm) (Ostertagia circumcincta)
A0A2G9TYL3	Teladorsagia circumcincta (Brown stomach worm) (Ostertagia circumcincta)
A0A2G9TYS5	Teladorsagia circumcincta (Brown stomach worm) (Ostertagia circumcincta)
A0A2G9TZ99	Teladorsagia circumcincta (Brown stomach worm) (Ostertagia circumcincta)
A0A2G9U0D3	Teladorsagia circumcincta (Brown stomach worm) (Ostertagia circumcincta)
A0A2G9U2A3	Teladorsagia circumcincta (Brown stomach worm) (Ostertagia circumcincta)
A0A2G9U353	Teladorsagia circumcincta (Brown stomach worm) (Ostertagia circumcincta)
A0A2G9U3E2	Teladorsagia circumcincta (Brown stomach worm) (Ostertagia circumcincta)
A0A2G9U4L1	Teladorsagia circumcincta (Brown stomach worm) (Ostertagia circumcincta)
A0A2G9U4P1	Teladorsagia circumcincta (Brown stomach worm) (Ostertagia circumcincta)
A0A2G9U5Q8	Teladorsagia circumcincta (Brown stomach worm) (Ostertagia circumcincta)
A0A2G9U6K7	Teladorsagia circumcincta (Brown stomach worm) (Ostertagia circumcincta)
A0A2G9U7I9	Teladorsagia circumcincta (Brown stomach worm) (Ostertagia circumcincta)
A0A2G9UAN1	Teladorsagia circumcincta (Brown stomach worm) (Ostertagia circumcincta)
A0A2G9UC35	Teladorsagia circumcincta (Brown stomach worm) (Ostertagia circumcincta)
A0A2G9UC79	Teladorsagia circumcincta (Brown stomach worm) (Ostertagia circumcincta)
A0A2G9UD75	Teladorsagia circumcincta (Brown stomach worm) (Ostertagia circumcincta)
A0A2G9UDC5	Teladorsagia circumcincta (Brown stomach worm) (Ostertagia circumcincta)
A0A2G9UF57	Teladorsagia circumcincta (Brown stomach worm) (Ostertagia circumcincta)
A0A2G9UFR9	Teladorsagia circumcincta (Brown stomach worm) (Ostertagia circumcincta)
A0A2G9UIS9	Teladorsagia circumcincta (Brown stomach worm) (Ostertagia circumcincta)
A0A2G9UJ28	Teladorsagia circumcincta (Brown stomach worm) (Ostertagia circumcincta)
A0A2G9UJR4	Teladorsagia circumcincta (Brown stomach worm) (Ostertagia circumcincta)
A0A2G9ULY0	Teladorsagia circumcincta (Brown stomach worm) (Ostertagia circumcincta)
A0A2G9UM62	Teladorsagia circumcincta (Brown stomach worm) (Ostertagia circumcincta)
A0A2G9UNF9	Teladorsagia circumcincta (Brown stomach worm) (Ostertagia circumcincta)
A0A2G9UQ51	Teladorsagia circumcincta (Brown stomach worm) (Ostertagia circumcincta)
A0A2G9USX3	Teladorsagia circumcincta (Brown stomach worm) (Ostertagia circumcincta)
A0A2G9UU15	Teladorsagia circumcincta (Brown stomach worm) (Ostertagia circumcincta)
A0A2G9UUQ1	Teladorsagia circumcincta (Brown stomach worm) (Ostertagia circumcincta)
A0A2G9UW98	Teladorsagia circumcincta (Brown stomach worm) (Ostertagia circumcincta)
A0A2G9UWA5	Teladorsagia circumcincta (Brown stomach worm) (Ostertagia circumcincta)
A0A2G9UWI3	Teladorsagia circumcincta (Brown stomach worm) (Ostertagia circumcincta)
A0A2G9UWR7	Teladorsagia circumcincta (Brown stomach worm) (Ostertagia circumcincta)
A0A2G9UX44	Teladorsagia circumcincta (Brown stomach worm) (Ostertagia circumcincta)
A0A2G9V0X3	Teladorsagia circumcincta (Brown stomach worm) (Ostertagia circumcincta)
A0A2G9V1W7	Teladorsagia circumcincta (Brown stomach worm) (Ostertagia circumcincta)
A0A2G9V241	Teladorsagia circumcincta (Brown stomach worm) (Ostertagia circumcincta)
A0A2G9V2I6	Teladorsagia circumcincta (Brown stomach worm) (Ostertagia circumcincta)
A0A2G9V485	Teladorsagia circumcincta (Brown stomach worm) (Ostertagia circumcincta)
A0A2G9V517	Teladorsagia circumcincta (Brown stomach worm) (Ostertagia circumcincta)
A0A2G9V5L6	Teladorsagia circumcincta (Brown stomach worm) (Ostertagia circumcincta)
A0A368EVX5	Ancylostoma caninum (Dog hookworm)
A0A368EWB0	Ancylostoma caninum (Dog hookworm)
A0A368EX08	Ancylostoma caninum (Dog hookworm)
A0A368EYL3	Ancylostoma caninum (Dog hookworm)
A0A368F1A8	Ancylostoma caninum (Dog hookworm)
A0A368F2L4	Ancylostoma caninum (Dog hookworm)
A0A368F4H5	Ancylostoma caninum (Dog hookworm)
A0A368F5M2	Ancylostoma caninum (Dog hookworm)
A0A368FB21	Ancylostoma caninum (Dog hookworm)
A0A368FBH0	Ancylostoma caninum (Dog hookworm)
A0A368FBY5	Ancylostoma caninum (Dog hookworm)
A0A368FC03	Ancylostoma caninum (Dog hookworm)
A0A368FCD3	Ancylostoma caninum (Dog hookworm)
A0A368FH70	Ancylostoma caninum (Dog hookworm)
A0A368FMW0	Ancylostoma caninum (Dog hookworm)
A0A368FN28	Ancylostoma caninum (Dog hookworm)
A0A368FP54	Ancylostoma caninum (Dog hookworm)
A0A368FRR0	Ancylostoma caninum (Dog hookworm)
A0A368FTI9	Ancylostoma caninum (Dog hookworm)
A0A368FV32	Ancylostoma caninum (Dog hookworm)
A0A368FXH3	Ancylostoma caninum (Dog hookworm)
A0A368G029	Ancylostoma caninum (Dog hookworm)
A0A368G087	Ancylostoma caninum (Dog hookworm)
A0A368G1L9	Ancylostoma caninum (Dog hookworm)
A0A368G1Z7	Ancylostoma caninum (Dog hookworm)
A0A368G2Y3	Ancylostoma caninum (Dog hookworm)
A0A368G363	Ancylostoma caninum (Dog hookworm)
A0A368G885	Ancylostoma caninum (Dog hookworm)
A0A368G9D5	Ancylostoma caninum (Dog hookworm)
A0A368GAX9	Ancylostoma caninum (Dog hookworm)
A0A368GCK2	Ancylostoma caninum (Dog hookworm)
A0A368GFV8	Ancylostoma caninum (Dog hookworm)
A0A368GFW6	Ancylostoma caninum (Dog hookworm)
A0A368GH40	Ancylostoma caninum (Dog hookworm)
A0A368GS43	Ancylostoma caninum (Dog hookworm)
A0A368GU98	Ancylostoma caninum (Dog hookworm)
A0A368GUB5	Ancylostoma caninum (Dog hookworm)
A0A368GV35	Ancylostoma caninum (Dog hookworm)
A0A368GVS2	Ancylostoma caninum (Dog hookworm)
A0A368H029	Ancylostoma caninum (Dog hookworm)
A0A368H174	Ancylostoma caninum (Dog hookworm)
A0A368H2B3	Ancylostoma caninum (Dog hookworm)
A0A368H2Q1	Ancylostoma caninum (Dog hookworm)
A0A368H503	Ancylostoma caninum (Dog hookworm)
A0A368H5F5	Ancylostoma caninum (Dog hookworm)
A0A368H8F5	Ancylostoma caninum (Dog hookworm)
A0A3P6NMG7	Anisakis simplex (Herring worm)
A0A3P6RA61	Gongylonema pulchrum
A0A3P6TNX8	Litomosoides sigmodontis (Filarial nematode worm)
A0A3P6UNA0	Anisakis simplex (Herring worm)
A0A3P7FGN0	Wuchereria bancrofti
A0A3P7FQX4	Wuchereria bancrofti
A0A3P7IKM1	Strongylus vulgaris (Blood worm)
A0A3P7IVS6	Strongylus vulgaris (Blood worm)
A0A3P7J6T3	Strongylus vulgaris (Blood worm)
A0A3P7J9U1	Strongylus vulgaris (Blood worm)
A0A3P7JE67	Strongylus vulgaris (Blood worm)
A0A3P7JW52	Strongylus vulgaris (Blood worm)
A0A3P7KYN6	Strongylus vulgaris (Blood worm)
A0A3P7L0M9	Strongylus vulgaris (Blood worm)
A0A3P7PMJ4	Cylicostephanus goldi (Nematode worm)
A0A3P7XJY0	Haemonchus placei (Barber's pole worm)
A0A3P8BII7	Onchocerca flexuosa
A0A498SSR2	Acanthocheilonema viteae (Filarial nematode worm) (Dipetalonema viteae)
A0A4U5M6T0	Steinernema carpocapsae (Entomopathogenic nematode)
A0A5S6QAI0	Trichuris muris (Mouse whipworm)
A0A7I4XRU3	Haemonchus contortus (Barber pole worm)
A0A7I4XZR3	Haemonchus contortus (Barber pole worm)
A0A7I4YA16	Haemonchus contortus (Barber pole worm)
A0A7I4YLR5	Haemonchus contortus (Barber pole worm)
A0A811LR35	Bursaphelenchus okinawaensis
A0A8I3B1E1	Ancylostoma ceylanicum
A0A8I3B2F8	Ancylostoma ceylanicum
A0A8I3B2U1	Ancylostoma ceylanicum
A0A8I3B2U9	Ancylostoma ceylanicum
A0A8I3B334	Ancylostoma ceylanicum
A0A8I3B3F8	Ancylostoma ceylanicum
A0A8J2LY28	Cercopithifilaria johnstoni
A0A8R1DRI9	Caenorhabditis japonica
A0A8R1DXA0	Caenorhabditis japonica
A0A8R1ELQ1	Caenorhabditis japonica
A0A8R1EMZ5	Caenorhabditis japonica
A0A8R1EXG9	Caenorhabditis japonica
A0A8R1HFP4	Caenorhabditis japonica
A0A8R1HFT2	Caenorhabditis japonica
A0A8R1HIK1	Caenorhabditis japonica
A0A8R1HQB6	Caenorhabditis japonica
A0A8R1I0L4	Caenorhabditis japonica
A0A8R1I4V7	Caenorhabditis japonica
A0A8R1I8W1	Caenorhabditis japonica
A0A8R1J032	Caenorhabditis japonica
A0A8R1J1R7	Caenorhabditis japonica
A0A8S1F2R6	Caenorhabditis bovis
A0A8S1HQL1	Caenorhabditis auriculariae
A0A8S9ZG96	Meloidogyne graminicola
A0A914CDN7	Acrobeloides nanus
A0A914CPS0	Acrobeloides nanus
A0A914D9F0	Acrobeloides nanus
A0A914DJ75	Acrobeloides nanus
A0A914DN49	Acrobeloides nanus
A0A914DP42	Acrobeloides nanus
A0A914DPS9	Acrobeloides nanus
A0A914DPZ4	Acrobeloides nanus
A0A914HY36	Globodera rostochiensis (Golden nematode worm) (Heterodera rostochiensis)
A0A914KJ13	Meloidogyne incognita (Southern root-knot nematode worm) (Oxyuris incognita)
A0A914MHU4	Meloidogyne incognita (Southern root-knot nematode worm) (Oxyuris incognita)
A0A914N8K7	Meloidogyne incognita (Southern root-knot nematode worm) (Oxyuris incognita)
A0A914NC50	Meloidogyne incognita (Southern root-knot nematode worm) (Oxyuris incognita)
A0A914NMQ2	Meloidogyne incognita (Southern root-knot nematode worm) (Oxyuris incognita)
A0A914NSB6	Meloidogyne incognita (Southern root-knot nematode worm) (Oxyuris incognita)
A0A914NSU5	Meloidogyne incognita (Southern root-knot nematode worm) (Oxyuris incognita)
A0A914PVB7	Panagrolaimus davidi
A0A914Q757	Panagrolaimus davidi
A0A914RSS7	Parascaris equorum (Equine roundworm)
A0A914RYK5	Parascaris equorum (Equine roundworm)
A0A914S6B0	Parascaris equorum (Equine roundworm)
A0A914S9W6	Parascaris equorum (Equine roundworm)
A0A914UK63	Plectus sambesii
A0A914UMZ9	Plectus sambesii
A0A914V1E6	Plectus sambesii
A0A914V396	Plectus sambesii
A0A914XMD2	Plectus sambesii
A0A914XTP3	Panagrolaimus superbus
A0A914YL80	Panagrolaimus superbus
A0A914YU70	Panagrolaimus superbus
A0A914Z1Q7	Panagrolaimus superbus
A0A914ZI47	Panagrolaimus superbus
A0A914ZTS5	Parascaris univalens (Nematode worm)
A0A915ABL5	Parascaris univalens (Nematode worm)
A0A915ACU3	Parascaris univalens (Nematode worm)
A0A915AD85	Parascaris univalens (Nematode worm)
A0A915AF60	Parascaris univalens (Nematode worm)
A0A915ANH5	Parascaris univalens (Nematode worm)
A0A915AV53	Parascaris univalens (Nematode worm)
A0A915B395	Parascaris univalens (Nematode worm)
A0A915B4F7	Parascaris univalens (Nematode worm)
A0A915B9B5	Parascaris univalens (Nematode worm)
A0A915BLL3	Parascaris univalens (Nematode worm)
A0A915C115	Parascaris univalens (Nematode worm)
A0A915C120	Parascaris univalens (Nematode worm)
A0A915C6C9	Parascaris univalens (Nematode worm)
A0A915C7S9	Parascaris univalens (Nematode worm)
A0A915D9F9	Ditylenchus dipsaci
A0A915HIJ0	Romanomermis culicivorax (Nematode worm)
A0A915HIP4	Romanomermis culicivorax (Nematode worm)
A0A915I893	Romanomermis culicivorax (Nematode worm)
A0A915JQY1	Romanomermis culicivorax (Nematode worm)
A0A915KG24	Romanomermis culicivorax (Nematode worm)
A0A915LGU1	Meloidogyne javanica (Root-knot nematode worm)
A0A915LKI3	Meloidogyne javanica (Root-knot nematode worm)
A0A915LPT9	Meloidogyne javanica (Root-knot nematode worm)
A0A915ME43	Meloidogyne javanica (Root-knot nematode worm)
A0A915MIB3	Meloidogyne javanica (Root-knot nematode worm)
A0A915N1R7	Meloidogyne javanica (Root-knot nematode worm)
A0A915N535	Meloidogyne javanica (Root-knot nematode worm)
A0A915N9Z8	Meloidogyne javanica (Root-knot nematode worm)
A0A915NBF6	Meloidogyne floridensis
A0A915NBI6	Meloidogyne javanica (Root-knot nematode worm)
A0A915PLY2	Setaria digitata
A0A915Q2G2	Setaria digitata
A0A9J2Q8N1	Ascaris lumbricoides (Giant roundworm)
A0AA36FR94	Mesorhabditis spiculigera
A0AA36H498	Cylicocyclus nassatus (Nematode worm)
A0AA36M2W6	Cylicocyclus nassatus (Nematode worm)
A0AA39M906	Steinernema hermaphroditum
A0AA39M9V3	Steinernema hermaphroditum
A0AA39M9W7	Steinernema hermaphroditum
A0AAD5LZJ2	Parelaphostrongylus tenuis (Meningeal worm)
A0AAD5M810	Parelaphostrongylus tenuis (Meningeal worm)
A0AAD5MFH0	Parelaphostrongylus tenuis (Meningeal worm)
A0AAD5MGG2	Parelaphostrongylus tenuis (Meningeal worm)
A0AAD5MM16	Parelaphostrongylus tenuis (Meningeal worm)
A0AAD5MTM8	Parelaphostrongylus tenuis (Meningeal worm)
A0AAD5N6L8	Parelaphostrongylus tenuis (Meningeal worm)
A0AAD5QH06	Parelaphostrongylus tenuis (Meningeal worm)
A0AAD5RBY1	Parelaphostrongylus tenuis (Meningeal worm)
A0AAD5RCL3	Parelaphostrongylus tenuis (Meningeal worm)
A0AAD5WI06	Parelaphostrongylus tenuis (Meningeal worm)
A0AAE9EDM1	Caenorhabditis briggsae
A0AAE9EX38	Caenorhabditis briggsae
A0AAE9JMQ4	Caenorhabditis briggsae
A0AAF3FDC7	Mesorhabditis belari
A0AAN8EP74	Trichostrongylus colubriformis (Black scour worm)
A0AAN8EU50	Trichostrongylus colubriformis (Black scour worm)
A0AAN8EZU2	Trichostrongylus colubriformis (Black scour worm)
A0AAN8F2W4	Trichostrongylus colubriformis (Black scour worm)
A0AAN8F5A2	Trichostrongylus colubriformis (Black scour worm)
A0AAN8F5Y3	Trichostrongylus colubriformis (Black scour worm)
A0AAN8F6S7	Trichostrongylus colubriformis (Black scour worm)
A0AAN8F715	Trichostrongylus colubriformis (Black scour worm)
A0AAN8F874	Trichostrongylus colubriformis (Black scour worm)
A0AAN8FBZ4	Trichostrongylus colubriformis (Black scour worm)
A0AAN8FGX1	Trichostrongylus colubriformis (Black scour worm)
A0AAN8FLQ6	Trichostrongylus colubriformis (Black scour worm)
A0AAN8FNM7	Trichostrongylus colubriformis (Black scour worm)
A0AAN8FP44	Trichostrongylus colubriformis (Black scour worm)
A0AAN8FSI9	Trichostrongylus colubriformis (Black scour worm)
A0AAN8FU94	Trichostrongylus colubriformis (Black scour worm)
A0AAN8FV66	Trichostrongylus colubriformis (Black scour worm)
A0AAN8FZM6	Trichostrongylus colubriformis (Black scour worm)
A0AAN8G1X2	Trichostrongylus colubriformis (Black scour worm)
A0AAN8GEV2	Trichostrongylus colubriformis (Black scour worm)
A0AAN8IBD7	Trichostrongylus colubriformis (Black scour worm)
A0AAN8IF96	Trichostrongylus colubriformis (Black scour worm)
A0AAN8IVV7	Trichostrongylus colubriformis (Black scour worm)
A0AAN8IWR9	Trichostrongylus colubriformis (Black scour worm)
A0AAN8IXN5	Trichostrongylus colubriformis (Black scour worm)
A0AAV5UZA8	Pristionchus fissidentatus
A0ABD2KWU3	Heterodera trifolii
A0ABD2MEN7	Heterodera trifolii
A0ABR1C1P6	Necator americanus (Human hookworm)
A0ABR1C4X9	Necator americanus (Human hookworm)
A0ABR1CLR9	Necator americanus (Human hookworm)
A0ABR1CMU4	Necator americanus (Human hookworm)
A0ABR1CRK5	Necator americanus (Human hookworm)
A0ABR1DMD0	Necator americanus (Human hookworm)
A0ABR1DMP1	Necator americanus (Human hookworm)
A0ABR1DMU0	Necator americanus (Human hookworm)
A0ABR1DQ41	Necator americanus (Human hookworm)
A0ABR1DVJ2	Necator americanus (Human hookworm)
A0ABR1DWZ5	Necator americanus (Human hookworm)
A0ABR1DZH6	Necator americanus (Human hookworm)
A0ABR1EJA7	Necator americanus (Human hookworm)
A0ABR1ETJ5	Necator americanus (Human hookworm)
A0ABR1ETM1	Necator americanus (Human hookworm)
A0ABR1ETR7	Necator americanus (Human hookworm)
A0ABR3K7Z9	Trichinella spiralis (Trichina worm)
A0ABR3KDA2	Trichinella spiralis (Trichina worm)
A0ABR3KFJ2	Trichinella spiralis (Trichina worm)
A0ABR3KTJ1	Trichinella spiralis (Trichina worm)
A0ABR3KXP7	Trichinella spiralis (Trichina worm)
A0ABR3L352	Trichinella spiralis (Trichina worm)
E3NVN8	Caenorhabditis remanei (Caenorhabditis vulgaris)
F1KUL2	Ascaris suum (Pig roundworm) (Ascaris lumbricoides)
F1L712	Ascaris suum (Pig roundworm) (Ascaris lumbricoides)
G0MM43	Caenorhabditis brenneri (Nematode worm)
G0NEC0	Caenorhabditis brenneri (Nematode worm)
W2SFY2	Necator americanus (Human hookworm)
W2SG34	Necator americanus (Human hookworm)
W2SH06	Necator americanus (Human hookworm)
W2SKW1	Necator americanus (Human hookworm)
W2SL81	Necator americanus (Human hookworm)
W2SNY2	Necator americanus (Human hookworm)
W2SQU6	Necator americanus (Human hookworm)
W2SRF3	Necator americanus (Human hookworm)
W2SSQ1	Necator americanus (Human hookworm)
W2ST21	Necator americanus (Human hookworm)
W2SVY5	Necator americanus (Human hookworm)
W2SWA6	Necator americanus (Human hookworm)
W2SWM1	Necator americanus (Human hookworm)
W2SYB2	Necator americanus (Human hookworm)
W2T1D4	Necator americanus (Human hookworm)
W2T3K7	Necator americanus (Human hookworm)
W2T5C3	Necator americanus (Human hookworm)
W2T6A1	Necator americanus (Human hookworm)
W2T815	Necator americanus (Human hookworm)
W2T876	Necator americanus (Human hookworm)
W2T8Q6	Necator americanus (Human hookworm)
W2T9V7	Necator americanus (Human hookworm)
W2TB98	Necator americanus (Human hookworm)
W2TG03	Necator americanus (Human hookworm)
W2TGT5	Necator americanus (Human hookworm)
W2TIW0	Necator americanus (Human hookworm)
W2TR32	Necator americanus (Human hookworm)
W2TRU9	Necator americanus (Human hookworm)
W2TSY8	Necator americanus (Human hookworm)
W2TTH7	Necator americanus (Human hookworm)
W2TW10	Necator americanus (Human hookworm)
W2TW35	Necator americanus (Human hookworm)
W2TXP4	Necator americanus (Human hookworm)
W2TYM3	Necator americanus (Human hookworm)
A0A016RTV9	Ancylostoma ceylanicum
A0A016S0L8	Ancylostoma ceylanicum
A0A016S0U4	Ancylostoma ceylanicum
A0A016SG11	Ancylostoma ceylanicum
A0A016SUR7	Ancylostoma ceylanicum
A0A016TI01	Ancylostoma ceylanicum
A0A016TL69	Ancylostoma ceylanicum
A0A016TUP0	Ancylostoma ceylanicum
A0A016UCE7	Ancylostoma ceylanicum
A0A016UG11	Ancylostoma ceylanicum
A0A016UP04	Ancylostoma ceylanicum
A0A016US08	Ancylostoma ceylanicum
A0A016V0N4	Ancylostoma ceylanicum
A0A016V273	Ancylostoma ceylanicum
A0A016VAM3	Ancylostoma ceylanicum
A0A016VBJ8	Ancylostoma ceylanicum
A0A016WK92	Ancylostoma ceylanicum
A0A016WKJ4	Ancylostoma ceylanicum
A0A016WLK0	Ancylostoma ceylanicum
A0A016WZE0	Ancylostoma ceylanicum
A0A016X363	Ancylostoma ceylanicum
A0A090KWH0	Strongyloides ratti (Parasitic roundworm)
A0A090KX55	Strongyloides ratti (Parasitic roundworm)
A0A090MZN9	Strongyloides ratti (Parasitic roundworm)
A0A0B1RQY2	Oesophagostomum dentatum (Nodular worm)
A0A0B1RR80	Oesophagostomum dentatum (Nodular worm)
A0A0B1RT63	Oesophagostomum dentatum (Nodular worm)
A0A0B1RTB0	Oesophagostomum dentatum (Nodular worm)
A0A0B1RUK1	Oesophagostomum dentatum (Nodular worm)
A0A0B1RW11	Oesophagostomum dentatum (Nodular worm)
A0A0B1RY30	Oesophagostomum dentatum (Nodular worm)
A0A0B1RY70	Oesophagostomum dentatum (Nodular worm)
A0A0B1S0Z8	Oesophagostomum dentatum (Nodular worm)
A0A0B1S274	Oesophagostomum dentatum (Nodular worm)
A0A0B1S4S3	Oesophagostomum dentatum (Nodular worm)
A0A0B1S5Q2	Oesophagostomum dentatum (Nodular worm)
A0A0B1S5W4	Oesophagostomum dentatum (Nodular worm)
A0A0B1S6M6	Oesophagostomum dentatum (Nodular worm)
A0A0B1SAQ2	Oesophagostomum dentatum (Nodular worm)
A0A0B1SB09	Oesophagostomum dentatum (Nodular worm)
A0A0B1SBI9	Oesophagostomum dentatum (Nodular worm)
A0A0B1SBY1	Oesophagostomum dentatum (Nodular worm)
A0A0B1SDV6	Oesophagostomum dentatum (Nodular worm)
A0A0B1SF16	Oesophagostomum dentatum (Nodular worm)
A0A0B1SHQ6	Oesophagostomum dentatum (Nodular worm)
A0A0B1SHX8	Oesophagostomum dentatum (Nodular worm)
A0A0B1SLA5	Oesophagostomum dentatum (Nodular worm)
A0A0B1SLQ3	Oesophagostomum dentatum (Nodular worm)
A0A0B1SLQ5	Oesophagostomum dentatum (Nodular worm)
A0A0B1SLW3	Oesophagostomum dentatum (Nodular worm)
A0A0B1SMN2	Oesophagostomum dentatum (Nodular worm)
A0A0B1SNL0	Oesophagostomum dentatum (Nodular worm)
A0A0B1SPA9	Oesophagostomum dentatum (Nodular worm)
A0A0B1SPC0	Oesophagostomum dentatum (Nodular worm)
A0A0B1SQ89	Oesophagostomum dentatum (Nodular worm)
A0A0B1SQM0	Oesophagostomum dentatum (Nodular worm)
A0A0B1SRH1	Oesophagostomum dentatum (Nodular worm)
A0A0B1SST0	Oesophagostomum dentatum (Nodular worm)
A0A0B1SU81	Oesophagostomum dentatum (Nodular worm)
A0A0B1SUV9	Oesophagostomum dentatum (Nodular worm)
A0A0B1SVB1	Oesophagostomum dentatum (Nodular worm)
A0A0B1SVD7	Oesophagostomum dentatum (Nodular worm)
A0A0B1SX88	Oesophagostomum dentatum (Nodular worm)
A0A0B1SXD1	Oesophagostomum dentatum (Nodular worm)
A0A0B1SXG8	Oesophagostomum dentatum (Nodular worm)
A0A0B1SY16	Oesophagostomum dentatum (Nodular worm)
A0A0B1SZX4	Oesophagostomum dentatum (Nodular worm)
A0A0B1T339	Oesophagostomum dentatum (Nodular worm)
A0A0B1T5M0	Oesophagostomum dentatum (Nodular worm)
A0A0B1T5W9	Oesophagostomum dentatum (Nodular worm)
A0A0B1T862	Oesophagostomum dentatum (Nodular worm)
A0A0B1T9A4	Oesophagostomum dentatum (Nodular worm)
A0A0B1TAA3	Oesophagostomum dentatum (Nodular worm)
A0A0B1TD34	Oesophagostomum dentatum (Nodular worm)
A0A0B1TET2	Oesophagostomum dentatum (Nodular worm)
A0A0B1TG72	Oesophagostomum dentatum (Nodular worm)
A0A0B1TK20	Oesophagostomum dentatum (Nodular worm)
A0A0B1TTE0	Oesophagostomum dentatum (Nodular worm)
A0A0B1TVK2	Oesophagostomum dentatum (Nodular worm)
A0A0B2VLB2	Toxocara canis (Canine roundworm)
A0A0B2VRT8	Toxocara canis (Canine roundworm)
A0A0B2VV72	Toxocara canis (Canine roundworm)
A0A0B2VVJ7	Toxocara canis (Canine roundworm)
A0A0B2VXA2	Toxocara canis (Canine roundworm)
A0A0C2BLH8	Ancylostoma duodenale
A0A0C2BVC0	Ancylostoma duodenale
A0A0C2C3Z0	Ancylostoma duodenale
A0A0C2C4J6	Ancylostoma duodenale
A0A0C2CAW6	Ancylostoma duodenale
A0A0C2CE60	Ancylostoma duodenale
A0A0C2CJ41	Ancylostoma duodenale
A0A0C2CL37	Ancylostoma duodenale
A0A0C2CYN3	Ancylostoma duodenale
A0A0C2CZW4	Ancylostoma duodenale
A0A0C2D313	Ancylostoma duodenale
A0A0C2D3V3	Ancylostoma duodenale
A0A0C2D8W1	Ancylostoma duodenale
A0A0C2DGF3	Ancylostoma duodenale
A0A0C2DNM6	Ancylostoma duodenale
A0A0C2E1D2	Ancylostoma duodenale
A0A0C2F3Q4	Ancylostoma duodenale
A0A0C2FC56	Ancylostoma duodenale
A0A0C2FCG1	Ancylostoma duodenale
A0A0C2FFK5	Ancylostoma duodenale
A0A0C2FJ99	Ancylostoma duodenale
A0A0C2FJH8	Ancylostoma duodenale
A0A0C2FJI8	Ancylostoma duodenale
A0A0C2FWC6	Ancylostoma duodenale
A0A0C2G198	Ancylostoma duodenale
A0A0C2G1U2	Ancylostoma duodenale
A0A0C2G3M6	Ancylostoma duodenale
A0A0C2G3Z8	Ancylostoma duodenale
A0A0C2G753	Ancylostoma duodenale
A0A0C2GA05	Ancylostoma duodenale
A0A0C2GB35	Ancylostoma duodenale
A0A0C2GF45	Ancylostoma duodenale
A0A0C2GGX2	Ancylostoma duodenale
A0A0C2GI39	Ancylostoma duodenale
A0A0C2GM27	Ancylostoma duodenale
A0A0C2GPI7	Ancylostoma duodenale
A0A0C2GT05	Ancylostoma duodenale
A0A0C2GUJ7	Ancylostoma duodenale
A0A0C2GUT6	Ancylostoma duodenale
A0A0C2GV17	Ancylostoma duodenale
A0A0C2GV79	Ancylostoma duodenale
A0A0C2GW96	Ancylostoma duodenale
A0A0C2GZB1	Ancylostoma duodenale
A0A0C2H1C4	Ancylostoma duodenale
A0A0C2H400	Ancylostoma duodenale
A0A0C2HAF2	Ancylostoma duodenale
A0A0C2HCZ0	Ancylostoma duodenale
A0A0C2HF77	Ancylostoma duodenale
A0A0D6L836	Ancylostoma ceylanicum
A0A0D6L927	Ancylostoma ceylanicum
A0A0D6L9Q1	Ancylostoma ceylanicum
A0A0D6LBH3	Ancylostoma ceylanicum
A0A0D6LCW2	Ancylostoma ceylanicum
A0A0D6LDJ2	Ancylostoma ceylanicum
A0A0D6LDV5	Ancylostoma ceylanicum
A0A0D6LEJ5	Ancylostoma ceylanicum
A0A0D6LF63	Ancylostoma ceylanicum
A0A0D6LHA0	Ancylostoma ceylanicum
A0A0D6LK26	Ancylostoma ceylanicum
A0A0D6LLT4	Ancylostoma ceylanicum
A0A0D6LLU3	Ancylostoma ceylanicum
A0A0D6LN64	Ancylostoma ceylanicum
A0A0D6LN68	Ancylostoma ceylanicum
A0A0D6LQK7	Ancylostoma ceylanicum
A0A0D6LR02	Ancylostoma ceylanicum
A0A0D6LSZ7	Ancylostoma ceylanicum
A0A0D6LU80	Ancylostoma ceylanicum
A0A0D6LUN5	Ancylostoma ceylanicum
A0A0D6LXN1	Ancylostoma ceylanicum
A0A0D6LY24	Ancylostoma ceylanicum
A0A0D6LY29	Ancylostoma ceylanicum
A0A0D6LYG7	Ancylostoma ceylanicum
A0A0D6LYP8	Ancylostoma ceylanicum
A0A0D6LYQ5	Ancylostoma ceylanicum
A0A0D6LYQ7	Ancylostoma ceylanicum
A0A0D6LZ86	Ancylostoma ceylanicum
A0A0D6M0F4	Ancylostoma ceylanicum
A0A0D6M3L5	Ancylostoma ceylanicum
A0A0D6M4N2	Ancylostoma ceylanicum
A0A0D6M6T0	Ancylostoma ceylanicum
A0A0D6M714	Ancylostoma ceylanicum
A0A0D6M8L3	Ancylostoma ceylanicum
A0A0D6M8S1	Ancylostoma ceylanicum
A0A0D6M9E7	Ancylostoma ceylanicum
A0A0D6MB77	Ancylostoma ceylanicum
A0A0D6MBP4	Ancylostoma ceylanicum
A0A0D8X627	Dictyocaulus viviparus (Bovine lungworm)
A0A0D8X751	Dictyocaulus viviparus (Bovine lungworm)
A0A0D8X892	Dictyocaulus viviparus (Bovine lungworm)
A0A0D8X8V5	Dictyocaulus viviparus (Bovine lungworm)
A0A0D8X922	Dictyocaulus viviparus (Bovine lungworm)
A0A0D8XA29	Dictyocaulus viviparus (Bovine lungworm)
A0A0D8XDY5	Dictyocaulus viviparus (Bovine lungworm)
A0A0D8XEA6	Dictyocaulus viviparus (Bovine lungworm)
A0A0D8XEV0	Dictyocaulus viviparus (Bovine lungworm)
A0A0D8XJH1	Dictyocaulus viviparus (Bovine lungworm)
A0A0D8XK34	Dictyocaulus viviparus (Bovine lungworm)
A0A0D8XKG1	Dictyocaulus viviparus (Bovine lungworm)
A0A0D8XLJ9	Dictyocaulus viviparus (Bovine lungworm)
A0A0D8XM85	Dictyocaulus viviparus (Bovine lungworm)
A0A0D8XMT2	Dictyocaulus viviparus (Bovine lungworm)
A0A0D8XPD8	Dictyocaulus viviparus (Bovine lungworm)
A0A0D8XPR7	Dictyocaulus viviparus (Bovine lungworm)
A0A0D8XR96	Dictyocaulus viviparus (Bovine lungworm)
A0A0D8XTU0	Dictyocaulus viviparus (Bovine lungworm)
A0A0D8XV15	Dictyocaulus viviparus (Bovine lungworm)
A0A0D8XY84	Dictyocaulus viviparus (Bovine lungworm)
A0A0D8XZE5	Dictyocaulus viviparus (Bovine lungworm)
A0A0D8Y042	Dictyocaulus viviparus (Bovine lungworm)
A0A0D8Y2U1	Dictyocaulus viviparus (Bovine lungworm)
A0A0D8Y3L3	Dictyocaulus viviparus (Bovine lungworm)
A0A0D8Y4I7	Dictyocaulus viviparus (Bovine lungworm)
A0A0D8Y4X1	Dictyocaulus viviparus (Bovine lungworm)
A0A0D8Y5S3	Dictyocaulus viviparus (Bovine lungworm)
A0A0D8Y6F9	Dictyocaulus viviparus (Bovine lungworm)
A0A0D8Y705	Dictyocaulus viviparus (Bovine lungworm)
A0A0K0D6F6	Angiostrongylus cantonensis (Rat lungworm)
A0A0K0DG91	Angiostrongylus cantonensis (Rat lungworm)
A0A0K0DGQ9	Angiostrongylus cantonensis (Rat lungworm)
A0A0K0DLH4	Angiostrongylus cantonensis (Rat lungworm)
A0A0K0JZI6	Brugia malayi (Filarial nematode worm)
A0A0M3HM14	Ascaris lumbricoides (Giant roundworm)
A0A0M3HMG9	Ascaris lumbricoides (Giant roundworm)
A0A0M3I4E1	Ascaris lumbricoides (Giant roundworm)
A0A0M3ILY3	Ascaris lumbricoides (Giant roundworm)
A0A0M3IZZ5	Anisakis simplex (Herring worm)
A0A0M3J2F9	Anisakis simplex (Herring worm)
A0A0M3J2S3	Anisakis simplex (Herring worm)
A0A0M3JDV7	Anisakis simplex (Herring worm)
A0A0N4XHM1	Nippostrongylus brasiliensis (Rat hookworm)
A0A0N4XRN3	Nippostrongylus brasiliensis (Rat hookworm)
A0A0N4XU37	Nippostrongylus brasiliensis (Rat hookworm)
A0A0N4YGT2	Nippostrongylus brasiliensis (Rat hookworm)
A0A0N4YQA3	Nippostrongylus brasiliensis (Rat hookworm)
A0A0N4YQX8	Nippostrongylus brasiliensis (Rat hookworm)
A0A0N4YRB5	Nippostrongylus brasiliensis (Rat hookworm)
A0A0N4YVV4	Nippostrongylus brasiliensis (Rat hookworm)
A0A0N4YW14	Nippostrongylus brasiliensis (Rat hookworm)
A0A0N4YZ36	Nippostrongylus brasiliensis (Rat hookworm)
A0A0V0RX39	Trichinella nelsoni
A0A0V0RX85	Trichinella nelsoni
A0A0V0SN22	Trichinella nelsoni
A0A0V0TZD8	Trichinella murrelli
A0A0V0ZU10	Trichinella patagoniensis
A0A0V1A3V9	Trichinella patagoniensis
A0A0V1B7V2	Trichinella spiralis (Trichina worm)
A0A0V1BSG5	Trichinella spiralis (Trichina worm)
A0A0V1CH41	Trichinella britovi (Parasitic roundworm)
A0A0V1CH97	Trichinella britovi (Parasitic roundworm)
A0A0V1DIS4	Trichinella britovi (Parasitic roundworm)
A0A0V1E5B4	Trichinella pseudospiralis (Parasitic roundworm)
A0A0V1EXK0	Trichinella pseudospiralis (Parasitic roundworm)
A0A0V1FH09	Trichinella pseudospiralis (Parasitic roundworm)
A0A0V1FK90	Trichinella pseudospiralis (Parasitic roundworm)
A0A0V1G516	Trichinella pseudospiralis (Parasitic roundworm)
A0A0V1HAL8	Trichinella zimbabwensis
A0A0V1HFE5	Trichinella zimbabwensis
A0A0V1HH40	Trichinella zimbabwensis
A0A0V1HID9	Trichinella zimbabwensis
A0A0V1HJP9	Trichinella zimbabwensis
A0A0V1HSP6	Trichinella zimbabwensis
A0A0V1IEB6	Trichinella pseudospiralis (Parasitic roundworm)
A0A0V1IEC1	Trichinella pseudospiralis (Parasitic roundworm)
A0A0V1IXM6	Trichinella pseudospiralis (Parasitic roundworm)
A0A0V1LBD2	Trichinella nativa
A0A0V1M5L7	Trichinella papuae
A0A0V1MPE3	Trichinella papuae
A0A0V1MPG8	Trichinella papuae
A0A0V1MQ11	Trichinella papuae
A0A0V1MVZ3	Trichinella papuae
A0A0V1MWD9	Trichinella papuae
A0A0V1N0G7	Trichinella papuae
A0A0V1N9Q7	Trichinella papuae
A0A158P6P2	Angiostrongylus cantonensis (Rat lungworm)
A0A183BKY6	Globodera pallida (Potato cyst nematode worm) (Heterodera pallida)
A0A183BZH5	Globodera pallida (Potato cyst nematode worm) (Heterodera pallida)
A0A183C3N4	Globodera pallida (Potato cyst nematode worm) (Heterodera pallida)
A0A183C5T4	Globodera pallida (Potato cyst nematode worm) (Heterodera pallida)
A0A183CD37	Globodera pallida (Potato cyst nematode worm) (Heterodera pallida)
A0A183CKA3	Globodera pallida (Potato cyst nematode worm) (Heterodera pallida)
A0A183CKU9	Globodera pallida (Potato cyst nematode worm) (Heterodera pallida)
A0A183CQY1	Globodera pallida (Potato cyst nematode worm) (Heterodera pallida)
A0A183CTJ8	Globodera pallida (Potato cyst nematode worm) (Heterodera pallida)
A0A183CWI3	Gongylonema pulchrum
A0A183DG99	Gongylonema pulchrum
A0A183F3K3	Heligmosomoides polygyrus (Parasitic roundworm)
A0A183FGB1	Heligmosomoides polygyrus (Parasitic roundworm)
A0A183FHS2	Heligmosomoides polygyrus (Parasitic roundworm)
A0A183FKU2	Heligmosomoides polygyrus (Parasitic roundworm)
A0A183G3B3	Heligmosomoides polygyrus (Parasitic roundworm)
A0A183GJ00	Heligmosomoides polygyrus (Parasitic roundworm)
A0A183GKN8	Heligmosomoides polygyrus (Parasitic roundworm)
A0A183GYG3	Onchocerca flexuosa
A0A183HGH9	Onchocerca flexuosa
A0A183HJ40	Onchocerca flexuosa
A0A183HNA9	Onchocerca flexuosa
A0A183HSD0	Onchocerca flexuosa
A0A183HUE5	Onchocerca flexuosa
A0A183I262	Onchocerca flexuosa
A0A183I445	Onchocerca flexuosa
A0A183I508	Onchocerca flexuosa
A0A183IIB9	Soboliphyme baturini
A0A183IVU7	Soboliphyme baturini
A0A183J6Z7	Soboliphyme baturini
A0A183TUX9	Toxocara canis (Canine roundworm)
A0A183TXM6	Toxocara canis (Canine roundworm)
A0A183TXR6	Toxocara canis (Canine roundworm)
A0A183U0P7	Toxocara canis (Canine roundworm)
A0A183U2Q2	Toxocara canis (Canine roundworm)
A0A183UVG3	Toxocara canis (Canine roundworm)
A0A183UWX1	Toxocara canis (Canine roundworm)
A0A183VAP1	Toxocara canis (Canine roundworm)
A0A1I7T4L3	Caenorhabditis tropicalis
A0A1I7TJ74	Caenorhabditis tropicalis
A0A1I7TZK4	Caenorhabditis tropicalis
A0A1I7U1N6	Caenorhabditis tropicalis
A0A1I7UJL0	Caenorhabditis tropicalis
A0A1I7UZH5	Caenorhabditis tropicalis
A0A1I7V190	Caenorhabditis tropicalis
A0A1I7V5C9	Loa loa (Eye worm) (Filaria loa)
A0A1I7V9R5	Loa loa (Eye worm) (Filaria loa)
A0A1I7VGX7	Loa loa (Eye worm) (Filaria loa)
A0A1I7VNP6	Loa loa (Eye worm) (Filaria loa)
A0A1I7VWH6	Loa loa (Eye worm) (Filaria loa)
A0A1I7VZK1	Loa loa (Eye worm) (Filaria loa)
A0A1I7W0N9	Loa loa (Eye worm) (Filaria loa)
A0A1I7W109	Loa loa (Eye worm) (Filaria loa)
A0A1I7W3K8	Loa loa (Eye worm) (Filaria loa)
A0A1I7W5I8	Loa loa (Eye worm) (Filaria loa)
A0A1I7X0F3	Heterorhabditis bacteriophora (Entomopathogenic nematode worm)
A0A1I7X0S7	Heterorhabditis bacteriophora (Entomopathogenic nematode worm)
A0A1I7X9I4	Heterorhabditis bacteriophora (Entomopathogenic nematode worm)
A0A1I7XZJ1	Steinernema glaseri
A0A1I7Z9G5	Steinernema glaseri
A0A1I8A1I9	Steinernema glaseri
A0A1I8AJZ6	Steinernema glaseri
A0A1I8AU35	Steinernema glaseri
A0A1I8B2W5	Meloidogyne hapla (Root-knot nematode worm)
A0A238BKB5	Onchocerca flexuosa
A0A238BKZ6	Onchocerca flexuosa
A0A238BL17	Onchocerca flexuosa
A0A238BLX7	Onchocerca flexuosa
A0A238BLY7	Onchocerca flexuosa
A0A238BM05	Onchocerca flexuosa
A0A238BTR1	Onchocerca flexuosa
A0A238BXS9	Onchocerca flexuosa
A0A238BZ37	Onchocerca flexuosa
A0A238C2H1	Onchocerca flexuosa
A0A238C2Z9	Onchocerca flexuosa
A0A238C3Q6	Onchocerca flexuosa
A0A260YZD8	Caenorhabditis latens
A0A2G9T496	Teladorsagia circumcincta (Brown stomach worm) (Ostertagia circumcincta)
A0A2G9T5A3	Teladorsagia circumcincta (Brown stomach worm) (Ostertagia circumcincta)
A0A2G9T632	Teladorsagia circumcincta (Brown stomach worm) (Ostertagia circumcincta)
A0A2G9T7T2	Teladorsagia circumcincta (Brown stomach worm) (Ostertagia circumcincta)
A0A2G9T8B3	Teladorsagia circumcincta (Brown stomach worm) (Ostertagia circumcincta)
A0A2G9T9S5	Teladorsagia circumcincta (Brown stomach worm) (Ostertagia circumcincta)
A0A2G9T9W9	Teladorsagia circumcincta (Brown stomach worm) (Ostertagia circumcincta)
A0A2G9TA89	Teladorsagia circumcincta (Brown stomach worm) (Ostertagia circumcincta)
A0A2G9TAI4	Teladorsagia circumcincta (Brown stomach worm) (Ostertagia circumcincta)
A0A2G9TAN6	Teladorsagia circumcincta (Brown stomach worm) (Ostertagia circumcincta)
A0A2G9TBY6	Teladorsagia circumcincta (Brown stomach worm) (Ostertagia circumcincta)
A0A2G9TCC0	Teladorsagia circumcincta (Brown stomach worm) (Ostertagia circumcincta)
A0A2G9TCY5	Teladorsagia circumcincta (Brown stomach worm) (Ostertagia circumcincta)
A0A2G9TES7	Teladorsagia circumcincta (Brown stomach worm) (Ostertagia circumcincta)
A0A2G9TFA2	Teladorsagia circumcincta (Brown stomach worm) (Ostertagia circumcincta)
A0A2G9TFF0	Teladorsagia circumcincta (Brown stomach worm) (Ostertagia circumcincta)
A0A2G9TG41	Teladorsagia circumcincta (Brown stomach worm) (Ostertagia circumcincta)
A0A2G9TGS2	Teladorsagia circumcincta (Brown stomach worm) (Ostertagia circumcincta)
A0A2G9THU8	Teladorsagia circumcincta (Brown stomach worm) (Ostertagia circumcincta)
A0A2G9THW7	Teladorsagia circumcincta (Brown stomach worm) (Ostertagia circumcincta)
A0A2G9TJZ2	Teladorsagia circumcincta (Brown stomach worm) (Ostertagia circumcincta)
A0A2G9TK96	Teladorsagia circumcincta (Brown stomach worm) (Ostertagia circumcincta)
A0A2G9TMJ0	Teladorsagia circumcincta (Brown stomach worm) (Ostertagia circumcincta)
A0A2G9TN32	Teladorsagia circumcincta (Brown stomach worm) (Ostertagia circumcincta)
A0A2G9TQC3	Teladorsagia circumcincta (Brown stomach worm) (Ostertagia circumcincta)
A0A2G9TRF6	Teladorsagia circumcincta (Brown stomach worm) (Ostertagia circumcincta)
A0A2G9TYR6	Teladorsagia circumcincta (Brown stomach worm) (Ostertagia circumcincta)
A0A2G9U055	Teladorsagia circumcincta (Brown stomach worm) (Ostertagia circumcincta)
A0A2G9U1E8	Teladorsagia circumcincta (Brown stomach worm) (Ostertagia circumcincta)
A0A2G9U528	Teladorsagia circumcincta (Brown stomach worm) (Ostertagia circumcincta)
A0A2G9U653	Teladorsagia circumcincta (Brown stomach worm) (Ostertagia circumcincta)
A0A2G9U667	Teladorsagia circumcincta (Brown stomach worm) (Ostertagia circumcincta)
A0A2G9U6X0	Teladorsagia circumcincta (Brown stomach worm) (Ostertagia circumcincta)
A0A2G9U6X6	Teladorsagia circumcincta (Brown stomach worm) (Ostertagia circumcincta)
A0A2G9U7F1	Teladorsagia circumcincta (Brown stomach worm) (Ostertagia circumcincta)
A0A2G9U8P3	Teladorsagia circumcincta (Brown stomach worm) (Ostertagia circumcincta)
A0A2G9U9F4	Teladorsagia circumcincta (Brown stomach worm) (Ostertagia circumcincta)
A0A2G9U9Y3	Teladorsagia circumcincta (Brown stomach worm) (Ostertagia circumcincta)
A0A2G9UA94	Teladorsagia circumcincta (Brown stomach worm) (Ostertagia circumcincta)
A0A2G9UB93	Teladorsagia circumcincta (Brown stomach worm) (Ostertagia circumcincta)
A0A2G9UBG8	Teladorsagia circumcincta (Brown stomach worm) (Ostertagia circumcincta)
A0A2G9UC87	Teladorsagia circumcincta (Brown stomach worm) (Ostertagia circumcincta)
A0A2G9UD86	Teladorsagia circumcincta (Brown stomach worm) (Ostertagia circumcincta)
A0A2G9UFW1	Teladorsagia circumcincta (Brown stomach worm) (Ostertagia circumcincta)
A0A2G9UGE2	Teladorsagia circumcincta (Brown stomach worm) (Ostertagia circumcincta)
A0A2G9UGJ8	Teladorsagia circumcincta (Brown stomach worm) (Ostertagia circumcincta)
A0A2G9UIF9	Teladorsagia circumcincta (Brown stomach worm) (Ostertagia circumcincta)
A0A2G9UJB8	Teladorsagia circumcincta (Brown stomach worm) (Ostertagia circumcincta)
A0A2G9UJF6	Teladorsagia circumcincta (Brown stomach worm) (Ostertagia circumcincta)
A0A2G9UKY2	Teladorsagia circumcincta (Brown stomach worm) (Ostertagia circumcincta)
A0A2G9ULP6	Teladorsagia circumcincta (Brown stomach worm) (Ostertagia circumcincta)
A0A2G9ULR1	Teladorsagia circumcincta (Brown stomach worm) (Ostertagia circumcincta)
A0A2G9ULU8	Teladorsagia circumcincta (Brown stomach worm) (Ostertagia circumcincta)
A0A2G9UMJ7	Teladorsagia circumcincta (Brown stomach worm) (Ostertagia circumcincta)
A0A2G9UMR3	Teladorsagia circumcincta (Brown stomach worm) (Ostertagia circumcincta)
A0A2G9UP23	Teladorsagia circumcincta (Brown stomach worm) (Ostertagia circumcincta)
A0A2G9UQE2	Teladorsagia circumcincta (Brown stomach worm) (Ostertagia circumcincta)
A0A2G9URC2	Teladorsagia circumcincta (Brown stomach worm) (Ostertagia circumcincta)
A0A2G9USC2	Teladorsagia circumcincta (Brown stomach worm) (Ostertagia circumcincta)
A0A2G9UUA4	Teladorsagia circumcincta (Brown stomach worm) (Ostertagia circumcincta)
A0A2G9UUG2	Teladorsagia circumcincta (Brown stomach worm) (Ostertagia circumcincta)
A0A2G9UUH9	Teladorsagia circumcincta (Brown stomach worm) (Ostertagia circumcincta)
A0A2G9UUK1	Teladorsagia circumcincta (Brown stomach worm) (Ostertagia circumcincta)
A0A2G9UVD7	Teladorsagia circumcincta (Brown stomach worm) (Ostertagia circumcincta)
A0A2G9UWU3	Teladorsagia circumcincta (Brown stomach worm) (Ostertagia circumcincta)
A0A2G9UWU5	Teladorsagia circumcincta (Brown stomach worm) (Ostertagia circumcincta)
A0A2G9UWX6	Teladorsagia circumcincta (Brown stomach worm) (Ostertagia circumcincta)
A0A2G9UZF3	Teladorsagia circumcincta (Brown stomach worm) (Ostertagia circumcincta)
A0A2G9UZI3	Teladorsagia circumcincta (Brown stomach worm) (Ostertagia circumcincta)
A0A2G9V0X0	Teladorsagia circumcincta (Brown stomach worm) (Ostertagia circumcincta)
A0A2G9V1K0	Teladorsagia circumcincta (Brown stomach worm) (Ostertagia circumcincta)
A0A2G9V1K8	Teladorsagia circumcincta (Brown stomach worm) (Ostertagia circumcincta)
A0A2G9V320	Teladorsagia circumcincta (Brown stomach worm) (Ostertagia circumcincta)
A0A2G9V523	Teladorsagia circumcincta (Brown stomach worm) (Ostertagia circumcincta)
A0A2G9V5P1	Teladorsagia circumcincta (Brown stomach worm) (Ostertagia circumcincta)
A0A2G9V5X2	Teladorsagia circumcincta (Brown stomach worm) (Ostertagia circumcincta)
A0A368EWE8	Ancylostoma caninum (Dog hookworm)
A0A368EWK3	Ancylostoma caninum (Dog hookworm)
A0A368EXI7	Ancylostoma caninum (Dog hookworm)
A0A368EXY5	Ancylostoma caninum (Dog hookworm)
A0A368F388	Ancylostoma caninum (Dog hookworm)
A0A368F6W1	Ancylostoma caninum (Dog hookworm)
A0A368F7D9	Ancylostoma caninum (Dog hookworm)
A0A368F7S4	Ancylostoma caninum (Dog hookworm)
A0A368F902	Ancylostoma caninum (Dog hookworm)
A0A368FAQ8	Ancylostoma caninum (Dog hookworm)
A0A368FBG0	Ancylostoma caninum (Dog hookworm)
A0A368FBG2	Ancylostoma caninum (Dog hookworm)
A0A368FHU2	Ancylostoma caninum (Dog hookworm)
A0A368FHY9	Ancylostoma caninum (Dog hookworm)
A0A368FIA9	Ancylostoma caninum (Dog hookworm)
A0A368FJ11	Ancylostoma caninum (Dog hookworm)
A0A368FKK2	Ancylostoma caninum (Dog hookworm)
A0A368FL57	Ancylostoma caninum (Dog hookworm)
A0A368FLC2	Ancylostoma caninum (Dog hookworm)
A0A368FMS5	Ancylostoma caninum (Dog hookworm)
A0A368FPS2	Ancylostoma caninum (Dog hookworm)
A0A368FQF9	Ancylostoma caninum (Dog hookworm)
A0A368FRB5	Ancylostoma caninum (Dog hookworm)
A0A368FSB9	Ancylostoma caninum (Dog hookworm)
A0A368FSE2	Ancylostoma caninum (Dog hookworm)
A0A368FYM4	Ancylostoma caninum (Dog hookworm)
A0A368FZS8	Ancylostoma caninum (Dog hookworm)
A0A368G0Y4	Ancylostoma caninum (Dog hookworm)
A0A368G1J9	Ancylostoma caninum (Dog hookworm)
A0A368G573	Ancylostoma caninum (Dog hookworm)
A0A368G6W8	Ancylostoma caninum (Dog hookworm)
A0A368GGA6	Ancylostoma caninum (Dog hookworm)
A0A368GIR3	Ancylostoma caninum (Dog hookworm)
A0A368GLB5	Ancylostoma caninum (Dog hookworm)
A0A368GLG1	Ancylostoma caninum (Dog hookworm)
A0A368GTJ3	Ancylostoma caninum (Dog hookworm)
A0A368GTQ2	Ancylostoma caninum (Dog hookworm)
A0A368GUD5	Ancylostoma caninum (Dog hookworm)
A0A368GUF5	Ancylostoma caninum (Dog hookworm)
A0A368GVT0	Ancylostoma caninum (Dog hookworm)
A0A368GY72	Ancylostoma caninum (Dog hookworm)
A0A368GY81	Ancylostoma caninum (Dog hookworm)
A0A368GY91	Ancylostoma caninum (Dog hookworm)
A0A368GYJ5	Ancylostoma caninum (Dog hookworm)
A0A368GYW6	Ancylostoma caninum (Dog hookworm)
A0A368H055	Ancylostoma caninum (Dog hookworm)
A0A368H3I1	Ancylostoma caninum (Dog hookworm)
A0A368H3M8	Ancylostoma caninum (Dog hookworm)
A0A368H4A2	Ancylostoma caninum (Dog hookworm)
A0A368H6H6	Ancylostoma caninum (Dog hookworm)
A0A368H8G6	Ancylostoma caninum (Dog hookworm)
A0A368HE59	Ancylostoma caninum (Dog hookworm)
A0A3P6Q7A1	Anisakis simplex (Herring worm)
A0A3P6QBT9	Gongylonema pulchrum
A0A3P6R2F0	Cylicostephanus goldi (Nematode worm)
A0A3P6RNR7	Cylicostephanus goldi (Nematode worm)
A0A3P6RT72	Gongylonema pulchrum
A0A3P6SWM8	Cylicostephanus goldi (Nematode worm)
A0A3P7J3N1	Strongylus vulgaris (Blood worm)
A0A3P7JBG8	Strongylus vulgaris (Blood worm)
A0A3P7JU68	Strongylus vulgaris (Blood worm)
A0A3P7KYF0	Strongylus vulgaris (Blood worm)
A0A3P7L1Y9	Strongylus vulgaris (Blood worm)
A0A3P7M0N0	Cylicostephanus goldi (Nematode worm)
A0A3P7M0Q4	Strongylus vulgaris (Blood worm)
A0A3P7NQ86	Cylicostephanus goldi (Nematode worm)
A0A3P7Y6N7	Heligmosomoides polygyrus (Parasitic roundworm)
A0A4U5LRK7	Steinernema carpocapsae (Entomopathogenic nematode)
A0A4U5M0P0	Steinernema carpocapsae (Entomopathogenic nematode)
A0A7E4ULN6	Panagrellus redivivus (Microworm)
A0A7I4Y0P5	Haemonchus contortus (Barber pole worm)
A0A811JWG5	Bursaphelenchus okinawaensis
A0A811KTT3	Bursaphelenchus okinawaensis
A0A811LHL4	Bursaphelenchus okinawaensis
A0A8I3B0E6	Ancylostoma ceylanicum
A0A8I3B0M9	Ancylostoma ceylanicum
A0A8I3B175	Ancylostoma ceylanicum
A0A8I3B1E7	Ancylostoma ceylanicum
A0A8I3B1J5	Ancylostoma ceylanicum
A0A8I3B2S7	Ancylostoma ceylanicum
A0A8I3B2T0	Ancylostoma ceylanicum
A0A8I3B3R1	Ancylostoma ceylanicum
A0A8I3B410	Ancylostoma ceylanicum
A0A8R1DQW7	Caenorhabditis japonica
A0A8R1DR56	Caenorhabditis japonica
A0A8R1E049	Caenorhabditis japonica
A0A8R1EMF0	Caenorhabditis japonica
A0A8R1ERA4	Caenorhabditis japonica
A0A8R1EVH1	Caenorhabditis japonica
A0A8R1HW06	Caenorhabditis japonica
A0A8R1TTA5	Onchocerca volvulus
A0A8S1ELD9	Caenorhabditis bovis
A0A8S1HGK7	Caenorhabditis auriculariae
A0A8S9ZJF6	Meloidogyne graminicola
A0A8S9ZXI2	Meloidogyne graminicola
A0A914BY59	Acrobeloides nanus
A0A914C8T7	Acrobeloides nanus
A0A914D1P0	Acrobeloides nanus
A0A914DBW6	Acrobeloides nanus
A0A914DLU6	Acrobeloides nanus
A0A914EHH2	Acrobeloides nanus
A0A914EJR6	Acrobeloides nanus
A0A914GTL6	Globodera rostochiensis (Golden nematode worm) (Heterodera rostochiensis)
A0A914KRR5	Meloidogyne incognita (Southern root-knot nematode worm) (Oxyuris incognita)
A0A914KWM7	Meloidogyne incognita (Southern root-knot nematode worm) (Oxyuris incognita)
A0A914LC19	Meloidogyne incognita (Southern root-knot nematode worm) (Oxyuris incognita)
A0A914N4N6	Meloidogyne incognita (Southern root-knot nematode worm) (Oxyuris incognita)
A0A914NHK2	Meloidogyne incognita (Southern root-knot nematode worm) (Oxyuris incognita)
A0A914PTP3	Panagrolaimus davidi
A0A914QW85	Panagrolaimus davidi
A0A914R372	Parascaris equorum (Equine roundworm)
A0A914RU75	Parascaris equorum (Equine roundworm)
A0A914S390	Parascaris equorum (Equine roundworm)
A0A914UST5	Plectus sambesii
A0A914V1M7	Plectus sambesii
A0A914V5J9	Plectus sambesii
A0A914VDS9	Plectus sambesii
A0A914W3A2	Plectus sambesii
A0A914YK90	Panagrolaimus superbus
A0A914ZHB7	Parascaris univalens (Nematode worm)
A0A914ZSY5	Parascaris univalens (Nematode worm)
A0A915AMI8	Parascaris univalens (Nematode worm)
A0A915AT52	Parascaris univalens (Nematode worm)
A0A915BH35	Parascaris univalens (Nematode worm)
A0A915BZU9	Parascaris univalens (Nematode worm)
A0A915C0F4	Parascaris univalens (Nematode worm)
A0A915C6C4	Parascaris univalens (Nematode worm)
A0A915C768	Parascaris univalens (Nematode worm)
A0A915C778	Parascaris univalens (Nematode worm)
A0A915DAT9	Ditylenchus dipsaci
A0A915DDE3	Ditylenchus dipsaci
A0A915E4S6	Ditylenchus dipsaci
A0A915E5I3	Ditylenchus dipsaci
A0A915EUW4	Ditylenchus dipsaci
A0A915HVB3	Romanomermis culicivorax (Nematode worm)
A0A915IY16	Romanomermis culicivorax (Nematode worm)
A0A915JD46	Romanomermis culicivorax (Nematode worm)
A0A915JWL2	Romanomermis culicivorax (Nematode worm)
A0A915KDP6	Romanomermis culicivorax (Nematode worm)
A0A915LJF8	Meloidogyne javanica (Root-knot nematode worm)
A0A915MRT2	Meloidogyne javanica (Root-knot nematode worm)
A0A915N1I2	Meloidogyne javanica (Root-knot nematode worm)
A0A915NXA2	Meloidogyne floridensis
A0A915P6G7	Meloidogyne floridensis
A0A915P6W6	Meloidogyne floridensis
A0A915PN61	Setaria digitata
A0A9J2Q6K4	Ascaris lumbricoides (Giant roundworm)
A0AA36CAL1	Mesorhabditis spiculigera
A0AA36CDI9	Mesorhabditis spiculigera
A0AA36DBY5	Mesorhabditis spiculigera
A0AA36FW54	Mesorhabditis spiculigera
A0AA36GAG8	Mesorhabditis spiculigera
A0AA36GPU2	Cylicocyclus nassatus (Nematode worm)
A0AA36H114	Cylicocyclus nassatus (Nematode worm)
A0AA36M2G9	Cylicocyclus nassatus (Nematode worm)
A0AA39HQK0	Steinernema hermaphroditum
A0AA39HSV2	Steinernema hermaphroditum
A0AA39IK83	Steinernema hermaphroditum
A0AAD4NEZ2	Ditylenchus destructor
A0AAD5MNE6	Parelaphostrongylus tenuis (Meningeal worm)
A0AAD5MY00	Parelaphostrongylus tenuis (Meningeal worm)
A0AAD5R5W6	Parelaphostrongylus tenuis (Meningeal worm)
A0AAE9DJG7	Caenorhabditis briggsae
A0AAE9DZE1	Caenorhabditis briggsae
A0AAE9E0K7	Caenorhabditis briggsae
A0AAE9EAK8	Caenorhabditis briggsae
A0AAE9J368	Caenorhabditis briggsae
A0AAE9JHN9	Caenorhabditis briggsae
A0AAF3FAZ5	Mesorhabditis belari
A0AAN8F3E8	Trichostrongylus colubriformis (Black scour worm)
A0AAN8F402	Trichostrongylus colubriformis (Black scour worm)
A0AAN8F4V0	Trichostrongylus colubriformis (Black scour worm)
A0AAN8F833	Trichostrongylus colubriformis (Black scour worm)
A0AAN8FAW1	Trichostrongylus colubriformis (Black scour worm)
A0AAN8FNA2	Trichostrongylus colubriformis (Black scour worm)
A0AAN8FRU7	Trichostrongylus colubriformis (Black scour worm)
A0AAN8FU63	Trichostrongylus colubriformis (Black scour worm)
A0AAN8IBS0	Trichostrongylus colubriformis (Black scour worm)
A0AAN8ICI7	Trichostrongylus colubriformis (Black scour worm)
A0AAN8IG68	Trichostrongylus colubriformis (Black scour worm)
A0AAN8II51	Trichostrongylus colubriformis (Black scour worm)
A0AAN8IM39	Trichostrongylus colubriformis (Black scour worm)
A0AAN8IXD4	Trichostrongylus colubriformis (Black scour worm)
A0AAN8J1V6	Trichostrongylus colubriformis (Black scour worm)
A0AAV5VU70	Pristionchus fissidentatus
A0AAV5WKX0	Pristionchus fissidentatus
A0ABD6F269	Gnathostoma spinigerum
A0ABR1BVP0	Necator americanus (Human hookworm)
A0ABR1BX23	Necator americanus (Human hookworm)
A0ABR1CFE8	Necator americanus (Human hookworm)
A0ABR1CJ08	Necator americanus (Human hookworm)
A0ABR1D9A1	Necator americanus (Human hookworm)
A0ABR1DGW0	Necator americanus (Human hookworm)
A0ABR1DZA9	Necator americanus (Human hookworm)
A0ABR1EQU8	Necator americanus (Human hookworm)
A0ABR1ETI5	Necator americanus (Human hookworm)
A0ABR3KAZ1	Trichinella spiralis (Trichina worm)
A0ABR3KD88	Trichinella spiralis (Trichina worm)
A0ABR3KJF3	Trichinella spiralis (Trichina worm)
A0ABR3KMD7	Trichinella spiralis (Trichina worm)
A0ABR3KSA9	Trichinella spiralis (Trichina worm)
C7BVU0	Angiostrongylus cantonensis (Rat lungworm)
E3NVU8	Caenorhabditis remanei (Caenorhabditis vulgaris)
E3NX34	Caenorhabditis remanei (Caenorhabditis vulgaris)
F1KTB2	Ascaris suum (Pig roundworm) (Ascaris lumbricoides)
G0PC19	Caenorhabditis brenneri (Nematode worm)
W2SHA2	Necator americanus (Human hookworm)
W2SI22	Necator americanus (Human hookworm)
W2SKD9	Necator americanus (Human hookworm)
W2SMI7	Necator americanus (Human hookworm)
W2SNL5	Necator americanus (Human hookworm)
W2SNS0	Necator americanus (Human hookworm)
W2SS16	Necator americanus (Human hookworm)
W2STD4	Necator americanus (Human hookworm)
W2STP8	Necator americanus (Human hookworm)
W2SUE4	Necator americanus (Human hookworm)
W2SVM4	Necator americanus (Human hookworm)
W2SVY1	Necator americanus (Human hookworm)
W2SZ05	Necator americanus (Human hookworm)
W2SZM2	Necator americanus (Human hookworm)
W2T0T2	Necator americanus (Human hookworm)
W2T5I4	Necator americanus (Human hookworm)
W2T6H9	Necator americanus (Human hookworm)
W2T7Y1	Necator americanus (Human hookworm)
W2T8B1	Necator americanus (Human hookworm)
W2TBP8	Necator americanus (Human hookworm)
W2TCI3	Necator americanus (Human hookworm)
W2TDK9	Necator americanus (Human hookworm)
W2TDV3	Necator americanus (Human hookworm)
W2TEU2	Necator americanus (Human hookworm)
W2TFB4	Necator americanus (Human hookworm)
W2TFL8	Necator americanus (Human hookworm)
W2TGC1	Necator americanus (Human hookworm)
W2TGR9	Necator americanus (Human hookworm)
W2TGS9	Necator americanus (Human hookworm)
W2THT8	Necator americanus (Human hookworm)
W2TJP4	Necator americanus (Human hookworm)
W2TKH1	Necator americanus (Human hookworm)
W2TMG7	Necator americanus (Human hookworm)
W2TMZ1	Necator americanus (Human hookworm)
W2TN23	Necator americanus (Human hookworm)
W2TN37	Necator americanus (Human hookworm)
W2TPY7	Necator americanus (Human hookworm)
W2TWU9	Necator americanus (Human hookworm)
W2TXI5	Necator americanus (Human hookworm)
A0A016RTX1	Ancylostoma ceylanicum
A0A016RYE4	Ancylostoma ceylanicum
A0A016S289	Ancylostoma ceylanicum
A0A016S4C8	Ancylostoma ceylanicum
A0A016TH41	Ancylostoma ceylanicum
A0A016U2C2	Ancylostoma ceylanicum
A0A016U3P7	Ancylostoma ceylanicum
A0A016UM15	Ancylostoma ceylanicum
A0A016UZL7	Ancylostoma ceylanicum
A0A016WK11	Ancylostoma ceylanicum
A0A085LVV0	Trichuris suis (pig whipworm)
A0A085LX62	Trichuris suis (pig whipworm)
A0A085M2Z0	Trichuris suis (pig whipworm)
A0A090KP18	Strongyloides ratti (Parasitic roundworm)
A0A090LNL6	Strongyloides ratti (Parasitic roundworm)
A0A090MNB6	Strongyloides ratti (Parasitic roundworm)
A0A0B1RSI2	Oesophagostomum dentatum (Nodular worm)
A0A0B1RSZ2	Oesophagostomum dentatum (Nodular worm)
A0A0B1RUZ5	Oesophagostomum dentatum (Nodular worm)
A0A0B1RV54	Oesophagostomum dentatum (Nodular worm)
A0A0B1RVC1	Oesophagostomum dentatum (Nodular worm)
A0A0B1RZI8	Oesophagostomum dentatum (Nodular worm)
A0A0B1RZW3	Oesophagostomum dentatum (Nodular worm)
A0A0B1S0Q3	Oesophagostomum dentatum (Nodular worm)
A0A0B1S1V8	Oesophagostomum dentatum (Nodular worm)
A0A0B1S306	Oesophagostomum dentatum (Nodular worm)
A0A0B1S7J9	Oesophagostomum dentatum (Nodular worm)
A0A0B1SAD2	Oesophagostomum dentatum (Nodular worm)
A0A0B1SAT2	Oesophagostomum dentatum (Nodular worm)
A0A0B1SAZ3	Oesophagostomum dentatum (Nodular worm)
A0A0B1SB99	Oesophagostomum dentatum (Nodular worm)
A0A0B1SIV2	Oesophagostomum dentatum (Nodular worm)
A0A0B1SJ85	Oesophagostomum dentatum (Nodular worm)
A0A0B1SJM2	Oesophagostomum dentatum (Nodular worm)
A0A0B1SN94	Oesophagostomum dentatum (Nodular worm)
A0A0B1SRV7	Oesophagostomum dentatum (Nodular worm)
A0A0B1SUP7	Oesophagostomum dentatum (Nodular worm)
A0A0B1SWM0	Oesophagostomum dentatum (Nodular worm)
A0A0B1SY66	Oesophagostomum dentatum (Nodular worm)
A0A0B1SYZ0	Oesophagostomum dentatum (Nodular worm)
A0A0B1SZ22	Oesophagostomum dentatum (Nodular worm)
A0A0B1T057	Oesophagostomum dentatum (Nodular worm)
A0A0B1T1Z3	Oesophagostomum dentatum (Nodular worm)
A0A0B1T396	Oesophagostomum dentatum (Nodular worm)
A0A0B1T496	Oesophagostomum dentatum (Nodular worm)
A0A0B1T785	Oesophagostomum dentatum (Nodular worm)
A0A0B1T7Q2	Oesophagostomum dentatum (Nodular worm)
A0A0B1T7Q3	Oesophagostomum dentatum (Nodular worm)
A0A0B1T826	Oesophagostomum dentatum (Nodular worm)
A0A0B1TAB9	Oesophagostomum dentatum (Nodular worm)
A0A0B1TB28	Oesophagostomum dentatum (Nodular worm)
A0A0B1TB56	Oesophagostomum dentatum (Nodular worm)
A0A0B1TBH4	Oesophagostomum dentatum (Nodular worm)
A0A0B1TEF2	Oesophagostomum dentatum (Nodular worm)
A0A0B1TF47	Oesophagostomum dentatum (Nodular worm)
A0A0B1TFW6	Oesophagostomum dentatum (Nodular worm)
A0A0B1TGV0	Oesophagostomum dentatum (Nodular worm)
A0A0B1TJC1	Oesophagostomum dentatum (Nodular worm)
A0A0B1TKK1	Oesophagostomum dentatum (Nodular worm)
A0A0B1TMN8	Oesophagostomum dentatum (Nodular worm)
A0A0B1TNP4	Oesophagostomum dentatum (Nodular worm)
A0A0B1TNZ5	Oesophagostomum dentatum (Nodular worm)
A0A0B1TQ82	Oesophagostomum dentatum (Nodular worm)
A0A0B2UTB6	Toxocara canis (Canine roundworm)
A0A0B2VDT3	Toxocara canis (Canine roundworm)
A0A0B2VMZ9	Toxocara canis (Canine roundworm)
A0A0B2VNF9	Toxocara canis (Canine roundworm)
A0A0B2VQJ6	Toxocara canis (Canine roundworm)
A0A0B2VQU8	Toxocara canis (Canine roundworm)
A0A0B2VS94	Toxocara canis (Canine roundworm)
A0A0C2BEJ5	Ancylostoma duodenale
A0A0C2BNT3	Ancylostoma duodenale
A0A0C2BWG8	Ancylostoma duodenale
A0A0C2CBG0	Ancylostoma duodenale
A0A0C2CBN2	Ancylostoma duodenale
A0A0C2CEP4	Ancylostoma duodenale
A0A0C2CF48	Ancylostoma duodenale
A0A0C2CKJ1	Ancylostoma duodenale
A0A0C2CP44	Ancylostoma duodenale
A0A0C2CX96	Ancylostoma duodenale
A0A0C2D2A9	Ancylostoma duodenale
A0A0C2D4G1	Ancylostoma duodenale
A0A0C2D502	Ancylostoma duodenale
A0A0C2D719	Ancylostoma duodenale
A0A0C2DB67	Ancylostoma duodenale
A0A0C2DCK9	Ancylostoma duodenale
A0A0C2DDI8	Ancylostoma duodenale
A0A0C2DF34	Ancylostoma duodenale
A0A0C2DHM9	Ancylostoma duodenale
A0A0C2DTN9	Ancylostoma duodenale
A0A0C2DWJ6	Ancylostoma duodenale
A0A0C2FBW0	Ancylostoma duodenale
A0A0C2FG55	Ancylostoma duodenale
A0A0C2FSH4	Ancylostoma duodenale
A0A0C2FU64	Ancylostoma duodenale
A0A0C2FUS2	Ancylostoma duodenale
A0A0C2G4L8	Ancylostoma duodenale
A0A0C2G6F5	Ancylostoma duodenale
A0A0C2G6S9	Ancylostoma duodenale
A0A0C2G7F6	Ancylostoma duodenale
A0A0C2G8T3	Ancylostoma duodenale
A0A0C2G9S6	Ancylostoma duodenale
A0A0C2GB86	Ancylostoma duodenale
A0A0C2GBR1	Ancylostoma duodenale
A0A0C2GCB4	Ancylostoma duodenale
A0A0C2GEU0	Ancylostoma duodenale
A0A0C2GK03	Ancylostoma duodenale
A0A0C2GK53	Ancylostoma duodenale
A0A0C2GKQ7	Ancylostoma duodenale
A0A0C2GS59	Ancylostoma duodenale
A0A0C2GTQ9	Ancylostoma duodenale
A0A0C2GVY6	Ancylostoma duodenale
A0A0C2GWP6	Ancylostoma duodenale
A0A0C2GYW7	Ancylostoma duodenale
A0A0C2H264	Ancylostoma duodenale
A0A0C2H524	Ancylostoma duodenale
A0A0C2H7P2	Ancylostoma duodenale
A0A0C2H7X5	Ancylostoma duodenale
A0A0C2HBR9	Ancylostoma duodenale
A0A0C2HBY1	Ancylostoma duodenale
A0A0C2HC92	Ancylostoma duodenale
A0A0C2HCG9	Ancylostoma duodenale
A0A0D6L917	Ancylostoma ceylanicum
A0A0D6L9R5	Ancylostoma ceylanicum
A0A0D6LB92	Ancylostoma ceylanicum
A0A0D6LC69	Ancylostoma ceylanicum
A0A0D6LCF7	Ancylostoma ceylanicum
A0A0D6LGF9	Ancylostoma ceylanicum
A0A0D6LHN0	Ancylostoma ceylanicum
A0A0D6LJK2	Ancylostoma ceylanicum
A0A0D6LLT8	Ancylostoma ceylanicum
A0A0D6LMT0	Ancylostoma ceylanicum
A0A0D6LMW7	Ancylostoma ceylanicum
A0A0D6LNE2	Ancylostoma ceylanicum
A0A0D6LP92	Ancylostoma ceylanicum
A0A0D6LRD0	Ancylostoma ceylanicum
A0A0D6LS31	Ancylostoma ceylanicum
A0A0D6LUA3	Ancylostoma ceylanicum
A0A0D6LUU3	Ancylostoma ceylanicum
A0A0D6M182	Ancylostoma ceylanicum
A0A0D6M3U5	Ancylostoma ceylanicum
A0A0D6M801	Ancylostoma ceylanicum
A0A0D6M9L6	Ancylostoma ceylanicum
A0A0D6MA84	Ancylostoma ceylanicum
A0A0D8X717	Dictyocaulus viviparus (Bovine lungworm)
A0A0D8X8J1	Dictyocaulus viviparus (Bovine lungworm)
A0A0D8XA04	Dictyocaulus viviparus (Bovine lungworm)
A0A0D8XAM4	Dictyocaulus viviparus (Bovine lungworm)
A0A0D8XE82	Dictyocaulus viviparus (Bovine lungworm)
A0A0D8XK31	Dictyocaulus viviparus (Bovine lungworm)
A0A0D8XRJ0	Dictyocaulus viviparus (Bovine lungworm)
A0A0D8XRY0	Dictyocaulus viviparus (Bovine lungworm)
A0A0D8XSR2	Dictyocaulus viviparus (Bovine lungworm)
A0A0D8XY90	Dictyocaulus viviparus (Bovine lungworm)
A0A0D8XZE9	Dictyocaulus viviparus (Bovine lungworm)
A0A0D8Y186	Dictyocaulus viviparus (Bovine lungworm)
A0A0D8Y4Q1	Dictyocaulus viviparus (Bovine lungworm)
A0A0D8Y730	Dictyocaulus viviparus (Bovine lungworm)
A0A0D8YB36	Dictyocaulus viviparus (Bovine lungworm)
A0A0K0CZE6	Angiostrongylus cantonensis (Rat lungworm)
A0A0K0D8Z5	Angiostrongylus cantonensis (Rat lungworm)
A0A0K0D956	Angiostrongylus cantonensis (Rat lungworm)
A0A0K0DC74	Angiostrongylus cantonensis (Rat lungworm)
A0A0K0DDA2	Angiostrongylus cantonensis (Rat lungworm)
A0A0K0DQX7	Angiostrongylus cantonensis (Rat lungworm)
A0A0M3HLB3	Ascaris lumbricoides (Giant roundworm)
A0A0M3I9I4	Ascaris lumbricoides (Giant roundworm)
A0A0M3IJ19	Ascaris lumbricoides (Giant roundworm)
A0A0M3IRN4	Ascaris lumbricoides (Giant roundworm)
A0A0M3JBD0	Anisakis simplex (Herring worm)
A0A0M3JC60	Anisakis simplex (Herring worm)
A0A0M3JJ45	Anisakis simplex (Herring worm)
A0A0M3JMU4	Anisakis simplex (Herring worm)
A0A0M3K0H7	Anisakis simplex (Herring worm)
A0A0N4VMI5	Enterobius vermicularis (Human pinworm)
A0A0N4XST9	Nippostrongylus brasiliensis (Rat hookworm)
A0A0N4XUA4	Nippostrongylus brasiliensis (Rat hookworm)
A0A0N4Y5N5	Nippostrongylus brasiliensis (Rat hookworm)
A0A0N4Y9K3	Nippostrongylus brasiliensis (Rat hookworm)
A0A0N4YGH8	Nippostrongylus brasiliensis (Rat hookworm)
A0A0N4YIE2	Nippostrongylus brasiliensis (Rat hookworm)
A0A0N5A948	Syphacia muris
A0A0N5AQN8	Syphacia muris
A0A0R3PKN1	Angiostrongylus costaricensis (Nematode worm)
A0A0R3S2H5	Elaeophora elaphi
A0A0R3S4L9	Elaeophora elaphi
A0A0V0RX55	Trichinella nelsoni
A0A0V0SMZ3	Trichinella nelsoni
A0A0V0TZD3	Trichinella murrelli
A0A0V0UD22	Trichinella murrelli
A0A0V1A3U3	Trichinella patagoniensis
A0A0V1B7X8	Trichinella spiralis (Trichina worm)
A0A0V1BXF0	Trichinella spiralis (Trichina worm)
A0A0V1DCA1	Trichinella britovi (Parasitic roundworm)
A0A0V1E542	Trichinella pseudospiralis (Parasitic roundworm)
A0A0V1FFC3	Trichinella pseudospiralis (Parasitic roundworm)
A0A0V1G1X9	Trichinella pseudospiralis (Parasitic roundworm)
A0A0V1HAC4	Trichinella zimbabwensis
A0A0V1HFJ5	Trichinella zimbabwensis
A0A0V1HGA8	Trichinella zimbabwensis
A0A0V1HH79	Trichinella zimbabwensis
A0A0V1HK48	Trichinella zimbabwensis
A0A0V1HS75	Trichinella pseudospiralis (Parasitic roundworm)
A0A0V1IXJ0	Trichinella pseudospiralis (Parasitic roundworm)
A0A0V1IXK0	Trichinella pseudospiralis (Parasitic roundworm)
A0A0V1JI26	Trichinella pseudospiralis (Parasitic roundworm)
A0A0V1JSE4	Trichinella pseudospiralis (Parasitic roundworm)
A0A0V1L6X0	Trichinella nativa
A0A0V1L8B2	Trichinella nativa
A0A0V1LF91	Trichinella nativa
A0A0V1MPE7	Trichinella papuae
A0A182EN35	Onchocerca ochengi (Filarial nematode worm)
A0A182EQ10	Onchocerca ochengi (Filarial nematode worm)
A0A183BRM8	Globodera pallida (Potato cyst nematode worm) (Heterodera pallida)
A0A183CG52	Globodera pallida (Potato cyst nematode worm) (Heterodera pallida)
A0A183CI23	Globodera pallida (Potato cyst nematode worm) (Heterodera pallida)
A0A183CPB3	Globodera pallida (Potato cyst nematode worm) (Heterodera pallida)
A0A183CU26	Globodera pallida (Potato cyst nematode worm) (Heterodera pallida)
A0A183CVW7	Gongylonema pulchrum
A0A183D3Z2	Gongylonema pulchrum
A0A183DGI1	Gongylonema pulchrum
A0A183EBH3	Gongylonema pulchrum
A0A183EF06	Gongylonema pulchrum
A0A183EWK6	Gongylonema pulchrum
A0A183F9E7	Heligmosomoides polygyrus (Parasitic roundworm)
A0A183FDK9	Heligmosomoides polygyrus (Parasitic roundworm)
A0A183FJ51	Heligmosomoides polygyrus (Parasitic roundworm)
A0A183FYX4	Heligmosomoides polygyrus (Parasitic roundworm)
A0A183GA95	Heligmosomoides polygyrus (Parasitic roundworm)
A0A183GBF9	Heligmosomoides polygyrus (Parasitic roundworm)
A0A183GDZ4	Heligmosomoides polygyrus (Parasitic roundworm)
A0A183GFB7	Heligmosomoides polygyrus (Parasitic roundworm)
A0A183GMJ2	Heligmosomoides polygyrus (Parasitic roundworm)
A0A183H398	Onchocerca flexuosa
A0A183H952	Onchocerca flexuosa
A0A183HHJ4	Onchocerca flexuosa
A0A183HIM1	Onchocerca flexuosa
A0A183HPX0	Onchocerca flexuosa
A0A183HW62	Onchocerca flexuosa
A0A183HXV8	Onchocerca flexuosa
A0A183I6V5	Onchocerca flexuosa
A0A183U3K9	Toxocara canis (Canine roundworm)
A0A183U479	Toxocara canis (Canine roundworm)
A0A183U4W9	Toxocara canis (Canine roundworm)
A0A183U5K0	Toxocara canis (Canine roundworm)
A0A183UDJ4	Toxocara canis (Canine roundworm)
A0A183UMV5	Toxocara canis (Canine roundworm)
A0A183USB8	Toxocara canis (Canine roundworm)
A0A183V016	Toxocara canis (Canine roundworm)
A0A183V4D8	Toxocara canis (Canine roundworm)
A0A183V9Y5	Toxocara canis (Canine roundworm)
A0A183VCC1	Toxocara canis (Canine roundworm)
A0A183VDV6	Toxocara canis (Canine roundworm)
A0A183VG47	Toxocara canis (Canine roundworm)
A0A1I7T382	Caenorhabditis tropicalis
A0A1I7T4L1	Caenorhabditis tropicalis
A0A1I7T7Q0	Caenorhabditis tropicalis
A0A1I7T7Q1	Caenorhabditis tropicalis
A0A1I7TTC5	Caenorhabditis tropicalis
A0A1I7TZK5	Caenorhabditis tropicalis
A0A1I7U4U8	Caenorhabditis tropicalis
A0A1I7UE81	Caenorhabditis tropicalis
A0A1I7UJK9	Caenorhabditis tropicalis
A0A1I7ULA2	Caenorhabditis tropicalis
A0A1I7V191	Caenorhabditis tropicalis
A0A1I7VIT2	Loa loa (Eye worm) (Filaria loa)
A0A1I7VMA3	Loa loa (Eye worm) (Filaria loa)
A0A1I7VQU0	Loa loa (Eye worm) (Filaria loa)
A0A1I7W022	Loa loa (Eye worm) (Filaria loa)
A0A1I7WN74	Heterorhabditis bacteriophora (Entomopathogenic nematode worm)
A0A1I7XC09	Heterorhabditis bacteriophora (Entomopathogenic nematode worm)
A0A1I7XC75	Heterorhabditis bacteriophora (Entomopathogenic nematode worm)
A0A1I7XH68	Heterorhabditis bacteriophora (Entomopathogenic nematode worm)
A0A1I7XY05	Steinernema glaseri
A0A1I7Y666	Steinernema glaseri
A0A1I7YDR4	Steinernema glaseri
A0A1I7YHR8	Steinernema glaseri
A0A1I7Z229	Steinernema glaseri
A0A1I7Z4X4	Steinernema glaseri
A0A1I7Z5V0	Steinernema glaseri
A0A1I7ZLW3	Steinernema glaseri
A0A1I7ZR41	Steinernema glaseri
A0A1I8A2I9	Steinernema glaseri
A0A1I8AF41	Steinernema glaseri
A0A1I8AL13	Steinernema glaseri
A0A1I8AXH0	Meloidogyne hapla (Root-knot nematode worm)
A0A1I8BQG3	Meloidogyne hapla (Root-knot nematode worm)
A0A1I8BXX7	Meloidogyne hapla (Root-knot nematode worm)
A0A238BJR5	Onchocerca flexuosa
A0A238BKQ4	Onchocerca flexuosa
A0A238BLA4	Onchocerca flexuosa
A0A238BLI1	Onchocerca flexuosa
A0A238BN41	Onchocerca flexuosa
A0A238BPN4	Onchocerca flexuosa
A0A238BPU5	Onchocerca flexuosa
A0A238BR08	Onchocerca flexuosa
A0A238BRH9	Onchocerca flexuosa
A0A238BY04	Onchocerca flexuosa
A0A238C117	Onchocerca flexuosa
A0A261AYK8	Caenorhabditis remanei (Caenorhabditis vulgaris)
A0A2A2J511	Diploscapter pachys
A0A2A2JET7	Diploscapter pachys
A0A2G9T4U9	Teladorsagia circumcincta (Brown stomach worm) (Ostertagia circumcincta)
A0A2G9T5K3	Teladorsagia circumcincta (Brown stomach worm) (Ostertagia circumcincta)
A0A2G9T8V3	Teladorsagia circumcincta (Brown stomach worm) (Ostertagia circumcincta)
A0A2G9T926	Teladorsagia circumcincta (Brown stomach worm) (Ostertagia circumcincta)
A0A2G9T960	Teladorsagia circumcincta (Brown stomach worm) (Ostertagia circumcincta)
A0A2G9T9C7	Teladorsagia circumcincta (Brown stomach worm) (Ostertagia circumcincta)
A0A2G9T9T1	Teladorsagia circumcincta (Brown stomach worm) (Ostertagia circumcincta)
A0A2G9TDW0	Teladorsagia circumcincta (Brown stomach worm) (Ostertagia circumcincta)
A0A2G9TE35	Teladorsagia circumcincta (Brown stomach worm) (Ostertagia circumcincta)
A0A2G9TEF9	Teladorsagia circumcincta (Brown stomach worm) (Ostertagia circumcincta)
A0A2G9THQ1	Teladorsagia circumcincta (Brown stomach worm) (Ostertagia circumcincta)
A0A2G9TI87	Teladorsagia circumcincta (Brown stomach worm) (Ostertagia circumcincta)
A0A2G9TIG1	Teladorsagia circumcincta (Brown stomach worm) (Ostertagia circumcincta)
A0A2G9TKF0	Teladorsagia circumcincta (Brown stomach worm) (Ostertagia circumcincta)
A0A2G9TNL3	Teladorsagia circumcincta (Brown stomach worm) (Ostertagia circumcincta)
A0A2G9TP68	Teladorsagia circumcincta (Brown stomach worm) (Ostertagia circumcincta)
A0A2G9TPL3	Teladorsagia circumcincta (Brown stomach worm) (Ostertagia circumcincta)
A0A2G9TR38	Teladorsagia circumcincta (Brown stomach worm) (Ostertagia circumcincta)
A0A2G9TRP0	Teladorsagia circumcincta (Brown stomach worm) (Ostertagia circumcincta)
A0A2G9TUU9	Teladorsagia circumcincta (Brown stomach worm) (Ostertagia circumcincta)
A0A2G9TWW1	Teladorsagia circumcincta (Brown stomach worm) (Ostertagia circumcincta)
A0A2G9TXE0	Teladorsagia circumcincta (Brown stomach worm) (Ostertagia circumcincta)
A0A2G9TXS8	Teladorsagia circumcincta (Brown stomach worm) (Ostertagia circumcincta)
A0A2G9TXV5	Teladorsagia circumcincta (Brown stomach worm) (Ostertagia circumcincta)
A0A2G9U1F3	Teladorsagia circumcincta (Brown stomach worm) (Ostertagia circumcincta)
A0A2G9U1Z0	Teladorsagia circumcincta (Brown stomach worm) (Ostertagia circumcincta)
A0A2G9U6Y7	Teladorsagia circumcincta (Brown stomach worm) (Ostertagia circumcincta)
A0A2G9U795	Teladorsagia circumcincta (Brown stomach worm) (Ostertagia circumcincta)
A0A2G9U975	Teladorsagia circumcincta (Brown stomach worm) (Ostertagia circumcincta)
A0A2G9UAD8	Teladorsagia circumcincta (Brown stomach worm) (Ostertagia circumcincta)
A0A2G9UAI1	Teladorsagia circumcincta (Brown stomach worm) (Ostertagia circumcincta)
A0A2G9UCS2	Teladorsagia circumcincta (Brown stomach worm) (Ostertagia circumcincta)
A0A2G9UDF6	Teladorsagia circumcincta (Brown stomach worm) (Ostertagia circumcincta)
A0A2G9UEG8	Teladorsagia circumcincta (Brown stomach worm) (Ostertagia circumcincta)
A0A2G9UHH8	Teladorsagia circumcincta (Brown stomach worm) (Ostertagia circumcincta)
A0A2G9UKT9	Teladorsagia circumcincta (Brown stomach worm) (Ostertagia circumcincta)
A0A2G9ULA9	Teladorsagia circumcincta (Brown stomach worm) (Ostertagia circumcincta)
A0A2G9ULG2	Teladorsagia circumcincta (Brown stomach worm) (Ostertagia circumcincta)
A0A2G9UNT2	Teladorsagia circumcincta (Brown stomach worm) (Ostertagia circumcincta)
A0A2G9UQ24	Teladorsagia circumcincta (Brown stomach worm) (Ostertagia circumcincta)
A0A2G9UQR1	Teladorsagia circumcincta (Brown stomach worm) (Ostertagia circumcincta)
A0A2G9URI8	Teladorsagia circumcincta (Brown stomach worm) (Ostertagia circumcincta)
A0A2G9URL5	Teladorsagia circumcincta (Brown stomach worm) (Ostertagia circumcincta)
A0A2G9USM6	Teladorsagia circumcincta (Brown stomach worm) (Ostertagia circumcincta)
A0A2G9USZ0	Teladorsagia circumcincta (Brown stomach worm) (Ostertagia circumcincta)
A0A2G9UUH2	Teladorsagia circumcincta (Brown stomach worm) (Ostertagia circumcincta)
A0A2G9UUT3	Teladorsagia circumcincta (Brown stomach worm) (Ostertagia circumcincta)
A0A2G9UV51	Teladorsagia circumcincta (Brown stomach worm) (Ostertagia circumcincta)
A0A2G9UWC8	Teladorsagia circumcincta (Brown stomach worm) (Ostertagia circumcincta)
A0A2G9UWG1	Teladorsagia circumcincta (Brown stomach worm) (Ostertagia circumcincta)
A0A2G9UWH8	Teladorsagia circumcincta (Brown stomach worm) (Ostertagia circumcincta)
A0A2G9UWR6	Teladorsagia circumcincta (Brown stomach worm) (Ostertagia circumcincta)
A0A2G9UX75	Teladorsagia circumcincta (Brown stomach worm) (Ostertagia circumcincta)
A0A2G9UX81	Teladorsagia circumcincta (Brown stomach worm) (Ostertagia circumcincta)
A0A2G9UXA6	Teladorsagia circumcincta (Brown stomach worm) (Ostertagia circumcincta)
A0A2G9UXL0	Teladorsagia circumcincta (Brown stomach worm) (Ostertagia circumcincta)
A0A2G9UYJ9	Teladorsagia circumcincta (Brown stomach worm) (Ostertagia circumcincta)
A0A2G9V0M0	Teladorsagia circumcincta (Brown stomach worm) (Ostertagia circumcincta)
A0A2G9V2N8	Teladorsagia circumcincta (Brown stomach worm) (Ostertagia circumcincta)
A0A2G9V3T8	Teladorsagia circumcincta (Brown stomach worm) (Ostertagia circumcincta)
A0A2G9V471	Teladorsagia circumcincta (Brown stomach worm) (Ostertagia circumcincta)
A0A2G9V563	Teladorsagia circumcincta (Brown stomach worm) (Ostertagia circumcincta)
A0A2G9V5B3	Teladorsagia circumcincta (Brown stomach worm) (Ostertagia circumcincta)
A0A2G9V5D7	Teladorsagia circumcincta (Brown stomach worm) (Ostertagia circumcincta)
A0A2G9V5E7	Teladorsagia circumcincta (Brown stomach worm) (Ostertagia circumcincta)
A0A2G9V5E8	Teladorsagia circumcincta (Brown stomach worm) (Ostertagia circumcincta)
A0A2G9V5H6	Teladorsagia circumcincta (Brown stomach worm) (Ostertagia circumcincta)
A0A368EZ03	Ancylostoma caninum (Dog hookworm)
A0A368F0A3	Ancylostoma caninum (Dog hookworm)
A0A368F0C2	Ancylostoma caninum (Dog hookworm)
A0A368F271	Ancylostoma caninum (Dog hookworm)
A0A368F472	Ancylostoma caninum (Dog hookworm)
A0A368F4X5	Ancylostoma caninum (Dog hookworm)
A0A368F4Y9	Ancylostoma caninum (Dog hookworm)
A0A368F666	Ancylostoma caninum (Dog hookworm)
A0A368F6H1	Ancylostoma caninum (Dog hookworm)
A0A368F9C4	Ancylostoma caninum (Dog hookworm)
A0A368FAQ1	Ancylostoma caninum (Dog hookworm)
A0A368FD32	Ancylostoma caninum (Dog hookworm)
A0A368FDH8	Ancylostoma caninum (Dog hookworm)
A0A368FGH4	Ancylostoma caninum (Dog hookworm)
A0A368FK44	Ancylostoma caninum (Dog hookworm)
A0A368FNQ0	Ancylostoma caninum (Dog hookworm)
A0A368FNQ3	Ancylostoma caninum (Dog hookworm)
A0A368FNS0	Ancylostoma caninum (Dog hookworm)
A0A368FPH7	Ancylostoma caninum (Dog hookworm)
A0A368FRI2	Ancylostoma caninum (Dog hookworm)
A0A368FSI4	Ancylostoma caninum (Dog hookworm)
A0A368FWR8	Ancylostoma caninum (Dog hookworm)
A0A368FXV5	Ancylostoma caninum (Dog hookworm)
A0A368FYC8	Ancylostoma caninum (Dog hookworm)
A0A368FYG4	Ancylostoma caninum (Dog hookworm)
A0A368G148	Ancylostoma caninum (Dog hookworm)
A0A368G1I1	Ancylostoma caninum (Dog hookworm)
A0A368G3Y4	Ancylostoma caninum (Dog hookworm)
A0A368G5B6	Ancylostoma caninum (Dog hookworm)
A0A368G5S1	Ancylostoma caninum (Dog hookworm)
A0A368GC11	Ancylostoma caninum (Dog hookworm)
A0A368GCF9	Ancylostoma caninum (Dog hookworm)
A0A368GFF0	Ancylostoma caninum (Dog hookworm)
A0A368GKI8	Ancylostoma caninum (Dog hookworm)
A0A368GML2	Ancylostoma caninum (Dog hookworm)
A0A368GQH5	Ancylostoma caninum (Dog hookworm)
A0A368GU97	Ancylostoma caninum (Dog hookworm)
A0A368GW83	Ancylostoma caninum (Dog hookworm)
A0A368GWH8	Ancylostoma caninum (Dog hookworm)
A0A368GWK5	Ancylostoma caninum (Dog hookworm)
A0A368GX21	Ancylostoma caninum (Dog hookworm)
A0A368GXN5	Ancylostoma caninum (Dog hookworm)
A0A368GY66	Ancylostoma caninum (Dog hookworm)
A0A368GYA0	Ancylostoma caninum (Dog hookworm)
A0A368GYN2	Ancylostoma caninum (Dog hookworm)
A0A368GYV5	Ancylostoma caninum (Dog hookworm)
A0A368GZG2	Ancylostoma caninum (Dog hookworm)
A0A368H0F9	Ancylostoma caninum (Dog hookworm)
A0A368H1M6	Ancylostoma caninum (Dog hookworm)
A0A368H490	Ancylostoma caninum (Dog hookworm)
A0A368H5P4	Ancylostoma caninum (Dog hookworm)
A0A368H6D3	Ancylostoma caninum (Dog hookworm)
A0A368H8W8	Ancylostoma caninum (Dog hookworm)
A0A368H9Z9	Ancylostoma caninum (Dog hookworm)
A0A3P6MZJ1	Anisakis simplex (Herring worm)
A0A3P6RJZ4	Cylicostephanus goldi (Nematode worm)
A0A3P6RQ92	Cylicostephanus goldi (Nematode worm)
A0A3P6SC21	Anisakis simplex (Herring worm)
A0A3P6SQ99	Cylicostephanus goldi (Nematode worm)
A0A3P6T0N6	Cylicostephanus goldi (Nematode worm)
A0A3P6T953	Cylicostephanus goldi (Nematode worm)
A0A3P6UWR3	Cylicostephanus goldi (Nematode worm)
A0A3P7EB39	Wuchereria bancrofti
A0A3P7G2N1	Wuchereria bancrofti
A0A3P7I0C6	Strongylus vulgaris (Blood worm)
A0A3P7IF56	Strongylus vulgaris (Blood worm)
A0A3P7ITZ8	Strongylus vulgaris (Blood worm)
A0A3P7JFP2	Strongylus vulgaris (Blood worm)
A0A3P7JJR7	Strongylus vulgaris (Blood worm)
A0A3P7JQF2	Strongylus vulgaris (Blood worm)
A0A3P7MKF4	Onchocerca ochengi (Filarial nematode worm)
A0A3P7N273	Cylicostephanus goldi (Nematode worm)
A0A3P7PZ27	Cylicostephanus goldi (Nematode worm)
A0A3P7QH20	Cylicostephanus goldi (Nematode worm)
A0A3P7QJF5	Cylicostephanus goldi (Nematode worm)
A0A3P7QJX2	Gongylonema pulchrum
A0A3P8AUK2	Onchocerca flexuosa
A0A3P8FUZ1	Onchocerca flexuosa
A0A498SED4	Acanthocheilonema viteae (Filarial nematode worm) (Dipetalonema viteae)
A0A4U5M6S8	Steinernema carpocapsae (Entomopathogenic nematode)
A0A4U8UK81	Steinernema carpocapsae (Entomopathogenic nematode)
A0A7E4W7M2	Panagrellus redivivus (Microworm)
A0A7I4YEB2	Haemonchus contortus (Barber pole worm)
A0A7I4Z3A6	Haemonchus contortus (Barber pole worm)
A0A811KPI1	Bursaphelenchus okinawaensis
A0A8I3B0B2	Ancylostoma ceylanicum
A0A8I3B0C3	Ancylostoma ceylanicum
A0A8I3B0N2	Ancylostoma ceylanicum
A0A8I3B0R1	Ancylostoma ceylanicum
A0A8I3B116	Ancylostoma ceylanicum
A0A8I3B1F3	Ancylostoma ceylanicum
A0A8I3B1H4	Ancylostoma ceylanicum
A0A8I3B2H0	Ancylostoma ceylanicum
A0A8I3B2M8	Ancylostoma ceylanicum
A0A8I3B2U2	Ancylostoma ceylanicum
A0A8I3B2W7	Ancylostoma ceylanicum
A0A8I3B345	Ancylostoma ceylanicum
A0A8I3B3Q7	Ancylostoma ceylanicum
A0A8I3B403	Ancylostoma ceylanicum
A0A8I3B420	Ancylostoma ceylanicum
A0A8J2LWI7	Cercopithifilaria johnstoni
A0A8J2LZJ2	Cercopithifilaria johnstoni
A0A8R1E6W4	Caenorhabditis japonica
A0A8R1HHX9	Caenorhabditis japonica
A0A8R1IIM1	Caenorhabditis japonica
A0A8R1IQW4	Caenorhabditis japonica
A0A8R1J0M0	Caenorhabditis japonica
A0A8R1J1U0	Caenorhabditis japonica
A0A8S1EB54	Caenorhabditis bovis
A0A8S1EF42	Caenorhabditis bovis
A0A8S1EGR9	Caenorhabditis bovis
A0A8S1GU53	Caenorhabditis auriculariae
A0A8S1HPS4	Caenorhabditis auriculariae
A0A8S9ZHD5	Meloidogyne graminicola
A0A914C609	Acrobeloides nanus
A0A914CAQ0	Acrobeloides nanus
A0A914CUH0	Acrobeloides nanus
A0A914DLJ4	Acrobeloides nanus
A0A914E5D7	Acrobeloides nanus
A0A914EBJ3	Acrobeloides nanus
A0A914EKC7	Acrobeloides nanus
A0A914EP45	Acrobeloides nanus
A0A914H1N6	Globodera rostochiensis (Golden nematode worm) (Heterodera rostochiensis)
A0A914KIZ1	Meloidogyne incognita (Southern root-knot nematode worm) (Oxyuris incognita)
A0A914KYQ1	Meloidogyne incognita (Southern root-knot nematode worm) (Oxyuris incognita)
A0A914MI94	Meloidogyne incognita (Southern root-knot nematode worm) (Oxyuris incognita)
A0A914MP52	Meloidogyne incognita (Southern root-knot nematode worm) (Oxyuris incognita)
A0A914NLC4	Meloidogyne incognita (Southern root-knot nematode worm) (Oxyuris incognita)
A0A914NLF5	Meloidogyne incognita (Southern root-knot nematode worm) (Oxyuris incognita)
A0A914PLU4	Panagrolaimus davidi
A0A914Q1L6	Panagrolaimus davidi
A0A914QK71	Panagrolaimus davidi
A0A914QTC9	Panagrolaimus davidi
A0A914QXB1	Panagrolaimus davidi
A0A914SG31	Parascaris equorum (Equine roundworm)
A0A914V5W9	Plectus sambesii
A0A914VL13	Plectus sambesii
A0A914VU51	Plectus sambesii
A0A914WJV1	Plectus sambesii
A0A914WXX5	Plectus sambesii
A0A914Y3D6	Panagrolaimus superbus
A0A914Y865	Panagrolaimus superbus
A0A914YAG7	Panagrolaimus superbus
A0A914YCM3	Panagrolaimus superbus
A0A914ZDN4	Parascaris univalens (Nematode worm)
A0A914ZM03	Parascaris univalens (Nematode worm)
A0A915AUP6	Parascaris univalens (Nematode worm)
A0A915B5A4	Parascaris univalens (Nematode worm)
A0A915BI53	Parascaris univalens (Nematode worm)
A0A915BJ24	Parascaris univalens (Nematode worm)
A0A915BWH3	Parascaris univalens (Nematode worm)
A0A915BWZ9	Parascaris univalens (Nematode worm)
A0A915BZB9	Parascaris univalens (Nematode worm)
A0A915BZC3	Parascaris univalens (Nematode worm)
A0A915C6U1	Parascaris univalens (Nematode worm)
A0A915C7S4	Parascaris univalens (Nematode worm)
A0A915CG53	Parascaris univalens (Nematode worm)
A0A915CPW7	Ditylenchus dipsaci
A0A915CR85	Ditylenchus dipsaci
A0A915ILW2	Romanomermis culicivorax (Nematode worm)
A0A915IY09	Romanomermis culicivorax (Nematode worm)
A0A915IYW9	Romanomermis culicivorax (Nematode worm)
A0A915K7F3	Romanomermis culicivorax (Nematode worm)
A0A915LNF7	Meloidogyne javanica (Root-knot nematode worm)
A0A915LNG2	Meloidogyne javanica (Root-knot nematode worm)
A0A915LSU4	Meloidogyne javanica (Root-knot nematode worm)
A0A915M0Z1	Meloidogyne javanica (Root-knot nematode worm)
A0A915NGI3	Meloidogyne floridensis
A0A915P2W6	Meloidogyne floridensis
A0A915Q192	Setaria digitata
A0A915Q4B9	Setaria digitata
A0A9P1I821	Caenorhabditis angaria
A0A9P1N7W2	Caenorhabditis angaria
A0AA36CC01	Mesorhabditis spiculigera
A0AA36DLS1	Cylicocyclus nassatus (Nematode worm)
A0AA36DNF9	Cylicocyclus nassatus (Nematode worm)
A0AA36GL41	Cylicocyclus nassatus (Nematode worm)
A0AA36GNI0	Cylicocyclus nassatus (Nematode worm)
A0AA36MBB4	Cylicocyclus nassatus (Nematode worm)
A0AA36MGX2	Cylicocyclus nassatus (Nematode worm)
A0AA39IK90	Steinernema hermaphroditum
A0AA39M9V4	Steinernema hermaphroditum
A0AAD5M2A3	Parelaphostrongylus tenuis (Meningeal worm)
A0AAD5M2F2	Parelaphostrongylus tenuis (Meningeal worm)
A0AAD5MXM9	Parelaphostrongylus tenuis (Meningeal worm)
A0AAD5NDL4	Parelaphostrongylus tenuis (Meningeal worm)
A0AAD5QFN1	Parelaphostrongylus tenuis (Meningeal worm)
A0AAD5R8R4	Parelaphostrongylus tenuis (Meningeal worm)
A0AAE9E2H5	Caenorhabditis briggsae
A0AAE9E9C1	Caenorhabditis briggsae
A0AAE9EKG4	Caenorhabditis briggsae
A0AAE9JI60	Caenorhabditis briggsae
A0AAE9JU33	Caenorhabditis briggsae
A0AAF3EDG5	Mesorhabditis belari
A0AAF3FHH1	Mesorhabditis belari
A0AAF3FKK4	Mesorhabditis belari
A0AAF3J207	Mesorhabditis belari
A0AAN5CZL3	Pristionchus mayeri
A0AAN8EXB7	Trichostrongylus colubriformis (Black scour worm)
A0AAN8F8C8	Trichostrongylus colubriformis (Black scour worm)
A0AAN8F954	Trichostrongylus colubriformis (Black scour worm)
A0AAN8FD20	Trichostrongylus colubriformis (Black scour worm)
A0AAN8FD68	Trichostrongylus colubriformis (Black scour worm)
A0AAN8FMK6	Trichostrongylus colubriformis (Black scour worm)
A0AAN8FMK8	Trichostrongylus colubriformis (Black scour worm)
A0AAN8FTJ3	Trichostrongylus colubriformis (Black scour worm)
A0AAN8FZX4	Trichostrongylus colubriformis (Black scour worm)
A0AAN8G3R5	Trichostrongylus colubriformis (Black scour worm)
A0AAN8IAE5	Trichostrongylus colubriformis (Black scour worm)
A0AAN8IFX5	Trichostrongylus colubriformis (Black scour worm)
A0AAN8IJ18	Trichostrongylus colubriformis (Black scour worm)
A0AAN8ILP4	Trichostrongylus colubriformis (Black scour worm)
A0AAN8IPK0	Trichostrongylus colubriformis (Black scour worm)
A0AAN8ISK0	Trichostrongylus colubriformis (Black scour worm)
A0AAN8IYS2	Trichostrongylus colubriformis (Black scour worm)
A0AAN8J0W7	Trichostrongylus colubriformis (Black scour worm)
A0AAN8J2G8	Trichostrongylus colubriformis (Black scour worm)
A0AAV5VRE3	Pristionchus fissidentatus
A0AAV5WK85	Pristionchus fissidentatus
A0ABD2MCT4	Heterodera trifolii
A0ABD6ETD2	Gnathostoma spinigerum
A0ABR1BMR6	Necator americanus (Human hookworm)
A0ABR1BTQ7	Necator americanus (Human hookworm)
A0ABR1BU73	Necator americanus (Human hookworm)
A0ABR1BYE5	Necator americanus (Human hookworm)
A0ABR1C0U2	Necator americanus (Human hookworm)
A0ABR1CFM9	Necator americanus (Human hookworm)
A0ABR1DN11	Necator americanus (Human hookworm)
A0ABR1DND9	Necator americanus (Human hookworm)
A0ABR1DWL9	Necator americanus (Human hookworm)
A0ABR1EU53	Necator americanus (Human hookworm)
A0ABR1EX25	Necator americanus (Human hookworm)
A0ABR3K1C3	Trichinella spiralis (Trichina worm)
A0ABR3KS49	Trichinella spiralis (Trichina worm)
A0ABR3KSF4	Trichinella spiralis (Trichina worm)
C7TNZ2	Angiostrongylus cantonensis (Rat lungworm)
E3NVL6	Caenorhabditis remanei (Caenorhabditis vulgaris)
E5SQP4	Trichinella spiralis (Trichina worm)
F1KR62	Ascaris suum (Pig roundworm) (Ascaris lumbricoides)
G0MGQ4	Caenorhabditis brenneri (Nematode worm)
G0NYC0	Caenorhabditis brenneri (Nematode worm)
H2W0M7	Caenorhabditis japonica
W2SG39	Necator americanus (Human hookworm)
W2SHD8	Necator americanus (Human hookworm)
W2SL26	Necator americanus (Human hookworm)
W2SNT4	Necator americanus (Human hookworm)
W2SQL0	Necator americanus (Human hookworm)
W2SQT0	Necator americanus (Human hookworm)
W2SRS3	Necator americanus (Human hookworm)
W2ST35	Necator americanus (Human hookworm)
W2SYG9	Necator americanus (Human hookworm)
W2T081	Necator americanus (Human hookworm)
W2T0J9	Necator americanus (Human hookworm)
W2T0U5	Necator americanus (Human hookworm)
W2T654	Necator americanus (Human hookworm)
W2T6Q1	Necator americanus (Human hookworm)
W2T6U9	Necator americanus (Human hookworm)
W2T910	Necator americanus (Human hookworm)
W2T9G9	Necator americanus (Human hookworm)
W2TBL2	Necator americanus (Human hookworm)
W2TBN0	Necator americanus (Human hookworm)
W2TF09	Necator americanus (Human hookworm)
W2TFD4	Necator americanus (Human hookworm)
W2TFG2	Necator americanus (Human hookworm)
W2TGX1	Necator americanus (Human hookworm)
W2THD9	Necator americanus (Human hookworm)
W2TJD1	Necator americanus (Human hookworm)
W2TNF9	Necator americanus (Human hookworm)
W2TNL5	Necator americanus (Human hookworm)
W2TPJ4	Necator americanus (Human hookworm)
W2TPL8	Necator americanus (Human hookworm)
W2TQ32	Necator americanus (Human hookworm)
W2TQC4	Necator americanus (Human hookworm)
W2TSH8	Necator americanus (Human hookworm)
W2TVI1	Necator americanus (Human hookworm)
W2TZQ3	Necator americanus (Human hookworm)
W2U0R1	Necator americanus (Human hookworm)
W2U198	Necator americanus (Human hookworm)
A0A016RV52	Ancylostoma ceylanicum
A0A016S0X0	Ancylostoma ceylanicum
A0A016S4H7	Ancylostoma ceylanicum
A0A016S5Q7	Ancylostoma ceylanicum
A0A016SMF4	Ancylostoma ceylanicum
A0A016T6S8	Ancylostoma ceylanicum
A0A016THY1	Ancylostoma ceylanicum
A0A016U1S5	Ancylostoma ceylanicum
A0A016U3S1	Ancylostoma ceylanicum
A0A016U6P8	Ancylostoma ceylanicum
A0A016UNC9	Ancylostoma ceylanicum
A0A016V6H1	Ancylostoma ceylanicum
A0A016VT53	Ancylostoma ceylanicum
A0A016WUZ7	Ancylostoma ceylanicum
A0A085LT68	Trichuris suis (pig whipworm)
A0A090KX29	Strongyloides ratti (Parasitic roundworm)
A0A090L1D7	Strongyloides ratti (Parasitic roundworm)
A0A090MYC1	Strongyloides ratti (Parasitic roundworm)
A0A0B1RVS2	Oesophagostomum dentatum (Nodular worm)
A0A0B1RYB1	Oesophagostomum dentatum (Nodular worm)
A0A0B1RZF1	Oesophagostomum dentatum (Nodular worm)
A0A0B1S1N9	Oesophagostomum dentatum (Nodular worm)
A0A0B1S3P1	Oesophagostomum dentatum (Nodular worm)
A0A0B1S9E7	Oesophagostomum dentatum (Nodular worm)
A0A0B1SAG8	Oesophagostomum dentatum (Nodular worm)
A0A0B1SAS4	Oesophagostomum dentatum (Nodular worm)
A0A0B1SC82	Oesophagostomum dentatum (Nodular worm)
A0A0B1SD90	Oesophagostomum dentatum (Nodular worm)
A0A0B1SGT4	Oesophagostomum dentatum (Nodular worm)
A0A0B1SIN5	Oesophagostomum dentatum (Nodular worm)
A0A0B1SIY7	Oesophagostomum dentatum (Nodular worm)
A0A0B1SL91	Oesophagostomum dentatum (Nodular worm)
A0A0B1SRX6	Oesophagostomum dentatum (Nodular worm)
A0A0B1STP1	Oesophagostomum dentatum (Nodular worm)
A0A0B1SW37	Oesophagostomum dentatum (Nodular worm)
A0A0B1SW91	Oesophagostomum dentatum (Nodular worm)
A0A0B1SZN9	Oesophagostomum dentatum (Nodular worm)
A0A0B1T081	Oesophagostomum dentatum (Nodular worm)
A0A0B1T0H9	Oesophagostomum dentatum (Nodular worm)
A0A0B1T2P6	Oesophagostomum dentatum (Nodular worm)
A0A0B1T738	Oesophagostomum dentatum (Nodular worm)
A0A0B1T882	Oesophagostomum dentatum (Nodular worm)
A0A0B1T9I6	Oesophagostomum dentatum (Nodular worm)
A0A0B1TEE2	Oesophagostomum dentatum (Nodular worm)
A0A0B1TFD6	Oesophagostomum dentatum (Nodular worm)
A0A0B1TH58	Oesophagostomum dentatum (Nodular worm)
A0A0B1THD0	Oesophagostomum dentatum (Nodular worm)
A0A0B1THV3	Oesophagostomum dentatum (Nodular worm)
A0A0B1TI69	Oesophagostomum dentatum (Nodular worm)
A0A0B1TJL4	Oesophagostomum dentatum (Nodular worm)
A0A0B1TKA6	Oesophagostomum dentatum (Nodular worm)
A0A0B1TMG7	Oesophagostomum dentatum (Nodular worm)
A0A0B1TVP0	Oesophagostomum dentatum (Nodular worm)
A0A0B2UVI3	Toxocara canis (Canine roundworm)
A0A0B2VC87	Toxocara canis (Canine roundworm)
A0A0B2VDL8	Toxocara canis (Canine roundworm)
A0A0B2VQ98	Toxocara canis (Canine roundworm)
A0A0B2VT61	Toxocara canis (Canine roundworm)
A0A0B2W4A2	Toxocara canis (Canine roundworm)
A0A0B2W4Y7	Toxocara canis (Canine roundworm)
A0A0C2BHG5	Ancylostoma duodenale
A0A0C2BJY0	Ancylostoma duodenale
A0A0C2BSQ5	Ancylostoma duodenale
A0A0C2BVH5	Ancylostoma duodenale
A0A0C2BXY2	Ancylostoma duodenale
A0A0C2CAS6	Ancylostoma duodenale
A0A0C2CAY9	Ancylostoma duodenale
A0A0C2CGV0	Ancylostoma duodenale
A0A0C2CKZ0	Ancylostoma duodenale
A0A0C2CLL1	Ancylostoma duodenale
A0A0C2CM04	Ancylostoma duodenale
A0A0C2CMH1	Ancylostoma duodenale
A0A0C2CN57	Ancylostoma duodenale
A0A0C2D094	Ancylostoma duodenale
A0A0C2D9N6	Ancylostoma duodenale
A0A0C2DL61	Ancylostoma duodenale
A0A0C2DN15	Ancylostoma duodenale
A0A0C2DQC7	Ancylostoma duodenale
A0A0C2DQL6	Ancylostoma duodenale
A0A0C2DVB5	Ancylostoma duodenale
A0A0C2E0U1	Ancylostoma duodenale
A0A0C2FBU8	Ancylostoma duodenale
A0A0C2FD73	Ancylostoma duodenale
A0A0C2FKT0	Ancylostoma duodenale
A0A0C2FP56	Ancylostoma duodenale
A0A0C2FQJ1	Ancylostoma duodenale
A0A0C2FQV1	Ancylostoma duodenale
A0A0C2FTP5	Ancylostoma duodenale
A0A0C2FZ62	Ancylostoma duodenale
A0A0C2G0G7	Ancylostoma duodenale
A0A0C2G1N8	Ancylostoma duodenale
A0A0C2G4S6	Ancylostoma duodenale
A0A0C2G6Y0	Ancylostoma duodenale
A0A0C2G7R8	Ancylostoma duodenale
A0A0C2GAS6	Ancylostoma duodenale
A0A0C2GDC3	Ancylostoma duodenale
A0A0C2GE45	Ancylostoma duodenale
A0A0C2GE91	Ancylostoma duodenale
A0A0C2GFR4	Ancylostoma duodenale
A0A0C2GKG4	Ancylostoma duodenale
A0A0C2GPA4	Ancylostoma duodenale
A0A0C2GQ08	Ancylostoma duodenale
A0A0C2GR42	Ancylostoma duodenale
A0A0C2GTK6	Ancylostoma duodenale
A0A0C2GU84	Ancylostoma duodenale
A0A0C2GYY7	Ancylostoma duodenale
A0A0C2H0R4	Ancylostoma duodenale
A0A0C2H186	Ancylostoma duodenale
A0A0C2H1L1	Ancylostoma duodenale
A0A0C2H4I1	Ancylostoma duodenale
A0A0C2H4X1	Ancylostoma duodenale
A0A0C2H5L1	Ancylostoma duodenale
A0A0C2H7G5	Ancylostoma duodenale
A0A0C2H8F9	Ancylostoma duodenale
A0A0C2H8Q4	Ancylostoma duodenale
A0A0C2HA40	Ancylostoma duodenale
A0A0C2HEJ7	Ancylostoma duodenale
A0A0D6L4U1	Ancylostoma ceylanicum
A0A0D6L510	Ancylostoma ceylanicum
A0A0D6L534	Ancylostoma ceylanicum
A0A0D6L6I1	Ancylostoma ceylanicum
A0A0D6LAZ3	Ancylostoma ceylanicum
A0A0D6LBL8	Ancylostoma ceylanicum
A0A0D6LDX4	Ancylostoma ceylanicum
A0A0D6LEF7	Ancylostoma ceylanicum
A0A0D6LGJ9	Ancylostoma ceylanicum
A0A0D6LIZ2	Ancylostoma ceylanicum
A0A0D6LJP5	Ancylostoma ceylanicum
A0A0D6LJZ0	Ancylostoma ceylanicum
A0A0D6LKU1	Ancylostoma ceylanicum
A0A0D6LKU6	Ancylostoma ceylanicum
A0A0D6LKX7	Ancylostoma ceylanicum
A0A0D6LN16	Ancylostoma ceylanicum
A0A0D6LNZ5	Ancylostoma ceylanicum
A0A0D6LS24	Ancylostoma ceylanicum
A0A0D6LV61	Ancylostoma ceylanicum
A0A0D6LYQ3	Ancylostoma ceylanicum
A0A0D6LYX5	Ancylostoma ceylanicum
A0A0D6LZ28	Ancylostoma ceylanicum
A0A0D6LZB7	Ancylostoma ceylanicum
A0A0D6M0F7	Ancylostoma ceylanicum
A0A0D6M2X2	Ancylostoma ceylanicum
A0A0D6M3Y5	Ancylostoma ceylanicum
A0A0D6M608	Ancylostoma ceylanicum
A0A0D6M854	Ancylostoma ceylanicum
A0A0D6M8P2	Ancylostoma ceylanicum
A0A0D6MAE9	Ancylostoma ceylanicum
A0A0D6MD69	Ancylostoma ceylanicum
A0A0D6MDK0	Ancylostoma ceylanicum
A0A0D8X5X4	Dictyocaulus viviparus (Bovine lungworm)
A0A0D8X898	Dictyocaulus viviparus (Bovine lungworm)
A0A0D8XAC3	Dictyocaulus viviparus (Bovine lungworm)
A0A0D8XC50	Dictyocaulus viviparus (Bovine lungworm)
A0A0D8XEL9	Dictyocaulus viviparus (Bovine lungworm)
A0A0D8XKE1	Dictyocaulus viviparus (Bovine lungworm)
A0A0D8XKT5	Dictyocaulus viviparus (Bovine lungworm)
A0A0D8XKT7	Dictyocaulus viviparus (Bovine lungworm)
A0A0D8XPH3	Dictyocaulus viviparus (Bovine lungworm)
A0A0D8XRJ8	Dictyocaulus viviparus (Bovine lungworm)
A0A0D8XUF4	Dictyocaulus viviparus (Bovine lungworm)
A0A0D8XUX5	Dictyocaulus viviparus (Bovine lungworm)
A0A0D8XV57	Dictyocaulus viviparus (Bovine lungworm)
A0A0D8XWQ3	Dictyocaulus viviparus (Bovine lungworm)
A0A0D8XXW6	Dictyocaulus viviparus (Bovine lungworm)
A0A0D8Y0F4	Dictyocaulus viviparus (Bovine lungworm)
A0A0D8Y0V3	Dictyocaulus viviparus (Bovine lungworm)
A0A0D8Y7J4	Dictyocaulus viviparus (Bovine lungworm)
A0A0D8Y9H0	Dictyocaulus viviparus (Bovine lungworm)
A0A0D8Y9H6	Dictyocaulus viviparus (Bovine lungworm)
A0A0D8YCH1	Dictyocaulus viviparus (Bovine lungworm)
A0A0K0D067	Angiostrongylus cantonensis (Rat lungworm)
A0A0K0DCZ7	Angiostrongylus cantonensis (Rat lungworm)
A0A0K0DER4	Angiostrongylus cantonensis (Rat lungworm)
A0A0M3HH02	Ascaris lumbricoides (Giant roundworm)
A0A0M3HWU9	Ascaris lumbricoides (Giant roundworm)
A0A0M3I0W6	Ascaris lumbricoides (Giant roundworm)
A0A0M3II80	Ascaris lumbricoides (Giant roundworm)
A0A0M3II90	Ascaris lumbricoides (Giant roundworm)
A0A0M3ILR7	Ascaris lumbricoides (Giant roundworm)
A0A0M3ITV3	Ascaris lumbricoides (Giant roundworm)
A0A0M3JGM9	Anisakis simplex (Herring worm)
A0A0M3JZS8	Anisakis simplex (Herring worm)
A0A0M3K4G2	Anisakis simplex (Herring worm)
A0A0M3KIA1	Anisakis simplex (Herring worm)
A0A0N4XWW2	Nippostrongylus brasiliensis (Rat hookworm)
A0A0N4Y950	Nippostrongylus brasiliensis (Rat hookworm)
A0A0N4Y9R6	Nippostrongylus brasiliensis (Rat hookworm)
A0A0N4YKW3	Nippostrongylus brasiliensis (Rat hookworm)
A0A0N4Z0H3	Parastrongyloides trichosuri (Possum-specific nematode worm)
A0A0N5AM84	Syphacia muris
A0A0N5APT3	Syphacia muris
A0A0V0RN11	Trichinella nelsoni
A0A0V0RN69	Trichinella nelsoni
A0A0V0RP51	Trichinella nelsoni
A0A0V0RR21	Trichinella nelsoni
A0A0V0S5T9	Trichinella nelsoni
A0A0V1A2L4	Trichinella patagoniensis
A0A0V1A4U9	Trichinella patagoniensis
A0A0V1B7B2	Trichinella spiralis (Trichina worm)
A0A0V1BLH7	Trichinella spiralis (Trichina worm)
A0A0V1HAY9	Trichinella zimbabwensis
A0A0V1HFZ7	Trichinella zimbabwensis
A0A0V1HH93	Trichinella zimbabwensis
A0A0V1HHR4	Trichinella zimbabwensis
A0A0V1HNE1	Trichinella zimbabwensis
A0A0V1IEB8	Trichinella pseudospiralis (Parasitic roundworm)
A0A0V1IXI7	Trichinella pseudospiralis (Parasitic roundworm)
A0A0V1IY04	Trichinella pseudospiralis (Parasitic roundworm)
A0A0V1J273	Trichinella pseudospiralis (Parasitic roundworm)
A0A0V1L3D0	Trichinella nativa
A0A0V1M5J9	Trichinella papuae
A0A0V1MVV3	Trichinella papuae
A0A0V1N2G1	Trichinella papuae
A0A158P8V0	Angiostrongylus cantonensis (Rat lungworm)
A0A183BTA8	Globodera pallida (Potato cyst nematode worm) (Heterodera pallida)
A0A183CR18	Globodera pallida (Potato cyst nematode worm) (Heterodera pallida)
A0A183CRZ3	Globodera pallida (Potato cyst nematode worm) (Heterodera pallida)
A0A183CT32	Globodera pallida (Potato cyst nematode worm) (Heterodera pallida)
A0A183FBR8	Heligmosomoides polygyrus (Parasitic roundworm)
A0A183FEJ6	Heligmosomoides polygyrus (Parasitic roundworm)
A0A183FIM2	Heligmosomoides polygyrus (Parasitic roundworm)
A0A183FKZ7	Heligmosomoides polygyrus (Parasitic roundworm)
A0A183HWU2	Onchocerca flexuosa
A0A183IGC8	Soboliphyme baturini
A0A183IS55	Soboliphyme baturini
A0A183IX22	Soboliphyme baturini
A0A183J6C0	Soboliphyme baturini
A0A183TYG2	Toxocara canis (Canine roundworm)
A0A183U5W2	Toxocara canis (Canine roundworm)
A0A183U6K5	Toxocara canis (Canine roundworm)
A0A183UAC5	Toxocara canis (Canine roundworm)
A0A183UAC7	Toxocara canis (Canine roundworm)
A0A183UVJ3	Toxocara canis (Canine roundworm)
A0A1I7T3S8	Caenorhabditis tropicalis
A0A1I7TLZ8	Caenorhabditis tropicalis
A0A1I7UFK9	Caenorhabditis tropicalis
A0A1I7V0V5	Caenorhabditis tropicalis
A0A1I7V192	Caenorhabditis tropicalis
A0A1I7V378	Caenorhabditis tropicalis
A0A1I7V379	Caenorhabditis tropicalis
A0A1I7V5U3	Loa loa (Eye worm) (Filaria loa)
A0A1I7VBJ6	Loa loa (Eye worm) (Filaria loa)
A0A1I7VL51	Loa loa (Eye worm) (Filaria loa)
A0A1I7VZH7	Loa loa (Eye worm) (Filaria loa)
A0A1I7WTR6	Heterorhabditis bacteriophora (Entomopathogenic nematode worm)
A0A1I7XEF8	Heterorhabditis bacteriophora (Entomopathogenic nematode worm)
A0A1I7XFA4	Heterorhabditis bacteriophora (Entomopathogenic nematode worm)
A0A1I7Y1V2	Steinernema glaseri
A0A1I7YJ46	Steinernema glaseri
A0A1I7Z9F8	Steinernema glaseri
A0A1I7ZNA4	Steinernema glaseri
A0A1I8A3D9	Steinernema glaseri
A0A1I8BIH9	Meloidogyne hapla (Root-knot nematode worm)
A0A1I8C0C1	Meloidogyne hapla (Root-knot nematode worm)
A0A238BJQ4	Onchocerca flexuosa
A0A238BJX8	Onchocerca flexuosa
A0A238BJY2	Onchocerca flexuosa
A0A238BL81	Onchocerca flexuosa
A0A238BLN2	Onchocerca flexuosa
A0A238BMK7	Onchocerca flexuosa
A0A238BUG3	Onchocerca flexuosa
A0A238BUZ7	Onchocerca flexuosa
A0A238BWA5	Onchocerca flexuosa
A0A238BXS5	Onchocerca flexuosa
A0A238C0G0	Onchocerca flexuosa
A0A260Z1E3	Caenorhabditis remanei (Caenorhabditis vulgaris)
A0A2A2JDV2	Diploscapter pachys
A0A2A2JJ24	Diploscapter pachys
A0A2A2KWL9	Diploscapter pachys
A0A2A2KZ71	Diploscapter pachys
A0A2A2LMD3	Diploscapter pachys
A0A2G5VK83	Caenorhabditis nigoni
A0A2G9T3F5	Teladorsagia circumcincta (Brown stomach worm) (Ostertagia circumcincta)
A0A2G9T3W3	Teladorsagia circumcincta (Brown stomach worm) (Ostertagia circumcincta)
A0A2G9T444	Teladorsagia circumcincta (Brown stomach worm) (Ostertagia circumcincta)
A0A2G9T483	Teladorsagia circumcincta (Brown stomach worm) (Ostertagia circumcincta)
A0A2G9T4I9	Teladorsagia circumcincta (Brown stomach worm) (Ostertagia circumcincta)
A0A2G9T6P0	Teladorsagia circumcincta (Brown stomach worm) (Ostertagia circumcincta)
A0A2G9T7V3	Teladorsagia circumcincta (Brown stomach worm) (Ostertagia circumcincta)
A0A2G9T964	Teladorsagia circumcincta (Brown stomach worm) (Ostertagia circumcincta)
A0A2G9T9F8	Teladorsagia circumcincta (Brown stomach worm) (Ostertagia circumcincta)
A0A2G9TBK4	Teladorsagia circumcincta (Brown stomach worm) (Ostertagia circumcincta)
A0A2G9TED2	Teladorsagia circumcincta (Brown stomach worm) (Ostertagia circumcincta)
A0A2G9TEN8	Teladorsagia circumcincta (Brown stomach worm) (Ostertagia circumcincta)
A0A2G9TER3	Teladorsagia circumcincta (Brown stomach worm) (Ostertagia circumcincta)
A0A2G9TF71	Teladorsagia circumcincta (Brown stomach worm) (Ostertagia circumcincta)
A0A2G9THV2	Teladorsagia circumcincta (Brown stomach worm) (Ostertagia circumcincta)
A0A2G9TII3	Teladorsagia circumcincta (Brown stomach worm) (Ostertagia circumcincta)
A0A2G9TIV3	Teladorsagia circumcincta (Brown stomach worm) (Ostertagia circumcincta)
A0A2G9TJD7	Teladorsagia circumcincta (Brown stomach worm) (Ostertagia circumcincta)
A0A2G9TJY2	Teladorsagia circumcincta (Brown stomach worm) (Ostertagia circumcincta)
A0A2G9TKH8	Teladorsagia circumcincta (Brown stomach worm) (Ostertagia circumcincta)
A0A2G9TLQ3	Teladorsagia circumcincta (Brown stomach worm) (Ostertagia circumcincta)
A0A2G9TLT7	Teladorsagia circumcincta (Brown stomach worm) (Ostertagia circumcincta)
A0A2G9TMJ2	Teladorsagia circumcincta (Brown stomach worm) (Ostertagia circumcincta)
A0A2G9TN70	Teladorsagia circumcincta (Brown stomach worm) (Ostertagia circumcincta)
A0A2G9TRH0	Teladorsagia circumcincta (Brown stomach worm) (Ostertagia circumcincta)
A0A2G9TW01	Teladorsagia circumcincta (Brown stomach worm) (Ostertagia circumcincta)
A0A2G9TXH1	Teladorsagia circumcincta (Brown stomach worm) (Ostertagia circumcincta)
A0A2G9TZ65	Teladorsagia circumcincta (Brown stomach worm) (Ostertagia circumcincta)
A0A2G9TZK3	Teladorsagia circumcincta (Brown stomach worm) (Ostertagia circumcincta)
A0A2G9U086	Teladorsagia circumcincta (Brown stomach worm) (Ostertagia circumcincta)
A0A2G9U0U7	Teladorsagia circumcincta (Brown stomach worm) (Ostertagia circumcincta)
A0A2G9U238	Teladorsagia circumcincta (Brown stomach worm) (Ostertagia circumcincta)
A0A2G9U2D5	Teladorsagia circumcincta (Brown stomach worm) (Ostertagia circumcincta)
A0A2G9U370	Teladorsagia circumcincta (Brown stomach worm) (Ostertagia circumcincta)
A0A2G9U6C4	Teladorsagia circumcincta (Brown stomach worm) (Ostertagia circumcincta)
A0A2G9U6P7	Teladorsagia circumcincta (Brown stomach worm) (Ostertagia circumcincta)
A0A2G9UD72	Teladorsagia circumcincta (Brown stomach worm) (Ostertagia circumcincta)
A0A2G9UDS6	Teladorsagia circumcincta (Brown stomach worm) (Ostertagia circumcincta)
A0A2G9UEM6	Teladorsagia circumcincta (Brown stomach worm) (Ostertagia circumcincta)
A0A2G9UF12	Teladorsagia circumcincta (Brown stomach worm) (Ostertagia circumcincta)
A0A2G9UGP9	Teladorsagia circumcincta (Brown stomach worm) (Ostertagia circumcincta)
A0A2G9UJ24	Teladorsagia circumcincta (Brown stomach worm) (Ostertagia circumcincta)
A0A2G9UJR1	Teladorsagia circumcincta (Brown stomach worm) (Ostertagia circumcincta)
A0A2G9UN67	Teladorsagia circumcincta (Brown stomach worm) (Ostertagia circumcincta)
A0A2G9UPH5	Teladorsagia circumcincta (Brown stomach worm) (Ostertagia circumcincta)
A0A2G9UQX9	Teladorsagia circumcincta (Brown stomach worm) (Ostertagia circumcincta)
A0A2G9USI8	Teladorsagia circumcincta (Brown stomach worm) (Ostertagia circumcincta)
A0A2G9USL5	Teladorsagia circumcincta (Brown stomach worm) (Ostertagia circumcincta)
A0A2G9USV8	Teladorsagia circumcincta (Brown stomach worm) (Ostertagia circumcincta)
A0A2G9USY0	Teladorsagia circumcincta (Brown stomach worm) (Ostertagia circumcincta)
A0A2G9UUH4	Teladorsagia circumcincta (Brown stomach worm) (Ostertagia circumcincta)
A0A2G9UWG0	Teladorsagia circumcincta (Brown stomach worm) (Ostertagia circumcincta)
A0A2G9UWH6	Teladorsagia circumcincta (Brown stomach worm) (Ostertagia circumcincta)
A0A2G9UXQ5	Teladorsagia circumcincta (Brown stomach worm) (Ostertagia circumcincta)
A0A2G9UXU0	Teladorsagia circumcincta (Brown stomach worm) (Ostertagia circumcincta)
A0A2G9UY14	Teladorsagia circumcincta (Brown stomach worm) (Ostertagia circumcincta)
A0A2G9V044	Teladorsagia circumcincta (Brown stomach worm) (Ostertagia circumcincta)
A0A2G9V1K5	Teladorsagia circumcincta (Brown stomach worm) (Ostertagia circumcincta)
A0A2G9V1T3	Teladorsagia circumcincta (Brown stomach worm) (Ostertagia circumcincta)
A0A2G9V2N4	Teladorsagia circumcincta (Brown stomach worm) (Ostertagia circumcincta)
A0A368F0G0	Ancylostoma caninum (Dog hookworm)
A0A368F3W9	Ancylostoma caninum (Dog hookworm)
A0A368F4N0	Ancylostoma caninum (Dog hookworm)
A0A368F4N9	Ancylostoma caninum (Dog hookworm)
A0A368FB50	Ancylostoma caninum (Dog hookworm)
A0A368FE61	Ancylostoma caninum (Dog hookworm)
A0A368FF17	Ancylostoma caninum (Dog hookworm)
A0A368FI88	Ancylostoma caninum (Dog hookworm)
A0A368FM16	Ancylostoma caninum (Dog hookworm)
A0A368FNE7	Ancylostoma caninum (Dog hookworm)
A0A368FPK2	Ancylostoma caninum (Dog hookworm)
A0A368FPT7	Ancylostoma caninum (Dog hookworm)
A0A368FQF5	Ancylostoma caninum (Dog hookworm)
A0A368FRE4	Ancylostoma caninum (Dog hookworm)
A0A368FRR7	Ancylostoma caninum (Dog hookworm)
A0A368FSY9	Ancylostoma caninum (Dog hookworm)
A0A368FTP1	Ancylostoma caninum (Dog hookworm)
A0A368FU51	Ancylostoma caninum (Dog hookworm)
A0A368FYM7	Ancylostoma caninum (Dog hookworm)
A0A368FZK9	Ancylostoma caninum (Dog hookworm)
A0A368G1B6	Ancylostoma caninum (Dog hookworm)
A0A368GA82	Ancylostoma caninum (Dog hookworm)
A0A368GDA4	Ancylostoma caninum (Dog hookworm)
A0A368GFE3	Ancylostoma caninum (Dog hookworm)
A0A368GFH4	Ancylostoma caninum (Dog hookworm)
A0A368GMC9	Ancylostoma caninum (Dog hookworm)
A0A368GNC7	Ancylostoma caninum (Dog hookworm)
A0A368GNR5	Ancylostoma caninum (Dog hookworm)
A0A368GQN3	Ancylostoma caninum (Dog hookworm)
A0A368GUA5	Ancylostoma caninum (Dog hookworm)
A0A368GUA9	Ancylostoma caninum (Dog hookworm)
A0A368GUH5	Ancylostoma caninum (Dog hookworm)
A0A368GVF0	Ancylostoma caninum (Dog hookworm)
A0A368GXW6	Ancylostoma caninum (Dog hookworm)
A0A368H0A1	Ancylostoma caninum (Dog hookworm)
A0A368H102	Ancylostoma caninum (Dog hookworm)
A0A368H266	Ancylostoma caninum (Dog hookworm)
A0A368H2I7	Ancylostoma caninum (Dog hookworm)
A0A368H2W4	Ancylostoma caninum (Dog hookworm)
A0A368H6E5	Ancylostoma caninum (Dog hookworm)
A0A368H7I4	Ancylostoma caninum (Dog hookworm)
A0A368HA51	Ancylostoma caninum (Dog hookworm)
A0A368HA70	Ancylostoma caninum (Dog hookworm)
A0A368HBZ2	Ancylostoma caninum (Dog hookworm)
A0A368HC89	Ancylostoma caninum (Dog hookworm)
A0A368HD76	Ancylostoma caninum (Dog hookworm)
A0A368HDL6	Ancylostoma caninum (Dog hookworm)
A0A3P6QXP2	Gongylonema pulchrum
A0A3P6R829	Cylicostephanus goldi (Nematode worm)
A0A3P7DNU0	Wuchereria bancrofti
A0A3P7DYT9	Wuchereria bancrofti
A0A3P7J7C4	Strongylus vulgaris (Blood worm)
A0A3P7JA27	Strongylus vulgaris (Blood worm)
A0A3P7JM30	Strongylus vulgaris (Blood worm)
A0A3P7JQP1	Strongylus vulgaris (Blood worm)
A0A3P7KBP0	Strongylus vulgaris (Blood worm)
A0A3P7LED4	Strongylus vulgaris (Blood worm)
A0A3P7LJF7	Strongylus vulgaris (Blood worm)
A0A3P7MXY9	Cylicostephanus goldi (Nematode worm)
A0A3P7NTR4	Gongylonema pulchrum
A0A3P7NXB3	Cylicostephanus goldi (Nematode worm)
A0A3P7QCA6	Cylicostephanus goldi (Nematode worm)
A0A498S4U0	Acanthocheilonema viteae (Filarial nematode worm) (Dipetalonema viteae)
A0A498S833	Acanthocheilonema viteae (Filarial nematode worm) (Dipetalonema viteae)
A0A4E9F2K7	Brugia malayi (Filarial nematode worm)
A0A4E9F884	Brugia malayi (Filarial nematode worm)
A0A4E9FQH8	Brugia malayi (Filarial nematode worm)
A0A4U5LNP2	Steinernema carpocapsae (Entomopathogenic nematode)
A0A4U5LQN4	Steinernema carpocapsae (Entomopathogenic nematode)
A0A4U5LR12	Steinernema carpocapsae (Entomopathogenic nematode)
A0A4U5M0M8	Steinernema carpocapsae (Entomopathogenic nematode)
A0A4U5MIT7	Steinernema carpocapsae (Entomopathogenic nematode)
A0A4U5MLU1	Steinernema carpocapsae (Entomopathogenic nematode)
A0A4U8V000	Steinernema carpocapsae (Entomopathogenic nematode)
A0A7E4V4X6	Panagrellus redivivus (Microworm)
A0A7I4XTB4	Haemonchus contortus (Barber pole worm)
A0A811LT47	Bursaphelenchus okinawaensis
A0A8I3B149	Ancylostoma ceylanicum
A0A8I3B1J4	Ancylostoma ceylanicum
A0A8I3B1Y3	Ancylostoma ceylanicum
A0A8I3B230	Ancylostoma ceylanicum
A0A8I3B2G2	Ancylostoma ceylanicum
A0A8I3B2S3	Ancylostoma ceylanicum
A0A8I3B2T4	Ancylostoma ceylanicum
A0A8J2MDJ6	Cercopithifilaria johnstoni
A0A8J2Q1T6	Cercopithifilaria johnstoni
A0A8J2QA45	Cercopithifilaria johnstoni
A0A8R1DG34	Caenorhabditis japonica
A0A8R1DGX1	Caenorhabditis japonica
A0A8R1DRK2	Caenorhabditis japonica
A0A8R1DXW1	Caenorhabditis japonica
A0A8R1E599	Caenorhabditis japonica
A0A8R1ECE9	Caenorhabditis japonica
A0A8R1EUW1	Caenorhabditis japonica
A0A8R1EWL2	Caenorhabditis japonica
A0A8R1HN34	Caenorhabditis japonica
A0A8R1IHZ0	Caenorhabditis japonica
A0A8R1IX79	Caenorhabditis japonica
A0A8S9ZSU5	Meloidogyne graminicola
A0A914BY45	Acrobeloides nanus
A0A914CFI7	Acrobeloides nanus
A0A914D8E9	Acrobeloides nanus
A0A914D9E1	Acrobeloides nanus
A0A914E555	Acrobeloides nanus
A0A914ENE9	Acrobeloides nanus
A0A914HQ98	Globodera rostochiensis (Golden nematode worm) (Heterodera rostochiensis)
A0A914KVJ6	Meloidogyne incognita (Southern root-knot nematode worm) (Oxyuris incognita)
A0A914LER3	Meloidogyne incognita (Southern root-knot nematode worm) (Oxyuris incognita)
A0A914LRM0	Meloidogyne incognita (Southern root-knot nematode worm) (Oxyuris incognita)
A0A914LTL4	Meloidogyne incognita (Southern root-knot nematode worm) (Oxyuris incognita)
A0A914M1V6	Meloidogyne incognita (Southern root-knot nematode worm) (Oxyuris incognita)
A0A914M2J5	Meloidogyne incognita (Southern root-knot nematode worm) (Oxyuris incognita)
A0A914MAE3	Meloidogyne incognita (Southern root-knot nematode worm) (Oxyuris incognita)
A0A914MCR3	Meloidogyne incognita (Southern root-knot nematode worm) (Oxyuris incognita)
A0A914NZF3	Panagrolaimus davidi
A0A914P9P8	Panagrolaimus davidi
A0A914PKV6	Panagrolaimus davidi
A0A914PSB1	Panagrolaimus davidi
A0A914PVE2	Panagrolaimus davidi
A0A914Q3V4	Panagrolaimus davidi
A0A914QX35	Panagrolaimus davidi
A0A914RSC8	Parascaris equorum (Equine roundworm)
A0A914RV55	Parascaris equorum (Equine roundworm)
A0A914S5N4	Parascaris equorum (Equine roundworm)
A0A914UM68	Plectus sambesii
A0A914UNX8	Plectus sambesii
A0A914UZG8	Plectus sambesii
A0A914VAJ9	Plectus sambesii
A0A914XGA5	Plectus sambesii
A0A914Y231	Panagrolaimus superbus
A0A914YB71	Panagrolaimus superbus
A0A915AE22	Parascaris univalens (Nematode worm)
A0A915BLM9	Parascaris univalens (Nematode worm)
A0A915BZ22	Parascaris univalens (Nematode worm)
A0A915C625	Parascaris univalens (Nematode worm)
A0A915C6U6	Parascaris univalens (Nematode worm)
A0A915CPR4	Ditylenchus dipsaci
A0A915D5L3	Ditylenchus dipsaci
A0A915D6Z5	Ditylenchus dipsaci
A0A915E5C0	Ditylenchus dipsaci
A0A915J277	Romanomermis culicivorax (Nematode worm)
A0A915JKF5	Romanomermis culicivorax (Nematode worm)
A0A915JMP9	Romanomermis culicivorax (Nematode worm)
A0A915KUD7	Romanomermis culicivorax (Nematode worm)
A0A915KZ16	Romanomermis culicivorax (Nematode worm)
A0A915ME95	Meloidogyne javanica (Root-knot nematode worm)
A0A915N2D4	Meloidogyne javanica (Root-knot nematode worm)
A0A915NVY1	Meloidogyne floridensis
A0A915PVL3	Setaria digitata
A0A915Q2M5	Setaria digitata
A0AA36CP02	Mesorhabditis spiculigera
A0AA36GQ03	Cylicocyclus nassatus (Nematode worm)
A0AA36GR61	Cylicocyclus nassatus (Nematode worm)
A0AA36MDS3	Cylicocyclus nassatus (Nematode worm)
A0AA39LU91	Steinernema hermaphroditum
A0AA39M9D9	Steinernema hermaphroditum
A0AAD5MDC5	Parelaphostrongylus tenuis (Meningeal worm)
A0AAD5MFH1	Parelaphostrongylus tenuis (Meningeal worm)
A0AAD5MI30	Parelaphostrongylus tenuis (Meningeal worm)
A0AAD5MWB8	Parelaphostrongylus tenuis (Meningeal worm)
A0AAD5QJ62	Parelaphostrongylus tenuis (Meningeal worm)
A0AAD5QN63	Parelaphostrongylus tenuis (Meningeal worm)
A0AAD5QTN8	Parelaphostrongylus tenuis (Meningeal worm)
A0AAD5R6N4	Parelaphostrongylus tenuis (Meningeal worm)
A0AAE9F237	Caenorhabditis briggsae
A0AAE9FDW9	Caenorhabditis briggsae
A0AAE9JPU3	Caenorhabditis briggsae
A0AAF3EFY2	Mesorhabditis belari
A0AAF3EI35	Mesorhabditis belari
A0AAF3EV44	Mesorhabditis belari
A0AAN8F0A6	Trichostrongylus colubriformis (Black scour worm)
A0AAN8F2A9	Trichostrongylus colubriformis (Black scour worm)
A0AAN8FE88	Trichostrongylus colubriformis (Black scour worm)
A0AAN8FH08	Trichostrongylus colubriformis (Black scour worm)
A0AAN8FN26	Trichostrongylus colubriformis (Black scour worm)
A0AAN8FQG2	Trichostrongylus colubriformis (Black scour worm)
A0AAN8FS55	Trichostrongylus colubriformis (Black scour worm)
A0AAN8FS66	Trichostrongylus colubriformis (Black scour worm)
A0AAN8FTG2	Trichostrongylus colubriformis (Black scour worm)
A0AAN8FUB0	Trichostrongylus colubriformis (Black scour worm)
A0AAN8FXS8	Trichostrongylus colubriformis (Black scour worm)
A0AAN8G879	Trichostrongylus colubriformis (Black scour worm)
A0AAN8GE83	Trichostrongylus colubriformis (Black scour worm)
A0AAN8GF31	Trichostrongylus colubriformis (Black scour worm)
A0AAN8IBC5	Trichostrongylus colubriformis (Black scour worm)
A0AAN8ID34	Trichostrongylus colubriformis (Black scour worm)
A0AAN8IEL5	Trichostrongylus colubriformis (Black scour worm)
A0AAN8IMF5	Trichostrongylus colubriformis (Black scour worm)
A0AAN8IN04	Trichostrongylus colubriformis (Black scour worm)
A0AAV5V9F5	Pristionchus fissidentatus
A0ABD6ERH2	Gnathostoma spinigerum
A0ABR1BJX7	Necator americanus (Human hookworm)
A0ABR1BM30	Necator americanus (Human hookworm)
A0ABR1BN34	Necator americanus (Human hookworm)
A0ABR1BRD8	Necator americanus (Human hookworm)
A0ABR1BXZ1	Necator americanus (Human hookworm)
A0ABR1C6M4	Necator americanus (Human hookworm)
A0ABR1CJN1	Necator americanus (Human hookworm)
A0ABR1CXE0	Necator americanus (Human hookworm)
A0ABR1DM40	Necator americanus (Human hookworm)
A0ABR1DUI8	Necator americanus (Human hookworm)
A0ABR1E9N7	Necator americanus (Human hookworm)
A0ABR1EAL9	Necator americanus (Human hookworm)
A0ABR1EQX7	Necator americanus (Human hookworm)
A0ABR3KA81	Trichinella spiralis (Trichina worm)
A0ABR3KBM1	Trichinella spiralis (Trichina worm)
A0ABR3KH24	Trichinella spiralis (Trichina worm)
E3MQP9	Caenorhabditis remanei (Caenorhabditis vulgaris)
E5SP50	Trichinella spiralis (Trichina worm)
F1LAR0	Ascaris suum (Pig roundworm) (Ascaris lumbricoides)
G0P9N7	Caenorhabditis brenneri (Nematode worm)
J9FHH9	Wuchereria bancrofti
W2SJY9	Necator americanus (Human hookworm)
W2SMC9	Necator americanus (Human hookworm)
W2SMP0	Necator americanus (Human hookworm)
W2SPG7	Necator americanus (Human hookworm)
W2SPS4	Necator americanus (Human hookworm)
W2SPV0	Necator americanus (Human hookworm)
W2STI0	Necator americanus (Human hookworm)
W2SU41	Necator americanus (Human hookworm)
W2SU72	Necator americanus (Human hookworm)
W2SUK4	Necator americanus (Human hookworm)
W2SXY6	Necator americanus (Human hookworm)
W2SZQ6	Necator americanus (Human hookworm)
W2T438	Necator americanus (Human hookworm)
W2T7F7	Necator americanus (Human hookworm)
W2T9B4	Necator americanus (Human hookworm)
W2TAC8	Necator americanus (Human hookworm)
W2TEZ2	Necator americanus (Human hookworm)
W2THX5	Necator americanus (Human hookworm)
W2TJ06	Necator americanus (Human hookworm)
W2TK57	Necator americanus (Human hookworm)
W2TK74	Necator americanus (Human hookworm)
W2TKB6	Necator americanus (Human hookworm)
W2TL01	Necator americanus (Human hookworm)
W2TM87	Necator americanus (Human hookworm)
W2TML8	Necator americanus (Human hookworm)
W2TMT2	Necator americanus (Human hookworm)
W2TNN8	Necator americanus (Human hookworm)
W2TPM4	Necator americanus (Human hookworm)
W2TZ33	Necator americanus (Human hookworm)
W2TZQ5	Necator americanus (Human hookworm)
W2U0L4	Necator americanus (Human hookworm)
A0A077Z8C7	Trichuris trichiura (Whipworm) (Trichocephalus trichiurus)
A0A090KU28	Strongyloides ratti (Parasitic roundworm)
A0A090KV13	Strongyloides ratti (Parasitic roundworm)
A0A090KWS0	Strongyloides ratti (Parasitic roundworm)
A0A090L127	Strongyloides ratti (Parasitic roundworm)
A0A090L6Z5	Strongyloides ratti (Parasitic roundworm)
A0A090LGQ0	Strongyloides ratti (Parasitic roundworm)
A0A090LNU0	Strongyloides ratti (Parasitic roundworm)
A0A090LT17	Strongyloides ratti (Parasitic roundworm)
A0A090MJV3	Strongyloides ratti (Parasitic roundworm)
A0A090MXW7	Strongyloides ratti (Parasitic roundworm)
A0A0K0CY67	Angiostrongylus cantonensis (Rat lungworm)
A0A0K0D6Y2	Angiostrongylus cantonensis (Rat lungworm)
A0A0K0G3L5	Strongyloides venezuelensis (Threadworm)
A0A0M3HF35	Ascaris lumbricoides (Giant roundworm)
A0A0N4TE00	Brugia pahangi (Filarial nematode worm)
A0A0N4Z1X1	Parastrongyloides trichosuri (Possum-specific nematode worm)
A0A0N5AQ66	Syphacia muris
A0A0N5C123	Strongyloides papillosus (Intestinal threadworm)
A0A0N5C444	Strongyloides papillosus (Intestinal threadworm)
A0A0N5D168	Thelazia callipaeda (Oriental eyeworm) (Parasitic nematode)
A0A0N5D9H5	Thelazia callipaeda (Oriental eyeworm) (Parasitic nematode)
A0A0R3S7B3	Elaeophora elaphi
A0A182EWR6	Onchocerca ochengi (Filarial nematode worm)
A0A182EYY0	Onchocerca ochengi (Filarial nematode worm)
A0A183F1Q1	Gongylonema pulchrum
A0A183GME9	Heligmosomoides polygyrus (Parasitic roundworm)
A0A183GP54	Heligmosomoides polygyrus (Parasitic roundworm)
A0A183J9M9	Soboliphyme baturini
A0A183TZ29	Toxocara canis (Canine roundworm)
A0A1I7VHJ9	Loa loa (Eye worm) (Filaria loa)
A0A1I7VJX2	Loa loa (Eye worm) (Filaria loa)
A0A1I7VMN9	Loa loa (Eye worm) (Filaria loa)
A0A1I7W4F5	Loa loa (Eye worm) (Filaria loa)
A0A1I7WU47	Heterorhabditis bacteriophora (Entomopathogenic nematode worm)
A0A1I7Y1R7	Steinernema glaseri
A0A1I7YAM6	Steinernema glaseri
A0A1I7YHM7	Steinernema glaseri
A0A261CGH0	Caenorhabditis latens
A0A2A2J3W8	Diploscapter pachys
A0A2A2KB69	Diploscapter pachys
A0A3P6SLI0	Cylicostephanus goldi (Nematode worm)
A0A3P7IIT0	Strongylus vulgaris (Blood worm)
A0A3P7JKB3	Strongylus vulgaris (Blood worm)
A0A3P7KI86	Onchocerca ochengi (Filarial nematode worm)
A0A3P7L5E3	Strongylus vulgaris (Blood worm)
A0A3P7TX45	Brugia timori
A0A498SP34	Acanthocheilonema viteae (Filarial nematode worm) (Dipetalonema viteae)
A0A4E9FH83	Brugia malayi (Filarial nematode worm)
A0A4U5N5T6	Steinernema carpocapsae (Entomopathogenic nematode)
A0A4V6A3F4	Steinernema carpocapsae (Entomopathogenic nematode)
A0A7E4V6S5	Panagrellus redivivus (Microworm)
A0A7E4VDH7	Panagrellus redivivus (Microworm)
A0A915CII4	Parascaris univalens (Nematode worm)
A0A915J2Q9	Romanomermis culicivorax (Nematode worm)
A0A915Q4L8	Setaria digitata
A0A9J2QAS2	Ascaris lumbricoides (Giant roundworm)
A0AAN8IMP5	Trichostrongylus colubriformis (Black scour worm)
Q26341	Ascaris suum (Pig roundworm) (Ascaris lumbricoides)
A0A077ZJZ8	Trichuris trichiura (Whipworm) (Trichocephalus trichiurus)
A0A077ZKI7	Trichuris trichiura (Whipworm) (Trichocephalus trichiurus)
A0A090KUA2	Strongyloides ratti (Parasitic roundworm)
A0A090L384	Strongyloides ratti (Parasitic roundworm)
A0A090L9X9	Strongyloides ratti (Parasitic roundworm)
A0A0K0JUL3	Brugia malayi (Filarial nematode worm)
A0A0M3HLL2	Ascaris lumbricoides (Giant roundworm)
A0A0M3I5U5	Ascaris lumbricoides (Giant roundworm)
A0A0N4TUD4	Brugia pahangi (Filarial nematode worm)
A0A0N4U6Q2	Dracunculus medinensis (Guinea worm)
A0A0N4VVS5	Haemonchus placei (Barber's pole worm)
A0A0R3S2Z1	Elaeophora elaphi
A0A0R3S5F2	Elaeophora elaphi
A0A182EJM5	Onchocerca ochengi (Filarial nematode worm)
A0A182ERS6	Onchocerca ochengi (Filarial nematode worm)
A0A182EYR2	Onchocerca ochengi (Filarial nematode worm)
A0A183C9L3	Globodera pallida (Potato cyst nematode worm) (Heterodera pallida)
A0A183CTD0	Globodera pallida (Potato cyst nematode worm) (Heterodera pallida)
A0A183DIL3	Gongylonema pulchrum
A0A183FWM7	Heligmosomoides polygyrus (Parasitic roundworm)
A0A183I941	Soboliphyme baturini
A0A183IX76	Soboliphyme baturini
A0A183J9F8	Soboliphyme baturini
A0A183UQH1	Toxocara canis (Canine roundworm)
A0A1I7U022	Caenorhabditis tropicalis
A0A1I7VLC6	Loa loa (Eye worm) (Filaria loa)
A0A1I7Z162	Steinernema glaseri
A0A1I7ZK76	Steinernema glaseri
A0A261CH74	Caenorhabditis latens
A0A2A2JC39	Diploscapter pachys
A0A2A2JVW6	Diploscapter pachys
A0A2A2KVS3	Diploscapter pachys
A0A3P6RGL7	Cylicostephanus goldi (Nematode worm)
A0A3P6RSS1	Cylicostephanus goldi (Nematode worm)
A0A3P7K9Z6	Strongylus vulgaris (Blood worm)
A0A3P7M9E4	Cylicostephanus goldi (Nematode worm)
A0A3P7MZV1	Cylicostephanus goldi (Nematode worm)
A0A498SR82	Acanthocheilonema viteae (Filarial nematode worm) (Dipetalonema viteae)
A0A498SZN9	Acanthocheilonema viteae (Filarial nematode worm) (Dipetalonema viteae)
A0A4E9F9B6	Brugia malayi (Filarial nematode worm)
A0A7E4V1T6	Panagrellus redivivus (Microworm)
A0A9J2QA02	Ascaris lumbricoides (Giant roundworm)
A0AAD4RCG8	Ditylenchus destructor
E3N4Z4	Caenorhabditis remanei (Caenorhabditis vulgaris)
Q7JPS4	Ascaris suum (Pig roundworm) (Ascaris lumbricoides)
A0A090LUE5	Strongyloides ratti (Parasitic roundworm)
A0A090MN73	Strongyloides ratti (Parasitic roundworm)
A0A0M3HLP9	Ascaris lumbricoides (Giant roundworm)
A0A0M3IX00	Ascaris lumbricoides (Giant roundworm)
A0A0N4ULJ5	Dracunculus medinensis (Guinea worm)
A0A0N4V5H2	Enterobius vermicularis (Human pinworm)
A0A0N4Z8L0	Parastrongyloides trichosuri (Possum-specific nematode worm)
A0A0N5A4G8	Parastrongyloides trichosuri (Possum-specific nematode worm)
A0A0N5APF4	Syphacia muris
A0A0R3QH62	Brugia timori
A0A183CN91	Globodera pallida (Potato cyst nematode worm) (Heterodera pallida)
A0A183CQJ1	Globodera pallida (Potato cyst nematode worm) (Heterodera pallida)
A0A183DN01	Gongylonema pulchrum
A0A183DWG1	Gongylonema pulchrum
A0A183I980	Soboliphyme baturini
A0A183UDA4	Toxocara canis (Canine roundworm)
A0A1I7U021	Caenorhabditis tropicalis
A0A1I7UHK5	Caenorhabditis tropicalis
A0A1I7UU88	Caenorhabditis tropicalis
A0A1I7VJN7	Loa loa (Eye worm) (Filaria loa)
A0A1I7W3L6	Loa loa (Eye worm) (Filaria loa)
A0A1I7WTQ1	Heterorhabditis bacteriophora (Entomopathogenic nematode worm)
A0A1I7XGX8	Heterorhabditis bacteriophora (Entomopathogenic nematode worm)
A0A1I7XJ94	Heterorhabditis bacteriophora (Entomopathogenic nematode worm)
A0A1I7XNW4	Heterorhabditis bacteriophora (Entomopathogenic nematode worm)
A0A1I7ZN93	Steinernema glaseri
A0A1I8A898	Steinernema glaseri
A0A1I8A8U5	Steinernema glaseri
A0A1I8A9T2	Steinernema glaseri
A0A261C5C9	Caenorhabditis latens
A0A2G5UWH8	Caenorhabditis nigoni
A0A3P6RLM9	Cylicostephanus goldi (Nematode worm)
A0A3P6T7G9	Cylicostephanus goldi (Nematode worm)
A0A3P6TTP7	Litomosoides sigmodontis (Filarial nematode worm)
A0A3P7IMD1	Strongylus vulgaris (Blood worm)
A0A3P7IPM3	Strongylus vulgaris (Blood worm)
A0A3P7N0L1	Cylicostephanus goldi (Nematode worm)
A0A498SRA8	Acanthocheilonema viteae (Filarial nematode worm) (Dipetalonema viteae)
A0A498SU16	Acanthocheilonema viteae (Filarial nematode worm) (Dipetalonema viteae)
A0A7I4XZT3	Haemonchus contortus (Barber pole worm)
A0AAD5MUH5	Parelaphostrongylus tenuis (Meningeal worm)
A0A077Z9J2	Trichuris trichiura (Whipworm) (Trichocephalus trichiurus)
A0A090L9L9	Strongyloides ratti (Parasitic roundworm)
A0A090MSL0	Strongyloides ratti (Parasitic roundworm)
A0A0B2VMI4	Toxocara canis (Canine roundworm)
A0A0M3HLK6	Ascaris lumbricoides (Giant roundworm)
A0A0M3HMS5	Ascaris lumbricoides (Giant roundworm)
A0A0M3IJZ8	Ascaris lumbricoides (Giant roundworm)
A0A0M3IXU4	Ascaris lumbricoides (Giant roundworm)
A0A0N4T7N4	Brugia pahangi (Filarial nematode worm)
A0A0N4UL46	Dracunculus medinensis (Guinea worm)
A0A0N4XAL5	Haemonchus placei (Barber's pole worm)
A0A0N5B4U3	Strongyloides papillosus (Intestinal threadworm)
A0A0N5CBC3	Strongyloides papillosus (Intestinal threadworm)
A0A0R3R5S5	Brugia timori
A0A0R3RLQ8	Elaeophora elaphi
A0A183BIE1	Globodera pallida (Potato cyst nematode worm) (Heterodera pallida)
A0A183CL39	Globodera pallida (Potato cyst nematode worm) (Heterodera pallida)
A0A183CNI0	Globodera pallida (Potato cyst nematode worm) (Heterodera pallida)
A0A183EZH1	Gongylonema pulchrum
A0A183GAI7	Heligmosomoides polygyrus (Parasitic roundworm)
A0A183GCD7	Heligmosomoides polygyrus (Parasitic roundworm)
A0A183GFP9	Heligmosomoides polygyrus (Parasitic roundworm)
A0A183GT20	Heligmosomoides polygyrus (Parasitic roundworm)
A0A183J8F9	Soboliphyme baturini
A0A183J8H3	Soboliphyme baturini
A0A183UI57	Toxocara canis (Canine roundworm)
A0A1I7TVQ8	Caenorhabditis tropicalis
A0A1I7VXQ9	Loa loa (Eye worm) (Filaria loa)
A0A1I7W2L4	Loa loa (Eye worm) (Filaria loa)
A0A1I7XKE0	Heterorhabditis bacteriophora (Entomopathogenic nematode worm)
A0A1I7Y1A8	Steinernema glaseri
A0A1I7Y895	Steinernema glaseri
A0A1I8AAJ6	Steinernema glaseri
A0A1I8BFH8	Meloidogyne hapla (Root-knot nematode worm)
A0A2G5SHC7	Caenorhabditis nigoni
A0A3P6UXL1	Cylicostephanus goldi (Nematode worm)
A0A3P7JNV7	Strongylus vulgaris (Blood worm)
A0A3P7LK16	Strongylus vulgaris (Blood worm)
A0A3P7NH79	Gongylonema pulchrum
A0A498SEV2	Acanthocheilonema viteae (Filarial nematode worm) (Dipetalonema viteae)
A0A498SJA3	Acanthocheilonema viteae (Filarial nematode worm) (Dipetalonema viteae)
A0A498SNG0	Acanthocheilonema viteae (Filarial nematode worm) (Dipetalonema viteae)
A0A498SZA8	Acanthocheilonema viteae (Filarial nematode worm) (Dipetalonema viteae)
A0A5S6QF89	Trichuris muris (Mouse whipworm)
A0A914RUH8	Parascaris equorum (Equine roundworm)
A0AA39H479	Steinernema hermaphroditum
A0AAN8IGK9	Trichostrongylus colubriformis (Black scour worm)
A0A090LHH0	Strongyloides ratti (Parasitic roundworm)
A0A090MVX6	Strongyloides ratti (Parasitic roundworm)
A0A0K0DMJ9	Angiostrongylus cantonensis (Rat lungworm)
A0A0K0EWI1	Strongyloides venezuelensis (Threadworm)
A0A0K0F3N5	Strongyloides venezuelensis (Threadworm)
A0A0M3HJG7	Ascaris lumbricoides (Giant roundworm)
A0A0M3IWY3	Ascaris lumbricoides (Giant roundworm)
A0A0N4X2T1	Haemonchus placei (Barber's pole worm)
A0A0N4ZAD2	Parastrongyloides trichosuri (Possum-specific nematode worm)
A0A0N5BSW5	Strongyloides papillosus (Intestinal threadworm)
A0A0R3QB61	Brugia timori
A0A0R3R4R6	Brugia timori
A0A0R3RDR5	Brugia timori
A0A0R3RHV2	Elaeophora elaphi
A0A183CNA9	Globodera pallida (Potato cyst nematode worm) (Heterodera pallida)
A0A183D0X0	Gongylonema pulchrum
A0A183E1Y6	Gongylonema pulchrum
A0A183EPC3	Gongylonema pulchrum
A0A183IJT7	Soboliphyme baturini
A0A183IY69	Soboliphyme baturini
A0A183J0H7	Soboliphyme baturini
A0A1I7V6H8	Loa loa (Eye worm) (Filaria loa)
A0A1I7WH43	Heterorhabditis bacteriophora (Entomopathogenic nematode worm)
A0A1I7XCB6	Heterorhabditis bacteriophora (Entomopathogenic nematode worm)
A0A1I7XSB9	Heterorhabditis bacteriophora (Entomopathogenic nematode worm)
A0A1I7Y7L1	Steinernema glaseri
A0A1I7YCJ6	Steinernema glaseri
A0A2A2J3Q0	Diploscapter pachys
A0A2A2JW62	Diploscapter pachys
A0A2A2KM87	Diploscapter pachys
A0A2G5SGV0	Caenorhabditis nigoni
A0A3P6RTW1	Cylicostephanus goldi (Nematode worm)
A0A3P7K1Y8	Onchocerca ochengi (Filarial nematode worm)
A0A3P7KEA5	Strongylus vulgaris (Blood worm)
A0A3P7NMA9	Cylicostephanus goldi (Nematode worm)
A0A498SSH3	Acanthocheilonema viteae (Filarial nematode worm) (Dipetalonema viteae)
A0A4U8UXJ9	Steinernema carpocapsae (Entomopathogenic nematode)
A0A4U8V023	Steinernema carpocapsae (Entomopathogenic nematode)
A0A5S6R4T7	Trichuris muris (Mouse whipworm)
A0A7E4WCL0	Panagrellus redivivus (Microworm)
A0A7I4Y272	Haemonchus contortus (Barber pole worm)
A0A8R1DR68	Caenorhabditis japonica
A0A915K0H9	Romanomermis culicivorax (Nematode worm)
A0A9J2PF73	Ascaris lumbricoides (Giant roundworm)
A0A077Z346	Trichuris trichiura (Whipworm) (Trichocephalus trichiurus)
A0A0B2VMM4	Toxocara canis (Canine roundworm)
A0A0V0RHY1	Trichinella nelsoni
A0A0V1BHH8	Trichinella spiralis (Trichina worm)
A0A0V1D196	Trichinella britovi (Parasitic roundworm)
A0A0V1HD88	Trichinella zimbabwensis
A0A7I4XVM9	Haemonchus contortus (Barber pole worm)
A0A7I4XZ24	Haemonchus contortus (Barber pole worm)
A0A7I4Y602	Haemonchus contortus (Barber pole worm)
A0A7I4Y626	Haemonchus contortus (Barber pole worm)
A0A7I5EBY9	Haemonchus contortus (Barber pole worm)
A0A914BWJ4	Acrobeloides nanus
A0A915B551	Parascaris univalens (Nematode worm)
A0A915IAP1	Romanomermis culicivorax (Nematode worm)
A0AA36FZI9	Mesorhabditis spiculigera
A0AA36FZP3	Mesorhabditis spiculigera
A0AAN8ENB4	Trichostrongylus colubriformis (Black scour worm)
A0AAN8IKT9	Trichostrongylus colubriformis (Black scour worm)
W6NPP2	Haemonchus contortus (Barber pole worm)
A0A0V0U3H4	Trichinella murrelli
A0A158R4K8	Syphacia muris
A0A2A2J8Z8	Diploscapter pachys
A0A3P6TSQ7	Litomosoides sigmodontis (Filarial nematode worm)
A0A3P7E0F6	Wuchereria bancrofti
A0A3P7WD71	Haemonchus placei (Barber's pole worm)
A0A5S6Q9I1	Trichuris muris (Mouse whipworm)
A0A7I4YGE3	Haemonchus contortus (Barber pole worm)
A0A7I4YKA6	Haemonchus contortus (Barber pole worm)
A0A7I4YQF2	Haemonchus contortus (Barber pole worm)
A0A914BWJ6	Acrobeloides nanus
A0A915B5H2	Parascaris univalens (Nematode worm)
A0A915Q1B0	Setaria digitata
A0AA36CQY2	Mesorhabditis spiculigera
A0AAN8IUJ8	Trichostrongylus colubriformis (Black scour worm)
A0A090LAN1	Strongyloides ratti (Parasitic roundworm)
A0A0N5B4F8	Strongyloides papillosus (Intestinal threadworm)
A0A0V0ZWS2	Trichinella patagoniensis
A0A0V1LB85	Trichinella nativa
A0A0V1MUY2	Trichinella papuae
A0A5K1VPV0	Brugia malayi (Filarial nematode worm)
A0A7I4Z774	Haemonchus contortus (Barber pole worm)
A0A8R1TPE5	Onchocerca volvulus
A0AAN8FL58	Trichostrongylus colubriformis (Black scour worm)
A0AAN8FPM1	Trichostrongylus colubriformis (Black scour worm)
A0AAV5TY01	Pristionchus entomophagus
A0A0V1F8P5	Trichinella pseudospiralis (Parasitic roundworm)
A0A182E680	Onchocerca ochengi (Filarial nematode worm)
A0A1I7VH36	Loa loa (Eye worm) (Filaria loa)
A0A8J2LPL1	Cercopithifilaria johnstoni
A0A915B7X5	Parascaris univalens (Nematode worm)
A0A9J2PJX2	Ascaris lumbricoides (Giant roundworm)
F1KX01	Ascaris suum (Pig roundworm) (Ascaris lumbricoides)
W6NQM1	Haemonchus contortus (Barber pole worm)
A0A0K0D991	Angiostrongylus cantonensis (Rat lungworm)
A0A0V0YIU0	Trichinella pseudospiralis (Parasitic roundworm)
A0A183U5I6	Toxocara canis (Canine roundworm)
A0A1I7XP45	Heterorhabditis bacteriophora (Entomopathogenic nematode worm)
A0A498SN67	Acanthocheilonema viteae (Filarial nematode worm) (Dipetalonema viteae)
A0A7I4XRK2	Haemonchus contortus (Barber pole worm)
A0A7I4YL10	Haemonchus contortus (Barber pole worm)
A0A7I4YMC8	Haemonchus contortus (Barber pole worm)
A0A7I5EBS2	Haemonchus contortus (Barber pole worm)
A0A811JVG4	Bursaphelenchus okinawaensis
A0AAN8G1Q4	Trichostrongylus colubriformis (Black scour worm)
A0AAV5W9L2	Pristionchus fissidentatus
A0A016RS24	Ancylostoma ceylanicum
A0A016S000	Ancylostoma ceylanicum
A0A016S0T9	Ancylostoma ceylanicum
A0A016S101	Ancylostoma ceylanicum
A0A016S243	Ancylostoma ceylanicum
A0A016SET4	Ancylostoma ceylanicum
A0A016SW35	Ancylostoma ceylanicum
A0A016SW90	Ancylostoma ceylanicum
A0A016T1Z2	Ancylostoma ceylanicum
A0A016T350	Ancylostoma ceylanicum
A0A016T648	Ancylostoma ceylanicum
A0A016T6F0	Ancylostoma ceylanicum
A0A016TGN5	Ancylostoma ceylanicum
A0A016THG7	Ancylostoma ceylanicum
A0A016TP35	Ancylostoma ceylanicum
A0A016TZZ9	Ancylostoma ceylanicum
A0A016U012	Ancylostoma ceylanicum
A0A016U084	Ancylostoma ceylanicum
A0A016U287	Ancylostoma ceylanicum
A0A016U7V6	Ancylostoma ceylanicum
A0A016UE67	Ancylostoma ceylanicum
A0A016UEY7	Ancylostoma ceylanicum
A0A016UGX7	Ancylostoma ceylanicum
A0A016UMM5	Ancylostoma ceylanicum
A0A016UQ99	Ancylostoma ceylanicum
A0A016UYD7	Ancylostoma ceylanicum
A0A016V6I6	Ancylostoma ceylanicum
A0A016V7T7	Ancylostoma ceylanicum
A0A016V8A8	Ancylostoma ceylanicum
A0A016VD75	Ancylostoma ceylanicum
A0A016VG07	Ancylostoma ceylanicum
A0A016VZD7	Ancylostoma ceylanicum
A0A016W0R9	Ancylostoma ceylanicum
A0A016W7K2	Ancylostoma ceylanicum
A0A016WEM3	Ancylostoma ceylanicum
A0A016WIY8	Ancylostoma ceylanicum
A0A016WM47	Ancylostoma ceylanicum
A0A016WMF0	Ancylostoma ceylanicum
A0A016WN24	Ancylostoma ceylanicum
A0A016WNK3	Ancylostoma ceylanicum
A0A016WNS4	Ancylostoma ceylanicum
A0A016WXG6	Ancylostoma ceylanicum
A0A016WXV9	Ancylostoma ceylanicum
A0A085LWZ7	Trichuris suis (pig whipworm)
A0A085LYI7	Trichuris suis (pig whipworm)
A0A085MCE9	Trichuris suis (pig whipworm)
A0A085N5Z6	Trichuris suis (pig whipworm)
A0A085NJF7	Trichuris suis (pig whipworm)
A0A085NMH4	Trichuris suis (pig whipworm)
A0A090LA01	Strongyloides ratti (Parasitic roundworm)
A0A090LAF8	Strongyloides ratti (Parasitic roundworm)
A0A090MYU8	Strongyloides ratti (Parasitic roundworm)
A0A0B1SI03	Oesophagostomum dentatum (Nodular worm)
A0A0C2DZJ9	Ancylostoma duodenale
A0A0C2FCU5	Ancylostoma duodenale
A0A0C2G7N0	Ancylostoma duodenale
A0A0C2GB67	Ancylostoma duodenale
A0A0J9XPR8	Brugia malayi (Filarial nematode worm)
A0A0J9Y7Q7	Brugia malayi (Filarial nematode worm)
A0A0J9Y8D7	Brugia malayi (Filarial nematode worm)
A0A0K0E5F2	Strongyloides stercoralis (Threadworm)
A0A0K0EGX5	Strongyloides stercoralis (Threadworm)
A0A0K0EMW2	Strongyloides stercoralis (Threadworm)
A0A0K0ERB2	Strongyloides stercoralis (Threadworm)
A0A0K0ERC4	Strongyloides stercoralis (Threadworm)
A0A0K0IMY9	Brugia malayi (Filarial nematode worm)
A0A0K0IN60	Brugia malayi (Filarial nematode worm)
A0A0M3IE96	Ascaris lumbricoides (Giant roundworm)
A0A0M3IYA4	Anisakis simplex (Herring worm)
A0A0M3IZM9	Anisakis simplex (Herring worm)
A0A0M3J695	Anisakis simplex (Herring worm)
A0A0M3J9N6	Anisakis simplex (Herring worm)
A0A0M3JIV1	Anisakis simplex (Herring worm)
A0A0M3JL12	Anisakis simplex (Herring worm)
A0A0M3JR55	Anisakis simplex (Herring worm)
A0A0M3JVC2	Anisakis simplex (Herring worm)
A0A0M3JYN5	Anisakis simplex (Herring worm)
A0A0M3K1Q4	Anisakis simplex (Herring worm)
A0A0M3K4Y4	Anisakis simplex (Herring worm)
A0A0M3K913	Anisakis simplex (Herring worm)
A0A0M3K9Z7	Anisakis simplex (Herring worm)
A0A0M3KCL0	Anisakis simplex (Herring worm)
A0A0M3KCQ8	Anisakis simplex (Herring worm)
A0A0M3KGB7	Anisakis simplex (Herring worm)
A0A0M3KJY9	Anisakis simplex (Herring worm)
A0A0N4T1B8	Brugia pahangi (Filarial nematode worm)
A0A0N4T247	Brugia pahangi (Filarial nematode worm)
A0A0N4T3M0	Brugia pahangi (Filarial nematode worm)
A0A0N4T5Y6	Brugia pahangi (Filarial nematode worm)
A0A0N4TH05	Brugia pahangi (Filarial nematode worm)
A0A0N4TIF9	Brugia pahangi (Filarial nematode worm)
A0A0N4TU14	Brugia pahangi (Filarial nematode worm)
A0A0N4TWC9	Brugia pahangi (Filarial nematode worm)
A0A0N4U5M4	Dracunculus medinensis (Guinea worm)
A0A0N4U6P4	Dracunculus medinensis (Guinea worm)
A0A0N4UB22	Dracunculus medinensis (Guinea worm)
A0A0N4UCB5	Dracunculus medinensis (Guinea worm)
A0A0N4UKA8	Dracunculus medinensis (Guinea worm)
A0A0N4UKH4	Dracunculus medinensis (Guinea worm)
A0A0N4UKL7	Dracunculus medinensis (Guinea worm)
A0A0N4UL72	Dracunculus medinensis (Guinea worm)
A0A0N4UQH1	Dracunculus medinensis (Guinea worm)
A0A0N4UVU2	Enterobius vermicularis (Human pinworm)
A0A0N4UZ67	Enterobius vermicularis (Human pinworm)
A0A0N4V499	Enterobius vermicularis (Human pinworm)
A0A0N4VCM1	Enterobius vermicularis (Human pinworm)
A0A0N4VDV6	Enterobius vermicularis (Human pinworm)
A0A0N4VGS2	Enterobius vermicularis (Human pinworm)
A0A0N4VJD4	Enterobius vermicularis (Human pinworm)
A0A0N4VJJ0	Enterobius vermicularis (Human pinworm)
A0A0N4VJW3	Enterobius vermicularis (Human pinworm)
A0A0N4VMI4	Enterobius vermicularis (Human pinworm)
A0A0N4VQD6	Enterobius vermicularis (Human pinworm)
A0A0N4VQR3	Enterobius vermicularis (Human pinworm)
A0A0N4VS62	Haemonchus placei (Barber's pole worm)
A0A0N4VTD3	Haemonchus placei (Barber's pole worm)
A0A0N4VZA2	Haemonchus placei (Barber's pole worm)
A0A0N4VZI4	Haemonchus placei (Barber's pole worm)
A0A0N4W2I8	Haemonchus placei (Barber's pole worm)
A0A0N4W6V9	Haemonchus placei (Barber's pole worm)
A0A0N4WAX4	Haemonchus placei (Barber's pole worm)
A0A0N4WBX7	Haemonchus placei (Barber's pole worm)
A0A0N4WCH6	Haemonchus placei (Barber's pole worm)
A0A0N4WD21	Haemonchus placei (Barber's pole worm)
A0A0N4WDQ7	Haemonchus placei (Barber's pole worm)
A0A0N4WDZ3	Haemonchus placei (Barber's pole worm)
A0A0N4WEM5	Haemonchus placei (Barber's pole worm)
A0A0N4WEY4	Haemonchus placei (Barber's pole worm)
A0A0N4WH90	Haemonchus placei (Barber's pole worm)
A0A0N4WI25	Haemonchus placei (Barber's pole worm)
A0A0N4WK94	Haemonchus placei (Barber's pole worm)
A0A0N4WRG3	Haemonchus placei (Barber's pole worm)
A0A0N4WTQ6	Haemonchus placei (Barber's pole worm)
A0A0N4WUS5	Haemonchus placei (Barber's pole worm)
A0A0N4WVA5	Haemonchus placei (Barber's pole worm)
A0A0N4WVX8	Haemonchus placei (Barber's pole worm)
A0A0N4WVX9	Haemonchus placei (Barber's pole worm)
A0A0N4WX33	Haemonchus placei (Barber's pole worm)
A0A0N4WY76	Haemonchus placei (Barber's pole worm)
A0A0N4WZI4	Haemonchus placei (Barber's pole worm)
A0A0N4X015	Haemonchus placei (Barber's pole worm)
A0A0N4X016	Haemonchus placei (Barber's pole worm)
A0A0N4X6C1	Haemonchus placei (Barber's pole worm)
A0A0N4X9H2	Haemonchus placei (Barber's pole worm)
A0A0N4XBA9	Haemonchus placei (Barber's pole worm)
A0A0N4XF88	Nippostrongylus brasiliensis (Rat hookworm)
A0A0N4XQ27	Nippostrongylus brasiliensis (Rat hookworm)
A0A0N4XRC2	Nippostrongylus brasiliensis (Rat hookworm)
A0A0N4XVB3	Nippostrongylus brasiliensis (Rat hookworm)
A0A0N4XX86	Nippostrongylus brasiliensis (Rat hookworm)
A0A0N4Y0D8	Nippostrongylus brasiliensis (Rat hookworm)
A0A0N4Y2Q9	Nippostrongylus brasiliensis (Rat hookworm)
A0A0N4Y674	Nippostrongylus brasiliensis (Rat hookworm)
A0A0N4Y8D6	Nippostrongylus brasiliensis (Rat hookworm)
A0A0N4Y9R7	Nippostrongylus brasiliensis (Rat hookworm)
A0A0N4YD41	Nippostrongylus brasiliensis (Rat hookworm)
A0A0N4YEZ1	Nippostrongylus brasiliensis (Rat hookworm)
A0A0N4YGH7	Nippostrongylus brasiliensis (Rat hookworm)
A0A0N4YH20	Nippostrongylus brasiliensis (Rat hookworm)
A0A0N4YID3	Nippostrongylus brasiliensis (Rat hookworm)
A0A0N4YKW2	Nippostrongylus brasiliensis (Rat hookworm)
A0A0N4YP04	Nippostrongylus brasiliensis (Rat hookworm)
A0A0N4YQA2	Nippostrongylus brasiliensis (Rat hookworm)
A0A0N4YQA4	Nippostrongylus brasiliensis (Rat hookworm)
A0A0N4YRB6	Nippostrongylus brasiliensis (Rat hookworm)
A0A0N4YT83	Nippostrongylus brasiliensis (Rat hookworm)
A0A0N4YVX0	Nippostrongylus brasiliensis (Rat hookworm)
A0A0N4YY10	Nippostrongylus brasiliensis (Rat hookworm)
A0A0N4YZH6	Nippostrongylus brasiliensis (Rat hookworm)
A0A0N5AT64	Syphacia muris
A0A0N5CJ55	Thelazia callipaeda (Oriental eyeworm) (Parasitic nematode)
A0A0N5CLK4	Thelazia callipaeda (Oriental eyeworm) (Parasitic nematode)
A0A0N5CPB3	Thelazia callipaeda (Oriental eyeworm) (Parasitic nematode)
A0A0N5CPI4	Thelazia callipaeda (Oriental eyeworm) (Parasitic nematode)
A0A0N5CQQ1	Thelazia callipaeda (Oriental eyeworm) (Parasitic nematode)
A0A0N5CTV9	Thelazia callipaeda (Oriental eyeworm) (Parasitic nematode)
A0A0N5CY38	Thelazia callipaeda (Oriental eyeworm) (Parasitic nematode)
A0A0N5D5N5	Thelazia callipaeda (Oriental eyeworm) (Parasitic nematode)
A0A0N5D6N5	Thelazia callipaeda (Oriental eyeworm) (Parasitic nematode)
A0A0N5D8M1	Thelazia callipaeda (Oriental eyeworm) (Parasitic nematode)
A0A0N5D9Q6	Thelazia callipaeda (Oriental eyeworm) (Parasitic nematode)
A0A0N5DBZ6	Thelazia callipaeda (Oriental eyeworm) (Parasitic nematode)
A0A0R3PEP3	Angiostrongylus costaricensis (Nematode worm)
A0A0R3PJI2	Angiostrongylus costaricensis (Nematode worm)
A0A0R3PPD6	Angiostrongylus costaricensis (Nematode worm)
A0A0R3PR03	Angiostrongylus costaricensis (Nematode worm)
A0A0R3PTI4	Angiostrongylus costaricensis (Nematode worm)
A0A0R3PUB2	Angiostrongylus costaricensis (Nematode worm)
A0A0R3PUP3	Angiostrongylus costaricensis (Nematode worm)
A0A0R3PZD7	Angiostrongylus costaricensis (Nematode worm)
A0A0R3Q3L6	Brugia timori
A0A0R3Q4M3	Brugia timori
A0A0R3QA35	Brugia timori
A0A0R3QDD1	Brugia timori
A0A0R3QU29	Brugia timori
A0A0R3R3Z7	Brugia timori
A0A158PD05	Angiostrongylus costaricensis (Nematode worm)
A0A158PMN3	Angiostrongylus costaricensis (Nematode worm)
A0A158PNM0	Anisakis simplex (Herring worm)
A0A158Q5T6	Dracunculus medinensis (Guinea worm)
A0A158QJP2	Haemonchus placei (Barber's pole worm)
A0A158QRQ5	Haemonchus placei (Barber's pole worm)
A0A158QX35	Nippostrongylus brasiliensis (Rat hookworm)
A0A158R3S3	Syphacia muris
A0A182E1W6	Onchocerca ochengi (Filarial nematode worm)
A0A182E2V1	Onchocerca ochengi (Filarial nematode worm)
A0A182E8T2	Onchocerca ochengi (Filarial nematode worm)
A0A182EF15	Onchocerca ochengi (Filarial nematode worm)
A0A182EJR7	Onchocerca ochengi (Filarial nematode worm)
A0A182EJS5	Onchocerca ochengi (Filarial nematode worm)
A0A182EKK4	Onchocerca ochengi (Filarial nematode worm)
A0A182ELB8	Onchocerca ochengi (Filarial nematode worm)
A0A182ENU1	Onchocerca ochengi (Filarial nematode worm)
A0A182EQJ7	Onchocerca ochengi (Filarial nematode worm)
A0A182EQR5	Onchocerca ochengi (Filarial nematode worm)
A0A182EQX5	Onchocerca ochengi (Filarial nematode worm)
A0A182ES31	Onchocerca ochengi (Filarial nematode worm)
A0A182ET76	Onchocerca ochengi (Filarial nematode worm)
A0A182EU15	Onchocerca ochengi (Filarial nematode worm)
A0A182EV62	Onchocerca ochengi (Filarial nematode worm)
A0A182EZJ4	Onchocerca ochengi (Filarial nematode worm)
A0A183CUU7	Gongylonema pulchrum
A0A183CYP0	Gongylonema pulchrum
A0A183DFE1	Gongylonema pulchrum
A0A183DNS7	Gongylonema pulchrum
A0A183DY95	Gongylonema pulchrum
A0A183E1N5	Gongylonema pulchrum
A0A183E658	Gongylonema pulchrum
A0A183E8A5	Gongylonema pulchrum
A0A183E9R4	Gongylonema pulchrum
A0A183EEK9	Gongylonema pulchrum
A0A183ERG3	Gongylonema pulchrum
A0A183ERU6	Gongylonema pulchrum
A0A183ES56	Gongylonema pulchrum
A0A183EVM0	Gongylonema pulchrum
A0A183EXA9	Gongylonema pulchrum
A0A183HNU0	Onchocerca flexuosa
A0A183HT65	Onchocerca flexuosa
A0A183I4D1	Onchocerca flexuosa
A0A183I5W8	Onchocerca flexuosa
A0A183I649	Onchocerca flexuosa
A0A183IBK9	Soboliphyme baturini
A0A183ILM3	Soboliphyme baturini
A0A183INN7	Soboliphyme baturini
A0A183ITM7	Soboliphyme baturini
A0A183IXD3	Soboliphyme baturini
A0A183J0N0	Soboliphyme baturini
A0A183J6P1	Soboliphyme baturini
A0A1I7VZ47	Loa loa (Eye worm) (Filaria loa)
A0A1I7Y3C6	Steinernema glaseri
A0A1I7ZM14	Steinernema glaseri
A0A260YN72	Caenorhabditis latens
A0A260YPK9	Caenorhabditis latens
A0A260YQJ5	Caenorhabditis remanei (Caenorhabditis vulgaris)
A0A260YQN2	Caenorhabditis latens
A0A260YQR8	Caenorhabditis latens
A0A260YR26	Caenorhabditis remanei (Caenorhabditis vulgaris)
A0A260YSI5	Caenorhabditis remanei (Caenorhabditis vulgaris)
A0A260YUA9	Caenorhabditis latens
A0A260YUB7	Caenorhabditis remanei (Caenorhabditis vulgaris)
A0A260YUZ7	Caenorhabditis latens
A0A260YWR0	Caenorhabditis remanei (Caenorhabditis vulgaris)
A0A260YYL8	Caenorhabditis remanei (Caenorhabditis vulgaris)
A0A260Z4P5	Caenorhabditis remanei (Caenorhabditis vulgaris)
A0A260Z535	Caenorhabditis remanei (Caenorhabditis vulgaris)
A0A260Z9L4	Caenorhabditis remanei (Caenorhabditis vulgaris)
A0A260ZBW0	Caenorhabditis remanei (Caenorhabditis vulgaris)
A0A260ZD36	Caenorhabditis latens
A0A260ZRM3	Caenorhabditis latens
A0A260ZS68	Caenorhabditis latens
A0A260ZT93	Caenorhabditis remanei (Caenorhabditis vulgaris)
A0A260ZTE2	Caenorhabditis latens
A0A260ZV41	Caenorhabditis latens
A0A260ZXY2	Caenorhabditis latens
A0A260ZYH0	Caenorhabditis latens
A0A261A1P8	Caenorhabditis latens
A0A261A9F1	Caenorhabditis remanei (Caenorhabditis vulgaris)
A0A261AAJ6	Caenorhabditis remanei (Caenorhabditis vulgaris)
A0A261AAS1	Caenorhabditis remanei (Caenorhabditis vulgaris)
A0A261ADL6	Caenorhabditis remanei (Caenorhabditis vulgaris)
A0A261ADS4	Caenorhabditis remanei (Caenorhabditis vulgaris)
A0A261AEX2	Caenorhabditis latens
A0A261AHK1	Caenorhabditis remanei (Caenorhabditis vulgaris)
A0A261AJG2	Caenorhabditis remanei (Caenorhabditis vulgaris)
A0A261ALP3	Caenorhabditis remanei (Caenorhabditis vulgaris)
A0A261AME6	Caenorhabditis remanei (Caenorhabditis vulgaris)
A0A261APZ3	Caenorhabditis remanei (Caenorhabditis vulgaris)
A0A261AQY9	Caenorhabditis remanei (Caenorhabditis vulgaris)
A0A261ASN3	Caenorhabditis remanei (Caenorhabditis vulgaris)
A0A261ASX8	Caenorhabditis remanei (Caenorhabditis vulgaris)
A0A261AZ21	Caenorhabditis remanei (Caenorhabditis vulgaris)
A0A261B5C3	Caenorhabditis latens
A0A261B5Y2	Caenorhabditis latens
A0A261BLX8	Caenorhabditis latens
A0A261C2L5	Caenorhabditis latens
A0A261C4B4	Caenorhabditis latens
A0A261C5S3	Caenorhabditis latens
A0A261CB07	Caenorhabditis latens
A0A261CC90	Caenorhabditis latens
A0A261CGX5	Caenorhabditis latens
A0A261CIN7	Caenorhabditis latens
A0A261CM74	Caenorhabditis latens
A0A261CNX2	Caenorhabditis latens
A0A261CPH9	Caenorhabditis latens
A0A261CRM2	Caenorhabditis latens
A0A2A2JAK4	Diploscapter pachys
A0A2A2JDM5	Diploscapter pachys
A0A2A2JJC8	Diploscapter pachys
A0A2A2JJH5	Diploscapter pachys
A0A2A2JJQ9	Diploscapter pachys
A0A2A2JPH8	Diploscapter pachys
A0A2A2JU84	Diploscapter pachys
A0A2A2JWC0	Diploscapter pachys
A0A2A2JZE6	Diploscapter pachys
A0A2A2K560	Diploscapter pachys
A0A2A2K7R7	Diploscapter pachys
A0A2A2KB08	Diploscapter pachys
A0A2A2KDQ0	Diploscapter pachys
A0A2A2KEE6	Diploscapter pachys
A0A2A2KLC6	Diploscapter pachys
A0A2A2KM84	Diploscapter pachys
A0A2A2KP93	Diploscapter pachys
A0A2A2KQI8	Diploscapter pachys
A0A2A2KUV4	Diploscapter pachys
A0A2A2KUZ9	Diploscapter pachys
A0A2A2KV45	Diploscapter pachys
A0A2A2KXN9	Diploscapter pachys
A0A2A2L0R8	Diploscapter pachys
A0A2A2LAS6	Diploscapter pachys
A0A2A2LE14	Diploscapter pachys
A0A2A2LE33	Diploscapter pachys
A0A2A2LJ91	Diploscapter pachys
A0A2A2LK79	Diploscapter pachys
A0A2A2LLS1	Diploscapter pachys
A0A2A2LSV9	Diploscapter pachys
A0A2A2LVN0	Diploscapter pachys
A0A2A2LWU6	Diploscapter pachys
A0A2A2LXP2	Diploscapter pachys
A0A2G5SJG8	Caenorhabditis nigoni
A0A2G5SKE7	Caenorhabditis nigoni
A0A2G5SP94	Caenorhabditis nigoni
A0A2G5SQI1	Caenorhabditis nigoni
A0A2G5SRG1	Caenorhabditis nigoni
A0A2G5SW58	Caenorhabditis nigoni
A0A2G5T5D2	Caenorhabditis nigoni
A0A2G5TGY1	Caenorhabditis nigoni
A0A2G5TLI0	Caenorhabditis nigoni
A0A2G5TUB0	Caenorhabditis nigoni
A0A2G5TV30	Caenorhabditis nigoni
A0A2G5UXU0	Caenorhabditis nigoni
A0A2G5UZR1	Caenorhabditis nigoni
A0A2G5VF99	Caenorhabditis nigoni
A0A2G5VK67	Caenorhabditis nigoni
A0A2G5VT72	Caenorhabditis nigoni
A0A2G5VV51	Caenorhabditis nigoni
A0A2G9TT85	Teladorsagia circumcincta (Brown stomach worm) (Ostertagia circumcincta)
A0A368FLS8	Ancylostoma caninum (Dog hookworm)
A0A368GED3	Ancylostoma caninum (Dog hookworm)
A0A368GMR5	Ancylostoma caninum (Dog hookworm)
A0A368GWF2	Ancylostoma caninum (Dog hookworm)
A0A368GX83	Ancylostoma caninum (Dog hookworm)
A0A3P6PA18	Anisakis simplex (Herring worm)
A0A3P6QJ83	Cylicostephanus goldi (Nematode worm)
A0A3P6QL83	Cylicostephanus goldi (Nematode worm)
A0A3P6QLE5	Cylicostephanus goldi (Nematode worm)
A0A3P6QPB2	Cylicostephanus goldi (Nematode worm)
A0A3P6QVB9	Cylicostephanus goldi (Nematode worm)
A0A3P6R394	Cylicostephanus goldi (Nematode worm)
A0A3P6R4W2	Anisakis simplex (Herring worm)
A0A3P6RAJ6	Cylicostephanus goldi (Nematode worm)
A0A3P6RS79	Cylicostephanus goldi (Nematode worm)
A0A3P6RS92	Cylicostephanus goldi (Nematode worm)
A0A3P6RYX7	Cylicostephanus goldi (Nematode worm)
A0A3P6S0R5	Litomosoides sigmodontis (Filarial nematode worm)
A0A3P6S677	Litomosoides sigmodontis (Filarial nematode worm)
A0A3P6SMJ6	Litomosoides sigmodontis (Filarial nematode worm)
A0A3P6SNG0	Cylicostephanus goldi (Nematode worm)
A0A3P6SQE8	Cylicostephanus goldi (Nematode worm)
A0A3P6SR19	Anisakis simplex (Herring worm)
A0A3P6SWU7	Litomosoides sigmodontis (Filarial nematode worm)
A0A3P6T4X6	Litomosoides sigmodontis (Filarial nematode worm)
A0A3P6T5H8	Litomosoides sigmodontis (Filarial nematode worm)
A0A3P6TJV7	Litomosoides sigmodontis (Filarial nematode worm)
A0A3P6TR11	Cylicostephanus goldi (Nematode worm)
A0A3P6V2A3	Litomosoides sigmodontis (Filarial nematode worm)
A0A3P7DQ77	Wuchereria bancrofti
A0A3P7DXE1	Wuchereria bancrofti
A0A3P7DZV4	Wuchereria bancrofti
A0A3P7E3I6	Wuchereria bancrofti
A0A3P7E469	Wuchereria bancrofti
A0A3P7E6A1	Wuchereria bancrofti
A0A3P7E6U5	Wuchereria bancrofti
A0A3P7EBP7	Wuchereria bancrofti
A0A3P7EH73	Wuchereria bancrofti
A0A3P7ENG4	Wuchereria bancrofti
A0A3P7FG75	Wuchereria bancrofti
A0A3P7FTE3	Wuchereria bancrofti
A0A3P7G115	Wuchereria bancrofti
A0A3P7HZP5	Strongylus vulgaris (Blood worm)
A0A3P7IBR0	Strongylus vulgaris (Blood worm)
A0A3P7IHK3	Strongylus vulgaris (Blood worm)
A0A3P7IRG9	Strongylus vulgaris (Blood worm)
A0A3P7IS41	Strongylus vulgaris (Blood worm)
A0A3P7ISS6	Strongylus vulgaris (Blood worm)
A0A3P7IWK9	Strongylus vulgaris (Blood worm)
A0A3P7IZ39	Strongylus vulgaris (Blood worm)
A0A3P7J2E8	Strongylus vulgaris (Blood worm)
A0A3P7J5P1	Strongylus vulgaris (Blood worm)
A0A3P7JCZ1	Strongylus vulgaris (Blood worm)
A0A3P7JFI9	Strongylus vulgaris (Blood worm)
A0A3P7JQ21	Litomosoides sigmodontis (Filarial nematode worm)
A0A3P7JU93	Strongylus vulgaris (Blood worm)
A0A3P7JZ11	Strongylus vulgaris (Blood worm)
A0A3P7K2Y8	Strongylus vulgaris (Blood worm)
A0A3P7K3E3	Strongylus vulgaris (Blood worm)
A0A3P7K401	Strongylus vulgaris (Blood worm)
A0A3P7K4K1	Litomosoides sigmodontis (Filarial nematode worm)
A0A3P7K4P4	Litomosoides sigmodontis (Filarial nematode worm)
A0A3P7K5S3	Strongylus vulgaris (Blood worm)
A0A3P7K640	Litomosoides sigmodontis (Filarial nematode worm)
A0A3P7K8W0	Onchocerca ochengi (Filarial nematode worm)
A0A3P7KHU8	Strongylus vulgaris (Blood worm)
A0A3P7KMS3	Strongylus vulgaris (Blood worm)
A0A3P7KX10	Strongylus vulgaris (Blood worm)
A0A3P7LJB6	Strongylus vulgaris (Blood worm)
A0A3P7LJG7	Strongylus vulgaris (Blood worm)
A0A3P7LX53	Litomosoides sigmodontis (Filarial nematode worm)
A0A3P7M572	Cylicostephanus goldi (Nematode worm)
A0A3P7MHG0	Onchocerca ochengi (Filarial nematode worm)
A0A3P7MIX9	Cylicostephanus goldi (Nematode worm)
A0A3P7MNG4	Cylicostephanus goldi (Nematode worm)
A0A3P7MP16	Cylicostephanus goldi (Nematode worm)
A0A3P7MUI8	Cylicostephanus goldi (Nematode worm)
A0A3P7MV24	Cylicostephanus goldi (Nematode worm)
A0A3P7N2E7	Cylicostephanus goldi (Nematode worm)
A0A3P7N395	Cylicostephanus goldi (Nematode worm)
A0A3P7NBF3	Cylicostephanus goldi (Nematode worm)
A0A3P7QZF1	Cylicostephanus goldi (Nematode worm)
A0A3P8C1S5	Onchocerca flexuosa
A0A498S2Z8	Acanthocheilonema viteae (Filarial nematode worm) (Dipetalonema viteae)
A0A498S8U9	Acanthocheilonema viteae (Filarial nematode worm) (Dipetalonema viteae)
A0A498S998	Acanthocheilonema viteae (Filarial nematode worm) (Dipetalonema viteae)
A0A498SBI1	Acanthocheilonema viteae (Filarial nematode worm) (Dipetalonema viteae)
A0A498SC51	Acanthocheilonema viteae (Filarial nematode worm) (Dipetalonema viteae)
A0A498SJM6	Acanthocheilonema viteae (Filarial nematode worm) (Dipetalonema viteae)
A0A498SKF0	Acanthocheilonema viteae (Filarial nematode worm) (Dipetalonema viteae)
A0A498SM51	Acanthocheilonema viteae (Filarial nematode worm) (Dipetalonema viteae)
A0A498SMK8	Acanthocheilonema viteae (Filarial nematode worm) (Dipetalonema viteae)
A0A498SRT0	Acanthocheilonema viteae (Filarial nematode worm) (Dipetalonema viteae)
A0A4E9F8Y6	Brugia malayi (Filarial nematode worm)
A0A4E9FC81	Brugia malayi (Filarial nematode worm)
A0A4U5LU03	Steinernema carpocapsae (Entomopathogenic nematode)
A0A4U5LVU7	Steinernema carpocapsae (Entomopathogenic nematode)
A0A4U5M0P2	Steinernema carpocapsae (Entomopathogenic nematode)
A0A4U5M0W2	Steinernema carpocapsae (Entomopathogenic nematode)
A0A4U5M1F5	Steinernema carpocapsae (Entomopathogenic nematode)
A0A4U5M1M3	Steinernema carpocapsae (Entomopathogenic nematode)
A0A4U5M2J7	Steinernema carpocapsae (Entomopathogenic nematode)
A0A4U5M2W6	Steinernema carpocapsae (Entomopathogenic nematode)
A0A4U5M6X2	Steinernema carpocapsae (Entomopathogenic nematode)
A0A4U5M8Y5	Steinernema carpocapsae (Entomopathogenic nematode)
A0A4U5MIL2	Steinernema carpocapsae (Entomopathogenic nematode)
A0A4U5MM05	Steinernema carpocapsae (Entomopathogenic nematode)
A0A4U5MME5	Steinernema carpocapsae (Entomopathogenic nematode)
A0A4U5MMV1	Steinernema carpocapsae (Entomopathogenic nematode)
A0A4U5MS36	Steinernema carpocapsae (Entomopathogenic nematode)
A0A4U5N1E7	Steinernema carpocapsae (Entomopathogenic nematode)
A0A4U5N4T1	Steinernema carpocapsae (Entomopathogenic nematode)
A0A4U5N6E5	Steinernema carpocapsae (Entomopathogenic nematode)
A0A4U5NGK7	Steinernema carpocapsae (Entomopathogenic nematode)
A0A4U5NI64	Steinernema carpocapsae (Entomopathogenic nematode)
A0A4U5NJ40	Steinernema carpocapsae (Entomopathogenic nematode)
A0A4U5NK54	Steinernema carpocapsae (Entomopathogenic nematode)
A0A4U5P0L4	Steinernema carpocapsae (Entomopathogenic nematode)
A0A4U8UJM8	Steinernema carpocapsae (Entomopathogenic nematode)
A0A4U8UPI0	Steinernema carpocapsae (Entomopathogenic nematode)
A0A4U8USM9	Steinernema carpocapsae (Entomopathogenic nematode)
A0A4U8USX9	Steinernema carpocapsae (Entomopathogenic nematode)
A0A4U8UTP3	Steinernema carpocapsae (Entomopathogenic nematode)
A0A4U8UUK2	Steinernema carpocapsae (Entomopathogenic nematode)
A0A4U8V055	Steinernema carpocapsae (Entomopathogenic nematode)
A0A4V5ZY40	Steinernema carpocapsae (Entomopathogenic nematode)
A0A4V6A072	Steinernema carpocapsae (Entomopathogenic nematode)
A0A4V6A092	Steinernema carpocapsae (Entomopathogenic nematode)
A0A4V6A1Y8	Steinernema carpocapsae (Entomopathogenic nematode)
A0A5S6Q935	Trichuris muris (Mouse whipworm)
A0A5S6QD82	Trichuris muris (Mouse whipworm)
A0A5S6QE58	Trichuris muris (Mouse whipworm)
A0A5S6QES6	Trichuris muris (Mouse whipworm)
A0A5S6QFJ9	Trichuris muris (Mouse whipworm)
A0A5S6QSN0	Trichuris muris (Mouse whipworm)
A0A7E4UZ54	Panagrellus redivivus (Microworm)
A0A7E4VB03	Panagrellus redivivus (Microworm)
A0A811JWT4	Bursaphelenchus okinawaensis
A0A811K3Q2	Bursaphelenchus okinawaensis
A0A811K5C7	Bursaphelenchus okinawaensis
A0A811K9P5	Bursaphelenchus okinawaensis
A0A811KC32	Bursaphelenchus okinawaensis
A0A811KS99	Bursaphelenchus okinawaensis
A0A811KTX3	Bursaphelenchus okinawaensis
A0A811L1J0	Bursaphelenchus okinawaensis
A0A811LD16	Bursaphelenchus okinawaensis
A0A811LGK5	Bursaphelenchus okinawaensis
A0A811LIV4	Bursaphelenchus okinawaensis
A0A811LKS1	Bursaphelenchus okinawaensis
A0A811LKU3	Bursaphelenchus okinawaensis
A0A811LSE0	Bursaphelenchus okinawaensis
A0A811LSV1	Bursaphelenchus okinawaensis
A0A811LU89	Bursaphelenchus okinawaensis
A0A8I3B088	Ancylostoma ceylanicum
A0A8I3B1M9	Ancylostoma ceylanicum
A0A8J2LMM1	Cercopithifilaria johnstoni
A0A8J2LXH7	Cercopithifilaria johnstoni
A0A8J2M0Q9	Cercopithifilaria johnstoni
A0A8J2M3S2	Cercopithifilaria johnstoni
A0A8J2M4K9	Cercopithifilaria johnstoni
A0A8J2M9F5	Cercopithifilaria johnstoni
A0A8J2MDH2	Cercopithifilaria johnstoni
A0A8J2MGM8	Cercopithifilaria johnstoni
A0A8J2MGQ4	Cercopithifilaria johnstoni
A0A8J2MLZ1	Cercopithifilaria johnstoni
A0A8J2MRP0	Cercopithifilaria johnstoni
A0A8J2PPK3	Cercopithifilaria johnstoni
A0A8J2PT47	Cercopithifilaria johnstoni
A0A8J2Q711	Cercopithifilaria johnstoni
A0A8J2Q8A9	Cercopithifilaria johnstoni
A0A8R1DI22	Caenorhabditis japonica
A0A8R1IP79	Caenorhabditis japonica
A0A8S1E5A1	Caenorhabditis bovis
A0A8S1E6S9	Caenorhabditis bovis
A0A8S1EAI2	Caenorhabditis bovis
A0A8S1EBF4	Caenorhabditis bovis
A0A8S1EBZ2	Caenorhabditis bovis
A0A8S1EDU2	Caenorhabditis bovis
A0A8S1EI67	Caenorhabditis bovis
A0A8S1EIK3	Caenorhabditis bovis
A0A8S1ELH7	Caenorhabditis bovis
A0A8S1EP35	Caenorhabditis bovis
A0A8S1ESM0	Caenorhabditis bovis
A0A8S1EVB7	Caenorhabditis bovis
A0A8S1EVL9	Caenorhabditis bovis
A0A8S1EVY6	Caenorhabditis bovis
A0A8S1EW31	Caenorhabditis bovis
A0A8S1EWH1	Caenorhabditis bovis
A0A8S1EWR8	Caenorhabditis bovis
A0A8S1EWV4	Caenorhabditis bovis
A0A8S1EZA9	Caenorhabditis bovis
A0A8S1F074	Caenorhabditis bovis
A0A8S1F0F0	Caenorhabditis bovis
A0A8S1F1Q3	Caenorhabditis bovis
A0A8S1F3F2	Caenorhabditis bovis
A0A8S1F4W5	Caenorhabditis bovis
A0A8S1F5E5	Caenorhabditis bovis
A0A8S1F5F5	Caenorhabditis bovis
A0A8S1F5F9	Caenorhabditis bovis
A0A8S1F6A6	Caenorhabditis bovis
A0A8S1F750	Caenorhabditis bovis
A0A8S1F877	Caenorhabditis bovis
A0A8S1FA31	Caenorhabditis bovis
A0A8S1FBL7	Caenorhabditis bovis
A0A8S1FBL8	Caenorhabditis bovis
A0A8S1FFP3	Caenorhabditis bovis
A0A8S1FG57	Caenorhabditis bovis
A0A8S1GU90	Caenorhabditis auriculariae
A0A8S1GUU4	Caenorhabditis auriculariae
A0A8S1GVC4	Caenorhabditis auriculariae
A0A8S1GYW7	Caenorhabditis auriculariae
A0A8S1H0I2	Caenorhabditis auriculariae
A0A8S1H214	Caenorhabditis auriculariae
A0A8S1H8F1	Caenorhabditis auriculariae
A0A8S1H935	Caenorhabditis auriculariae
A0A8S1H964	Caenorhabditis auriculariae
A0A8S1HAY7	Caenorhabditis auriculariae
A0A8S1HBL2	Caenorhabditis auriculariae
A0A8S1HCD0	Caenorhabditis auriculariae
A0A8S1HD96	Caenorhabditis auriculariae
A0A8S1HDA9	Caenorhabditis auriculariae
A0A8S1HEH5	Caenorhabditis auriculariae
A0A8S1HFT5	Caenorhabditis auriculariae
A0A8S1HH17	Caenorhabditis auriculariae
A0A8S1HKF8	Caenorhabditis auriculariae
A0A8S1HMF8	Caenorhabditis auriculariae
A0A8S1HMN7	Caenorhabditis auriculariae
A0A8S1HMX4	Caenorhabditis auriculariae
A0A8S1HP45	Caenorhabditis auriculariae
A0A8S1HP76	Caenorhabditis auriculariae
A0A8S1HPR4	Caenorhabditis auriculariae
A0A8S1HU76	Caenorhabditis auriculariae
A0A8S1HUC6	Caenorhabditis auriculariae
A0A8S1HWK1	Caenorhabditis auriculariae
A0A914BV28	Acrobeloides nanus
A0A914BYL0	Acrobeloides nanus
A0A914C1U3	Acrobeloides nanus
A0A914CF87	Acrobeloides nanus
A0A914CKH6	Acrobeloides nanus
A0A914CZ50	Acrobeloides nanus
A0A914D1G6	Acrobeloides nanus
A0A914D2W2	Acrobeloides nanus
A0A914DPF5	Acrobeloides nanus
A0A914DPP4	Acrobeloides nanus
A0A914DQ45	Acrobeloides nanus
A0A914DTU0	Acrobeloides nanus
A0A914DYQ6	Acrobeloides nanus
A0A914E0A8	Acrobeloides nanus
A0A914E315	Acrobeloides nanus
A0A914EBV0	Acrobeloides nanus
A0A914ECV1	Acrobeloides nanus
A0A914EDX9	Acrobeloides nanus
A0A914EKQ9	Acrobeloides nanus
A0A914EM54	Acrobeloides nanus
A0A914GPH9	Globodera rostochiensis (Golden nematode worm) (Heterodera rostochiensis)
A0A914GTX0	Globodera rostochiensis (Golden nematode worm) (Heterodera rostochiensis)
A0A914GVP4	Globodera rostochiensis (Golden nematode worm) (Heterodera rostochiensis)
A0A914HLV8	Globodera rostochiensis (Golden nematode worm) (Heterodera rostochiensis)
A0A914HRT8	Globodera rostochiensis (Golden nematode worm) (Heterodera rostochiensis)
A0A914HWL2	Globodera rostochiensis (Golden nematode worm) (Heterodera rostochiensis)
A0A914HX22	Globodera rostochiensis (Golden nematode worm) (Heterodera rostochiensis)
A0A914HYV9	Globodera rostochiensis (Golden nematode worm) (Heterodera rostochiensis)
A0A914I3U5	Globodera rostochiensis (Golden nematode worm) (Heterodera rostochiensis)
A0A914I638	Globodera rostochiensis (Golden nematode worm) (Heterodera rostochiensis)
A0A914I6Z2	Globodera rostochiensis (Golden nematode worm) (Heterodera rostochiensis)
A0A914KJ74	Meloidogyne incognita (Southern root-knot nematode worm) (Oxyuris incognita)
A0A914KKH1	Meloidogyne incognita (Southern root-knot nematode worm) (Oxyuris incognita)
A0A914KLQ1	Meloidogyne incognita (Southern root-knot nematode worm) (Oxyuris incognita)
A0A914KM32	Meloidogyne incognita (Southern root-knot nematode worm) (Oxyuris incognita)
A0A914KVA7	Meloidogyne incognita (Southern root-knot nematode worm) (Oxyuris incognita)
A0A914L182	Meloidogyne incognita (Southern root-knot nematode worm) (Oxyuris incognita)
A0A914L2Y3	Meloidogyne incognita (Southern root-knot nematode worm) (Oxyuris incognita)
A0A914L4F8	Meloidogyne incognita (Southern root-knot nematode worm) (Oxyuris incognita)
A0A914LA65	Meloidogyne incognita (Southern root-knot nematode worm) (Oxyuris incognita)
A0A914LIJ9	Meloidogyne incognita (Southern root-knot nematode worm) (Oxyuris incognita)
A0A914LL41	Meloidogyne incognita (Southern root-knot nematode worm) (Oxyuris incognita)
A0A914LMP0	Meloidogyne incognita (Southern root-knot nematode worm) (Oxyuris incognita)
A0A914LN99	Meloidogyne incognita (Southern root-knot nematode worm) (Oxyuris incognita)
A0A914LPF0	Meloidogyne incognita (Southern root-knot nematode worm) (Oxyuris incognita)
A0A914LR78	Meloidogyne incognita (Southern root-knot nematode worm) (Oxyuris incognita)
A0A914LS87	Meloidogyne incognita (Southern root-knot nematode worm) (Oxyuris incognita)
A0A914LU73	Meloidogyne incognita (Southern root-knot nematode worm) (Oxyuris incognita)
A0A914M0S2	Meloidogyne incognita (Southern root-knot nematode worm) (Oxyuris incognita)
A0A914M4T4	Meloidogyne incognita (Southern root-knot nematode worm) (Oxyuris incognita)
A0A914MEK6	Meloidogyne incognita (Southern root-knot nematode worm) (Oxyuris incognita)
A0A914MJ39	Meloidogyne incognita (Southern root-knot nematode worm) (Oxyuris incognita)
A0A914MMV0	Meloidogyne incognita (Southern root-knot nematode worm) (Oxyuris incognita)
A0A914MP59	Meloidogyne incognita (Southern root-knot nematode worm) (Oxyuris incognita)
A0A914MPE4	Meloidogyne incognita (Southern root-knot nematode worm) (Oxyuris incognita)
A0A914NBV6	Meloidogyne incognita (Southern root-knot nematode worm) (Oxyuris incognita)
A0A914NDV2	Meloidogyne incognita (Southern root-knot nematode worm) (Oxyuris incognita)
A0A914NIP8	Meloidogyne incognita (Southern root-knot nematode worm) (Oxyuris incognita)
A0A914NJ49	Meloidogyne incognita (Southern root-knot nematode worm) (Oxyuris incognita)
A0A914NL94	Meloidogyne incognita (Southern root-knot nematode worm) (Oxyuris incognita)
A0A914NLY3	Meloidogyne incognita (Southern root-knot nematode worm) (Oxyuris incognita)
A0A914PQG4	Panagrolaimus davidi
A0A914PZ40	Panagrolaimus davidi
A0A914Q3H7	Panagrolaimus davidi
A0A914Q8B7	Panagrolaimus davidi
A0A914QH23	Panagrolaimus davidi
A0A914QI09	Panagrolaimus davidi
A0A914QSJ8	Panagrolaimus davidi
A0A914R815	Parascaris equorum (Equine roundworm)
A0A914R8U8	Panagrolaimus davidi
A0A914RFN2	Parascaris equorum (Equine roundworm)
A0A914RHV4	Parascaris equorum (Equine roundworm)
A0A914RJU6	Parascaris equorum (Equine roundworm)
A0A914RK96	Parascaris equorum (Equine roundworm)
A0A914RKD2	Parascaris equorum (Equine roundworm)
A0A914RPI3	Parascaris equorum (Equine roundworm)
A0A914RPP0	Parascaris equorum (Equine roundworm)
A0A914RR14	Parascaris equorum (Equine roundworm)
A0A914RYT2	Parascaris equorum (Equine roundworm)
A0A914RZ11	Parascaris equorum (Equine roundworm)
A0A914S4L1	Parascaris equorum (Equine roundworm)
A0A914UGS6	Plectus sambesii
A0A914VF00	Plectus sambesii
A0A914VHE1	Plectus sambesii
A0A914VK89	Plectus sambesii
A0A914VR29	Plectus sambesii
A0A914W087	Plectus sambesii
A0A914WHW8	Plectus sambesii
A0A914WK97	Plectus sambesii
A0A914WM21	Plectus sambesii
A0A914WWD7	Plectus sambesii
A0A914WZB9	Plectus sambesii
A0A914X6R3	Plectus sambesii
A0A914X7N2	Plectus sambesii
A0A914XC14	Plectus sambesii
A0A914XHB3	Plectus sambesii
A0A914XZH4	Panagrolaimus superbus
A0A914YPW4	Panagrolaimus superbus
A0A914Z0I7	Panagrolaimus superbus
A0A914Z371	Panagrolaimus superbus
A0A914Z3C5	Panagrolaimus superbus
A0A914Z466	Panagrolaimus superbus
A0A914Z5Q8	Panagrolaimus superbus
A0A914Z9T2	Panagrolaimus superbus
A0A914ZG79	Parascaris univalens (Nematode worm)
A0A914ZHQ9	Parascaris univalens (Nematode worm)
A0A914ZIU3	Parascaris univalens (Nematode worm)
A0A914ZKV9	Parascaris univalens (Nematode worm)
A0A914ZV14	Parascaris univalens (Nematode worm)
A0A915A7C1	Parascaris univalens (Nematode worm)
A0A915A9D7	Parascaris univalens (Nematode worm)
A0A915ABH1	Parascaris univalens (Nematode worm)
A0A915AMI3	Parascaris univalens (Nematode worm)
A0A915ATT1	Parascaris univalens (Nematode worm)
A0A915ATY3	Parascaris univalens (Nematode worm)
A0A915B5Y1	Parascaris univalens (Nematode worm)
A0A915BBQ3	Parascaris univalens (Nematode worm)
A0A915BFC3	Parascaris univalens (Nematode worm)
A0A915BFV0	Parascaris univalens (Nematode worm)
A0A915BLJ9	Parascaris univalens (Nematode worm)
A0A915BLS8	Parascaris univalens (Nematode worm)
A0A915BMW4	Parascaris univalens (Nematode worm)
A0A915BTT0	Parascaris univalens (Nematode worm)
A0A915BTU6	Parascaris univalens (Nematode worm)
A0A915BVH9	Parascaris univalens (Nematode worm)
A0A915BYS0	Parascaris univalens (Nematode worm)
A0A915C3V2	Parascaris univalens (Nematode worm)
A0A915C7R5	Parascaris univalens (Nematode worm)
A0A915CAZ0	Parascaris univalens (Nematode worm)
A0A915CC04	Parascaris univalens (Nematode worm)
A0A915CCE3	Parascaris univalens (Nematode worm)
A0A915CPQ1	Ditylenchus dipsaci
A0A915DA24	Ditylenchus dipsaci
A0A915DF86	Ditylenchus dipsaci
A0A915DSQ6	Ditylenchus dipsaci
A0A915E659	Ditylenchus dipsaci
A0A915E6H3	Ditylenchus dipsaci
A0A915EPE2	Ditylenchus dipsaci
A0A915J169	Romanomermis culicivorax (Nematode worm)
A0A915J567	Romanomermis culicivorax (Nematode worm)
A0A915J5M9	Romanomermis culicivorax (Nematode worm)
A0A915J6M8	Romanomermis culicivorax (Nematode worm)
A0A915JGK1	Romanomermis culicivorax (Nematode worm)
A0A915JGV5	Romanomermis culicivorax (Nematode worm)
A0A915JJU1	Romanomermis culicivorax (Nematode worm)
A0A915JPZ4	Romanomermis culicivorax (Nematode worm)
A0A915JWF6	Romanomermis culicivorax (Nematode worm)
A0A915KZ58	Romanomermis culicivorax (Nematode worm)
A0A915LUF2	Meloidogyne javanica (Root-knot nematode worm)
A0A915LXH6	Meloidogyne javanica (Root-knot nematode worm)
A0A915M1Y2	Meloidogyne javanica (Root-knot nematode worm)
A0A915MDP1	Meloidogyne javanica (Root-knot nematode worm)
A0A915MQ19	Meloidogyne javanica (Root-knot nematode worm)
A0A915MW36	Meloidogyne javanica (Root-knot nematode worm)
A0A915MZA0	Meloidogyne javanica (Root-knot nematode worm)
A0A915MZI8	Meloidogyne javanica (Root-knot nematode worm)
A0A915N079	Meloidogyne javanica (Root-knot nematode worm)
A0A915N234	Meloidogyne javanica (Root-knot nematode worm)
A0A915N257	Meloidogyne javanica (Root-knot nematode worm)
A0A915N9F4	Meloidogyne javanica (Root-knot nematode worm)
A0A915ND37	Meloidogyne javanica (Root-knot nematode worm)
A0A915NK11	Meloidogyne floridensis
A0A915NP36	Meloidogyne floridensis
A0A915NVJ6	Meloidogyne floridensis
A0A915P3T7	Meloidogyne floridensis
A0A915P7H6	Meloidogyne floridensis
A0A915PEX1	Meloidogyne floridensis
A0A915PS79	Setaria digitata
A0A915PW56	Setaria digitata
A0A915PWT6	Setaria digitata
A0A915PXN8	Setaria digitata
A0A915PZA3	Setaria digitata
A0A915PZA6	Setaria digitata
A0A915Q1E6	Setaria digitata
A0A9J2P2M5	Ascaris lumbricoides (Giant roundworm)
A0A9J2PFF5	Ascaris lumbricoides (Giant roundworm)
A0A9J2PK10	Ascaris lumbricoides (Giant roundworm)
A0A9J2PLL9	Ascaris lumbricoides (Giant roundworm)
A0A9J2PPE3	Ascaris lumbricoides (Giant roundworm)
A0A9J2Q9M1	Ascaris lumbricoides (Giant roundworm)
A0A9P1I4S1	Caenorhabditis angaria
A0A9P1I533	Caenorhabditis angaria
A0A9P1I548	Caenorhabditis angaria
A0A9P1I5P1	Caenorhabditis angaria
A0A9P1I879	Caenorhabditis angaria
A0A9P1IAT6	Caenorhabditis angaria
A0A9P1IB40	Caenorhabditis angaria
A0A9P1IBQ5	Caenorhabditis angaria
A0A9P1ICC8	Caenorhabditis angaria
A0A9P1ID73	Caenorhabditis angaria
A0A9P1IE85	Caenorhabditis angaria
A0A9P1IKB3	Caenorhabditis angaria
A0A9P1IKQ5	Caenorhabditis angaria
A0A9P1IM90	Caenorhabditis angaria
A0A9P1IMT3	Caenorhabditis angaria
A0A9P1IMY6	Caenorhabditis angaria
A0A9P1IPA7	Caenorhabditis angaria
A0A9P1IRV6	Caenorhabditis angaria
A0A9P1IVL7	Caenorhabditis angaria
A0A9P1IXZ6	Caenorhabditis angaria
A0A9P1IZ83	Caenorhabditis angaria
A0A9P1IZC6	Caenorhabditis angaria
A0A9P1J0H9	Caenorhabditis angaria
A0A9P1J2D4	Caenorhabditis angaria
A0A9P1J3B5	Caenorhabditis angaria
A0A9P1J5S3	Caenorhabditis angaria
A0A9P1J6Q5	Caenorhabditis angaria
A0A9P1MVV2	Caenorhabditis angaria
A0A9P1MX47	Caenorhabditis angaria
A0A9P1MYF3	Caenorhabditis angaria
A0A9P1MYL5	Caenorhabditis angaria
A0A9P1MZQ7	Caenorhabditis angaria
A0A9P1MZV7	Caenorhabditis angaria
A0A9P1N1Y1	Caenorhabditis angaria
A0A9P1N287	Caenorhabditis angaria
A0A9P1N434	Caenorhabditis angaria
A0A9P1N5I8	Caenorhabditis angaria
A0A9P1N5Q6	Caenorhabditis angaria
A0A9P1N760	Caenorhabditis angaria
A0A9P1N7X1	Caenorhabditis angaria
A0AA36C7A2	Mesorhabditis spiculigera
A0AA36C7S4	Mesorhabditis spiculigera
A0AA36CD97	Mesorhabditis spiculigera
A0AA36CDW2	Mesorhabditis spiculigera
A0AA36CDY4	Mesorhabditis spiculigera
A0AA36CET9	Mesorhabditis spiculigera
A0AA36CFJ7	Mesorhabditis spiculigera
A0AA36CIB2	Mesorhabditis spiculigera
A0AA36CK66	Mesorhabditis spiculigera
A0AA36CPH3	Mesorhabditis spiculigera
A0AA36CWD0	Mesorhabditis spiculigera
A0AA36D1V4	Mesorhabditis spiculigera
A0AA36D4G1	Mesorhabditis spiculigera
A0AA36D9C2	Mesorhabditis spiculigera
A0AA36DA54	Mesorhabditis spiculigera
A0AA36DAM7	Mesorhabditis spiculigera
A0AA36DD35	Mesorhabditis spiculigera
A0AA36DD82	Mesorhabditis spiculigera
A0AA36DDB7	Mesorhabditis spiculigera
A0AA36DE36	Mesorhabditis spiculigera
A0AA36DF05	Mesorhabditis spiculigera
A0AA36DGE2	Mesorhabditis spiculigera
A0AA36DSD5	Cylicocyclus nassatus (Nematode worm)
A0AA36DSU7	Cylicocyclus nassatus (Nematode worm)
A0AA36DSV8	Cylicocyclus nassatus (Nematode worm)
A0AA36DUG4	Cylicocyclus nassatus (Nematode worm)
A0AA36FT37	Mesorhabditis spiculigera
A0AA36G1A5	Mesorhabditis spiculigera
A0AA36G6K4	Mesorhabditis spiculigera
A0AA36G8I7	Mesorhabditis spiculigera
A0AA36GAC6	Mesorhabditis spiculigera
A0AA36GAE1	Mesorhabditis spiculigera
A0AA36GAU2	Mesorhabditis spiculigera
A0AA36GEB8	Mesorhabditis spiculigera
A0AA36GF40	Cylicocyclus nassatus (Nematode worm)
A0AA36GGA7	Cylicocyclus nassatus (Nematode worm)
A0AA36GJY7	Cylicocyclus nassatus (Nematode worm)
A0AA36GNU0	Cylicocyclus nassatus (Nematode worm)
A0AA36GPF9	Cylicocyclus nassatus (Nematode worm)
A0AA36GPG4	Cylicocyclus nassatus (Nematode worm)
A0AA36GR69	Cylicocyclus nassatus (Nematode worm)
A0AA36GRD5	Cylicocyclus nassatus (Nematode worm)
A0AA36GSG6	Cylicocyclus nassatus (Nematode worm)
A0AA36GUA0	Cylicocyclus nassatus (Nematode worm)
A0AA36GXB8	Cylicocyclus nassatus (Nematode worm)
A0AA36H1D9	Cylicocyclus nassatus (Nematode worm)
A0AA36H1R4	Cylicocyclus nassatus (Nematode worm)
A0AA36H3C8	Cylicocyclus nassatus (Nematode worm)
A0AA36H7Z4	Cylicocyclus nassatus (Nematode worm)
A0AA36H9I8	Cylicocyclus nassatus (Nematode worm)
A0AA36HBR9	Cylicocyclus nassatus (Nematode worm)
A0AA36HHD5	Cylicocyclus nassatus (Nematode worm)
A0AA36M1W5	Cylicocyclus nassatus (Nematode worm)
A0AA36M1Y9	Cylicocyclus nassatus (Nematode worm)
A0AA36M275	Cylicocyclus nassatus (Nematode worm)
A0AA36M2N3	Cylicocyclus nassatus (Nematode worm)
A0AA36M394	Cylicocyclus nassatus (Nematode worm)
A0AA36M4N5	Cylicocyclus nassatus (Nematode worm)
A0AA36M572	Cylicocyclus nassatus (Nematode worm)
A0AA36M5I2	Cylicocyclus nassatus (Nematode worm)
A0AA36MA80	Cylicocyclus nassatus (Nematode worm)
A0AA36MBJ5	Cylicocyclus nassatus (Nematode worm)
A0AA36MC80	Cylicocyclus nassatus (Nematode worm)
A0AA36ME47	Cylicocyclus nassatus (Nematode worm)
A0AA36MEA0	Cylicocyclus nassatus (Nematode worm)
A0AA36MFR1	Cylicocyclus nassatus (Nematode worm)
A0AA36MH68	Cylicocyclus nassatus (Nematode worm)
A0AA39GYG4	Steinernema hermaphroditum
A0AA39GZL6	Steinernema hermaphroditum
A0AA39H042	Steinernema hermaphroditum
A0AA39H2F8	Steinernema hermaphroditum
A0AA39H3C2	Steinernema hermaphroditum
A0AA39H4G2	Steinernema hermaphroditum
A0AA39H5G0	Steinernema hermaphroditum
A0AA39H5Y9	Steinernema hermaphroditum
A0AA39HA69	Steinernema hermaphroditum
A0AA39HAC8	Steinernema hermaphroditum
A0AA39HB40	Steinernema hermaphroditum
A0AA39HCV0	Steinernema hermaphroditum
A0AA39HFN3	Steinernema hermaphroditum
A0AA39HFP7	Steinernema hermaphroditum
A0AA39HFX5	Steinernema hermaphroditum
A0AA39HJX6	Steinernema hermaphroditum
A0AA39HMY9	Steinernema hermaphroditum
A0AA39HNQ2	Steinernema hermaphroditum
A0AA39HP13	Steinernema hermaphroditum
A0AA39HQ58	Steinernema hermaphroditum
A0AA39HQ67	Steinernema hermaphroditum
A0AA39HQ80	Steinernema hermaphroditum
A0AA39HQA1	Steinernema hermaphroditum
A0AA39HQG0	Steinernema hermaphroditum
A0AA39HQP6	Steinernema hermaphroditum
A0AA39HYZ3	Steinernema hermaphroditum
A0AA39I0V2	Steinernema hermaphroditum
A0AA39I616	Steinernema hermaphroditum
A0AA39IMJ6	Steinernema hermaphroditum
A0AA39IPZ4	Steinernema hermaphroditum
A0AA39IQI1	Steinernema hermaphroditum
A0AA39IQN1	Steinernema hermaphroditum
A0AA39IQR4	Steinernema hermaphroditum
A0AA39IQS0	Steinernema hermaphroditum
A0AA39IQT6	Steinernema hermaphroditum
A0AA39IR59	Steinernema hermaphroditum
A0AA39IRN2	Steinernema hermaphroditum
A0AA39IRV8	Steinernema hermaphroditum
A0AA39ITF5	Steinernema hermaphroditum
A0AA39LHZ0	Steinernema hermaphroditum
A0AA39LHZ9	Steinernema hermaphroditum
A0AA39LI76	Steinernema hermaphroditum
A0AA39LJ95	Steinernema hermaphroditum
A0AA39LMY9	Steinernema hermaphroditum
A0AA39LTH7	Steinernema hermaphroditum
A0AA39LTL9	Steinernema hermaphroditum
A0AA39LU40	Steinernema hermaphroditum
A0AA39LUL2	Steinernema hermaphroditum
A0AA39LZW5	Steinernema hermaphroditum
A0AA39MA03	Steinernema hermaphroditum
A0AA39MAA7	Steinernema hermaphroditum
A0AA39MBN9	Steinernema hermaphroditum
A0AA39MCG5	Steinernema hermaphroditum
A0AA39MCK9	Steinernema hermaphroditum
A0AAD5M5J4	Parelaphostrongylus tenuis (Meningeal worm)
A0AAD5MV21	Parelaphostrongylus tenuis (Meningeal worm)
A0AAD5MW94	Parelaphostrongylus tenuis (Meningeal worm)
A0AAD5MXC0	Parelaphostrongylus tenuis (Meningeal worm)
A0AAD5N3E2	Parelaphostrongylus tenuis (Meningeal worm)
A0AAD5QHP2	Parelaphostrongylus tenuis (Meningeal worm)
A0AAD5QVQ8	Parelaphostrongylus tenuis (Meningeal worm)
A0AAD5QX48	Parelaphostrongylus tenuis (Meningeal worm)
A0AAD5RFY4	Parelaphostrongylus tenuis (Meningeal worm)
A0AAE9A6W2	Caenorhabditis briggsae
A0AAE9A817	Caenorhabditis briggsae
A0AAE9D3X7	Caenorhabditis briggsae
A0AAE9D5A9	Caenorhabditis briggsae
A0AAE9D5Q1	Caenorhabditis briggsae
A0AAE9EDD2	Caenorhabditis briggsae
A0AAE9EG30	Caenorhabditis briggsae
A0AAE9EXW9	Caenorhabditis briggsae
A0AAE9F5Q4	Caenorhabditis briggsae
A0AAE9F6Q5	Caenorhabditis briggsae
A0AAE9F9K1	Caenorhabditis briggsae
A0AAE9FBC5	Caenorhabditis briggsae
A0AAE9FBW3	Caenorhabditis briggsae
A0AAE9FGZ4	Caenorhabditis briggsae
A0AAE9FIC0	Caenorhabditis briggsae
A0AAE9IM54	Caenorhabditis briggsae
A0AAE9IUP5	Caenorhabditis briggsae
A0AAE9IUV9	Caenorhabditis briggsae
A0AAE9IW44	Caenorhabditis briggsae
A0AAE9J7N4	Caenorhabditis briggsae
A0AAE9J878	Caenorhabditis briggsae
A0AAE9J992	Caenorhabditis briggsae
A0AAE9JB55	Caenorhabditis briggsae
A0AAE9JG05	Caenorhabditis briggsae
A0AAE9JGW7	Caenorhabditis briggsae
A0AAE9JHN3	Caenorhabditis briggsae
A0AAE9JK55	Caenorhabditis briggsae
A0AAE9JL17	Caenorhabditis briggsae
A0AAE9JME3	Caenorhabditis briggsae
A0AAE9JMN2	Caenorhabditis briggsae
A0AAF3ECQ4	Mesorhabditis belari
A0AAF3EDF9	Mesorhabditis belari
A0AAF3EDZ1	Mesorhabditis belari
A0AAF3EFT3	Mesorhabditis belari
A0AAF3EFV9	Mesorhabditis belari
A0AAF3EMD8	Mesorhabditis belari
A0AAF3EP76	Mesorhabditis belari
A0AAF3EPA4	Mesorhabditis belari
A0AAF3EQM5	Mesorhabditis belari
A0AAF3EYK2	Mesorhabditis belari
A0AAF3F5D2	Mesorhabditis belari
A0AAF3FHX3	Mesorhabditis belari
A0AAF3FIC3	Mesorhabditis belari
A0AAF3FKN9	Mesorhabditis belari
A0AAF3FQB1	Mesorhabditis belari
A0AAF3FRI3	Mesorhabditis belari
A0AAF3FSX1	Mesorhabditis belari
A0AAF3J1U2	Mesorhabditis belari
A0AAF3J2V4	Mesorhabditis belari
A0AAF3J5C6	Mesorhabditis belari
A0AAF3J9V3	Mesorhabditis belari
A0AAF5CWS9	Strongyloides stercoralis (Threadworm)
A0AAF5CZN6	Strongyloides stercoralis (Threadworm)
A0AAF5DKR4	Strongyloides stercoralis (Threadworm)
A0AAN4Z1S1	Pristionchus mayeri
A0AAN4ZA66	Pristionchus mayeri
A0AAN4ZBI4	Pristionchus mayeri
A0AAN4ZCM9	Pristionchus mayeri
A0AAN4ZEF0	Pristionchus mayeri
A0AAN4ZEV1	Pristionchus mayeri
A0AAN4ZF04	Pristionchus mayeri
A0AAN4ZHD0	Pristionchus mayeri
A0AAN4ZJH1	Pristionchus mayeri
A0AAN5C0X4	Pristionchus mayeri
A0AAN5CB54	Pristionchus mayeri
A0AAN5CCN2	Pristionchus mayeri
A0AAN5CF23	Pristionchus mayeri
A0AAN5CJZ1	Pristionchus mayeri
A0AAN5CKE7	Pristionchus mayeri
A0AAN5CUU1	Pristionchus mayeri
A0AAN5CZF1	Pristionchus mayeri
A0AAN5D042	Pristionchus mayeri
A0AAN5D1F5	Pristionchus mayeri
A0AAN5HZA5	Pristionchus mayeri
A0AAN5HZT0	Pristionchus mayeri
A0AAN8FVQ9	Trichostrongylus colubriformis (Black scour worm)
A0AAN8IQG7	Trichostrongylus colubriformis (Black scour worm)
A0AAV5S8W2	Pristionchus entomophagus
A0AAV5SCK2	Pristionchus entomophagus
A0AAV5SDI2	Pristionchus entomophagus
A0AAV5SLK3	Pristionchus entomophagus
A0AAV5SP31	Pristionchus entomophagus
A0AAV5SV51	Pristionchus entomophagus
A0AAV5SWA2	Pristionchus entomophagus
A0AAV5SXK6	Pristionchus entomophagus
A0AAV5SY19	Pristionchus entomophagus
A0AAV5T1B7	Pristionchus entomophagus
A0AAV5T1Z0	Pristionchus entomophagus
A0AAV5T3Y1	Pristionchus entomophagus
A0AAV5T619	Pristionchus entomophagus
A0AAV5TBY6	Pristionchus entomophagus
A0AAV5TIQ0	Pristionchus entomophagus
A0AAV5TJ64	Pristionchus entomophagus
A0AAV5TNN2	Pristionchus entomophagus
A0AAV5TS80	Pristionchus entomophagus
A0AAV5TT23	Pristionchus entomophagus
A0AAV5TTJ9	Pristionchus entomophagus
A0AAV5U9M7	Pristionchus entomophagus
A0AAV5UAW7	Pristionchus entomophagus
A0AAV5UDC2	Pristionchus entomophagus
A0AAV5UHH6	Pristionchus entomophagus
A0AAV5UM56	Pristionchus entomophagus
A0AAV5UVE8	Pristionchus fissidentatus
A0AAV5V2Z0	Pristionchus fissidentatus
A0AAV5V5R0	Pristionchus fissidentatus
A0AAV5V711	Pristionchus fissidentatus
A0AAV5V870	Pristionchus fissidentatus
A0AAV5V8U1	Pristionchus fissidentatus
A0AAV5VAA4	Pristionchus fissidentatus
A0AAV5VB02	Pristionchus fissidentatus
A0AAV5VCS3	Pristionchus fissidentatus
A0AAV5VCZ1	Pristionchus fissidentatus
A0AAV5VGF5	Pristionchus fissidentatus
A0AAV5VGH1	Pristionchus fissidentatus
A0AAV5VHZ1	Pristionchus fissidentatus
A0AAV5VLM4	Pristionchus fissidentatus
A0AAV5W0B7	Pristionchus fissidentatus
A0AAV5W251	Pristionchus fissidentatus
A0AAV5W2T9	Pristionchus fissidentatus
A0AAV5W8V8	Pristionchus fissidentatus
A0AAV5WN15	Pristionchus fissidentatus
A0AAV5WN76	Pristionchus fissidentatus
A0AAV5WPR5	Pristionchus fissidentatus
A0ABD2HP60	Heterodera trifolii
A0ABD2HSC7	Heterodera schachtii (Sugarbeet cyst nematode worm) (Tylenchus schachtii)
A0ABD2HWD3	Heterodera trifolii
A0ABD2HYB6	Heterodera schachtii (Sugarbeet cyst nematode worm) (Tylenchus schachtii)
A0ABD2I274	Heterodera schachtii (Sugarbeet cyst nematode worm) (Tylenchus schachtii)
A0ABD2I6F3	Heterodera trifolii
A0ABD2I7R8	Heterodera trifolii
A0ABD2I8S4	Heterodera schachtii (Sugarbeet cyst nematode worm) (Tylenchus schachtii)
A0ABD2IE66	Heterodera trifolii
A0ABD2IEN7	Heterodera trifolii
A0ABD2IFK4	Heterodera schachtii (Sugarbeet cyst nematode worm) (Tylenchus schachtii)
A0ABD2IH56	Heterodera schachtii (Sugarbeet cyst nematode worm) (Tylenchus schachtii)
A0ABD2IIF9	Heterodera trifolii
A0ABD2IJW8	Heterodera trifolii
A0ABD2IKR3	Heterodera trifolii
A0ABD2INF6	Heterodera trifolii
A0ABD2IPF4	Heterodera schachtii (Sugarbeet cyst nematode worm) (Tylenchus schachtii)
A0ABD2IQA5	Heterodera schachtii (Sugarbeet cyst nematode worm) (Tylenchus schachtii)
A0ABD2IYY3	Heterodera schachtii (Sugarbeet cyst nematode worm) (Tylenchus schachtii)
A0ABD2IZV0	Heterodera trifolii
A0ABD2J2Q6	Heterodera trifolii
A0ABD2J8F7	Heterodera trifolii
A0ABD2JE50	Heterodera trifolii
A0ABD2JET7	Heterodera trifolii
A0ABD2JIY0	Heterodera schachtii (Sugarbeet cyst nematode worm) (Tylenchus schachtii)
A0ABD2JQ04	Heterodera schachtii (Sugarbeet cyst nematode worm) (Tylenchus schachtii)
A0ABD2JY37	Heterodera trifolii
A0ABD2K7B2	Heterodera trifolii
A0ABD2KAR0	Heterodera trifolii
A0ABD2KB54	Heterodera schachtii (Sugarbeet cyst nematode worm) (Tylenchus schachtii)
A0ABD2KJV8	Heterodera schachtii (Sugarbeet cyst nematode worm) (Tylenchus schachtii)
A0ABD2KL97	Heterodera schachtii (Sugarbeet cyst nematode worm) (Tylenchus schachtii)
A0ABD2KQQ4	Heterodera trifolii
A0ABD2KQT3	Heterodera trifolii
A0ABD2KR71	Heterodera trifolii
A0ABD2KR89	Heterodera trifolii
A0ABD2KTC4	Heterodera trifolii
A0ABD2KVF0	Heterodera trifolii
A0ABD2KYV6	Heterodera trifolii
A0ABD2KZC6	Heterodera trifolii
A0ABD2KZQ9	Heterodera trifolii
A0ABD2L173	Heterodera trifolii
A0ABD2L2V9	Heterodera trifolii
A0ABD2L3L0	Heterodera trifolii
A0ABD2L3M4	Heterodera trifolii
A0ABD2L6K6	Heterodera trifolii
A0ABD2L7I7	Heterodera trifolii
A0ABD2L7T5	Heterodera trifolii
A0ABD2LEP5	Heterodera trifolii
A0ABD2LGV4	Heterodera trifolii
A0ABD2LRU1	Heterodera trifolii
A0ABD2LVT1	Heterodera trifolii
A0ABD2LXK2	Heterodera trifolii
A0ABD2LYA1	Heterodera trifolii
A0ABD2M0K4	Heterodera trifolii
A0ABD2M0Y2	Heterodera trifolii
A0ABD2M2D8	Heterodera trifolii
A0ABD2M554	Heterodera trifolii
A0ABD2MC77	Heterodera trifolii
A0ABD2MDG7	Heterodera trifolii
A0ABD6E7M0	Gnathostoma spinigerum
A0ABD6E952	Gnathostoma spinigerum
A0ABD6EAV6	Gnathostoma spinigerum
A0ABD6ECA0	Gnathostoma spinigerum
A0ABD6EEJ1	Gnathostoma spinigerum
A0ABD6EGM0	Gnathostoma spinigerum
A0ABD6EH85	Gnathostoma spinigerum
A0ABD6EHN9	Gnathostoma spinigerum
A0ABD6ELQ8	Gnathostoma spinigerum
A0ABD6ESE1	Gnathostoma spinigerum
A0ABD6EU09	Gnathostoma spinigerum
A0ABD6EX91	Gnathostoma spinigerum
A0ABD6F2S1	Gnathostoma spinigerum
A0ABD6F318	Gnathostoma spinigerum
A0ABR1BHX2	Necator americanus (Human hookworm)
A0ABR1BI32	Necator americanus (Human hookworm)
A0ABR1BK66	Necator americanus (Human hookworm)
A0ABR1BLF0	Necator americanus (Human hookworm)
A0ABR1BR98	Necator americanus (Human hookworm)
A0ABR1BVG4	Necator americanus (Human hookworm)
A0ABR1BYW7	Necator americanus (Human hookworm)
A0ABR1C1C6	Necator americanus (Human hookworm)
A0ABR1C1G7	Necator americanus (Human hookworm)
A0ABR1C271	Necator americanus (Human hookworm)
A0ABR1C2A2	Necator americanus (Human hookworm)
A0ABR1C375	Necator americanus (Human hookworm)
A0ABR1C3N1	Necator americanus (Human hookworm)
A0ABR1C3Z4	Necator americanus (Human hookworm)
A0ABR1C4R1	Necator americanus (Human hookworm)
A0ABR1C5L6	Necator americanus (Human hookworm)
A0ABR1C8K3	Necator americanus (Human hookworm)
A0ABR1CEJ4	Necator americanus (Human hookworm)
A0ABR1CFL9	Necator americanus (Human hookworm)
A0ABR1CKX7	Necator americanus (Human hookworm)
A0ABR1CLF3	Necator americanus (Human hookworm)
A0ABR1CMH2	Necator americanus (Human hookworm)
A0ABR1CNH0	Necator americanus (Human hookworm)
A0ABR1D3V3	Necator americanus (Human hookworm)
A0ABR1D697	Necator americanus (Human hookworm)
A0ABR1DAJ1	Necator americanus (Human hookworm)
A0ABR1DBU8	Necator americanus (Human hookworm)
A0ABR1DE76	Necator americanus (Human hookworm)
A0ABR1DHM5	Necator americanus (Human hookworm)
A0ABR1DN26	Necator americanus (Human hookworm)
A0ABR1DQN8	Necator americanus (Human hookworm)
A0ABR1DQQ9	Necator americanus (Human hookworm)
A0ABR1DT47	Necator americanus (Human hookworm)
A0ABR1DX93	Necator americanus (Human hookworm)
A0ABR1ECT2	Necator americanus (Human hookworm)
A0ABR1EUS6	Necator americanus (Human hookworm)
A0ACB0Y3A0	Meloidogyne enterolobii (Root-knot nematode worm) (Meloidogyne mayaguensis)
A0ACB0Z7I6	Meloidogyne enterolobii (Root-knot nematode worm) (Meloidogyne mayaguensis)
A0ACB0ZDS5	Meloidogyne enterolobii (Root-knot nematode worm) (Meloidogyne mayaguensis)
A0ACB0ZR31	Meloidogyne enterolobii (Root-knot nematode worm) (Meloidogyne mayaguensis)
A0ACB0ZUC0	Meloidogyne enterolobii (Root-knot nematode worm) (Meloidogyne mayaguensis)
A0ACB1A4L8	Meloidogyne enterolobii (Root-knot nematode worm) (Meloidogyne mayaguensis)
A0ACB1A5S9	Meloidogyne enterolobii (Root-knot nematode worm) (Meloidogyne mayaguensis)
A0ACB1AY65	Meloidogyne enterolobii (Root-knot nematode worm) (Meloidogyne mayaguensis)
A0ACB1AZV2	Meloidogyne enterolobii (Root-knot nematode worm) (Meloidogyne mayaguensis)
A0ACB1B6P9	Meloidogyne enterolobii (Root-knot nematode worm) (Meloidogyne mayaguensis)
E3LDK8	Caenorhabditis remanei (Caenorhabditis vulgaris)
E3LDK9	Caenorhabditis remanei (Caenorhabditis vulgaris)
E3LFK9	Caenorhabditis remanei (Caenorhabditis vulgaris)
E3LP71	Caenorhabditis remanei (Caenorhabditis vulgaris)
E3LPG0	Caenorhabditis remanei (Caenorhabditis vulgaris)
E3LU64	Caenorhabditis remanei (Caenorhabditis vulgaris)
E3LV31	Caenorhabditis remanei (Caenorhabditis vulgaris)
E3LXA8	Caenorhabditis remanei (Caenorhabditis vulgaris)
E3LYI5	Caenorhabditis remanei (Caenorhabditis vulgaris)
E3M2S1	Caenorhabditis remanei (Caenorhabditis vulgaris)
E3M741	Caenorhabditis remanei (Caenorhabditis vulgaris)
E3MD61	Caenorhabditis remanei (Caenorhabditis vulgaris)
E3MQ92	Caenorhabditis remanei (Caenorhabditis vulgaris)
E3MS83	Caenorhabditis remanei (Caenorhabditis vulgaris)
E3NB77	Caenorhabditis remanei (Caenorhabditis vulgaris)
E3NBR7	Caenorhabditis remanei (Caenorhabditis vulgaris)
E3NIN3	Caenorhabditis remanei (Caenorhabditis vulgaris)
E3NMQ5	Caenorhabditis remanei (Caenorhabditis vulgaris)
E3NWZ6	Caenorhabditis remanei (Caenorhabditis vulgaris)
E3NX57	Caenorhabditis remanei (Caenorhabditis vulgaris)
G0MFL8	Caenorhabditis brenneri (Nematode worm)
G0MGR4	Caenorhabditis brenneri (Nematode worm)
G0MPA2	Caenorhabditis brenneri (Nematode worm)
G0MSE1	Caenorhabditis brenneri (Nematode worm)
G0MSU5	Caenorhabditis brenneri (Nematode worm)
G0MZ03	Caenorhabditis brenneri (Nematode worm)
G0N243	Caenorhabditis brenneri (Nematode worm)
G0N698	Caenorhabditis brenneri (Nematode worm)
G0N8T8	Caenorhabditis brenneri (Nematode worm)
G0NAV3	Caenorhabditis brenneri (Nematode worm)
G0NG38	Caenorhabditis brenneri (Nematode worm)
G0NJG4	Caenorhabditis brenneri (Nematode worm)
G0NLG6	Caenorhabditis brenneri (Nematode worm)
G0NLN7	Caenorhabditis brenneri (Nematode worm)
G0NWN4	Caenorhabditis brenneri (Nematode worm)
G0P138	Caenorhabditis brenneri (Nematode worm)
G0P4M6	Caenorhabditis brenneri (Nematode worm)
G0P642	Caenorhabditis brenneri (Nematode worm)
G0P6N2	Caenorhabditis brenneri (Nematode worm)
G0PAC5	Caenorhabditis brenneri (Nematode worm)
G0PB21	Caenorhabditis brenneri (Nematode worm)
G0PNF9	Caenorhabditis brenneri (Nematode worm)
A0A016RT08	Ancylostoma ceylanicum
A0A016RYC8	Ancylostoma ceylanicum
A0A016RYU6	Ancylostoma ceylanicum
A0A016RZQ2	Ancylostoma ceylanicum
A0A016RZU9	Ancylostoma ceylanicum
A0A016S0E2	Ancylostoma ceylanicum
A0A016S0I5	Ancylostoma ceylanicum
A0A016S0K2	Ancylostoma ceylanicum
A0A016S0S6	Ancylostoma ceylanicum
A0A016S120	Ancylostoma ceylanicum
A0A016S5Y8	Ancylostoma ceylanicum
A0A016SHT0	Ancylostoma ceylanicum
A0A016T0R6	Ancylostoma ceylanicum
A0A016T0X9	Ancylostoma ceylanicum
A0A016T5T7	Ancylostoma ceylanicum
A0A016T652	Ancylostoma ceylanicum
A0A016THA9	Ancylostoma ceylanicum
A0A016THF0	Ancylostoma ceylanicum
A0A016TP06	Ancylostoma ceylanicum
A0A016TQE2	Ancylostoma ceylanicum
A0A016TV56	Ancylostoma ceylanicum
A0A016U0F5	Ancylostoma ceylanicum
A0A016U6L6	Ancylostoma ceylanicum
A0A016U756	Ancylostoma ceylanicum
A0A016U8C5	Ancylostoma ceylanicum
A0A016UGA3	Ancylostoma ceylanicum
A0A016UGT4	Ancylostoma ceylanicum
A0A016UJB6	Ancylostoma ceylanicum
A0A016UPN7	Ancylostoma ceylanicum
A0A016UT95	Ancylostoma ceylanicum
A0A016UTJ1	Ancylostoma ceylanicum
A0A016UXG9	Ancylostoma ceylanicum
A0A016UXI8	Ancylostoma ceylanicum
A0A016UZC5	Ancylostoma ceylanicum
A0A016VC91	Ancylostoma ceylanicum
A0A016VZ22	Ancylostoma ceylanicum
A0A016W1N1	Ancylostoma ceylanicum
A0A016W5I4	Ancylostoma ceylanicum
A0A016W8F7	Ancylostoma ceylanicum
A0A016WAM5	Ancylostoma ceylanicum
A0A016WDP0	Ancylostoma ceylanicum
A0A016WG71	Ancylostoma ceylanicum
A0A016WGR4	Ancylostoma ceylanicum
A0A016WIU2	Ancylostoma ceylanicum
A0A016WKP0	Ancylostoma ceylanicum
A0A016WLH7	Ancylostoma ceylanicum
A0A016WY53	Ancylostoma ceylanicum
A0A016WYV7	Ancylostoma ceylanicum
A0A016X2U3	Ancylostoma ceylanicum
A0A085LY43	Trichuris suis (pig whipworm)
A0A085M7C2	Trichuris suis (pig whipworm)
A0A085MFV4	Trichuris suis (pig whipworm)
A0A085MIN9	Trichuris suis (pig whipworm)
A0A085NSM5	Trichuris suis (pig whipworm)
A0A090MYW8	Strongyloides ratti (Parasitic roundworm)
A0A090MZM8	Strongyloides ratti (Parasitic roundworm)
A0A0J9XPT7	Brugia malayi (Filarial nematode worm)
A0A0J9Y9H0	Brugia malayi (Filarial nematode worm)
A0A0K0DT13	Strongyloides stercoralis (Threadworm)
A0A0K0DXM7	Strongyloides stercoralis (Threadworm)
A0A0K0ELH1	Strongyloides stercoralis (Threadworm)
A0A0K0EMW0	Strongyloides stercoralis (Threadworm)
A0A0K0JU33	Brugia malayi (Filarial nematode worm)
A0A0M3HZI9	Ascaris lumbricoides (Giant roundworm)
A0A0M3II58	Ascaris lumbricoides (Giant roundworm)
A0A0M3IYD4	Anisakis simplex (Herring worm)
A0A0M3IZV9	Anisakis simplex (Herring worm)
A0A0M3J3T6	Anisakis simplex (Herring worm)
A0A0M3J7M1	Anisakis simplex (Herring worm)
A0A0M3JK14	Anisakis simplex (Herring worm)
A0A0M3JKM6	Anisakis simplex (Herring worm)
A0A0M3JMY9	Anisakis simplex (Herring worm)
A0A0M3JQB5	Anisakis simplex (Herring worm)
A0A0M3JUD9	Anisakis simplex (Herring worm)
A0A0M3JUE2	Anisakis simplex (Herring worm)
A0A0M3JVU5	Anisakis simplex (Herring worm)
A0A0M3JZG2	Anisakis simplex (Herring worm)
A0A0M3JZU3	Anisakis simplex (Herring worm)
A0A0M3K0E3	Anisakis simplex (Herring worm)
A0A0M3K252	Anisakis simplex (Herring worm)
A0A0M3K2I6	Anisakis simplex (Herring worm)
A0A0M3K2S9	Anisakis simplex (Herring worm)
A0A0M3K4X4	Anisakis simplex (Herring worm)
A0A0M3K6Y0	Anisakis simplex (Herring worm)
A0A0M3K6Y3	Anisakis simplex (Herring worm)
A0A0M3K708	Anisakis simplex (Herring worm)
A0A0M3K7L7	Anisakis simplex (Herring worm)
A0A0M3KAQ7	Anisakis simplex (Herring worm)
A0A0M3KEX7	Anisakis simplex (Herring worm)
A0A0M3KGD5	Anisakis simplex (Herring worm)
A0A0N4T225	Brugia pahangi (Filarial nematode worm)
A0A0N4T311	Brugia pahangi (Filarial nematode worm)
A0A0N4T9J2	Brugia pahangi (Filarial nematode worm)
A0A0N4TAY9	Brugia pahangi (Filarial nematode worm)
A0A0N4TCX1	Brugia pahangi (Filarial nematode worm)
A0A0N4TK38	Brugia pahangi (Filarial nematode worm)
A0A0N4TKW9	Brugia pahangi (Filarial nematode worm)
A0A0N4TLX6	Brugia pahangi (Filarial nematode worm)
A0A0N4TQZ1	Brugia pahangi (Filarial nematode worm)
A0A0N4TR10	Brugia pahangi (Filarial nematode worm)
A0A0N4TRT4	Brugia pahangi (Filarial nematode worm)
A0A0N4U1Z5	Dracunculus medinensis (Guinea worm)
A0A0N4U6A7	Dracunculus medinensis (Guinea worm)
A0A0N4U792	Dracunculus medinensis (Guinea worm)
A0A0N4U7Q7	Dracunculus medinensis (Guinea worm)
A0A0N4UA07	Dracunculus medinensis (Guinea worm)
A0A0N4UAM0	Dracunculus medinensis (Guinea worm)
A0A0N4UCB7	Dracunculus medinensis (Guinea worm)
A0A0N4UHR0	Dracunculus medinensis (Guinea worm)
A0A0N4UQS7	Dracunculus medinensis (Guinea worm)
A0A0N4UT97	Enterobius vermicularis (Human pinworm)
A0A0N4V2A5	Enterobius vermicularis (Human pinworm)
A0A0N4V8F7	Enterobius vermicularis (Human pinworm)
A0A0N4VEE2	Enterobius vermicularis (Human pinworm)
A0A0N4VI98	Enterobius vermicularis (Human pinworm)
A0A0N4VI99	Enterobius vermicularis (Human pinworm)
A0A0N4VM61	Enterobius vermicularis (Human pinworm)
A0A0N4VNG5	Enterobius vermicularis (Human pinworm)
A0A0N4VS23	Haemonchus placei (Barber's pole worm)
A0A0N4VS25	Haemonchus placei (Barber's pole worm)
A0A0N4VTY7	Haemonchus placei (Barber's pole worm)
A0A0N4VU82	Haemonchus placei (Barber's pole worm)
A0A0N4VWJ5	Haemonchus placei (Barber's pole worm)
A0A0N4W176	Haemonchus placei (Barber's pole worm)
A0A0N4W2I6	Haemonchus placei (Barber's pole worm)
A0A0N4W3B4	Haemonchus placei (Barber's pole worm)
A0A0N4W401	Haemonchus placei (Barber's pole worm)
A0A0N4W783	Haemonchus placei (Barber's pole worm)
A0A0N4W8B7	Haemonchus placei (Barber's pole worm)
A0A0N4W955	Haemonchus placei (Barber's pole worm)
A0A0N4WAV5	Haemonchus placei (Barber's pole worm)
A0A0N4WE22	Haemonchus placei (Barber's pole worm)
A0A0N4WH79	Haemonchus placei (Barber's pole worm)
A0A0N4WH91	Haemonchus placei (Barber's pole worm)
A0A0N4WI23	Haemonchus placei (Barber's pole worm)
A0A0N4WIY4	Haemonchus placei (Barber's pole worm)
A0A0N4WN87	Haemonchus placei (Barber's pole worm)
A0A0N4WQQ7	Haemonchus placei (Barber's pole worm)
A0A0N4WT00	Haemonchus placei (Barber's pole worm)
A0A0N4WUQ6	Haemonchus placei (Barber's pole worm)
A0A0N4WUY4	Haemonchus placei (Barber's pole worm)
A0A0N4X1F9	Haemonchus placei (Barber's pole worm)
A0A0N4X6F1	Haemonchus placei (Barber's pole worm)
A0A0N4X7X9	Haemonchus placei (Barber's pole worm)
A0A0N4X8I1	Haemonchus placei (Barber's pole worm)
A0A0N4XJS8	Nippostrongylus brasiliensis (Rat hookworm)
A0A0N4XRA8	Nippostrongylus brasiliensis (Rat hookworm)
A0A0N4XRB7	Nippostrongylus brasiliensis (Rat hookworm)
A0A0N4XSG4	Nippostrongylus brasiliensis (Rat hookworm)
A0A0N4XUH3	Nippostrongylus brasiliensis (Rat hookworm)
A0A0N4Y0C9	Nippostrongylus brasiliensis (Rat hookworm)
A0A0N4Y0W5	Nippostrongylus brasiliensis (Rat hookworm)
A0A0N4Y581	Nippostrongylus brasiliensis (Rat hookworm)
A0A0N4Y5D6	Nippostrongylus brasiliensis (Rat hookworm)
A0A0N4Y673	Nippostrongylus brasiliensis (Rat hookworm)
A0A0N4Y8M7	Nippostrongylus brasiliensis (Rat hookworm)
A0A0N4YA40	Nippostrongylus brasiliensis (Rat hookworm)
A0A0N4YA42	Nippostrongylus brasiliensis (Rat hookworm)
A0A0N4YAS7	Nippostrongylus brasiliensis (Rat hookworm)
A0A0N4YBR4	Nippostrongylus brasiliensis (Rat hookworm)
A0A0N4YCW0	Nippostrongylus brasiliensis (Rat hookworm)
A0A0N4YD72	Nippostrongylus brasiliensis (Rat hookworm)
A0A0N4YE40	Nippostrongylus brasiliensis (Rat hookworm)
A0A0N4YES4	Nippostrongylus brasiliensis (Rat hookworm)
A0A0N4YFB8	Nippostrongylus brasiliensis (Rat hookworm)
A0A0N4YFM8	Nippostrongylus brasiliensis (Rat hookworm)
A0A0N4YH19	Nippostrongylus brasiliensis (Rat hookworm)
A0A0N4YHA6	Nippostrongylus brasiliensis (Rat hookworm)
A0A0N4YHT8	Nippostrongylus brasiliensis (Rat hookworm)
A0A0N4YJJ6	Nippostrongylus brasiliensis (Rat hookworm)
A0A0N4YKK1	Nippostrongylus brasiliensis (Rat hookworm)
A0A0N4YLR9	Nippostrongylus brasiliensis (Rat hookworm)
A0A0N4YNW0	Nippostrongylus brasiliensis (Rat hookworm)
A0A0N4YP33	Nippostrongylus brasiliensis (Rat hookworm)
A0A0N4YQ71	Nippostrongylus brasiliensis (Rat hookworm)
A0A0N4YR25	Nippostrongylus brasiliensis (Rat hookworm)
A0A0N4YT55	Nippostrongylus brasiliensis (Rat hookworm)
A0A0N4YUR5	Nippostrongylus brasiliensis (Rat hookworm)
A0A0N4YWZ5	Nippostrongylus brasiliensis (Rat hookworm)
A0A0N4YXM8	Nippostrongylus brasiliensis (Rat hookworm)
A0A0N4YXM9	Nippostrongylus brasiliensis (Rat hookworm)
A0A0N4YZD2	Nippostrongylus brasiliensis (Rat hookworm)
A0A0N4YZE3	Nippostrongylus brasiliensis (Rat hookworm)
A0A0N4YZP1	Nippostrongylus brasiliensis (Rat hookworm)
A0A0N5AWD7	Syphacia muris
A0A0N5CK91	Thelazia callipaeda (Oriental eyeworm) (Parasitic nematode)
A0A0N5CPR8	Thelazia callipaeda (Oriental eyeworm) (Parasitic nematode)
A0A0N5CUI3	Thelazia callipaeda (Oriental eyeworm) (Parasitic nematode)
A0A0N5CVI3	Thelazia callipaeda (Oriental eyeworm) (Parasitic nematode)
A0A0N5CZ54	Thelazia callipaeda (Oriental eyeworm) (Parasitic nematode)
A0A0N5CZC3	Thelazia callipaeda (Oriental eyeworm) (Parasitic nematode)
A0A0N5D0E2	Thelazia callipaeda (Oriental eyeworm) (Parasitic nematode)
A0A0N5D169	Thelazia callipaeda (Oriental eyeworm) (Parasitic nematode)
A0A0N5D6A0	Thelazia callipaeda (Oriental eyeworm) (Parasitic nematode)
A0A0N5D817	Thelazia callipaeda (Oriental eyeworm) (Parasitic nematode)
A0A0R3PB14	Angiostrongylus costaricensis (Nematode worm)
A0A0R3PFF0	Angiostrongylus costaricensis (Nematode worm)
A0A0R3PQY7	Angiostrongylus costaricensis (Nematode worm)
A0A0R3PR01	Angiostrongylus costaricensis (Nematode worm)
A0A0R3PSQ6	Angiostrongylus costaricensis (Nematode worm)
A0A0R3PT38	Angiostrongylus costaricensis (Nematode worm)
A0A0R3PTS7	Angiostrongylus costaricensis (Nematode worm)
A0A0R3PWA4	Angiostrongylus costaricensis (Nematode worm)
A0A0R3PZG6	Angiostrongylus costaricensis (Nematode worm)
A0A0R3QD44	Brugia timori
A0A0R3QD60	Brugia timori
A0A0R3QQL0	Brugia timori
A0A0R3QUS3	Brugia timori
A0A0R3QVT6	Brugia timori
A0A0R3QZC2	Brugia timori
A0A0R3R0D5	Brugia timori
A0A0R3R976	Brugia timori
A0A0R3RCL7	Brugia timori
A0A158PDK7	Angiostrongylus costaricensis (Nematode worm)
A0A158PII6	Angiostrongylus costaricensis (Nematode worm)
A0A158RAX1	Thelazia callipaeda (Oriental eyeworm) (Parasitic nematode)
A0A158RCB7	Thelazia callipaeda (Oriental eyeworm) (Parasitic nematode)
A0A182DZ91	Onchocerca ochengi (Filarial nematode worm)
A0A182E820	Onchocerca ochengi (Filarial nematode worm)
A0A182E8T7	Onchocerca ochengi (Filarial nematode worm)
A0A182EA04	Onchocerca ochengi (Filarial nematode worm)
A0A182EBI5	Onchocerca ochengi (Filarial nematode worm)
A0A182EGB0	Onchocerca ochengi (Filarial nematode worm)
A0A182EGS0	Onchocerca ochengi (Filarial nematode worm)
A0A182EHL0	Onchocerca ochengi (Filarial nematode worm)
A0A182EJV9	Onchocerca ochengi (Filarial nematode worm)
A0A182EKN6	Onchocerca ochengi (Filarial nematode worm)
A0A182EKW0	Onchocerca ochengi (Filarial nematode worm)
A0A182EN44	Onchocerca ochengi (Filarial nematode worm)
A0A182ENJ4	Onchocerca ochengi (Filarial nematode worm)
A0A182EPH6	Onchocerca ochengi (Filarial nematode worm)
A0A182EPQ0	Onchocerca ochengi (Filarial nematode worm)
A0A182EPX3	Onchocerca ochengi (Filarial nematode worm)
A0A182EU99	Onchocerca ochengi (Filarial nematode worm)
A0A182EUI1	Onchocerca ochengi (Filarial nematode worm)
A0A182EV36	Onchocerca ochengi (Filarial nematode worm)
A0A182EVD1	Onchocerca ochengi (Filarial nematode worm)
A0A182EWK7	Onchocerca ochengi (Filarial nematode worm)
A0A182EWU5	Onchocerca ochengi (Filarial nematode worm)
A0A183CV63	Gongylonema pulchrum
A0A183DIE7	Gongylonema pulchrum
A0A183DW82	Gongylonema pulchrum
A0A183GZ62	Onchocerca flexuosa
A0A183H3S3	Onchocerca flexuosa
A0A183HBW4	Onchocerca flexuosa
A0A183HEZ1	Onchocerca flexuosa
A0A183HLU8	Onchocerca flexuosa
A0A183HVK4	Onchocerca flexuosa
A0A183ICN6	Soboliphyme baturini
A0A183IGC7	Soboliphyme baturini
A0A183ILE8	Soboliphyme baturini
A0A183IN62	Soboliphyme baturini
A0A183INZ3	Soboliphyme baturini
A0A183IU76	Soboliphyme baturini
A0A183J214	Soboliphyme baturini
A0A183J538	Soboliphyme baturini
A0A1I9G3I3	Brugia malayi (Filarial nematode worm)
A0A1P6C5V7	Brugia malayi (Filarial nematode worm)
A0A238BYS8	Onchocerca flexuosa
A0A238C0F1	Onchocerca flexuosa
A0A260YNF2	Caenorhabditis remanei (Caenorhabditis vulgaris)
A0A260YQX7	Caenorhabditis latens
A0A260YVA9	Caenorhabditis remanei (Caenorhabditis vulgaris)
A0A260YVQ8	Caenorhabditis remanei (Caenorhabditis vulgaris)
A0A260YZS3	Caenorhabditis remanei (Caenorhabditis vulgaris)
A0A260Z0U6	Caenorhabditis remanei (Caenorhabditis vulgaris)
A0A260Z230	Caenorhabditis latens
A0A260Z2F5	Caenorhabditis remanei (Caenorhabditis vulgaris)
A0A260Z7T7	Caenorhabditis remanei (Caenorhabditis vulgaris)
A0A260Z9C1	Caenorhabditis remanei (Caenorhabditis vulgaris)
A0A260ZEC7	Caenorhabditis remanei (Caenorhabditis vulgaris)
A0A260ZEM0	Caenorhabditis remanei (Caenorhabditis vulgaris)
A0A260ZK04	Caenorhabditis latens
A0A260ZST8	Caenorhabditis latens
A0A260ZX75	Caenorhabditis remanei (Caenorhabditis vulgaris)
A0A261AEB4	Caenorhabditis remanei (Caenorhabditis vulgaris)
A0A261AEF8	Caenorhabditis remanei (Caenorhabditis vulgaris)
A0A261AEF9	Caenorhabditis remanei (Caenorhabditis vulgaris)
A0A261AGU4	Caenorhabditis latens
A0A261AIQ6	Caenorhabditis remanei (Caenorhabditis vulgaris)
A0A261AJW1	Caenorhabditis remanei (Caenorhabditis vulgaris)
A0A261AN08	Caenorhabditis remanei (Caenorhabditis vulgaris)
A0A261AQI7	Caenorhabditis latens
A0A261AQM4	Caenorhabditis remanei (Caenorhabditis vulgaris)
A0A261ARF5	Caenorhabditis remanei (Caenorhabditis vulgaris)
A0A261ASK6	Caenorhabditis remanei (Caenorhabditis vulgaris)
A0A261AUG0	Caenorhabditis latens
A0A261AUR0	Caenorhabditis latens
A0A261AXJ2	Caenorhabditis remanei (Caenorhabditis vulgaris)
A0A261AXU1	Caenorhabditis remanei (Caenorhabditis vulgaris)
A0A261B3Z4	Caenorhabditis latens
A0A261BB45	Caenorhabditis remanei (Caenorhabditis vulgaris)
A0A261BCG5	Caenorhabditis remanei (Caenorhabditis vulgaris)
A0A261BDP0	Caenorhabditis remanei (Caenorhabditis vulgaris)
A0A261BF36	Caenorhabditis latens
A0A261BGG0	Caenorhabditis latens
A0A261BIC3	Caenorhabditis latens
A0A261BIM7	Caenorhabditis latens
A0A261BLE4	Caenorhabditis latens
A0A261BP76	Caenorhabditis latens
A0A261BUK1	Caenorhabditis latens
A0A261BYX6	Caenorhabditis latens
A0A261C0C5	Caenorhabditis latens
A0A261C0Z3	Caenorhabditis latens
A0A261C1B6	Caenorhabditis latens
A0A261C4P7	Caenorhabditis latens
A0A261C4R6	Caenorhabditis latens
A0A261CAR4	Caenorhabditis latens
A0A261CH54	Caenorhabditis latens
A0A261CMQ2	Caenorhabditis latens
A0A2A2J2G3	Diploscapter pachys
A0A2A2J7N9	Diploscapter pachys
A0A2A2JCD2	Diploscapter pachys
A0A2A2JJ83	Diploscapter pachys
A0A2A2JKF4	Diploscapter pachys
A0A2A2JLQ0	Diploscapter pachys
A0A2A2JMM2	Diploscapter pachys
A0A2A2JNI6	Diploscapter pachys
A0A2A2JPV8	Diploscapter pachys
A0A2A2JPZ8	Diploscapter pachys
A0A2A2JU08	Diploscapter pachys
A0A2A2K2B6	Diploscapter pachys
A0A2A2K2T1	Diploscapter pachys
A0A2A2K4W6	Diploscapter pachys
A0A2A2KEQ1	Diploscapter pachys
A0A2A2KIA0	Diploscapter pachys
A0A2A2KUX1	Diploscapter pachys
A0A2A2KWL2	Diploscapter pachys
A0A2A2KXB1	Diploscapter pachys
A0A2A2LA77	Diploscapter pachys
A0A2A2LBZ0	Diploscapter pachys
A0A2A2LC02	Diploscapter pachys
A0A2A2LFG8	Diploscapter pachys
A0A2A2LFR3	Diploscapter pachys
A0A2A2LIK3	Diploscapter pachys
A0A2A2LLJ9	Diploscapter pachys
A0A2A2LPF9	Diploscapter pachys
A0A2A2LRM9	Diploscapter pachys
A0A2A2LT95	Diploscapter pachys
A0A2A2LTE6	Diploscapter pachys
A0A2G5SYF9	Caenorhabditis nigoni
A0A2G5T8T8	Caenorhabditis nigoni
A0A2G5TLD4	Caenorhabditis nigoni
A0A2G5TU46	Caenorhabditis nigoni
A0A2G5U4U0	Caenorhabditis nigoni
A0A2G5UYZ4	Caenorhabditis nigoni
A0A2G5UZQ8	Caenorhabditis nigoni
A0A2G5UZU4	Caenorhabditis nigoni
A0A2G5V279	Caenorhabditis nigoni
A0A2G5V3Q5	Caenorhabditis nigoni
A0A2G5V8U1	Caenorhabditis nigoni
A0A2G5V8U3	Caenorhabditis nigoni
A0A2G5VAM4	Caenorhabditis nigoni
A0A2G5VFH5	Caenorhabditis nigoni
A0A2G5VHY4	Caenorhabditis nigoni
A0A2G5VL34	Caenorhabditis nigoni
A0A2G5VSU3	Caenorhabditis nigoni
A0A2G9TV66	Teladorsagia circumcincta (Brown stomach worm) (Ostertagia circumcincta)
A0A368GYE8	Ancylostoma caninum (Dog hookworm)
A0A3P6Q2J6	Cylicostephanus goldi (Nematode worm)
A0A3P6Q6S1	Cylicostephanus goldi (Nematode worm)
A0A3P6QNZ8	Cylicostephanus goldi (Nematode worm)
A0A3P6RCT5	Cylicostephanus goldi (Nematode worm)
A0A3P6RDE0	Cylicostephanus goldi (Nematode worm)
A0A3P6RYV2	Cylicostephanus goldi (Nematode worm)
A0A3P6RZ37	Litomosoides sigmodontis (Filarial nematode worm)
A0A3P6S083	Litomosoides sigmodontis (Filarial nematode worm)
A0A3P6S1L6	Cylicostephanus goldi (Nematode worm)
A0A3P6SSF5	Litomosoides sigmodontis (Filarial nematode worm)
A0A3P6STY1	Litomosoides sigmodontis (Filarial nematode worm)
A0A3P6SWT6	Litomosoides sigmodontis (Filarial nematode worm)
A0A3P6TA04	Cylicostephanus goldi (Nematode worm)
A0A3P6TP42	Litomosoides sigmodontis (Filarial nematode worm)
A0A3P6U1I0	Cylicostephanus goldi (Nematode worm)
A0A3P6U6C7	Litomosoides sigmodontis (Filarial nematode worm)
A0A3P6UF32	Litomosoides sigmodontis (Filarial nematode worm)
A0A3P6UMC2	Litomosoides sigmodontis (Filarial nematode worm)
A0A3P6UU16	Cylicostephanus goldi (Nematode worm)
A0A3P6V5C8	Litomosoides sigmodontis (Filarial nematode worm)
A0A3P6VAG5	Litomosoides sigmodontis (Filarial nematode worm)
A0A3P7DEJ4	Wuchereria bancrofti
A0A3P7DK82	Wuchereria bancrofti
A0A3P7DQH8	Wuchereria bancrofti
A0A3P7E4D7	Wuchereria bancrofti
A0A3P7E4U0	Wuchereria bancrofti
A0A3P7E8P3	Wuchereria bancrofti
A0A3P7FT94	Wuchereria bancrofti
A0A3P7FUW4	Wuchereria bancrofti
A0A3P7I4B6	Strongylus vulgaris (Blood worm)
A0A3P7IBH8	Strongylus vulgaris (Blood worm)
A0A3P7IBN4	Strongylus vulgaris (Blood worm)
A0A3P7IC67	Strongylus vulgaris (Blood worm)
A0A3P7IE93	Strongylus vulgaris (Blood worm)
A0A3P7IH59	Strongylus vulgaris (Blood worm)
A0A3P7IMH4	Strongylus vulgaris (Blood worm)
A0A3P7IQ86	Strongylus vulgaris (Blood worm)
A0A3P7ITN8	Strongylus vulgaris (Blood worm)
A0A3P7ITZ0	Strongylus vulgaris (Blood worm)
A0A3P7IU09	Strongylus vulgaris (Blood worm)
A0A3P7IZL4	Strongylus vulgaris (Blood worm)
A0A3P7J257	Strongylus vulgaris (Blood worm)
A0A3P7J2V8	Strongylus vulgaris (Blood worm)
A0A3P7J598	Strongylus vulgaris (Blood worm)
A0A3P7J638	Strongylus vulgaris (Blood worm)
A0A3P7J641	Strongylus vulgaris (Blood worm)
A0A3P7JAB3	Strongylus vulgaris (Blood worm)
A0A3P7JDH8	Strongylus vulgaris (Blood worm)
A0A3P7JGF6	Strongylus vulgaris (Blood worm)
A0A3P7JHH8	Strongylus vulgaris (Blood worm)
A0A3P7JNB5	Strongylus vulgaris (Blood worm)
A0A3P7JQR3	Strongylus vulgaris (Blood worm)
A0A3P7JXT4	Strongylus vulgaris (Blood worm)
A0A3P7JZ55	Strongylus vulgaris (Blood worm)
A0A3P7K0S1	Strongylus vulgaris (Blood worm)
A0A3P7K6R2	Litomosoides sigmodontis (Filarial nematode worm)
A0A3P7K9F6	Onchocerca ochengi (Filarial nematode worm)
A0A3P7L345	Strongylus vulgaris (Blood worm)
A0A3P7LD31	Strongylus vulgaris (Blood worm)
A0A3P7LIE0	Strongylus vulgaris (Blood worm)
A0A3P7LNY7	Strongylus vulgaris (Blood worm)
A0A3P7LSB5	Strongylus vulgaris (Blood worm)
A0A3P7M6I0	Litomosoides sigmodontis (Filarial nematode worm)
A0A3P7MFD7	Cylicostephanus goldi (Nematode worm)
A0A3P7MMN9	Cylicostephanus goldi (Nematode worm)
A0A3P7MT93	Cylicostephanus goldi (Nematode worm)
A0A3P7N902	Cylicostephanus goldi (Nematode worm)
A0A3P7NWR1	Cylicostephanus goldi (Nematode worm)
A0A3P7PK67	Cylicostephanus goldi (Nematode worm)
A0A3P7QRE5	Cylicostephanus goldi (Nematode worm)
A0A3P7R3Z6	Cylicostephanus goldi (Nematode worm)
A0A3P7U7X1	Haemonchus placei (Barber's pole worm)
A0A498S3B3	Acanthocheilonema viteae (Filarial nematode worm) (Dipetalonema viteae)
A0A498S4F6	Acanthocheilonema viteae (Filarial nematode worm) (Dipetalonema viteae)
A0A498S4N4	Acanthocheilonema viteae (Filarial nematode worm) (Dipetalonema viteae)
A0A498S501	Acanthocheilonema viteae (Filarial nematode worm) (Dipetalonema viteae)
A0A498S909	Acanthocheilonema viteae (Filarial nematode worm) (Dipetalonema viteae)
A0A498SB93	Acanthocheilonema viteae (Filarial nematode worm) (Dipetalonema viteae)
A0A498SCD4	Acanthocheilonema viteae (Filarial nematode worm) (Dipetalonema viteae)
A0A498SCX5	Acanthocheilonema viteae (Filarial nematode worm) (Dipetalonema viteae)
A0A498SD31	Acanthocheilonema viteae (Filarial nematode worm) (Dipetalonema viteae)
A0A498SDS6	Acanthocheilonema viteae (Filarial nematode worm) (Dipetalonema viteae)
A0A498SDX0	Acanthocheilonema viteae (Filarial nematode worm) (Dipetalonema viteae)
A0A498SFL2	Acanthocheilonema viteae (Filarial nematode worm) (Dipetalonema viteae)
A0A498SGX3	Acanthocheilonema viteae (Filarial nematode worm) (Dipetalonema viteae)
A0A498SHJ8	Acanthocheilonema viteae (Filarial nematode worm) (Dipetalonema viteae)
A0A498SJG9	Acanthocheilonema viteae (Filarial nematode worm) (Dipetalonema viteae)
A0A498SJS3	Acanthocheilonema viteae (Filarial nematode worm) (Dipetalonema viteae)
A0A498SQX6	Acanthocheilonema viteae (Filarial nematode worm) (Dipetalonema viteae)
A0A498SSW5	Acanthocheilonema viteae (Filarial nematode worm) (Dipetalonema viteae)
A0A498ST75	Acanthocheilonema viteae (Filarial nematode worm) (Dipetalonema viteae)
A0A498STP3	Acanthocheilonema viteae (Filarial nematode worm) (Dipetalonema viteae)
A0A498SXB3	Acanthocheilonema viteae (Filarial nematode worm) (Dipetalonema viteae)
A0A4E9FMN9	Brugia malayi (Filarial nematode worm)
A0A4U5LNL7	Steinernema carpocapsae (Entomopathogenic nematode)
A0A4U5LNL8	Steinernema carpocapsae (Entomopathogenic nematode)
A0A4U5LR22	Steinernema carpocapsae (Entomopathogenic nematode)
A0A4U5LRL2	Steinernema carpocapsae (Entomopathogenic nematode)
A0A4U5LU04	Steinernema carpocapsae (Entomopathogenic nematode)
A0A4U5LV56	Steinernema carpocapsae (Entomopathogenic nematode)
A0A4U5LW86	Steinernema carpocapsae (Entomopathogenic nematode)
A0A4U5M0L7	Steinernema carpocapsae (Entomopathogenic nematode)
A0A4U5M0U4	Steinernema carpocapsae (Entomopathogenic nematode)
A0A4U5M4B8	Steinernema carpocapsae (Entomopathogenic nematode)
A0A4U5MER9	Steinernema carpocapsae (Entomopathogenic nematode)
A0A4U5MFR0	Steinernema carpocapsae (Entomopathogenic nematode)
A0A4U5MJE4	Steinernema carpocapsae (Entomopathogenic nematode)
A0A4U5MM31	Steinernema carpocapsae (Entomopathogenic nematode)
A0A4U5MM39	Steinernema carpocapsae (Entomopathogenic nematode)
A0A4U5MM86	Steinernema carpocapsae (Entomopathogenic nematode)
A0A4U5MMA5	Steinernema carpocapsae (Entomopathogenic nematode)
A0A4U5MSW2	Steinernema carpocapsae (Entomopathogenic nematode)
A0A4U5MVJ2	Steinernema carpocapsae (Entomopathogenic nematode)
A0A4U5N593	Steinernema carpocapsae (Entomopathogenic nematode)
A0A4U5N6C6	Steinernema carpocapsae (Entomopathogenic nematode)
A0A4U5NBQ5	Steinernema carpocapsae (Entomopathogenic nematode)
A0A4U5NFE5	Steinernema carpocapsae (Entomopathogenic nematode)
A0A4U5NIP2	Steinernema carpocapsae (Entomopathogenic nematode)
A0A4U5NW56	Steinernema carpocapsae (Entomopathogenic nematode)
A0A4U5NWB5	Steinernema carpocapsae (Entomopathogenic nematode)
A0A4U5PD37	Steinernema carpocapsae (Entomopathogenic nematode)
A0A4U5PGN3	Steinernema carpocapsae (Entomopathogenic nematode)
A0A4U8UM70	Steinernema carpocapsae (Entomopathogenic nematode)
A0A4U8URL2	Steinernema carpocapsae (Entomopathogenic nematode)
A0A4U8V0I0	Steinernema carpocapsae (Entomopathogenic nematode)
A0A4U8V1S8	Steinernema carpocapsae (Entomopathogenic nematode)
A0A4V5ZY20	Steinernema carpocapsae (Entomopathogenic nematode)
A0A4V5ZY32	Steinernema carpocapsae (Entomopathogenic nematode)
A0A4V5ZY38	Steinernema carpocapsae (Entomopathogenic nematode)
A0A4V5ZYF2	Steinernema carpocapsae (Entomopathogenic nematode)
A0A4V6A065	Steinernema carpocapsae (Entomopathogenic nematode)
A0A4V6A076	Steinernema carpocapsae (Entomopathogenic nematode)
A0A4V6A116	Steinernema carpocapsae (Entomopathogenic nematode)
A0A4V6A250	Steinernema carpocapsae (Entomopathogenic nematode)
A0A5S6QUY6	Trichuris muris (Mouse whipworm)
A0A7E4UT59	Panagrellus redivivus (Microworm)
A0A7E4VWB9	Panagrellus redivivus (Microworm)
A0A7E4VY74	Panagrellus redivivus (Microworm)
A0A7I4K4L6	Brugia malayi (Filarial nematode worm)
A0A811JS29	Bursaphelenchus okinawaensis
A0A811JV92	Bursaphelenchus okinawaensis
A0A811K5K3	Bursaphelenchus okinawaensis
A0A811K5T8	Bursaphelenchus okinawaensis
A0A811K928	Bursaphelenchus okinawaensis
A0A811K9K4	Bursaphelenchus okinawaensis
A0A811KA25	Bursaphelenchus okinawaensis
A0A811KB94	Bursaphelenchus okinawaensis
A0A811KC02	Bursaphelenchus okinawaensis
A0A811KCB8	Bursaphelenchus okinawaensis
A0A811KHE5	Bursaphelenchus okinawaensis
A0A811KPH0	Bursaphelenchus okinawaensis
A0A811KSY0	Bursaphelenchus okinawaensis
A0A811KU56	Bursaphelenchus okinawaensis
A0A811L419	Bursaphelenchus okinawaensis
A0A811L690	Bursaphelenchus okinawaensis
A0A811L824	Bursaphelenchus okinawaensis
A0A811LI05	Bursaphelenchus okinawaensis
A0A811LJQ8	Bursaphelenchus okinawaensis
A0A811LRJ2	Bursaphelenchus okinawaensis
A0A8J2LZY1	Cercopithifilaria johnstoni
A0A8J2M4P0	Cercopithifilaria johnstoni
A0A8J2MKG3	Cercopithifilaria johnstoni
A0A8J2PP98	Cercopithifilaria johnstoni
A0A8J2Q2V4	Cercopithifilaria johnstoni
A0A8J2Q2W3	Cercopithifilaria johnstoni
A0A8J2Q365	Cercopithifilaria johnstoni
A0A8R1DI21	Caenorhabditis japonica
A0A8R1HQS9	Caenorhabditis japonica
A0A8R1HS60	Caenorhabditis japonica
A0A8R1TRQ1	Onchocerca volvulus
A0A8R1TUI8	Onchocerca volvulus
A0A8R1UE54	Pristionchus pacificus (Parasitic nematode worm)
A0A8R1XQV5	Onchocerca volvulus
A0A8S1DYX7	Caenorhabditis bovis
A0A8S1E6L9	Caenorhabditis bovis
A0A8S1E759	Caenorhabditis bovis
A0A8S1E7Z3	Caenorhabditis bovis
A0A8S1E8N5	Caenorhabditis bovis
A0A8S1EC09	Caenorhabditis bovis
A0A8S1ECX8	Caenorhabditis bovis
A0A8S1EDD4	Caenorhabditis bovis
A0A8S1EEI4	Caenorhabditis bovis
A0A8S1EGG4	Caenorhabditis bovis
A0A8S1EHF5	Caenorhabditis bovis
A0A8S1EIE6	Caenorhabditis bovis
A0A8S1EIL0	Caenorhabditis bovis
A0A8S1EJR9	Caenorhabditis bovis
A0A8S1EJU5	Caenorhabditis bovis
A0A8S1EK54	Caenorhabditis bovis
A0A8S1EQ94	Caenorhabditis bovis
A0A8S1ET50	Caenorhabditis bovis
A0A8S1ETH3	Caenorhabditis bovis
A0A8S1ETZ4	Caenorhabditis bovis
A0A8S1EUR5	Caenorhabditis bovis
A0A8S1EUT3	Caenorhabditis bovis
A0A8S1EWG0	Caenorhabditis bovis
A0A8S1EWU3	Caenorhabditis bovis
A0A8S1EYK9	Caenorhabditis bovis
A0A8S1EZH8	Caenorhabditis bovis
A0A8S1F073	Caenorhabditis bovis
A0A8S1F221	Caenorhabditis bovis
A0A8S1F359	Caenorhabditis bovis
A0A8S1F3V6	Caenorhabditis bovis
A0A8S1F6D8	Caenorhabditis bovis
A0A8S1F8I8	Caenorhabditis bovis
A0A8S1GWG5	Caenorhabditis auriculariae
A0A8S1GXI3	Caenorhabditis auriculariae
A0A8S1GXS1	Caenorhabditis auriculariae
A0A8S1GXV6	Caenorhabditis auriculariae
A0A8S1GZ50	Caenorhabditis auriculariae
A0A8S1GZY2	Caenorhabditis auriculariae
A0A8S1H175	Caenorhabditis auriculariae
A0A8S1H2U4	Caenorhabditis auriculariae
A0A8S1H9L4	Caenorhabditis auriculariae
A0A8S1HBX7	Caenorhabditis auriculariae
A0A8S1HDW1	Caenorhabditis auriculariae
A0A8S1HEY4	Caenorhabditis auriculariae
A0A8S1HFE0	Caenorhabditis auriculariae
A0A8S1HFM8	Caenorhabditis auriculariae
A0A8S1HGT7	Caenorhabditis auriculariae
A0A8S1HQ41	Caenorhabditis auriculariae
A0A8S1HQ46	Caenorhabditis auriculariae
A0A8S1HQW3	Caenorhabditis auriculariae
A0A8S1HTW0	Caenorhabditis auriculariae
A0A8S1HVT6	Caenorhabditis auriculariae
A0A8S1HWE7	Caenorhabditis auriculariae
A0A914BVC5	Acrobeloides nanus
A0A914C633	Acrobeloides nanus
A0A914C8S3	Acrobeloides nanus
A0A914CF91	Acrobeloides nanus
A0A914CUV6	Acrobeloides nanus
A0A914CXV2	Acrobeloides nanus
A0A914D059	Acrobeloides nanus
A0A914D0M7	Acrobeloides nanus
A0A914D758	Acrobeloides nanus
A0A914D980	Acrobeloides nanus
A0A914DLN2	Acrobeloides nanus
A0A914DN84	Acrobeloides nanus
A0A914DQZ3	Acrobeloides nanus
A0A914DRQ8	Acrobeloides nanus
A0A914DT14	Acrobeloides nanus
A0A914E040	Acrobeloides nanus
A0A914E1I3	Acrobeloides nanus
A0A914ECH0	Acrobeloides nanus
A0A914EFC1	Acrobeloides nanus
A0A914EMS3	Acrobeloides nanus
A0A914GTC4	Globodera rostochiensis (Golden nematode worm) (Heterodera rostochiensis)
A0A914H3Z6	Globodera rostochiensis (Golden nematode worm) (Heterodera rostochiensis)
A0A914H4Q2	Globodera rostochiensis (Golden nematode worm) (Heterodera rostochiensis)
A0A914H692	Globodera rostochiensis (Golden nematode worm) (Heterodera rostochiensis)
A0A914H8G0	Globodera rostochiensis (Golden nematode worm) (Heterodera rostochiensis)
A0A914HA90	Globodera rostochiensis (Golden nematode worm) (Heterodera rostochiensis)
A0A914HBF0	Globodera rostochiensis (Golden nematode worm) (Heterodera rostochiensis)
A0A914HH74	Globodera rostochiensis (Golden nematode worm) (Heterodera rostochiensis)
A0A914HIY0	Globodera rostochiensis (Golden nematode worm) (Heterodera rostochiensis)
A0A914HK34	Globodera rostochiensis (Golden nematode worm) (Heterodera rostochiensis)
A0A914HRF0	Globodera rostochiensis (Golden nematode worm) (Heterodera rostochiensis)
A0A914HV14	Globodera rostochiensis (Golden nematode worm) (Heterodera rostochiensis)
A0A914HWQ6	Globodera rostochiensis (Golden nematode worm) (Heterodera rostochiensis)
A0A914HXH6	Globodera rostochiensis (Golden nematode worm) (Heterodera rostochiensis)
A0A914HYE3	Globodera rostochiensis (Golden nematode worm) (Heterodera rostochiensis)
A0A914I043	Globodera rostochiensis (Golden nematode worm) (Heterodera rostochiensis)
A0A914I0H6	Globodera rostochiensis (Golden nematode worm) (Heterodera rostochiensis)
A0A914I2B5	Globodera rostochiensis (Golden nematode worm) (Heterodera rostochiensis)
A0A914I591	Globodera rostochiensis (Golden nematode worm) (Heterodera rostochiensis)
A0A914I6J2	Globodera rostochiensis (Golden nematode worm) (Heterodera rostochiensis)
A0A914I6T2	Globodera rostochiensis (Golden nematode worm) (Heterodera rostochiensis)
A0A914IB36	Globodera rostochiensis (Golden nematode worm) (Heterodera rostochiensis)
A0A914KIS5	Meloidogyne incognita (Southern root-knot nematode worm) (Oxyuris incognita)
A0A914KQG8	Meloidogyne incognita (Southern root-knot nematode worm) (Oxyuris incognita)
A0A914KSF6	Meloidogyne incognita (Southern root-knot nematode worm) (Oxyuris incognita)
A0A914KSZ2	Meloidogyne incognita (Southern root-knot nematode worm) (Oxyuris incognita)
A0A914KT48	Meloidogyne incognita (Southern root-knot nematode worm) (Oxyuris incognita)
A0A914KV14	Meloidogyne incognita (Southern root-knot nematode worm) (Oxyuris incognita)
A0A914L0G4	Meloidogyne incognita (Southern root-knot nematode worm) (Oxyuris incognita)
A0A914LGJ9	Meloidogyne incognita (Southern root-knot nematode worm) (Oxyuris incognita)
A0A914LKN2	Meloidogyne incognita (Southern root-knot nematode worm) (Oxyuris incognita)
A0A914LMC0	Meloidogyne incognita (Southern root-knot nematode worm) (Oxyuris incognita)
A0A914LQI2	Meloidogyne incognita (Southern root-knot nematode worm) (Oxyuris incognita)
A0A914MC62	Meloidogyne incognita (Southern root-knot nematode worm) (Oxyuris incognita)
A0A914MFZ9	Meloidogyne incognita (Southern root-knot nematode worm) (Oxyuris incognita)
A0A914MI37	Meloidogyne incognita (Southern root-knot nematode worm) (Oxyuris incognita)
A0A914MMB3	Meloidogyne incognita (Southern root-knot nematode worm) (Oxyuris incognita)
A0A914MMI4	Meloidogyne incognita (Southern root-knot nematode worm) (Oxyuris incognita)
A0A914MP46	Meloidogyne incognita (Southern root-knot nematode worm) (Oxyuris incognita)
A0A914MX21	Meloidogyne incognita (Southern root-knot nematode worm) (Oxyuris incognita)
A0A914N0J1	Meloidogyne incognita (Southern root-knot nematode worm) (Oxyuris incognita)
A0A914ND73	Meloidogyne incognita (Southern root-knot nematode worm) (Oxyuris incognita)
A0A914NJC4	Meloidogyne incognita (Southern root-knot nematode worm) (Oxyuris incognita)
A0A914NNR1	Meloidogyne incognita (Southern root-knot nematode worm) (Oxyuris incognita)
A0A914NQ00	Meloidogyne incognita (Southern root-knot nematode worm) (Oxyuris incognita)
A0A914P0X8	Panagrolaimus davidi
A0A914P2C2	Meloidogyne incognita (Southern root-knot nematode worm) (Oxyuris incognita)
A0A914PE66	Panagrolaimus davidi
A0A914PWN3	Panagrolaimus davidi
A0A914Q4G9	Panagrolaimus davidi
A0A914QIC3	Panagrolaimus davidi
A0A914QPT7	Panagrolaimus davidi
A0A914QVR3	Panagrolaimus davidi
A0A914R0Z8	Panagrolaimus davidi
A0A914R615	Parascaris equorum (Equine roundworm)
A0A914RCD5	Panagrolaimus davidi
A0A914RCZ7	Parascaris equorum (Equine roundworm)
A0A914RDM4	Parascaris equorum (Equine roundworm)
A0A914RRI4	Parascaris equorum (Equine roundworm)
A0A914V8B5	Plectus sambesii
A0A914VC20	Plectus sambesii
A0A914VP41	Plectus sambesii
A0A914VTN9	Plectus sambesii
A0A914VVV1	Plectus sambesii
A0A914W9U8	Plectus sambesii
A0A914WLY2	Plectus sambesii
A0A914WPB9	Plectus sambesii
A0A914WPX6	Plectus sambesii
A0A914X8J3	Plectus sambesii
A0A914XFG8	Plectus sambesii
A0A914XH22	Plectus sambesii
A0A914XH92	Plectus sambesii
A0A914XUT5	Panagrolaimus superbus
A0A914XWE1	Panagrolaimus superbus
A0A914Y5L9	Panagrolaimus superbus
A0A914Y8M8	Panagrolaimus superbus
A0A914YD62	Panagrolaimus superbus
A0A914YN21	Panagrolaimus superbus
A0A914YU59	Panagrolaimus superbus
A0A914YVJ4	Panagrolaimus superbus
A0A914YX16	Panagrolaimus superbus
A0A914YY13	Panagrolaimus superbus
A0A914Z0W8	Panagrolaimus superbus
A0A914Z3T9	Panagrolaimus superbus
A0A914Z683	Panagrolaimus superbus
A0A914ZMF7	Parascaris univalens (Nematode worm)
A0A914ZNP5	Parascaris univalens (Nematode worm)
A0A915AEH0	Parascaris univalens (Nematode worm)
A0A915AFA2	Parascaris univalens (Nematode worm)
A0A915AMJ5	Parascaris univalens (Nematode worm)
A0A915B905	Parascaris univalens (Nematode worm)
A0A915BBW2	Parascaris univalens (Nematode worm)
A0A915BI75	Parascaris univalens (Nematode worm)
A0A915BLK8	Parascaris univalens (Nematode worm)
A0A915BTJ4	Parascaris univalens (Nematode worm)
A0A915BXA4	Parascaris univalens (Nematode worm)
A0A915C1Z4	Parascaris univalens (Nematode worm)
A0A915C5K9	Parascaris univalens (Nematode worm)
A0A915C6Y0	Parascaris univalens (Nematode worm)
A0A915C9C0	Parascaris univalens (Nematode worm)
A0A915CFL0	Parascaris univalens (Nematode worm)
A0A915CGS6	Parascaris univalens (Nematode worm)
A0A915CHT4	Parascaris univalens (Nematode worm)
A0A915CKL9	Parascaris univalens (Nematode worm)
A0A915CVU1	Ditylenchus dipsaci
A0A915DA49	Ditylenchus dipsaci
A0A915DCQ2	Ditylenchus dipsaci
A0A915DLS1	Ditylenchus dipsaci
A0A915DM56	Ditylenchus dipsaci
A0A915DUN3	Ditylenchus dipsaci
A0A915DYA4	Ditylenchus dipsaci
A0A915DZR6	Ditylenchus dipsaci
A0A915E1D4	Ditylenchus dipsaci
A0A915E6B7	Ditylenchus dipsaci
A0A915EAH4	Ditylenchus dipsaci
A0A915EQF6	Ditylenchus dipsaci
A0A915IJB5	Romanomermis culicivorax (Nematode worm)
A0A915J5A2	Romanomermis culicivorax (Nematode worm)
A0A915JTQ9	Romanomermis culicivorax (Nematode worm)
A0A915JTV7	Romanomermis culicivorax (Nematode worm)
A0A915JWL7	Romanomermis culicivorax (Nematode worm)
A0A915JY35	Romanomermis culicivorax (Nematode worm)
A0A915K173	Romanomermis culicivorax (Nematode worm)
A0A915KG31	Romanomermis culicivorax (Nematode worm)
A0A915KHR5	Romanomermis culicivorax (Nematode worm)
A0A915L001	Romanomermis culicivorax (Nematode worm)
A0A915LJZ8	Meloidogyne javanica (Root-knot nematode worm)
A0A915LS38	Meloidogyne javanica (Root-knot nematode worm)
A0A915LW17	Meloidogyne javanica (Root-knot nematode worm)
A0A915M3E8	Meloidogyne javanica (Root-knot nematode worm)
A0A915M7U5	Meloidogyne javanica (Root-knot nematode worm)
A0A915MC47	Meloidogyne javanica (Root-knot nematode worm)
A0A915MF40	Meloidogyne javanica (Root-knot nematode worm)
A0A915MF85	Meloidogyne javanica (Root-knot nematode worm)
A0A915ML45	Meloidogyne javanica (Root-knot nematode worm)
A0A915MNA2	Meloidogyne javanica (Root-knot nematode worm)
A0A915MXF4	Meloidogyne javanica (Root-knot nematode worm)
A0A915MZT5	Meloidogyne javanica (Root-knot nematode worm)
A0A915N311	Meloidogyne javanica (Root-knot nematode worm)
A0A915N426	Meloidogyne javanica (Root-knot nematode worm)
A0A915N4Q3	Meloidogyne javanica (Root-knot nematode worm)
A0A915N6X7	Meloidogyne javanica (Root-knot nematode worm)
A0A915N941	Meloidogyne javanica (Root-knot nematode worm)
A0A915NFI2	Meloidogyne floridensis
A0A915NLA8	Meloidogyne floridensis
A0A915P2K3	Meloidogyne floridensis
A0A915PDZ9	Setaria digitata
A0A915PGU5	Meloidogyne floridensis
A0A915PIR1	Setaria digitata
A0A915PM42	Setaria digitata
A0A915PU38	Setaria digitata
A0A915Q087	Setaria digitata
A0A915Q3T9	Setaria digitata
A0A915Q4I5	Setaria digitata
A0A915Q5R1	Setaria digitata
A0A915Q7N6	Setaria digitata
A0A9J2PFP1	Ascaris lumbricoides (Giant roundworm)
A0A9J2PNY6	Ascaris lumbricoides (Giant roundworm)
A0A9J2PZT0	Ascaris lumbricoides (Giant roundworm)
A0A9J2QC33	Ascaris lumbricoides (Giant roundworm)
A0A9P1I7G3	Caenorhabditis angaria
A0A9P1I8C9	Caenorhabditis angaria
A0A9P1I9B8	Caenorhabditis angaria
A0A9P1ICE9	Caenorhabditis angaria
A0A9P1ICK5	Caenorhabditis angaria
A0A9P1ID21	Caenorhabditis angaria
A0A9P1IGE6	Caenorhabditis angaria
A0A9P1IGE7	Caenorhabditis angaria
A0A9P1IGQ9	Caenorhabditis angaria
A0A9P1IIH3	Caenorhabditis angaria
A0A9P1IK86	Caenorhabditis angaria
A0A9P1IMW0	Caenorhabditis angaria
A0A9P1INB2	Caenorhabditis angaria
A0A9P1IQE7	Caenorhabditis angaria
A0A9P1IRU4	Caenorhabditis angaria
A0A9P1ISL0	Caenorhabditis angaria
A0A9P1IU18	Caenorhabditis angaria
A0A9P1IV73	Caenorhabditis angaria
A0A9P1IWV3	Caenorhabditis angaria
A0A9P1IXE1	Caenorhabditis angaria
A0A9P1IY70	Caenorhabditis angaria
A0A9P1J212	Caenorhabditis angaria
A0A9P1MS85	Caenorhabditis angaria
A0A9P1MWF9	Caenorhabditis angaria
A0A9P1MWU5	Caenorhabditis angaria
A0A9P1MX37	Caenorhabditis angaria
A0A9P1MZP5	Caenorhabditis angaria
A0A9P1N5B7	Caenorhabditis angaria
A0A9P1N6A1	Caenorhabditis angaria
A0A9P1N6M7	Caenorhabditis angaria
A0A9P1N6T2	Caenorhabditis angaria
A0A9P1NAR9	Caenorhabditis angaria
A0AA36C5L6	Mesorhabditis spiculigera
A0AA36CAW9	Mesorhabditis spiculigera
A0AA36CBH3	Mesorhabditis spiculigera
A0AA36CIW3	Mesorhabditis spiculigera
A0AA36CPZ0	Mesorhabditis spiculigera
A0AA36CU00	Mesorhabditis spiculigera
A0AA36CZD0	Mesorhabditis spiculigera
A0AA36D3S2	Mesorhabditis spiculigera
A0AA36D4N3	Mesorhabditis spiculigera
A0AA36D4X2	Mesorhabditis spiculigera
A0AA36D5K8	Mesorhabditis spiculigera
A0AA36D5Y3	Mesorhabditis spiculigera
A0AA36D9G8	Mesorhabditis spiculigera
A0AA36DFI0	Mesorhabditis spiculigera
A0AA36DID8	Mesorhabditis spiculigera
A0AA36DK38	Cylicocyclus nassatus (Nematode worm)
A0AA36DPX2	Cylicocyclus nassatus (Nematode worm)
A0AA36DS30	Cylicocyclus nassatus (Nematode worm)
A0AA36DVC2	Cylicocyclus nassatus (Nematode worm)
A0AA36DVM1	Cylicocyclus nassatus (Nematode worm)
A0AA36FXU8	Mesorhabditis spiculigera
A0AA36FY46	Mesorhabditis spiculigera
A0AA36G424	Mesorhabditis spiculigera
A0AA36G4C6	Mesorhabditis spiculigera
A0AA36G539	Mesorhabditis spiculigera
A0AA36GCB0	Mesorhabditis spiculigera
A0AA36GCQ2	Mesorhabditis spiculigera
A0AA36GE17	Cylicocyclus nassatus (Nematode worm)
A0AA36GI83	Cylicocyclus nassatus (Nematode worm)
A0AA36GIW3	Cylicocyclus nassatus (Nematode worm)
A0AA36GPA1	Cylicocyclus nassatus (Nematode worm)
A0AA36GR55	Cylicocyclus nassatus (Nematode worm)
A0AA36GSV7	Cylicocyclus nassatus (Nematode worm)
A0AA36GVI0	Cylicocyclus nassatus (Nematode worm)
A0AA36GW28	Cylicocyclus nassatus (Nematode worm)
A0AA36GWK3	Cylicocyclus nassatus (Nematode worm)
A0AA36H2N4	Cylicocyclus nassatus (Nematode worm)
A0AA36H8U2	Cylicocyclus nassatus (Nematode worm)
A0AA36H9B6	Cylicocyclus nassatus (Nematode worm)
A0AA36H9B8	Cylicocyclus nassatus (Nematode worm)
A0AA36HAE6	Cylicocyclus nassatus (Nematode worm)
A0AA36HAW7	Cylicocyclus nassatus (Nematode worm)
A0AA36HBA3	Cylicocyclus nassatus (Nematode worm)
A0AA36HCZ2	Cylicocyclus nassatus (Nematode worm)
A0AA36HF50	Cylicocyclus nassatus (Nematode worm)
A0AA36M0Q9	Cylicocyclus nassatus (Nematode worm)
A0AA36M2F6	Cylicocyclus nassatus (Nematode worm)
A0AA36M2J1	Cylicocyclus nassatus (Nematode worm)
A0AA36M2Y7	Cylicocyclus nassatus (Nematode worm)
A0AA36M320	Cylicocyclus nassatus (Nematode worm)
A0AA36M6M0	Cylicocyclus nassatus (Nematode worm)
A0AA36M8Q8	Cylicocyclus nassatus (Nematode worm)
A0AA36MA76	Cylicocyclus nassatus (Nematode worm)
A0AA36MB01	Cylicocyclus nassatus (Nematode worm)
A0AA36MBH6	Cylicocyclus nassatus (Nematode worm)
A0AA39GVT0	Steinernema hermaphroditum
A0AA39GWK1	Steinernema hermaphroditum
A0AA39GWU4	Steinernema hermaphroditum
A0AA39H0G7	Steinernema hermaphroditum
A0AA39H4F9	Steinernema hermaphroditum
A0AA39H5Y8	Steinernema hermaphroditum
A0AA39H5Z1	Steinernema hermaphroditum
A0AA39H7J4	Steinernema hermaphroditum
A0AA39H9F0	Steinernema hermaphroditum
A0AA39H9P6	Steinernema hermaphroditum
A0AA39HF87	Steinernema hermaphroditum
A0AA39HFE9	Steinernema hermaphroditum
A0AA39HGY9	Steinernema hermaphroditum
A0AA39HGZ6	Steinernema hermaphroditum
A0AA39HHH7	Steinernema hermaphroditum
A0AA39HI89	Steinernema hermaphroditum
A0AA39HJ66	Steinernema hermaphroditum
A0AA39HJA5	Steinernema hermaphroditum
A0AA39HJF3	Steinernema hermaphroditum
A0AA39HJF5	Steinernema hermaphroditum
A0AA39HJF8	Steinernema hermaphroditum
A0AA39HMY0	Steinernema hermaphroditum
A0AA39HMZ2	Steinernema hermaphroditum
A0AA39HMZ6	Steinernema hermaphroditum
A0AA39HMZ9	Steinernema hermaphroditum
A0AA39HP74	Steinernema hermaphroditum
A0AA39HQ57	Steinernema hermaphroditum
A0AA39HQD0	Steinernema hermaphroditum
A0AA39HQS6	Steinernema hermaphroditum
A0AA39HQZ7	Steinernema hermaphroditum
A0AA39HRC2	Steinernema hermaphroditum
A0AA39HRR3	Steinernema hermaphroditum
A0AA39I3G2	Steinernema hermaphroditum
A0AA39IA87	Steinernema hermaphroditum
A0AA39ICC0	Steinernema hermaphroditum
A0AA39IK85	Steinernema hermaphroditum
A0AA39IN26	Steinernema hermaphroditum
A0AA39INB6	Steinernema hermaphroditum
A0AA39INY8	Steinernema hermaphroditum
A0AA39IPA0	Steinernema hermaphroditum
A0AA39IPR2	Steinernema hermaphroditum
A0AA39IQL8	Steinernema hermaphroditum
A0AA39IQP2	Steinernema hermaphroditum
A0AA39IQS2	Steinernema hermaphroditum
A0AA39IQS7	Steinernema hermaphroditum
A0AA39IQT2	Steinernema hermaphroditum
A0AA39IQU9	Steinernema hermaphroditum
A0AA39IRQ9	Steinernema hermaphroditum
A0AA39IRX8	Steinernema hermaphroditum
A0AA39IS07	Steinernema hermaphroditum
A0AA39ISE6	Steinernema hermaphroditum
A0AA39ISJ4	Steinernema hermaphroditum
A0AA39LD67	Steinernema hermaphroditum
A0AA39LI13	Steinernema hermaphroditum
A0AA39LI60	Steinernema hermaphroditum
A0AA39LJG2	Steinernema hermaphroditum
A0AA39LJJ2	Steinernema hermaphroditum
A0AA39LJS9	Steinernema hermaphroditum
A0AA39LJW5	Steinernema hermaphroditum
A0AA39LJX7	Steinernema hermaphroditum
A0AA39LL65	Steinernema hermaphroditum
A0AA39LLB9	Steinernema hermaphroditum
A0AA39LLC7	Steinernema hermaphroditum
A0AA39LLK2	Steinernema hermaphroditum
A0AA39LLZ4	Steinernema hermaphroditum
A0AA39LMG1	Steinernema hermaphroditum
A0AA39LQ27	Steinernema hermaphroditum
A0AA39LQP8	Steinernema hermaphroditum
A0AA39LTD8	Steinernema hermaphroditum
A0AA39LTM2	Steinernema hermaphroditum
A0AA39LTZ6	Steinernema hermaphroditum
A0AA39LU89	Steinernema hermaphroditum
A0AA39LWW0	Steinernema hermaphroditum
A0AA39M0K0	Steinernema hermaphroditum
A0AA39MC33	Steinernema hermaphroditum
A0AA39MC82	Steinernema hermaphroditum
A0AA39MCQ6	Steinernema hermaphroditum
A0AAD5LUX8	Parelaphostrongylus tenuis (Meningeal worm)
A0AAD5M6U4	Parelaphostrongylus tenuis (Meningeal worm)
A0AAD5MPL5	Parelaphostrongylus tenuis (Meningeal worm)
A0AAD5QVK7	Parelaphostrongylus tenuis (Meningeal worm)
A0AAD5R9H1	Parelaphostrongylus tenuis (Meningeal worm)
A0AAD5RBM4	Parelaphostrongylus tenuis (Meningeal worm)
A0AAE8ZRB5	Caenorhabditis briggsae
A0AAE8ZSX6	Caenorhabditis briggsae
A0AAE8ZTM7	Caenorhabditis briggsae
A0AAE8ZYC8	Caenorhabditis briggsae
A0AAE9A8R5	Caenorhabditis briggsae
A0AAE9ADS5	Caenorhabditis briggsae
A0AAE9D4U8	Caenorhabditis briggsae
A0AAE9D6U6	Caenorhabditis briggsae
A0AAE9D7A8	Caenorhabditis briggsae
A0AAE9D8W3	Caenorhabditis briggsae
A0AAE9DIR7	Caenorhabditis briggsae
A0AAE9DPE5	Caenorhabditis briggsae
A0AAE9DT67	Caenorhabditis briggsae
A0AAE9DVH7	Caenorhabditis briggsae
A0AAE9DWB7	Caenorhabditis briggsae
A0AAE9E245	Caenorhabditis briggsae
A0AAE9E2G2	Caenorhabditis briggsae
A0AAE9E521	Caenorhabditis briggsae
A0AAE9E981	Caenorhabditis briggsae
A0AAE9EBF0	Caenorhabditis briggsae
A0AAE9EFV3	Caenorhabditis briggsae
A0AAE9EIN4	Caenorhabditis briggsae
A0AAE9ENG5	Caenorhabditis briggsae
A0AAE9ENM1	Caenorhabditis briggsae
A0AAE9ETM6	Caenorhabditis briggsae
A0AAE9EVR0	Caenorhabditis briggsae
A0AAE9EXS1	Caenorhabditis briggsae
A0AAE9EXU1	Caenorhabditis briggsae
A0AAE9F0C2	Caenorhabditis briggsae
A0AAE9F0F7	Caenorhabditis briggsae
A0AAE9F3V7	Caenorhabditis briggsae
A0AAE9F840	Caenorhabditis briggsae
A0AAE9F902	Caenorhabditis briggsae
A0AAE9FED0	Caenorhabditis briggsae
A0AAE9FHL6	Caenorhabditis briggsae
A0AAE9FIL0	Caenorhabditis briggsae
A0AAE9FIY8	Caenorhabditis briggsae
A0AAE9FLP4	Caenorhabditis briggsae
A0AAE9ILP1	Caenorhabditis briggsae
A0AAE9IP69	Caenorhabditis briggsae
A0AAE9J2C2	Caenorhabditis briggsae
A0AAE9J2X9	Caenorhabditis briggsae
A0AAE9J312	Caenorhabditis briggsae
A0AAE9J369	Caenorhabditis briggsae
A0AAE9J3W3	Caenorhabditis briggsae
A0AAE9J7S8	Caenorhabditis briggsae
A0AAE9J8D9	Caenorhabditis briggsae
A0AAE9JGJ7	Caenorhabditis briggsae
A0AAE9JH66	Caenorhabditis briggsae
A0AAE9JQ21	Caenorhabditis briggsae
A0AAE9JR68	Caenorhabditis briggsae
A0AAE9JS24	Caenorhabditis briggsae
A0AAE9JSZ9	Caenorhabditis briggsae
A0AAF3E942	Mesorhabditis belari
A0AAF3EMB8	Mesorhabditis belari
A0AAF3EQ28	Mesorhabditis belari
A0AAF3EQ67	Mesorhabditis belari
A0AAF3EQJ3	Mesorhabditis belari
A0AAF3ETA0	Mesorhabditis belari
A0AAF3EUG0	Mesorhabditis belari
A0AAF3F3R4	Mesorhabditis belari
A0AAF3FDM6	Mesorhabditis belari
A0AAF3FFH4	Mesorhabditis belari
A0AAF3FG57	Mesorhabditis belari
A0AAF3FKZ6	Mesorhabditis belari
A0AAF3J274	Mesorhabditis belari
A0AAF3J2N1	Mesorhabditis belari
A0AAF5DAU6	Strongyloides stercoralis (Threadworm)
A0AAF5DAZ9	Strongyloides stercoralis (Threadworm)
A0AAF5DHL4	Strongyloides stercoralis (Threadworm)
A0AAF5DM08	Strongyloides stercoralis (Threadworm)
A0AAF5HZP6	Strongyloides stercoralis (Threadworm)
A0AAF5I4D5	Strongyloides stercoralis (Threadworm)
A0AAN4YZN0	Pristionchus mayeri
A0AAN4Z186	Pristionchus mayeri
A0AAN4Z530	Pristionchus mayeri
A0AAN4Z6C2	Pristionchus mayeri
A0AAN4ZA50	Pristionchus mayeri
A0AAN4ZE53	Pristionchus mayeri
A0AAN4ZFN1	Pristionchus mayeri
A0AAN4ZGH1	Pristionchus mayeri
A0AAN4ZGS0	Pristionchus mayeri
A0AAN4ZGV8	Pristionchus mayeri
A0AAN4ZI10	Pristionchus mayeri
A0AAN4ZJC1	Pristionchus mayeri
A0AAN4ZMB3	Pristionchus mayeri
A0AAN5C644	Pristionchus mayeri
A0AAN5C9E6	Pristionchus mayeri
A0AAN5CCF4	Pristionchus mayeri
A0AAN5CES2	Pristionchus mayeri
A0AAN5CF71	Pristionchus mayeri
A0AAN5CJD1	Pristionchus mayeri
A0AAN5CJT2	Pristionchus mayeri
A0AAN5CLL5	Pristionchus mayeri
A0AAN5CS82	Pristionchus mayeri
A0AAN5DC79	Pristionchus mayeri
A0AAN5DCV5	Pristionchus mayeri
A0AAN5DDF8	Pristionchus mayeri
A0AAN5HYC6	Pristionchus mayeri
A0AAN5HZA7	Pristionchus mayeri
A0AAN5HZU1	Pristionchus mayeri
A0AAN5I023	Pristionchus mayeri
A0AAN5I8D7	Pristionchus mayeri
A0AAN5ICL8	Pristionchus mayeri
A0AAN8F6F7	Trichostrongylus colubriformis (Black scour worm)
A0AAN8FK49	Trichostrongylus colubriformis (Black scour worm)
A0AAN8G3Q1	Trichostrongylus colubriformis (Black scour worm)
A0AAN8GB76	Trichostrongylus colubriformis (Black scour worm)
A0AAV5S714	Pristionchus entomophagus
A0AAV5SDJ8	Pristionchus entomophagus
A0AAV5SJF5	Pristionchus entomophagus
A0AAV5SKA1	Pristionchus entomophagus
A0AAV5SP13	Pristionchus entomophagus
A0AAV5SP15	Pristionchus entomophagus
A0AAV5STE2	Pristionchus entomophagus
A0AAV5SVK0	Pristionchus entomophagus
A0AAV5SW68	Pristionchus entomophagus
A0AAV5SY36	Pristionchus entomophagus
A0AAV5T438	Pristionchus entomophagus
A0AAV5T4Y5	Pristionchus entomophagus
A0AAV5TBN7	Pristionchus entomophagus
A0AAV5TCV5	Pristionchus entomophagus
A0AAV5TH92	Pristionchus entomophagus
A0AAV5THH0	Pristionchus entomophagus
A0AAV5TN38	Pristionchus entomophagus
A0AAV5TTC4	Pristionchus entomophagus
A0AAV5TU50	Pristionchus entomophagus
A0AAV5TWY4	Pristionchus entomophagus
A0AAV5UD61	Pristionchus entomophagus
A0AAV5UFD5	Pristionchus entomophagus
A0AAV5UUP4	Pristionchus fissidentatus
A0AAV5V693	Pristionchus fissidentatus
A0AAV5V6I8	Pristionchus fissidentatus
A0AAV5V738	Pristionchus fissidentatus
A0AAV5VAM7	Pristionchus fissidentatus
A0AAV5VBX4	Pristionchus fissidentatus
A0AAV5VCL3	Pristionchus fissidentatus
A0AAV5VCP4	Pristionchus fissidentatus
A0AAV5VDV9	Pristionchus fissidentatus
A0AAV5VGL3	Pristionchus fissidentatus
A0AAV5VHD2	Pristionchus fissidentatus
A0AAV5VHF5	Pristionchus fissidentatus
A0AAV5VHF8	Pristionchus fissidentatus
A0AAV5VJ40	Pristionchus fissidentatus
A0AAV5VK64	Pristionchus fissidentatus
A0AAV5VM39	Pristionchus fissidentatus
A0AAV5VR64	Pristionchus fissidentatus
A0AAV5VU35	Pristionchus fissidentatus
A0AAV5VWW2	Pristionchus fissidentatus
A0AAV5W6H6	Pristionchus fissidentatus
A0AAV5W6Z6	Pristionchus fissidentatus
A0AAV5WEX5	Pristionchus fissidentatus
A0AAV5WLN4	Pristionchus fissidentatus
A0AAV5WRW2	Pristionchus fissidentatus
A0AAV5WVK7	Pristionchus fissidentatus
A0AAV5WVV3	Pristionchus fissidentatus
A0AAV5WZH2	Pristionchus fissidentatus
A0ABD2HQE3	Heterodera schachtii (Sugarbeet cyst nematode worm) (Tylenchus schachtii)
A0ABD2HRV4	Heterodera trifolii
A0ABD2HS45	Heterodera schachtii (Sugarbeet cyst nematode worm) (Tylenchus schachtii)
A0ABD2HT65	Heterodera schachtii (Sugarbeet cyst nematode worm) (Tylenchus schachtii)
A0ABD2HU86	Heterodera schachtii (Sugarbeet cyst nematode worm) (Tylenchus schachtii)
A0ABD2HVX9	Heterodera trifolii
A0ABD2HX36	Heterodera trifolii
A0ABD2I0P6	Heterodera trifolii
A0ABD2I2J4	Heterodera schachtii (Sugarbeet cyst nematode worm) (Tylenchus schachtii)
A0ABD2I5E1	Heterodera schachtii (Sugarbeet cyst nematode worm) (Tylenchus schachtii)
A0ABD2I8T0	Heterodera trifolii
A0ABD2I8V1	Heterodera trifolii
A0ABD2ICK6	Heterodera trifolii
A0ABD2ICY2	Heterodera schachtii (Sugarbeet cyst nematode worm) (Tylenchus schachtii)
A0ABD2IFW9	Heterodera schachtii (Sugarbeet cyst nematode worm) (Tylenchus schachtii)
A0ABD2IG85	Heterodera trifolii
A0ABD2IK42	Heterodera schachtii (Sugarbeet cyst nematode worm) (Tylenchus schachtii)
A0ABD2IX12	Heterodera schachtii (Sugarbeet cyst nematode worm) (Tylenchus schachtii)
A0ABD2IX88	Heterodera schachtii (Sugarbeet cyst nematode worm) (Tylenchus schachtii)
A0ABD2J474	Heterodera schachtii (Sugarbeet cyst nematode worm) (Tylenchus schachtii)
A0ABD2J4D1	Heterodera trifolii
A0ABD2JC32	Heterodera trifolii
A0ABD2JC34	Heterodera schachtii (Sugarbeet cyst nematode worm) (Tylenchus schachtii)
A0ABD2JDL2	Heterodera trifolii
A0ABD2JEC5	Heterodera trifolii
A0ABD2JFI6	Heterodera schachtii (Sugarbeet cyst nematode worm) (Tylenchus schachtii)
A0ABD2JJI8	Heterodera schachtii (Sugarbeet cyst nematode worm) (Tylenchus schachtii)
A0ABD2JJW8	Heterodera schachtii (Sugarbeet cyst nematode worm) (Tylenchus schachtii)
A0ABD2JKZ2	Heterodera trifolii
A0ABD2JTK8	Heterodera trifolii
A0ABD2JUL6	Heterodera schachtii (Sugarbeet cyst nematode worm) (Tylenchus schachtii)
A0ABD2JUU6	Heterodera schachtii (Sugarbeet cyst nematode worm) (Tylenchus schachtii)
A0ABD2JYN3	Heterodera trifolii
A0ABD2K1M3	Heterodera trifolii
A0ABD2K1W8	Heterodera trifolii
A0ABD2K4W8	Heterodera trifolii
A0ABD2K517	Heterodera trifolii
A0ABD2K5I7	Heterodera schachtii (Sugarbeet cyst nematode worm) (Tylenchus schachtii)
A0ABD2K5X3	Heterodera trifolii
A0ABD2K7T2	Heterodera trifolii
A0ABD2KAP8	Heterodera schachtii (Sugarbeet cyst nematode worm) (Tylenchus schachtii)
A0ABD2KAW1	Heterodera trifolii
A0ABD2KDJ2	Heterodera schachtii (Sugarbeet cyst nematode worm) (Tylenchus schachtii)
A0ABD2KDN8	Heterodera schachtii (Sugarbeet cyst nematode worm) (Tylenchus schachtii)
A0ABD2KGU0	Heterodera schachtii (Sugarbeet cyst nematode worm) (Tylenchus schachtii)
A0ABD2KGY0	Heterodera schachtii (Sugarbeet cyst nematode worm) (Tylenchus schachtii)
A0ABD2KHE0	Heterodera schachtii (Sugarbeet cyst nematode worm) (Tylenchus schachtii)
A0ABD2KHU9	Heterodera schachtii (Sugarbeet cyst nematode worm) (Tylenchus schachtii)
A0ABD2KIE6	Heterodera schachtii (Sugarbeet cyst nematode worm) (Tylenchus schachtii)
A0ABD2KSB2	Heterodera trifolii
A0ABD2KT22	Heterodera trifolii
A0ABD2KUH5	Heterodera trifolii
A0ABD2KXV4	Heterodera trifolii
A0ABD2L1M8	Heterodera trifolii
A0ABD2L1Y3	Heterodera trifolii
A0ABD2L1Z0	Heterodera trifolii
A0ABD2L789	Heterodera trifolii
A0ABD2L7S9	Heterodera trifolii
A0ABD2LEW0	Heterodera trifolii
A0ABD2LLT1	Heterodera trifolii
A0ABD2LLT9	Heterodera trifolii
A0ABD2LN26	Heterodera trifolii
A0ABD2LWB9	Heterodera trifolii
A0ABD2M192	Heterodera trifolii
A0ABD2M1F8	Heterodera trifolii
A0ABD2M250	Heterodera trifolii
A0ABD2M4W1	Heterodera trifolii
A0ABD2M8X6	Heterodera trifolii
A0ABD2MA78	Heterodera trifolii
A0ABD2MAZ4	Heterodera trifolii
A0ABD2MBN2	Heterodera trifolii
A0ABD2MBT5	Heterodera trifolii
A0ABD2MDX6	Heterodera trifolii
A0ABD6E671	Gnathostoma spinigerum
A0ABD6E6G2	Gnathostoma spinigerum
A0ABD6EAW5	Gnathostoma spinigerum
A0ABD6ED68	Gnathostoma spinigerum
A0ABD6EDJ6	Gnathostoma spinigerum
A0ABD6EEG1	Gnathostoma spinigerum
A0ABD6EHA1	Gnathostoma spinigerum
A0ABD6EKZ3	Gnathostoma spinigerum
A0ABD6ENX4	Gnathostoma spinigerum
A0ABD6EQ52	Gnathostoma spinigerum
A0ABD6EV74	Gnathostoma spinigerum
A0ABD6EVR0	Gnathostoma spinigerum
A0ABD6EYA7	Gnathostoma spinigerum
A0ABD6F000	Gnathostoma spinigerum
A0ABR1BGC3	Necator americanus (Human hookworm)
A0ABR1BJV5	Necator americanus (Human hookworm)
A0ABR1BLT9	Necator americanus (Human hookworm)
A0ABR1BRY2	Necator americanus (Human hookworm)
A0ABR1BSP8	Necator americanus (Human hookworm)
A0ABR1BUL4	Necator americanus (Human hookworm)
A0ABR1BWT8	Necator americanus (Human hookworm)
A0ABR1BWZ8	Necator americanus (Human hookworm)
A0ABR1C652	Necator americanus (Human hookworm)
A0ABR1C779	Necator americanus (Human hookworm)
A0ABR1CMG8	Necator americanus (Human hookworm)
A0ABR1D4B1	Necator americanus (Human hookworm)
A0ABR1D4C6	Necator americanus (Human hookworm)
A0ABR1D7F2	Necator americanus (Human hookworm)
A0ABR1D905	Necator americanus (Human hookworm)
A0ABR1DA02	Necator americanus (Human hookworm)
A0ABR1DHW7	Necator americanus (Human hookworm)
A0ABR1DI95	Necator americanus (Human hookworm)
A0ABR1DIX8	Necator americanus (Human hookworm)
A0ABR1DJ59	Necator americanus (Human hookworm)
A0ABR1DKF4	Necator americanus (Human hookworm)
A0ABR1DMZ6	Necator americanus (Human hookworm)
A0ABR1DPC2	Necator americanus (Human hookworm)
A0ABR1DPN1	Necator americanus (Human hookworm)
A0ABR1DPS4	Necator americanus (Human hookworm)
A0ABR1DQ49	Necator americanus (Human hookworm)
A0ABR1DQ55	Necator americanus (Human hookworm)
A0ABR1DQ81	Necator americanus (Human hookworm)
A0ABR1DQD6	Necator americanus (Human hookworm)
A0ABR1DR93	Necator americanus (Human hookworm)
A0ABR1DRN2	Necator americanus (Human hookworm)
A0ABR1DSC7	Necator americanus (Human hookworm)
A0ABR1DT51	Necator americanus (Human hookworm)
A0ABR1DUI3	Necator americanus (Human hookworm)
A0ABR1E3R4	Necator americanus (Human hookworm)
A0ABR1EUS4	Necator americanus (Human hookworm)
A0ACB0XQK8	Meloidogyne enterolobii (Root-knot nematode worm) (Meloidogyne mayaguensis)
A0ACB0XT00	Meloidogyne enterolobii (Root-knot nematode worm) (Meloidogyne mayaguensis)
A0ACB0XTT6	Meloidogyne enterolobii (Root-knot nematode worm) (Meloidogyne mayaguensis)
A0ACB0Y0C6	Meloidogyne enterolobii (Root-knot nematode worm) (Meloidogyne mayaguensis)
A0ACB0Y3E1	Meloidogyne enterolobii (Root-knot nematode worm) (Meloidogyne mayaguensis)
A0ACB0Y722	Meloidogyne enterolobii (Root-knot nematode worm) (Meloidogyne mayaguensis)
A0ACB0YB52	Meloidogyne enterolobii (Root-knot nematode worm) (Meloidogyne mayaguensis)
A0ACB0YBT9	Meloidogyne enterolobii (Root-knot nematode worm) (Meloidogyne mayaguensis)
A0ACB0YIS0	Meloidogyne enterolobii (Root-knot nematode worm) (Meloidogyne mayaguensis)
A0ACB0YM62	Meloidogyne enterolobii (Root-knot nematode worm) (Meloidogyne mayaguensis)
A0ACB0YMN4	Meloidogyne enterolobii (Root-knot nematode worm) (Meloidogyne mayaguensis)
A0ACB0YR66	Meloidogyne enterolobii (Root-knot nematode worm) (Meloidogyne mayaguensis)
A0ACB0Z021	Meloidogyne enterolobii (Root-knot nematode worm) (Meloidogyne mayaguensis)
A0ACB0ZMZ0	Meloidogyne enterolobii (Root-knot nematode worm) (Meloidogyne mayaguensis)
A0ACB0ZNF5	Meloidogyne enterolobii (Root-knot nematode worm) (Meloidogyne mayaguensis)
A0ACB0ZPF1	Meloidogyne enterolobii (Root-knot nematode worm) (Meloidogyne mayaguensis)
A0ACB0ZPX9	Meloidogyne enterolobii (Root-knot nematode worm) (Meloidogyne mayaguensis)
A0ACB0ZW47	Meloidogyne enterolobii (Root-knot nematode worm) (Meloidogyne mayaguensis)
A0ACB0ZYC1	Meloidogyne enterolobii (Root-knot nematode worm) (Meloidogyne mayaguensis)
A0ACB0ZYY6	Meloidogyne enterolobii (Root-knot nematode worm) (Meloidogyne mayaguensis)
A0ACB1AAU9	Meloidogyne enterolobii (Root-knot nematode worm) (Meloidogyne mayaguensis)
A0ACB1AZG1	Meloidogyne enterolobii (Root-knot nematode worm) (Meloidogyne mayaguensis)
A0ACB1B809	Meloidogyne enterolobii (Root-knot nematode worm) (Meloidogyne mayaguensis)
E3LDK7	Caenorhabditis remanei (Caenorhabditis vulgaris)
E3LV29	Caenorhabditis remanei (Caenorhabditis vulgaris)
E3LYI3	Caenorhabditis remanei (Caenorhabditis vulgaris)
E3MD60	Caenorhabditis remanei (Caenorhabditis vulgaris)
E3MDY4	Caenorhabditis remanei (Caenorhabditis vulgaris)
E3MQC7	Caenorhabditis remanei (Caenorhabditis vulgaris)
E3MQR4	Caenorhabditis remanei (Caenorhabditis vulgaris)
E3MQR5	Caenorhabditis remanei (Caenorhabditis vulgaris)
G0MAD8	Caenorhabditis brenneri (Nematode worm)
G0MI15	Caenorhabditis brenneri (Nematode worm)
G0MI16	Caenorhabditis brenneri (Nematode worm)
G0MSC2	Caenorhabditis brenneri (Nematode worm)
G0MST5	Caenorhabditis brenneri (Nematode worm)
G0MST8	Caenorhabditis brenneri (Nematode worm)
G0MXK0	Caenorhabditis brenneri (Nematode worm)
G0N9I3	Caenorhabditis brenneri (Nematode worm)
G0N9S9	Caenorhabditis brenneri (Nematode worm)
G0N9Y4	Caenorhabditis brenneri (Nematode worm)
G0NBE9	Caenorhabditis brenneri (Nematode worm)
G0NJG1	Caenorhabditis brenneri (Nematode worm)
G0NMN2	Caenorhabditis brenneri (Nematode worm)
G0NSE7	Caenorhabditis brenneri (Nematode worm)
G0P2X6	Caenorhabditis brenneri (Nematode worm)
G0P3P2	Caenorhabditis brenneri (Nematode worm)
G0P6Z5	Caenorhabditis brenneri (Nematode worm)
G0PA66	Caenorhabditis brenneri (Nematode worm)
G0PB73	Caenorhabditis brenneri (Nematode worm)
G0PEL0	Caenorhabditis brenneri (Nematode worm)
G0PFJ0	Caenorhabditis brenneri (Nematode worm)
G0PHA5	Caenorhabditis brenneri (Nematode worm)
G0PIB8	Caenorhabditis brenneri (Nematode worm)
G0PKX0	Caenorhabditis brenneri (Nematode worm)
G0PLK7	Caenorhabditis brenneri (Nematode worm)
J9FBX3	Wuchereria bancrofti
A0A016RY44	Ancylostoma ceylanicum
A0A016RYM8	Ancylostoma ceylanicum
A0A016RZT2	Ancylostoma ceylanicum
A0A016RZU4	Ancylostoma ceylanicum
A0A016S006	Ancylostoma ceylanicum
A0A016S0K8	Ancylostoma ceylanicum
A0A016S0V0	Ancylostoma ceylanicum
A0A016S377	Ancylostoma ceylanicum
A0A016S3Q5	Ancylostoma ceylanicum
A0A016S4I8	Ancylostoma ceylanicum
A0A016S7T2	Ancylostoma ceylanicum
A0A016S879	Ancylostoma ceylanicum
A0A016SJP7	Ancylostoma ceylanicum
A0A016SNK2	Ancylostoma ceylanicum
A0A016SSD2	Ancylostoma ceylanicum
A0A016SVR4	Ancylostoma ceylanicum
A0A016T0L6	Ancylostoma ceylanicum
A0A016T1Y9	Ancylostoma ceylanicum
A0A016T2T5	Ancylostoma ceylanicum
A0A016T647	Ancylostoma ceylanicum
A0A016T6B3	Ancylostoma ceylanicum
A0A016T6P4	Ancylostoma ceylanicum
A0A016T7H0	Ancylostoma ceylanicum
A0A016TCS6	Ancylostoma ceylanicum
A0A016THH4	Ancylostoma ceylanicum
A0A016THN6	Ancylostoma ceylanicum
A0A016TTL0	Ancylostoma ceylanicum
A0A016TTR3	Ancylostoma ceylanicum
A0A016TU36	Ancylostoma ceylanicum
A0A016U0N7	Ancylostoma ceylanicum
A0A016U1Q2	Ancylostoma ceylanicum
A0A016U3B4	Ancylostoma ceylanicum
A0A016U7I2	Ancylostoma ceylanicum
A0A016U9J1	Ancylostoma ceylanicum
A0A016UCV9	Ancylostoma ceylanicum
A0A016UDZ0	Ancylostoma ceylanicum
A0A016UEW5	Ancylostoma ceylanicum
A0A016UQB9	Ancylostoma ceylanicum
A0A016URA7	Ancylostoma ceylanicum
A0A016URJ2	Ancylostoma ceylanicum
A0A016UWT7	Ancylostoma ceylanicum
A0A016V973	Ancylostoma ceylanicum
A0A016VC75	Ancylostoma ceylanicum
A0A016VG03	Ancylostoma ceylanicum
A0A016VTC0	Ancylostoma ceylanicum
A0A016VVP8	Ancylostoma ceylanicum
A0A016VX77	Ancylostoma ceylanicum
A0A016VZM1	Ancylostoma ceylanicum
A0A016W0X5	Ancylostoma ceylanicum
A0A016W2J8	Ancylostoma ceylanicum
A0A016W3Z6	Ancylostoma ceylanicum
A0A016W9A2	Ancylostoma ceylanicum
A0A016WID9	Ancylostoma ceylanicum
A0A016WJL6	Ancylostoma ceylanicum
A0A016WKL8	Ancylostoma ceylanicum
A0A016WMK3	Ancylostoma ceylanicum
A0A016WP63	Ancylostoma ceylanicum
A0A016WX83	Ancylostoma ceylanicum
A0A085NMW2	Trichuris suis (pig whipworm)
A0A085NQ79	Trichuris suis (pig whipworm)
A0A085NSJ6	Trichuris suis (pig whipworm)
A0A090L9L3	Strongyloides ratti (Parasitic roundworm)
A0A0B1TFQ4	Oesophagostomum dentatum (Nodular worm)
A0A0C2DSR0	Ancylostoma duodenale
A0A0C2G251	Ancylostoma duodenale
A0A0D8Y6S8	Dictyocaulus viviparus (Bovine lungworm)
A0A0H5S473	Brugia malayi (Filarial nematode worm)
A0A0J9XYM2	Brugia malayi (Filarial nematode worm)
A0A0J9Y4Z1	Brugia malayi (Filarial nematode worm)
A0A0K0DXM8	Strongyloides stercoralis (Threadworm)
A0A0K0E1Y8	Strongyloides stercoralis (Threadworm)
A0A0K0IQI8	Brugia malayi (Filarial nematode worm)
A0A0M3ILH8	Ascaris lumbricoides (Giant roundworm)
A0A0M3IP09	Ascaris lumbricoides (Giant roundworm)
A0A0M3IYS6	Anisakis simplex (Herring worm)
A0A0M3IYW4	Anisakis simplex (Herring worm)
A0A0M3IZH4	Anisakis simplex (Herring worm)
A0A0M3J0F9	Anisakis simplex (Herring worm)
A0A0M3JAB0	Anisakis simplex (Herring worm)
A0A0M3JHJ5	Anisakis simplex (Herring worm)
A0A0M3JP30	Anisakis simplex (Herring worm)
A0A0M3JS98	Anisakis simplex (Herring worm)
A0A0M3JUW3	Anisakis simplex (Herring worm)
A0A0M3JV24	Anisakis simplex (Herring worm)
A0A0M3JVB9	Anisakis simplex (Herring worm)
A0A0M3JVZ5	Anisakis simplex (Herring worm)
A0A0M3JXF0	Anisakis simplex (Herring worm)
A0A0M3JYC0	Anisakis simplex (Herring worm)
A0A0M3K0E5	Anisakis simplex (Herring worm)
A0A0M3K0N5	Anisakis simplex (Herring worm)
A0A0M3K0R2	Anisakis simplex (Herring worm)
A0A0M3K2D5	Anisakis simplex (Herring worm)
A0A0M3K3F9	Anisakis simplex (Herring worm)
A0A0M3K5T1	Anisakis simplex (Herring worm)
A0A0M3K636	Anisakis simplex (Herring worm)
A0A0M3K6N2	Anisakis simplex (Herring worm)
A0A0M3K8A6	Anisakis simplex (Herring worm)
A0A0M3K9F9	Anisakis simplex (Herring worm)
A0A0M3KA61	Anisakis simplex (Herring worm)
A0A0M3KDE7	Anisakis simplex (Herring worm)
A0A0M3KDG5	Anisakis simplex (Herring worm)
A0A0M3KGG7	Anisakis simplex (Herring worm)
A0A0N4T271	Brugia pahangi (Filarial nematode worm)
A0A0N4T7T6	Brugia pahangi (Filarial nematode worm)
A0A0N4TJT0	Brugia pahangi (Filarial nematode worm)
A0A0N4TLF0	Brugia pahangi (Filarial nematode worm)
A0A0N4TMZ3	Brugia pahangi (Filarial nematode worm)
A0A0N4TNM0	Brugia pahangi (Filarial nematode worm)
A0A0N4TQY2	Brugia pahangi (Filarial nematode worm)
A0A0N4TRF9	Brugia pahangi (Filarial nematode worm)
A0A0N4TSX7	Brugia pahangi (Filarial nematode worm)
A0A0N4TSY2	Brugia pahangi (Filarial nematode worm)
A0A0N4TWW5	Brugia pahangi (Filarial nematode worm)
A0A0N4U0R2	Dracunculus medinensis (Guinea worm)
A0A0N4U4Y8	Dracunculus medinensis (Guinea worm)
A0A0N4U5C7	Dracunculus medinensis (Guinea worm)
A0A0N4U651	Dracunculus medinensis (Guinea worm)
A0A0N4UJZ1	Dracunculus medinensis (Guinea worm)
A0A0N4UKN1	Dracunculus medinensis (Guinea worm)
A0A0N4UNR1	Dracunculus medinensis (Guinea worm)
A0A0N4UP48	Dracunculus medinensis (Guinea worm)
A0A0N4UP99	Dracunculus medinensis (Guinea worm)
A0A0N4UPG0	Dracunculus medinensis (Guinea worm)
A0A0N4V4A1	Enterobius vermicularis (Human pinworm)
A0A0N4V4V5	Enterobius vermicularis (Human pinworm)
A0A0N4V4X9	Enterobius vermicularis (Human pinworm)
A0A0N4V974	Enterobius vermicularis (Human pinworm)
A0A0N4VIB0	Enterobius vermicularis (Human pinworm)
A0A0N4VJR3	Enterobius vermicularis (Human pinworm)
A0A0N4VK41	Enterobius vermicularis (Human pinworm)
A0A0N4VMT8	Enterobius vermicularis (Human pinworm)
A0A0N4VN67	Enterobius vermicularis (Human pinworm)
A0A0N4VP03	Enterobius vermicularis (Human pinworm)
A0A0N4VQQ7	Enterobius vermicularis (Human pinworm)
A0A0N4VQX0	Enterobius vermicularis (Human pinworm)
A0A0N4VUC8	Haemonchus placei (Barber's pole worm)
A0A0N4VVP0	Haemonchus placei (Barber's pole worm)
A0A0N4VXH9	Haemonchus placei (Barber's pole worm)
A0A0N4W238	Haemonchus placei (Barber's pole worm)
A0A0N4W2I0	Haemonchus placei (Barber's pole worm)
A0A0N4W2I9	Haemonchus placei (Barber's pole worm)
A0A0N4W2J2	Haemonchus placei (Barber's pole worm)
A0A0N4W406	Haemonchus placei (Barber's pole worm)
A0A0N4W598	Haemonchus placei (Barber's pole worm)
A0A0N4W782	Haemonchus placei (Barber's pole worm)
A0A0N4W7J7	Haemonchus placei (Barber's pole worm)
A0A0N4W7N3	Haemonchus placei (Barber's pole worm)
A0A0N4W8D0	Haemonchus placei (Barber's pole worm)
A0A0N4WAX3	Haemonchus placei (Barber's pole worm)
A0A0N4WCT2	Haemonchus placei (Barber's pole worm)
A0A0N4WEM6	Haemonchus placei (Barber's pole worm)
A0A0N4WL21	Haemonchus placei (Barber's pole worm)
A0A0N4WLR9	Haemonchus placei (Barber's pole worm)
A0A0N4WMS6	Haemonchus placei (Barber's pole worm)
A0A0N4WPS1	Haemonchus placei (Barber's pole worm)
A0A0N4WRK4	Haemonchus placei (Barber's pole worm)
A0A0N4WVX3	Haemonchus placei (Barber's pole worm)
A0A0N4WX24	Haemonchus placei (Barber's pole worm)
A0A0N4WX34	Haemonchus placei (Barber's pole worm)
A0A0N4WZ71	Haemonchus placei (Barber's pole worm)
A0A0N4X046	Haemonchus placei (Barber's pole worm)
A0A0N4X687	Haemonchus placei (Barber's pole worm)
A0A0N4XCH6	Nippostrongylus brasiliensis (Rat hookworm)
A0A0N4XHY0	Nippostrongylus brasiliensis (Rat hookworm)
A0A0N4XLC8	Nippostrongylus brasiliensis (Rat hookworm)
A0A0N4XNY1	Nippostrongylus brasiliensis (Rat hookworm)
A0A0N4XQJ5	Nippostrongylus brasiliensis (Rat hookworm)
A0A0N4XX79	Nippostrongylus brasiliensis (Rat hookworm)
A0A0N4XZ92	Nippostrongylus brasiliensis (Rat hookworm)
A0A0N4Y2P3	Nippostrongylus brasiliensis (Rat hookworm)
A0A0N4Y5D5	Nippostrongylus brasiliensis (Rat hookworm)
A0A0N4Y7W5	Nippostrongylus brasiliensis (Rat hookworm)
A0A0N4Y8D3	Nippostrongylus brasiliensis (Rat hookworm)
A0A0N4Y949	Nippostrongylus brasiliensis (Rat hookworm)
A0A0N4YBR5	Nippostrongylus brasiliensis (Rat hookworm)
A0A0N4YBU9	Nippostrongylus brasiliensis (Rat hookworm)
A0A0N4YDR8	Nippostrongylus brasiliensis (Rat hookworm)
A0A0N4YED1	Nippostrongylus brasiliensis (Rat hookworm)
A0A0N4YGT3	Nippostrongylus brasiliensis (Rat hookworm)
A0A0N4YGU6	Nippostrongylus brasiliensis (Rat hookworm)
A0A0N4YID1	Nippostrongylus brasiliensis (Rat hookworm)
A0A0N4YNH4	Nippostrongylus brasiliensis (Rat hookworm)
A0A0N4YP32	Nippostrongylus brasiliensis (Rat hookworm)
A0A0N4YWQ6	Nippostrongylus brasiliensis (Rat hookworm)
A0A0N4YYD0	Nippostrongylus brasiliensis (Rat hookworm)
A0A0N5AXP2	Syphacia muris
A0A0N5CJ76	Thelazia callipaeda (Oriental eyeworm) (Parasitic nematode)
A0A0N5CJJ5	Thelazia callipaeda (Oriental eyeworm) (Parasitic nematode)
A0A0N5CNL2	Thelazia callipaeda (Oriental eyeworm) (Parasitic nematode)
A0A0N5CR34	Thelazia callipaeda (Oriental eyeworm) (Parasitic nematode)
A0A0N5CSJ9	Thelazia callipaeda (Oriental eyeworm) (Parasitic nematode)
A0A0N5CUU0	Thelazia callipaeda (Oriental eyeworm) (Parasitic nematode)
A0A0N5CW50	Thelazia callipaeda (Oriental eyeworm) (Parasitic nematode)
A0A0N5D1A8	Thelazia callipaeda (Oriental eyeworm) (Parasitic nematode)
A0A0N5D3L7	Thelazia callipaeda (Oriental eyeworm) (Parasitic nematode)
A0A0N5D4B6	Thelazia callipaeda (Oriental eyeworm) (Parasitic nematode)
A0A0N5D8G3	Thelazia callipaeda (Oriental eyeworm) (Parasitic nematode)
A0A0N5D9Q4	Thelazia callipaeda (Oriental eyeworm) (Parasitic nematode)
A0A0N5DA68	Thelazia callipaeda (Oriental eyeworm) (Parasitic nematode)
A0A0N5DBT9	Thelazia callipaeda (Oriental eyeworm) (Parasitic nematode)
A0A0N5DCC8	Thelazia callipaeda (Oriental eyeworm) (Parasitic nematode)
A0A0R3P9K9	Angiostrongylus costaricensis (Nematode worm)
A0A0R3PH27	Angiostrongylus costaricensis (Nematode worm)
A0A0R3PLV0	Angiostrongylus costaricensis (Nematode worm)
A0A0R3PNN0	Angiostrongylus costaricensis (Nematode worm)
A0A0R3PPX2	Angiostrongylus costaricensis (Nematode worm)
A0A0R3PUA0	Angiostrongylus costaricensis (Nematode worm)
A0A0R3PV48	Angiostrongylus costaricensis (Nematode worm)
A0A0R3Q5Y8	Brugia timori
A0A0R3QDK4	Brugia timori
A0A0R3QS20	Brugia timori
A0A0R3QUR1	Brugia timori
A0A0R3RBC1	Brugia timori
A0A0R3RCT9	Brugia timori
A0A158PPG1	Anisakis simplex (Herring worm)
A0A158PPI4	Anisakis simplex (Herring worm)
A0A158PQB4	Brugia pahangi (Filarial nematode worm)
A0A158PRF7	Brugia pahangi (Filarial nematode worm)
A0A158Q3R7	Dracunculus medinensis (Guinea worm)
A0A158QQ14	Haemonchus placei (Barber's pole worm)
A0A158QXX9	Nippostrongylus brasiliensis (Rat hookworm)
A0A158QZJ2	Nippostrongylus brasiliensis (Rat hookworm)
A0A158R0N9	Nippostrongylus brasiliensis (Rat hookworm)
A0A158R1H3	Nippostrongylus brasiliensis (Rat hookworm)
A0A158R2P2	Nippostrongylus brasiliensis (Rat hookworm)
A0A158RCW0	Thelazia callipaeda (Oriental eyeworm) (Parasitic nematode)
A0A182DYA3	Onchocerca ochengi (Filarial nematode worm)
A0A182EIQ0	Onchocerca ochengi (Filarial nematode worm)
A0A182ENX2	Onchocerca ochengi (Filarial nematode worm)
A0A182ESM4	Onchocerca ochengi (Filarial nematode worm)
A0A183CYE5	Gongylonema pulchrum
A0A183D040	Gongylonema pulchrum
A0A183DGI8	Gongylonema pulchrum
A0A183DSW0	Gongylonema pulchrum
A0A183EAL4	Gongylonema pulchrum
A0A183EY46	Gongylonema pulchrum
A0A183EZM9	Gongylonema pulchrum
A0A183EZS3	Gongylonema pulchrum
A0A183H970	Onchocerca flexuosa
A0A183HDG2	Onchocerca flexuosa
A0A183HZW8	Onchocerca flexuosa
A0A183I9C5	Soboliphyme baturini
A0A183IBC7	Soboliphyme baturini
A0A183ICN8	Soboliphyme baturini
A0A183IH40	Soboliphyme baturini
A0A183JB65	Soboliphyme baturini
A0A1I7T4L9	Caenorhabditis tropicalis
A0A1I7YLW9	Steinernema glaseri
A0A1I7Z326	Steinernema glaseri
A0A1I8AGI5	Steinernema glaseri
A0A260YUD2	Caenorhabditis latens
A0A260YV64	Caenorhabditis remanei (Caenorhabditis vulgaris)
A0A260YZ05	Caenorhabditis latens
A0A260YZQ3	Caenorhabditis remanei (Caenorhabditis vulgaris)
A0A260Z7P2	Caenorhabditis remanei (Caenorhabditis vulgaris)
A0A260Z8L3	Caenorhabditis remanei (Caenorhabditis vulgaris)
A0A260ZAI9	Caenorhabditis remanei (Caenorhabditis vulgaris)
A0A260ZK24	Caenorhabditis latens
A0A260ZK57	Caenorhabditis remanei (Caenorhabditis vulgaris)
A0A260ZQL9	Caenorhabditis remanei (Caenorhabditis vulgaris)
A0A260ZSW6	Caenorhabditis remanei (Caenorhabditis vulgaris)
A0A261A4N4	Caenorhabditis remanei (Caenorhabditis vulgaris)
A0A261A9P1	Caenorhabditis remanei (Caenorhabditis vulgaris)
A0A261ACH2	Caenorhabditis remanei (Caenorhabditis vulgaris)
A0A261AE93	Caenorhabditis remanei (Caenorhabditis vulgaris)
A0A261AG46	Caenorhabditis latens
A0A261AG57	Caenorhabditis latens
A0A261AHK7	Caenorhabditis remanei (Caenorhabditis vulgaris)
A0A261AIM9	Caenorhabditis remanei (Caenorhabditis vulgaris)
A0A261AJ14	Caenorhabditis remanei (Caenorhabditis vulgaris)
A0A261AJ68	Caenorhabditis remanei (Caenorhabditis vulgaris)
A0A261AJC1	Caenorhabditis remanei (Caenorhabditis vulgaris)
A0A261AJX3	Caenorhabditis remanei (Caenorhabditis vulgaris)
A0A261AKD3	Caenorhabditis remanei (Caenorhabditis vulgaris)
A0A261AL13	Caenorhabditis remanei (Caenorhabditis vulgaris)
A0A261AMT5	Caenorhabditis remanei (Caenorhabditis vulgaris)
A0A261APZ7	Caenorhabditis remanei (Caenorhabditis vulgaris)
A0A261AS67	Caenorhabditis remanei (Caenorhabditis vulgaris)
A0A261ASE8	Caenorhabditis remanei (Caenorhabditis vulgaris)
A0A261ASW4	Caenorhabditis remanei (Caenorhabditis vulgaris)
A0A261AXU8	Caenorhabditis remanei (Caenorhabditis vulgaris)
A0A261AY59	Caenorhabditis remanei (Caenorhabditis vulgaris)
A0A261B501	Caenorhabditis latens
A0A261B5C0	Caenorhabditis latens
A0A261B5W5	Caenorhabditis remanei (Caenorhabditis vulgaris)
A0A261B761	Caenorhabditis remanei (Caenorhabditis vulgaris)
A0A261B8S1	Caenorhabditis remanei (Caenorhabditis vulgaris)
A0A261BAB0	Caenorhabditis remanei (Caenorhabditis vulgaris)
A0A261BE36	Caenorhabditis remanei (Caenorhabditis vulgaris)
A0A261BF11	Caenorhabditis latens
A0A261BF32	Caenorhabditis latens
A0A261BFU1	Caenorhabditis latens
A0A261BJD6	Caenorhabditis latens
A0A261BLK8	Caenorhabditis latens
A0A261BMV8	Caenorhabditis latens
A0A261BMX9	Caenorhabditis latens
A0A261BPF4	Caenorhabditis latens
A0A261BTC7	Caenorhabditis latens
A0A261C5A3	Caenorhabditis latens
A0A261C9P5	Caenorhabditis latens
A0A261CAD5	Caenorhabditis latens
A0A261CBX6	Caenorhabditis latens
A0A261CCZ3	Caenorhabditis latens
A0A261CGI0	Caenorhabditis latens
A0A261CKP5	Caenorhabditis latens
A0A261CLJ4	Caenorhabditis latens
A0A261CLK4	Caenorhabditis latens
A0A261CM52	Caenorhabditis latens
A0A261CPH2	Caenorhabditis latens
A0A261CR07	Caenorhabditis latens
A0A261CS01	Caenorhabditis latens
A0A2A2J290	Diploscapter pachys
A0A2A2JEJ5	Diploscapter pachys
A0A2A2JIU7	Diploscapter pachys
A0A2A2JKF1	Diploscapter pachys
A0A2A2JPF4	Diploscapter pachys
A0A2A2JRR9	Diploscapter pachys
A0A2A2JUA6	Diploscapter pachys
A0A2A2JXD2	Diploscapter pachys
A0A2A2JXQ2	Diploscapter pachys
A0A2A2KCL0	Diploscapter pachys
A0A2A2KE45	Diploscapter pachys
A0A2A2KPM6	Diploscapter pachys
A0A2A2KQ42	Diploscapter pachys
A0A2A2KQB0	Diploscapter pachys
A0A2A2KTJ3	Diploscapter pachys
A0A2A2KTN0	Diploscapter pachys
A0A2A2KU37	Diploscapter pachys
A0A2A2KUY4	Diploscapter pachys
A0A2A2KZ10	Diploscapter pachys
A0A2A2L491	Diploscapter pachys
A0A2A2L650	Diploscapter pachys
A0A2A2LDY6	Diploscapter pachys
A0A2A2LH93	Diploscapter pachys
A0A2A2LID7	Diploscapter pachys
A0A2A2LM94	Diploscapter pachys
A0A2A2LP10	Diploscapter pachys
A0A2A2LP34	Diploscapter pachys
A0A2A2LP36	Diploscapter pachys
A0A2A2LU11	Diploscapter pachys
A0A2A2LUV4	Diploscapter pachys
A0A2A2LYD9	Diploscapter pachys
A0A2A2LYJ5	Diploscapter pachys
A0A2A2LYS5	Diploscapter pachys
A0A2G5SFC3	Caenorhabditis nigoni
A0A2G5SH61	Caenorhabditis nigoni
A0A2G5SJZ4	Caenorhabditis nigoni
A0A2G5SMK6	Caenorhabditis nigoni
A0A2G5SQ91	Caenorhabditis nigoni
A0A2G5SSD0	Caenorhabditis nigoni
A0A2G5SVR0	Caenorhabditis nigoni
A0A2G5T3V2	Caenorhabditis nigoni
A0A2G5T8S5	Caenorhabditis nigoni
A0A2G5U2D8	Caenorhabditis nigoni
A0A2G5U2E3	Caenorhabditis nigoni
A0A2G5U983	Caenorhabditis nigoni
A0A2G5UKD9	Caenorhabditis nigoni
A0A2G5UME8	Caenorhabditis nigoni
A0A2G5US79	Caenorhabditis nigoni
A0A2G5UYZ6	Caenorhabditis nigoni
A0A2G5UZ39	Caenorhabditis nigoni
A0A2G5V264	Caenorhabditis nigoni
A0A2G5V906	Caenorhabditis nigoni
A0A2G5VDY2	Caenorhabditis nigoni
A0A2G5VHJ8	Caenorhabditis nigoni
A0A2G5VM44	Caenorhabditis nigoni
A0A3P6QEH6	Cylicostephanus goldi (Nematode worm)
A0A3P6QT38	Cylicostephanus goldi (Nematode worm)
A0A3P6RDW1	Cylicostephanus goldi (Nematode worm)
A0A3P6RFK0	Cylicostephanus goldi (Nematode worm)
A0A3P6RRI5	Cylicostephanus goldi (Nematode worm)
A0A3P6RVA5	Anisakis simplex (Herring worm)
A0A3P6RY38	Cylicostephanus goldi (Nematode worm)
A0A3P6RYB6	Litomosoides sigmodontis (Filarial nematode worm)
A0A3P6S7S0	Cylicostephanus goldi (Nematode worm)
A0A3P6SQN3	Litomosoides sigmodontis (Filarial nematode worm)
A0A3P6T2E0	Cylicostephanus goldi (Nematode worm)
A0A3P6T571	Cylicostephanus goldi (Nematode worm)
A0A3P6T7W6	Cylicostephanus goldi (Nematode worm)
A0A3P6T8W5	Cylicostephanus goldi (Nematode worm)
A0A3P6TBY9	Litomosoides sigmodontis (Filarial nematode worm)
A0A3P6THU5	Litomosoides sigmodontis (Filarial nematode worm)
A0A3P6UH91	Litomosoides sigmodontis (Filarial nematode worm)
A0A3P6UJ85	Litomosoides sigmodontis (Filarial nematode worm)
A0A3P6UJD9	Litomosoides sigmodontis (Filarial nematode worm)
A0A3P6UMT5	Litomosoides sigmodontis (Filarial nematode worm)
A0A3P7DM77	Wuchereria bancrofti
A0A3P7DXR4	Wuchereria bancrofti
A0A3P7DYI5	Wuchereria bancrofti
A0A3P7DYM4	Wuchereria bancrofti
A0A3P7E5M3	Wuchereria bancrofti
A0A3P7EBI1	Wuchereria bancrofti
A0A3P7EHM7	Wuchereria bancrofti
A0A3P7FG12	Wuchereria bancrofti
A0A3P7FT74	Wuchereria bancrofti
A0A3P7FVQ8	Wuchereria bancrofti
A0A3P7GET3	Wuchereria bancrofti
A0A3P7GM37	Wuchereria bancrofti
A0A3P7HYS2	Strongylus vulgaris (Blood worm)
A0A3P7I8V7	Strongylus vulgaris (Blood worm)
A0A3P7IEQ9	Strongylus vulgaris (Blood worm)
A0A3P7IGW8	Strongylus vulgaris (Blood worm)
A0A3P7INM6	Strongylus vulgaris (Blood worm)
A0A3P7IQQ5	Strongylus vulgaris (Blood worm)
A0A3P7IR00	Strongylus vulgaris (Blood worm)
A0A3P7ISE3	Strongylus vulgaris (Blood worm)
A0A3P7IUK5	Strongylus vulgaris (Blood worm)
A0A3P7IUM0	Strongylus vulgaris (Blood worm)
A0A3P7IYY3	Strongylus vulgaris (Blood worm)
A0A3P7J090	Strongylus vulgaris (Blood worm)
A0A3P7JAN6	Strongylus vulgaris (Blood worm)
A0A3P7JAY1	Strongylus vulgaris (Blood worm)
A0A3P7JFQ3	Strongylus vulgaris (Blood worm)
A0A3P7JJ93	Strongylus vulgaris (Blood worm)
A0A3P7JK58	Strongylus vulgaris (Blood worm)
A0A3P7JKN2	Strongylus vulgaris (Blood worm)
A0A3P7JW09	Strongylus vulgaris (Blood worm)
A0A3P7K2F5	Strongylus vulgaris (Blood worm)
A0A3P7K9J9	Strongylus vulgaris (Blood worm)
A0A3P7KCZ9	Litomosoides sigmodontis (Filarial nematode worm)
A0A3P7KEW9	Strongylus vulgaris (Blood worm)
A0A3P7KIQ5	Strongylus vulgaris (Blood worm)
A0A3P7KMP4	Onchocerca ochengi (Filarial nematode worm)
A0A3P7KMY5	Strongylus vulgaris (Blood worm)
A0A3P7KQ42	Onchocerca ochengi (Filarial nematode worm)
A0A3P7KS82	Onchocerca ochengi (Filarial nematode worm)
A0A3P7L3W1	Strongylus vulgaris (Blood worm)
A0A3P7LJH5	Strongylus vulgaris (Blood worm)
A0A3P7LQ29	Strongylus vulgaris (Blood worm)
A0A3P7LW72	Cylicostephanus goldi (Nematode worm)
A0A3P7M7I2	Litomosoides sigmodontis (Filarial nematode worm)
A0A3P7MBI2	Cylicostephanus goldi (Nematode worm)
A0A3P7MLE6	Cylicostephanus goldi (Nematode worm)
A0A3P7MSQ3	Cylicostephanus goldi (Nematode worm)
A0A3P7P0M2	Cylicostephanus goldi (Nematode worm)
A0A3P7QKM6	Cylicostephanus goldi (Nematode worm)
A0A3P7QW66	Cylicostephanus goldi (Nematode worm)
A0A3P7S7L1	Haemonchus placei (Barber's pole worm)
A0A498S3T6	Acanthocheilonema viteae (Filarial nematode worm) (Dipetalonema viteae)
A0A498S3Y3	Acanthocheilonema viteae (Filarial nematode worm) (Dipetalonema viteae)
A0A498SDH6	Acanthocheilonema viteae (Filarial nematode worm) (Dipetalonema viteae)
A0A498SIE1	Acanthocheilonema viteae (Filarial nematode worm) (Dipetalonema viteae)
A0A498SJV1	Acanthocheilonema viteae (Filarial nematode worm) (Dipetalonema viteae)
A0A498SKB5	Acanthocheilonema viteae (Filarial nematode worm) (Dipetalonema viteae)
A0A498SLB1	Acanthocheilonema viteae (Filarial nematode worm) (Dipetalonema viteae)
A0A498SQP3	Acanthocheilonema viteae (Filarial nematode worm) (Dipetalonema viteae)
A0A498STF4	Acanthocheilonema viteae (Filarial nematode worm) (Dipetalonema viteae)
A0A498SY52	Acanthocheilonema viteae (Filarial nematode worm) (Dipetalonema viteae)
A0A4U5LNM1	Steinernema carpocapsae (Entomopathogenic nematode)
A0A4U5LR13	Steinernema carpocapsae (Entomopathogenic nematode)
A0A4U5LRL1	Steinernema carpocapsae (Entomopathogenic nematode)
A0A4U5LUN2	Steinernema carpocapsae (Entomopathogenic nematode)
A0A4U5LZK8	Steinernema carpocapsae (Entomopathogenic nematode)
A0A4U5M0F7	Steinernema carpocapsae (Entomopathogenic nematode)
A0A4U5M0R7	Steinernema carpocapsae (Entomopathogenic nematode)
A0A4U5M0S5	Steinernema carpocapsae (Entomopathogenic nematode)
A0A4U5M145	Steinernema carpocapsae (Entomopathogenic nematode)
A0A4U5M1Q2	Steinernema carpocapsae (Entomopathogenic nematode)
A0A4U5M3Z5	Steinernema carpocapsae (Entomopathogenic nematode)
A0A4U5M722	Steinernema carpocapsae (Entomopathogenic nematode)
A0A4U5ME65	Steinernema carpocapsae (Entomopathogenic nematode)
A0A4U5MGC2	Steinernema carpocapsae (Entomopathogenic nematode)
A0A4U5MIK8	Steinernema carpocapsae (Entomopathogenic nematode)
A0A4U5MLH0	Steinernema carpocapsae (Entomopathogenic nematode)
A0A4U5MLH2	Steinernema carpocapsae (Entomopathogenic nematode)
A0A4U5MLM2	Steinernema carpocapsae (Entomopathogenic nematode)
A0A4U5MMH0	Steinernema carpocapsae (Entomopathogenic nematode)
A0A4U5N505	Steinernema carpocapsae (Entomopathogenic nematode)
A0A4U5NFK0	Steinernema carpocapsae (Entomopathogenic nematode)
A0A4U5NIB5	Steinernema carpocapsae (Entomopathogenic nematode)
A0A4U5NIG3	Steinernema carpocapsae (Entomopathogenic nematode)
A0A4U5NIG7	Steinernema carpocapsae (Entomopathogenic nematode)
A0A4U5P1W6	Steinernema carpocapsae (Entomopathogenic nematode)
A0A4U5P9W9	Steinernema carpocapsae (Entomopathogenic nematode)
A0A4U5PK16	Steinernema carpocapsae (Entomopathogenic nematode)
A0A4U8UNQ6	Steinernema carpocapsae (Entomopathogenic nematode)
A0A4U8URA6	Steinernema carpocapsae (Entomopathogenic nematode)
A0A4U8URY8	Steinernema carpocapsae (Entomopathogenic nematode)
A0A4U8USW7	Steinernema carpocapsae (Entomopathogenic nematode)
A0A4U8UU47	Steinernema carpocapsae (Entomopathogenic nematode)
A0A4U8UZW0	Steinernema carpocapsae (Entomopathogenic nematode)
A0A4V6I8J4	Steinernema carpocapsae (Entomopathogenic nematode)
A0A5S6QMA7	Trichuris muris (Mouse whipworm)
A0A7E4VTG5	Panagrellus redivivus (Microworm)
A0A7E4W753	Panagrellus redivivus (Microworm)
A0A811K0M4	Bursaphelenchus okinawaensis
A0A811K1R6	Bursaphelenchus okinawaensis
A0A811K9C0	Bursaphelenchus okinawaensis
A0A811K9L6	Bursaphelenchus okinawaensis
A0A811KB26	Bursaphelenchus okinawaensis
A0A811KQU6	Bursaphelenchus okinawaensis
A0A811KSS0	Bursaphelenchus okinawaensis
A0A811KT78	Bursaphelenchus okinawaensis
A0A811KT98	Bursaphelenchus okinawaensis
A0A811KUA8	Bursaphelenchus okinawaensis
A0A811KZJ7	Bursaphelenchus okinawaensis
A0A811L9P8	Bursaphelenchus okinawaensis
A0A811L9T0	Bursaphelenchus okinawaensis
A0A811LDP3	Bursaphelenchus okinawaensis
A0A811LEH5	Bursaphelenchus okinawaensis
A0A811LF21	Bursaphelenchus okinawaensis
A0A811LK71	Bursaphelenchus okinawaensis
A0A811LNX7	Bursaphelenchus okinawaensis
A0A811LPT9	Bursaphelenchus okinawaensis
A0A811LS41	Bursaphelenchus okinawaensis
A0A811LTF6	Bursaphelenchus okinawaensis
A0A811LUR4	Bursaphelenchus okinawaensis
A0A811LX08	Bursaphelenchus okinawaensis
A0A8J2LSQ3	Cercopithifilaria johnstoni
A0A8J2LU93	Cercopithifilaria johnstoni
A0A8J2M554	Cercopithifilaria johnstoni
A0A8J2M7R8	Cercopithifilaria johnstoni
A0A8J2M7W9	Cercopithifilaria johnstoni
A0A8J2M8K8	Cercopithifilaria johnstoni
A0A8J2MBL7	Cercopithifilaria johnstoni
A0A8J2MC37	Cercopithifilaria johnstoni
A0A8J2MCI7	Cercopithifilaria johnstoni
A0A8J2MMI8	Cercopithifilaria johnstoni
A0A8J2MQN0	Cercopithifilaria johnstoni
A0A8J2MVB4	Cercopithifilaria johnstoni
A0A8J2PYN3	Cercopithifilaria johnstoni
A0A8J2PYR5	Cercopithifilaria johnstoni
A0A8J2PZL3	Cercopithifilaria johnstoni
A0A8J2Q6U8	Cercopithifilaria johnstoni
A0A8R1HVA3	Caenorhabditis japonica
A0A8R1UGV3	Pristionchus pacificus (Parasitic nematode worm)
A0A8R1UKN7	Pristionchus pacificus (Parasitic nematode worm)
A0A8R1XRH0	Onchocerca volvulus
A0A8R1ZCJ7	Pristionchus pacificus (Parasitic nematode worm)
A0A8S1EB51	Caenorhabditis bovis
A0A8S1EBX8	Caenorhabditis bovis
A0A8S1EBY3	Caenorhabditis bovis
A0A8S1EEI5	Caenorhabditis bovis
A0A8S1EHA2	Caenorhabditis bovis
A0A8S1EHG9	Caenorhabditis bovis
A0A8S1EI08	Caenorhabditis bovis
A0A8S1EIZ9	Caenorhabditis bovis
A0A8S1ENQ8	Caenorhabditis bovis
A0A8S1ER24	Caenorhabditis bovis
A0A8S1ETK2	Caenorhabditis bovis
A0A8S1EUG0	Caenorhabditis bovis
A0A8S1EVA6	Caenorhabditis bovis
A0A8S1EVT3	Caenorhabditis bovis
A0A8S1EYJ4	Caenorhabditis bovis
A0A8S1EZ04	Caenorhabditis bovis
A0A8S1EZ67	Caenorhabditis bovis
A0A8S1F1W9	Caenorhabditis bovis
A0A8S1F294	Caenorhabditis bovis
A0A8S1F2E5	Caenorhabditis bovis
A0A8S1F2I9	Caenorhabditis bovis
A0A8S1F2L2	Caenorhabditis bovis
A0A8S1F2W7	Caenorhabditis bovis
A0A8S1F3K0	Caenorhabditis bovis
A0A8S1F3T5	Caenorhabditis bovis
A0A8S1F5I2	Caenorhabditis bovis
A0A8S1F6Z7	Caenorhabditis bovis
A0A8S1F718	Caenorhabditis bovis
A0A8S1F966	Caenorhabditis bovis
A0A8S1FAD8	Caenorhabditis bovis
A0A8S1FDJ4	Caenorhabditis bovis
A0A8S1GM99	Caenorhabditis auriculariae
A0A8S1H040	Caenorhabditis auriculariae
A0A8S1H6D5	Caenorhabditis auriculariae
A0A8S1H8I6	Caenorhabditis auriculariae
A0A8S1HBD5	Caenorhabditis auriculariae
A0A8S1HCP6	Caenorhabditis auriculariae
A0A8S1HED7	Caenorhabditis auriculariae
A0A8S1HF15	Caenorhabditis auriculariae
A0A8S1HJY2	Caenorhabditis auriculariae
A0A8S1HK60	Caenorhabditis auriculariae
A0A8S1HT35	Caenorhabditis auriculariae
A0A8S1HTS0	Caenorhabditis auriculariae
A0A8S9ZG93	Meloidogyne graminicola
A0A8S9ZZ89	Meloidogyne graminicola
A0A8T0A4A8	Meloidogyne graminicola
A0A914C1P7	Acrobeloides nanus
A0A914CE72	Acrobeloides nanus
A0A914CI61	Acrobeloides nanus
A0A914CW73	Acrobeloides nanus
A0A914D3T8	Acrobeloides nanus
A0A914D951	Acrobeloides nanus
A0A914DLU2	Acrobeloides nanus
A0A914DRH0	Acrobeloides nanus
A0A914DUW7	Acrobeloides nanus
A0A914DX57	Acrobeloides nanus
A0A914DXG0	Acrobeloides nanus
A0A914E204	Acrobeloides nanus
A0A914E2T0	Acrobeloides nanus
A0A914E6Q9	Acrobeloides nanus
A0A914EHY7	Acrobeloides nanus
A0A914EJ02	Acrobeloides nanus
A0A914EP03	Acrobeloides nanus
A0A914GXX4	Globodera rostochiensis (Golden nematode worm) (Heterodera rostochiensis)
A0A914GXX9	Globodera rostochiensis (Golden nematode worm) (Heterodera rostochiensis)
A0A914H013	Globodera rostochiensis (Golden nematode worm) (Heterodera rostochiensis)
A0A914H1W7	Globodera rostochiensis (Golden nematode worm) (Heterodera rostochiensis)
A0A914H3E3	Globodera rostochiensis (Golden nematode worm) (Heterodera rostochiensis)
A0A914HEG3	Globodera rostochiensis (Golden nematode worm) (Heterodera rostochiensis)
A0A914HQ84	Globodera rostochiensis (Golden nematode worm) (Heterodera rostochiensis)
A0A914HW92	Globodera rostochiensis (Golden nematode worm) (Heterodera rostochiensis)
A0A914HX66	Globodera rostochiensis (Golden nematode worm) (Heterodera rostochiensis)
A0A914I0K5	Globodera rostochiensis (Golden nematode worm) (Heterodera rostochiensis)
A0A914I236	Globodera rostochiensis (Golden nematode worm) (Heterodera rostochiensis)
A0A914I386	Globodera rostochiensis (Golden nematode worm) (Heterodera rostochiensis)
A0A914I6P0	Globodera rostochiensis (Golden nematode worm) (Heterodera rostochiensis)
A0A914I7D1	Globodera rostochiensis (Golden nematode worm) (Heterodera rostochiensis)
A0A914I836	Globodera rostochiensis (Golden nematode worm) (Heterodera rostochiensis)
A0A914IAT2	Globodera rostochiensis (Golden nematode worm) (Heterodera rostochiensis)
A0A914ICY0	Globodera rostochiensis (Golden nematode worm) (Heterodera rostochiensis)
A0A914IDP1	Globodera rostochiensis (Golden nematode worm) (Heterodera rostochiensis)
A0A914IEK1	Globodera rostochiensis (Golden nematode worm) (Heterodera rostochiensis)
A0A914KHT0	Meloidogyne incognita (Southern root-knot nematode worm) (Oxyuris incognita)
A0A914KMK7	Meloidogyne incognita (Southern root-knot nematode worm) (Oxyuris incognita)
A0A914KRR8	Meloidogyne incognita (Southern root-knot nematode worm) (Oxyuris incognita)
A0A914KTA3	Meloidogyne incognita (Southern root-knot nematode worm) (Oxyuris incognita)
A0A914KUS3	Meloidogyne incognita (Southern root-knot nematode worm) (Oxyuris incognita)
A0A914L171	Meloidogyne incognita (Southern root-knot nematode worm) (Oxyuris incognita)
A0A914L176	Meloidogyne incognita (Southern root-knot nematode worm) (Oxyuris incognita)
A0A914L3U3	Meloidogyne incognita (Southern root-knot nematode worm) (Oxyuris incognita)
A0A914L8U4	Meloidogyne incognita (Southern root-knot nematode worm) (Oxyuris incognita)
A0A914LCR9	Meloidogyne incognita (Southern root-knot nematode worm) (Oxyuris incognita)
A0A914LG56	Meloidogyne incognita (Southern root-knot nematode worm) (Oxyuris incognita)
A0A914LL14	Meloidogyne incognita (Southern root-knot nematode worm) (Oxyuris incognita)
A0A914LL62	Meloidogyne incognita (Southern root-knot nematode worm) (Oxyuris incognita)
A0A914LP57	Meloidogyne incognita (Southern root-knot nematode worm) (Oxyuris incognita)
A0A914LRG5	Meloidogyne incognita (Southern root-knot nematode worm) (Oxyuris incognita)
A0A914LUZ8	Meloidogyne incognita (Southern root-knot nematode worm) (Oxyuris incognita)
A0A914M0U2	Meloidogyne incognita (Southern root-knot nematode worm) (Oxyuris incognita)
A0A914MAX0	Meloidogyne incognita (Southern root-knot nematode worm) (Oxyuris incognita)
A0A914MBU8	Meloidogyne incognita (Southern root-knot nematode worm) (Oxyuris incognita)
A0A914MFA6	Meloidogyne incognita (Southern root-knot nematode worm) (Oxyuris incognita)
A0A914MJA2	Meloidogyne incognita (Southern root-knot nematode worm) (Oxyuris incognita)
A0A914MJE0	Meloidogyne incognita (Southern root-knot nematode worm) (Oxyuris incognita)
A0A914MM12	Meloidogyne incognita (Southern root-knot nematode worm) (Oxyuris incognita)
A0A914MMS3	Meloidogyne incognita (Southern root-knot nematode worm) (Oxyuris incognita)
A0A914MNY9	Meloidogyne incognita (Southern root-knot nematode worm) (Oxyuris incognita)
A0A914MPL3	Meloidogyne incognita (Southern root-knot nematode worm) (Oxyuris incognita)
A0A914MRU3	Meloidogyne incognita (Southern root-knot nematode worm) (Oxyuris incognita)
A0A914NBG6	Meloidogyne incognita (Southern root-knot nematode worm) (Oxyuris incognita)
A0A914NGR4	Meloidogyne incognita (Southern root-knot nematode worm) (Oxyuris incognita)
A0A914NJV1	Meloidogyne incognita (Southern root-knot nematode worm) (Oxyuris incognita)
A0A914NS06	Meloidogyne incognita (Southern root-knot nematode worm) (Oxyuris incognita)
A0A914PCF4	Panagrolaimus davidi
A0A914PKT1	Panagrolaimus davidi
A0A914PNY0	Panagrolaimus davidi
A0A914Q164	Panagrolaimus davidi
A0A914Q1L8	Panagrolaimus davidi
A0A914QED7	Panagrolaimus davidi
A0A914QU90	Panagrolaimus davidi
A0A914RIX4	Parascaris equorum (Equine roundworm)
A0A914RJE7	Parascaris equorum (Equine roundworm)
A0A914RK95	Parascaris equorum (Equine roundworm)
A0A914RS16	Parascaris equorum (Equine roundworm)
A0A914UJQ2	Plectus sambesii
A0A914UUG2	Plectus sambesii
A0A914V5G4	Plectus sambesii
A0A914VHY1	Plectus sambesii
A0A914VSJ2	Plectus sambesii
A0A914VU24	Plectus sambesii
A0A914VVU1	Plectus sambesii
A0A914VYP1	Plectus sambesii
A0A914VZC6	Plectus sambesii
A0A914VZK8	Plectus sambesii
A0A914VZQ3	Plectus sambesii
A0A914WD33	Plectus sambesii
A0A914WLT4	Plectus sambesii
A0A914X8K0	Plectus sambesii
A0A914XC85	Plectus sambesii
A0A914XFR1	Plectus sambesii
A0A914XL05	Plectus sambesii
A0A914XLC9	Plectus sambesii
A0A914XUE4	Panagrolaimus superbus
A0A914Y8E2	Panagrolaimus superbus
A0A914Y997	Panagrolaimus superbus
A0A914YAP5	Panagrolaimus superbus
A0A914YI63	Panagrolaimus superbus
A0A914YS67	Panagrolaimus superbus
A0A914YY20	Panagrolaimus superbus
A0A914YY89	Panagrolaimus superbus
A0A914YZQ8	Panagrolaimus superbus
A0A914Z2F7	Panagrolaimus superbus
A0A914Z5E6	Panagrolaimus superbus
A0A914Z692	Panagrolaimus superbus
A0A914Z9L6	Panagrolaimus superbus
A0A914ZDR5	Parascaris univalens (Nematode worm)
A0A914ZJ89	Parascaris univalens (Nematode worm)
A0A914ZK46	Parascaris univalens (Nematode worm)
A0A914ZMZ3	Parascaris univalens (Nematode worm)
A0A914ZQU3	Parascaris univalens (Nematode worm)
A0A914ZSW4	Parascaris univalens (Nematode worm)
A0A915AB64	Parascaris univalens (Nematode worm)
A0A915AQ85	Parascaris univalens (Nematode worm)
A0A915AZX2	Parascaris univalens (Nematode worm)
A0A915B1H9	Parascaris univalens (Nematode worm)
A0A915B667	Parascaris univalens (Nematode worm)
A0A915BB11	Parascaris univalens (Nematode worm)
A0A915BFC6	Parascaris univalens (Nematode worm)
A0A915BKW6	Parascaris univalens (Nematode worm)
A0A915BLQ9	Parascaris univalens (Nematode worm)
A0A915BXK4	Parascaris univalens (Nematode worm)
A0A915BZ21	Parascaris univalens (Nematode worm)
A0A915C514	Parascaris univalens (Nematode worm)
A0A915C6Y5	Parascaris univalens (Nematode worm)
A0A915C9I3	Parascaris univalens (Nematode worm)
A0A915C9I8	Parascaris univalens (Nematode worm)
A0A915CAH7	Parascaris univalens (Nematode worm)
A0A915CFM4	Parascaris univalens (Nematode worm)
A0A915CHA8	Parascaris univalens (Nematode worm)
A0A915DGI9	Ditylenchus dipsaci
A0A915DKG1	Ditylenchus dipsaci
A0A915E508	Ditylenchus dipsaci
A0A915E9J9	Ditylenchus dipsaci
A0A915EIA3	Ditylenchus dipsaci
A0A915ERM3	Ditylenchus dipsaci
A0A915HFM7	Romanomermis culicivorax (Nematode worm)
A0A915JA71	Romanomermis culicivorax (Nematode worm)
A0A915JYB0	Romanomermis culicivorax (Nematode worm)
A0A915K4D7	Romanomermis culicivorax (Nematode worm)
A0A915LNY0	Meloidogyne javanica (Root-knot nematode worm)
A0A915LR32	Meloidogyne javanica (Root-knot nematode worm)
A0A915LSX4	Meloidogyne javanica (Root-knot nematode worm)
A0A915M7R7	Meloidogyne javanica (Root-knot nematode worm)
A0A915MCZ3	Meloidogyne javanica (Root-knot nematode worm)
A0A915MK56	Meloidogyne javanica (Root-knot nematode worm)
A0A915N3T9	Meloidogyne javanica (Root-knot nematode worm)
A0A915N7T7	Meloidogyne javanica (Root-knot nematode worm)
A0A915N800	Meloidogyne javanica (Root-knot nematode worm)
A0A915NAA3	Meloidogyne javanica (Root-knot nematode worm)
A0A915NJX9	Meloidogyne floridensis
A0A915NPZ0	Meloidogyne floridensis
A0A915NZI9	Meloidogyne floridensis
A0A915P066	Meloidogyne floridensis
A0A915P1Q4	Meloidogyne floridensis
A0A915PD17	Setaria digitata
A0A915PEJ9	Meloidogyne floridensis
A0A915PK90	Setaria digitata
A0A915PNB0	Setaria digitata
A0A915PNN9	Setaria digitata
A0A915PPC3	Setaria digitata
A0A915PPI3	Setaria digitata
A0A915PX65	Setaria digitata
A0A915PZA1	Setaria digitata
A0A915Q032	Setaria digitata
A0A915Q1M5	Setaria digitata
A0A915Q234	Setaria digitata
A0A915Q438	Setaria digitata
A0A915Q7I3	Setaria digitata
A0A9J2P6P2	Ascaris lumbricoides (Giant roundworm)
A0A9J2P8H2	Ascaris lumbricoides (Giant roundworm)
A0A9J2P9T5	Ascaris lumbricoides (Giant roundworm)
A0A9J2PCL0	Ascaris lumbricoides (Giant roundworm)
A0A9J2PPA3	Ascaris lumbricoides (Giant roundworm)
A0A9J2PQJ7	Ascaris lumbricoides (Giant roundworm)
A0A9J2PT21	Ascaris lumbricoides (Giant roundworm)
A0A9J2PW60	Ascaris lumbricoides (Giant roundworm)
A0A9P1I6I2	Caenorhabditis angaria
A0A9P1I6K6	Caenorhabditis angaria
A0A9P1I6W0	Caenorhabditis angaria
A0A9P1IBK2	Caenorhabditis angaria
A0A9P1IDU0	Caenorhabditis angaria
A0A9P1IED0	Caenorhabditis angaria
A0A9P1IIB0	Caenorhabditis angaria
A0A9P1ILF7	Caenorhabditis angaria
A0A9P1INX3	Caenorhabditis angaria
A0A9P1IQD2	Caenorhabditis angaria
A0A9P1IR38	Caenorhabditis angaria
A0A9P1IRH1	Caenorhabditis angaria
A0A9P1ITQ1	Caenorhabditis angaria
A0A9P1IYN9	Caenorhabditis angaria
A0A9P1IYV6	Caenorhabditis angaria
A0A9P1J197	Caenorhabditis angaria
A0A9P1J290	Caenorhabditis angaria
A0A9P1J387	Caenorhabditis angaria
A0A9P1J417	Caenorhabditis angaria
A0A9P1J4Q8	Caenorhabditis angaria
A0A9P1MUJ9	Caenorhabditis angaria
A0A9P1MW85	Caenorhabditis angaria
A0A9P1N0N8	Caenorhabditis angaria
A0A9P1N300	Caenorhabditis angaria
A0A9P1N359	Caenorhabditis angaria
A0A9P1N562	Caenorhabditis angaria
A0A9P1N613	Caenorhabditis angaria
A0A9P1N667	Caenorhabditis angaria
A0A9P1N8G1	Caenorhabditis angaria
A0A9P1N992	Caenorhabditis angaria
A0A9P1NCH5	Caenorhabditis angaria
A0AA36C8R0	Mesorhabditis spiculigera
A0AA36CC35	Mesorhabditis spiculigera
A0AA36CD26	Mesorhabditis spiculigera
A0AA36CNR0	Mesorhabditis spiculigera
A0AA36CQS6	Mesorhabditis spiculigera
A0AA36CVX2	Mesorhabditis spiculigera
A0AA36CWP4	Mesorhabditis spiculigera
A0AA36D1I1	Mesorhabditis spiculigera
A0AA36D276	Mesorhabditis spiculigera
A0AA36DAW4	Mesorhabditis spiculigera
A0AA36DBE2	Mesorhabditis spiculigera
A0AA36DDL1	Mesorhabditis spiculigera
A0AA36DE03	Mesorhabditis spiculigera
A0AA36DFY9	Mesorhabditis spiculigera
A0AA36DKF0	Mesorhabditis spiculigera
A0AA36DKU0	Cylicocyclus nassatus (Nematode worm)
A0AA36DLZ1	Cylicocyclus nassatus (Nematode worm)
A0AA36DSC7	Cylicocyclus nassatus (Nematode worm)
A0AA36DTM7	Cylicocyclus nassatus (Nematode worm)
A0AA36DTX9	Cylicocyclus nassatus (Nematode worm)
A0AA36DU84	Cylicocyclus nassatus (Nematode worm)
A0AA36DVK8	Cylicocyclus nassatus (Nematode worm)
A0AA36FT23	Mesorhabditis spiculigera
A0AA36FT32	Mesorhabditis spiculigera
A0AA36FY26	Mesorhabditis spiculigera
A0AA36G4W4	Mesorhabditis spiculigera
A0AA36G6R8	Mesorhabditis spiculigera
A0AA36GCS5	Mesorhabditis spiculigera
A0AA36GMN1	Cylicocyclus nassatus (Nematode worm)
A0AA36GP82	Cylicocyclus nassatus (Nematode worm)
A0AA36GPB2	Cylicocyclus nassatus (Nematode worm)
A0AA36GPE9	Cylicocyclus nassatus (Nematode worm)
A0AA36GU79	Cylicocyclus nassatus (Nematode worm)
A0AA36GVI4	Cylicocyclus nassatus (Nematode worm)
A0AA36GWP9	Cylicocyclus nassatus (Nematode worm)
A0AA36GWQ8	Cylicocyclus nassatus (Nematode worm)
A0AA36H084	Cylicocyclus nassatus (Nematode worm)
A0AA36H1Q9	Cylicocyclus nassatus (Nematode worm)
A0AA36H778	Cylicocyclus nassatus (Nematode worm)
A0AA36HBI1	Cylicocyclus nassatus (Nematode worm)
A0AA36HBR2	Cylicocyclus nassatus (Nematode worm)
A0AA36HC18	Cylicocyclus nassatus (Nematode worm)
A0AA36HD37	Cylicocyclus nassatus (Nematode worm)
A0AA36HDV2	Cylicocyclus nassatus (Nematode worm)
A0AA36HE67	Cylicocyclus nassatus (Nematode worm)
A0AA36M175	Cylicocyclus nassatus (Nematode worm)
A0AA36M1Q6	Cylicocyclus nassatus (Nematode worm)
A0AA36M2Y1	Cylicocyclus nassatus (Nematode worm)
A0AA36M391	Cylicocyclus nassatus (Nematode worm)
A0AA36M5X1	Cylicocyclus nassatus (Nematode worm)
A0AA36M8W7	Cylicocyclus nassatus (Nematode worm)
A0AA36MAT3	Cylicocyclus nassatus (Nematode worm)
A0AA36MB72	Cylicocyclus nassatus (Nematode worm)
A0AA36MC15	Cylicocyclus nassatus (Nematode worm)
A0AA36MCF8	Cylicocyclus nassatus (Nematode worm)
A0AA36MCQ7	Cylicocyclus nassatus (Nematode worm)
A0AA36MDS5	Cylicocyclus nassatus (Nematode worm)
A0AA36MIK0	Cylicocyclus nassatus (Nematode worm)
A0AA39GU61	Steinernema hermaphroditum
A0AA39GY64	Steinernema hermaphroditum
A0AA39GYZ7	Steinernema hermaphroditum
A0AA39H0V3	Steinernema hermaphroditum
A0AA39H221	Steinernema hermaphroditum
A0AA39H2D5	Steinernema hermaphroditum
A0AA39H5X6	Steinernema hermaphroditum
A0AA39H6M3	Steinernema hermaphroditum
A0AA39H7V4	Steinernema hermaphroditum
A0AA39H7V6	Steinernema hermaphroditum
A0AA39H911	Steinernema hermaphroditum
A0AA39H978	Steinernema hermaphroditum
A0AA39H979	Steinernema hermaphroditum
A0AA39HBY1	Steinernema hermaphroditum
A0AA39HD79	Steinernema hermaphroditum
A0AA39HEE9	Steinernema hermaphroditum
A0AA39HF86	Steinernema hermaphroditum
A0AA39HHP6	Steinernema hermaphroditum
A0AA39HLP1	Steinernema hermaphroditum
A0AA39HM74	Steinernema hermaphroditum
A0AA39HP22	Steinernema hermaphroditum
A0AA39HP62	Steinernema hermaphroditum
A0AA39HQS7	Steinernema hermaphroditum
A0AA39I0I9	Steinernema hermaphroditum
A0AA39I2T8	Steinernema hermaphroditum
A0AA39I433	Steinernema hermaphroditum
A0AA39I6L0	Steinernema hermaphroditum
A0AA39I7F8	Steinernema hermaphroditum
A0AA39IHW9	Steinernema hermaphroditum
A0AA39IJY4	Steinernema hermaphroditum
A0AA39IMT7	Steinernema hermaphroditum
A0AA39INF0	Steinernema hermaphroditum
A0AA39INH6	Steinernema hermaphroditum
A0AA39INI8	Steinernema hermaphroditum
A0AA39IPQ6	Steinernema hermaphroditum
A0AA39IPT4	Steinernema hermaphroditum
A0AA39IPZ5	Steinernema hermaphroditum
A0AA39IQI0	Steinernema hermaphroditum
A0AA39IQQ4	Steinernema hermaphroditum
A0AA39IQR0	Steinernema hermaphroditum
A0AA39IQT4	Steinernema hermaphroditum
A0AA39IS27	Steinernema hermaphroditum
A0AA39IS65	Steinernema hermaphroditum
A0AA39ISZ5	Steinernema hermaphroditum
A0AA39IT86	Steinernema hermaphroditum
A0AA39ITI4	Steinernema hermaphroditum
A0AA39IU30	Steinernema hermaphroditum
A0AA39LDN9	Steinernema hermaphroditum
A0AA39LHE4	Steinernema hermaphroditum
A0AA39LI02	Steinernema hermaphroditum
A0AA39LI52	Steinernema hermaphroditum
A0AA39LJN1	Steinernema hermaphroditum
A0AA39LJP2	Steinernema hermaphroditum
A0AA39LL75	Steinernema hermaphroditum
A0AA39LLH4	Steinernema hermaphroditum
A0AA39LLL6	Steinernema hermaphroditum
A0AA39LM39	Steinernema hermaphroditum
A0AA39LMW5	Steinernema hermaphroditum
A0AA39LQZ4	Steinernema hermaphroditum
A0AA39LTB6	Steinernema hermaphroditum
A0AA39LTM0	Steinernema hermaphroditum
A0AA39LU67	Steinernema hermaphroditum
A0AA39LVM9	Steinernema hermaphroditum
A0AA39M6S5	Steinernema hermaphroditum
A0AA39M8D7	Steinernema hermaphroditum
A0AA39MBJ8	Steinernema hermaphroditum
A0AA39MBK3	Steinernema hermaphroditum
A0AA39MC73	Steinernema hermaphroditum
A0AAD5MWC1	Parelaphostrongylus tenuis (Meningeal worm)
A0AAD5QQQ8	Parelaphostrongylus tenuis (Meningeal worm)
A0AAD5WFP6	Parelaphostrongylus tenuis (Meningeal worm)
A0AAD5WL64	Parelaphostrongylus tenuis (Meningeal worm)
A0AAE8ZLT5	Caenorhabditis briggsae
A0AAE8ZX39	Caenorhabditis briggsae
A0AAE9A2L1	Caenorhabditis briggsae
A0AAE9A7U4	Caenorhabditis briggsae
A0AAE9ACX4	Caenorhabditis briggsae
A0AAE9AI50	Caenorhabditis briggsae
A0AAE9CXK0	Caenorhabditis briggsae
A0AAE9DBS8	Caenorhabditis briggsae
A0AAE9DDE7	Caenorhabditis briggsae
A0AAE9E966	Caenorhabditis briggsae
A0AAE9ECT3	Caenorhabditis briggsae
A0AAE9EDW6	Caenorhabditis briggsae
A0AAE9EG50	Caenorhabditis briggsae
A0AAE9EGL2	Caenorhabditis briggsae
A0AAE9EGR2	Caenorhabditis briggsae
A0AAE9EH44	Caenorhabditis briggsae
A0AAE9EVH1	Caenorhabditis briggsae
A0AAE9EW25	Caenorhabditis briggsae
A0AAE9EY45	Caenorhabditis briggsae
A0AAE9F031	Caenorhabditis briggsae
A0AAE9F7H0	Caenorhabditis briggsae
A0AAE9F7Y1	Caenorhabditis briggsae
A0AAE9FCC6	Caenorhabditis briggsae
A0AAE9IPA3	Caenorhabditis briggsae
A0AAE9IUJ7	Caenorhabditis briggsae
A0AAE9J770	Caenorhabditis briggsae
A0AAE9J9Z1	Caenorhabditis briggsae
A0AAE9JJZ8	Caenorhabditis briggsae
A0AAE9JKX2	Caenorhabditis briggsae
A0AAE9JSC7	Caenorhabditis briggsae
A0AAF3EB43	Mesorhabditis belari
A0AAF3ECU6	Mesorhabditis belari
A0AAF3EE14	Mesorhabditis belari
A0AAF3EF17	Mesorhabditis belari
A0AAF3EMD1	Mesorhabditis belari
A0AAF3ENH2	Mesorhabditis belari
A0AAF3ETA5	Mesorhabditis belari
A0AAF3EU42	Mesorhabditis belari
A0AAF3EV93	Mesorhabditis belari
A0AAF3EWR9	Mesorhabditis belari
A0AAF3F288	Mesorhabditis belari
A0AAF3F2X1	Mesorhabditis belari
A0AAF3F7A7	Mesorhabditis belari
A0AAF3FEG7	Mesorhabditis belari
A0AAF3FKF6	Mesorhabditis belari
A0AAF3FKM0	Mesorhabditis belari
A0AAF3FL15	Mesorhabditis belari
A0AAF3J899	Mesorhabditis belari
A0AAF3JBN2	Mesorhabditis belari
A0AAN4Z0L9	Pristionchus mayeri
A0AAN4Z9S7	Pristionchus mayeri
A0AAN4ZD55	Pristionchus mayeri
A0AAN4ZD82	Pristionchus mayeri
A0AAN4ZDL1	Pristionchus mayeri
A0AAN4ZE86	Pristionchus mayeri
A0AAN4ZEE2	Pristionchus mayeri
A0AAN4ZHF4	Pristionchus mayeri
A0AAN4ZHN5	Pristionchus mayeri
A0AAN4ZPT0	Pristionchus mayeri
A0AAN5C8P6	Pristionchus mayeri
A0AAN5CAA6	Pristionchus mayeri
A0AAN5CB20	Pristionchus mayeri
A0AAN5CBV7	Pristionchus mayeri
A0AAN5CCL8	Pristionchus mayeri
A0AAN5CFQ0	Pristionchus mayeri
A0AAN5CIQ5	Pristionchus mayeri
A0AAN5CJ83	Pristionchus mayeri
A0AAN5CJ99	Pristionchus mayeri
A0AAN5CL02	Pristionchus mayeri
A0AAN5CL58	Pristionchus mayeri
A0AAN5CLA5	Pristionchus mayeri
A0AAN5CNF2	Pristionchus mayeri
A0AAN5CR68	Pristionchus mayeri
A0AAN5CU46	Pristionchus mayeri
A0AAN5CYN8	Pristionchus mayeri
A0AAN5CYU8	Pristionchus mayeri
A0AAN5CZ72	Pristionchus mayeri
A0AAN5DEL9	Pristionchus mayeri
A0AAN5DES4	Pristionchus mayeri
A0AAN5DIH2	Pristionchus mayeri
A0AAN5HYM2	Pristionchus mayeri
A0AAN5HYS1	Pristionchus mayeri
A0AAN5HZP3	Pristionchus mayeri
A0AAN5I3K4	Pristionchus mayeri
A0AAN5I4X7	Pristionchus mayeri
A0AAN5I9F9	Pristionchus mayeri
A0AAN8F7W6	Trichostrongylus colubriformis (Black scour worm)
A0AAV5S695	Pristionchus entomophagus
A0AAV5SDC5	Pristionchus entomophagus
A0AAV5SET1	Pristionchus entomophagus
A0AAV5SID8	Pristionchus entomophagus
A0AAV5SMC0	Pristionchus entomophagus
A0AAV5SQ34	Pristionchus entomophagus
A0AAV5SRI6	Pristionchus entomophagus
A0AAV5SSG6	Pristionchus entomophagus
A0AAV5STC8	Pristionchus entomophagus
A0AAV5SUH8	Pristionchus entomophagus
A0AAV5SWK4	Pristionchus entomophagus
A0AAV5SX43	Pristionchus entomophagus
A0AAV5SXF4	Pristionchus entomophagus
A0AAV5SYW4	Pristionchus entomophagus
A0AAV5T0J4	Pristionchus entomophagus
A0AAV5T115	Pristionchus entomophagus
A0AAV5T3L9	Pristionchus entomophagus
A0AAV5TEJ9	Pristionchus entomophagus
A0AAV5TFQ5	Pristionchus entomophagus
A0AAV5TGR6	Pristionchus entomophagus
A0AAV5TIQ5	Pristionchus entomophagus
A0AAV5TJL1	Pristionchus entomophagus
A0AAV5TKF1	Pristionchus entomophagus
A0AAV5TNJ2	Pristionchus entomophagus
A0AAV5TS99	Pristionchus entomophagus
A0AAV5TTB2	Pristionchus entomophagus
A0AAV5U400	Pristionchus entomophagus
A0AAV5U4F5	Pristionchus entomophagus
A0AAV5U4L0	Pristionchus entomophagus
A0AAV5U9X5	Pristionchus entomophagus
A0AAV5UA87	Pristionchus entomophagus
A0AAV5ULB5	Pristionchus entomophagus
A0AAV5V4Q5	Pristionchus fissidentatus
A0AAV5V5J9	Pristionchus fissidentatus
A0AAV5V5N2	Pristionchus fissidentatus
A0AAV5V5S6	Pristionchus fissidentatus
A0AAV5V6V7	Pristionchus fissidentatus
A0AAV5VDV2	Pristionchus fissidentatus
A0AAV5VQP9	Pristionchus fissidentatus
A0AAV5VRE8	Pristionchus fissidentatus
A0AAV5VUR5	Pristionchus fissidentatus
A0AAV5VUY0	Pristionchus fissidentatus
A0AAV5VWJ7	Pristionchus fissidentatus
A0AAV5VZJ2	Pristionchus fissidentatus
A0AAV5W0F1	Pristionchus fissidentatus
A0AAV5W0Y5	Pristionchus fissidentatus
A0AAV5W5L1	Pristionchus fissidentatus
A0AAV5WBV2	Pristionchus fissidentatus
A0AAV5WF87	Pristionchus fissidentatus
A0AAV5WLF6	Pristionchus fissidentatus
A0AAV5WPF2	Pristionchus fissidentatus
A0AAV5WSP2	Pristionchus fissidentatus
A0AAV5WTN3	Pristionchus fissidentatus
A0AAV5WX47	Pristionchus fissidentatus
A0AAV5X2V6	Pristionchus fissidentatus
A0AAV5X4T3	Pristionchus fissidentatus
A0ABD2HX07	Heterodera schachtii (Sugarbeet cyst nematode worm) (Tylenchus schachtii)
A0ABD2HZB9	Heterodera schachtii (Sugarbeet cyst nematode worm) (Tylenchus schachtii)
A0ABD2I3L4	Heterodera schachtii (Sugarbeet cyst nematode worm) (Tylenchus schachtii)
A0ABD2I4B2	Heterodera schachtii (Sugarbeet cyst nematode worm) (Tylenchus schachtii)
A0ABD2I4G0	Heterodera trifolii
A0ABD2I749	Heterodera schachtii (Sugarbeet cyst nematode worm) (Tylenchus schachtii)
A0ABD2IJU1	Heterodera schachtii (Sugarbeet cyst nematode worm) (Tylenchus schachtii)
A0ABD2ILB5	Heterodera trifolii
A0ABD2IS89	Heterodera schachtii (Sugarbeet cyst nematode worm) (Tylenchus schachtii)
A0ABD2IWH1	Heterodera schachtii (Sugarbeet cyst nematode worm) (Tylenchus schachtii)
A0ABD2J369	Heterodera schachtii (Sugarbeet cyst nematode worm) (Tylenchus schachtii)
A0ABD2J5T9	Heterodera trifolii
A0ABD2JDL8	Heterodera trifolii
A0ABD2JJA5	Heterodera schachtii (Sugarbeet cyst nematode worm) (Tylenchus schachtii)
A0ABD2JZC4	Heterodera schachtii (Sugarbeet cyst nematode worm) (Tylenchus schachtii)
A0ABD2K1H0	Heterodera trifolii
A0ABD2K1H1	Heterodera trifolii
A0ABD2K679	Heterodera trifolii
A0ABD2K695	Heterodera schachtii (Sugarbeet cyst nematode worm) (Tylenchus schachtii)
A0ABD2K866	Heterodera trifolii
A0ABD2K9Z4	Heterodera trifolii
A0ABD2KCC5	Heterodera schachtii (Sugarbeet cyst nematode worm) (Tylenchus schachtii)
A0ABD2KCR2	Heterodera trifolii
A0ABD2KCU1	Heterodera trifolii
A0ABD2KDL0	Heterodera schachtii (Sugarbeet cyst nematode worm) (Tylenchus schachtii)
A0ABD2KE82	Heterodera schachtii (Sugarbeet cyst nematode worm) (Tylenchus schachtii)
A0ABD2KFZ6	Heterodera schachtii (Sugarbeet cyst nematode worm) (Tylenchus schachtii)
A0ABD2KI83	Heterodera trifolii
A0ABD2KK02	Heterodera schachtii (Sugarbeet cyst nematode worm) (Tylenchus schachtii)
A0ABD2KK71	Heterodera schachtii (Sugarbeet cyst nematode worm) (Tylenchus schachtii)
A0ABD2KQ75	Heterodera trifolii
A0ABD2KTG7	Heterodera trifolii
A0ABD2KTJ6	Heterodera trifolii
A0ABD2KVH5	Heterodera trifolii
A0ABD2KW28	Heterodera trifolii
A0ABD2KWU6	Heterodera trifolii
A0ABD2KY18	Heterodera trifolii
A0ABD2L5Q8	Heterodera trifolii
A0ABD2L8T6	Heterodera trifolii
A0ABD2L8U4	Heterodera trifolii
A0ABD2LCP0	Heterodera trifolii
A0ABD2LHD5	Heterodera trifolii
A0ABD2LLT6	Heterodera trifolii
A0ABD2LRA7	Heterodera trifolii
A0ABD2LRW3	Heterodera trifolii
A0ABD2LSR5	Heterodera trifolii
A0ABD2LT00	Heterodera trifolii
A0ABD2M0Q0	Heterodera trifolii
A0ABD2M155	Heterodera trifolii
A0ABD2M269	Heterodera trifolii
A0ABD2M2S9	Heterodera trifolii
A0ABD2M553	Heterodera trifolii
A0ABD2M6T6	Heterodera trifolii
A0ABD2MC43	Heterodera trifolii
A0ABD2MED5	Heterodera trifolii
A0ABD6E361	Gnathostoma spinigerum
A0ABD6E5J9	Gnathostoma spinigerum
A0ABD6E6U1	Gnathostoma spinigerum
A0ABD6E6Y5	Gnathostoma spinigerum
A0ABD6E781	Gnathostoma spinigerum
A0ABD6E8E9	Gnathostoma spinigerum
A0ABD6E9S6	Gnathostoma spinigerum
A0ABD6EHT7	Gnathostoma spinigerum
A0ABD6EHW9	Gnathostoma spinigerum
A0ABD6ELP6	Gnathostoma spinigerum
A0ABD6EN82	Gnathostoma spinigerum
A0ABD6EP91	Gnathostoma spinigerum
A0ABD6EQG8	Gnathostoma spinigerum
A0ABD6ESP7	Gnathostoma spinigerum
A0ABD6EVU4	Gnathostoma spinigerum
A0ABD6EYY3	Gnathostoma spinigerum
A0ABR1BHR7	Necator americanus (Human hookworm)
A0ABR1BI63	Necator americanus (Human hookworm)
A0ABR1BLG0	Necator americanus (Human hookworm)
A0ABR1BLK8	Necator americanus (Human hookworm)
A0ABR1BLR8	Necator americanus (Human hookworm)
A0ABR1BNE0	Necator americanus (Human hookworm)
A0ABR1BPL8	Necator americanus (Human hookworm)
A0ABR1BRQ6	Necator americanus (Human hookworm)
A0ABR1BRQ9	Necator americanus (Human hookworm)
A0ABR1BV39	Necator americanus (Human hookworm)
A0ABR1C2J4	Necator americanus (Human hookworm)
A0ABR1C2N4	Necator americanus (Human hookworm)
A0ABR1C5I4	Necator americanus (Human hookworm)
A0ABR1C7T4	Necator americanus (Human hookworm)
A0ABR1C9C8	Necator americanus (Human hookworm)
A0ABR1CDI7	Necator americanus (Human hookworm)
A0ABR1CGS9	Necator americanus (Human hookworm)
A0ABR1CIP1	Necator americanus (Human hookworm)
A0ABR1CVD7	Necator americanus (Human hookworm)
A0ABR1CYE2	Necator americanus (Human hookworm)
A0ABR1D5L9	Necator americanus (Human hookworm)
A0ABR1D5Z2	Necator americanus (Human hookworm)
A0ABR1D9N6	Necator americanus (Human hookworm)
A0ABR1DA00	Necator americanus (Human hookworm)
A0ABR1DA45	Necator americanus (Human hookworm)
A0ABR1DDP0	Necator americanus (Human hookworm)
A0ABR1DEM2	Necator americanus (Human hookworm)
A0ABR1DG78	Necator americanus (Human hookworm)
A0ABR1DNT8	Necator americanus (Human hookworm)
A0ABR1DPG9	Necator americanus (Human hookworm)
A0ABR1DRV0	Necator americanus (Human hookworm)
A0ABR1DRX9	Necator americanus (Human hookworm)
A0ABR1DS72	Necator americanus (Human hookworm)
A0ABR1DS94	Necator americanus (Human hookworm)
A0ABR1DS95	Necator americanus (Human hookworm)
A0ABR1E663	Necator americanus (Human hookworm)
A0ABR1E7J0	Necator americanus (Human hookworm)
A0ABR1EUT7	Necator americanus (Human hookworm)
A0ABR1EV15	Necator americanus (Human hookworm)
A0ABR3KHN9	Trichinella spiralis (Trichina worm)
A0ACB0XQI5	Meloidogyne enterolobii (Root-knot nematode worm) (Meloidogyne mayaguensis)
A0ACB0XQT1	Meloidogyne enterolobii (Root-knot nematode worm) (Meloidogyne mayaguensis)
A0ACB0Y4S9	Meloidogyne enterolobii (Root-knot nematode worm) (Meloidogyne mayaguensis)
A0ACB0Y6A0	Meloidogyne enterolobii (Root-knot nematode worm) (Meloidogyne mayaguensis)
A0ACB0Y6E2	Meloidogyne enterolobii (Root-knot nematode worm) (Meloidogyne mayaguensis)
A0ACB0YB20	Meloidogyne enterolobii (Root-knot nematode worm) (Meloidogyne mayaguensis)
A0ACB0YFB3	Meloidogyne enterolobii (Root-knot nematode worm) (Meloidogyne mayaguensis)
A0ACB0YIT1	Meloidogyne enterolobii (Root-knot nematode worm) (Meloidogyne mayaguensis)
A0ACB0YJ72	Meloidogyne enterolobii (Root-knot nematode worm) (Meloidogyne mayaguensis)
A0ACB0YJ85	Meloidogyne enterolobii (Root-knot nematode worm) (Meloidogyne mayaguensis)
A0ACB0YLX2	Meloidogyne enterolobii (Root-knot nematode worm) (Meloidogyne mayaguensis)
A0ACB0YMD4	Meloidogyne enterolobii (Root-knot nematode worm) (Meloidogyne mayaguensis)
A0ACB0YMW6	Meloidogyne enterolobii (Root-knot nematode worm) (Meloidogyne mayaguensis)
A0ACB0YN85	Meloidogyne enterolobii (Root-knot nematode worm) (Meloidogyne mayaguensis)
A0ACB0YUU5	Meloidogyne enterolobii (Root-knot nematode worm) (Meloidogyne mayaguensis)
A0ACB0YVS5	Meloidogyne enterolobii (Root-knot nematode worm) (Meloidogyne mayaguensis)
A0ACB0Z750	Meloidogyne enterolobii (Root-knot nematode worm) (Meloidogyne mayaguensis)
A0ACB0ZQI7	Meloidogyne enterolobii (Root-knot nematode worm) (Meloidogyne mayaguensis)
A0ACB0ZTJ5	Meloidogyne enterolobii (Root-knot nematode worm) (Meloidogyne mayaguensis)
A0ACB0ZW58	Meloidogyne enterolobii (Root-knot nematode worm) (Meloidogyne mayaguensis)
A0ACB0ZYT0	Meloidogyne enterolobii (Root-knot nematode worm) (Meloidogyne mayaguensis)
A0ACB1A910	Meloidogyne enterolobii (Root-knot nematode worm) (Meloidogyne mayaguensis)
A0ACB1B5G2	Meloidogyne enterolobii (Root-knot nematode worm) (Meloidogyne mayaguensis)
E3LDL1	Caenorhabditis remanei (Caenorhabditis vulgaris)
E3LDL7	Caenorhabditis remanei (Caenorhabditis vulgaris)
E3LFK8	Caenorhabditis remanei (Caenorhabditis vulgaris)
E3M7S8	Caenorhabditis remanei (Caenorhabditis vulgaris)
E3MIF5	Caenorhabditis remanei (Caenorhabditis vulgaris)
E3MYS1	Caenorhabditis remanei (Caenorhabditis vulgaris)
E3N5G6	Caenorhabditis remanei (Caenorhabditis vulgaris)
E3NBT2	Caenorhabditis remanei (Caenorhabditis vulgaris)
E3NLA7	Caenorhabditis remanei (Caenorhabditis vulgaris)
E3NQ00	Caenorhabditis remanei (Caenorhabditis vulgaris)
G0MAC3	Caenorhabditis brenneri (Nematode worm)
G0MGT2	Caenorhabditis brenneri (Nematode worm)
G0MPY3	Caenorhabditis brenneri (Nematode worm)
G0MSJ5	Caenorhabditis brenneri (Nematode worm)
G0MY17	Caenorhabditis brenneri (Nematode worm)
G0N1Z7	Caenorhabditis brenneri (Nematode worm)
G0N2U0	Caenorhabditis brenneri (Nematode worm)
G0N8X1	Caenorhabditis brenneri (Nematode worm)
G0N915	Caenorhabditis brenneri (Nematode worm)
G0NAC7	Caenorhabditis brenneri (Nematode worm)
G0NLM1	Caenorhabditis brenneri (Nematode worm)
G0NSE4	Caenorhabditis brenneri (Nematode worm)
G0NTC8	Caenorhabditis brenneri (Nematode worm)
G0NW45	Caenorhabditis brenneri (Nematode worm)
G0NZZ8	Caenorhabditis brenneri (Nematode worm)
G0P1R3	Caenorhabditis brenneri (Nematode worm)
G0P273	Caenorhabditis brenneri (Nematode worm)
G0P4B8	Caenorhabditis brenneri (Nematode worm)
G0P4R8	Caenorhabditis brenneri (Nematode worm)
G0P695	Caenorhabditis brenneri (Nematode worm)
G0P6P9	Caenorhabditis brenneri (Nematode worm)
G0P7W9	Caenorhabditis brenneri (Nematode worm)
G0PB62	Caenorhabditis brenneri (Nematode worm)
G0PE45	Caenorhabditis brenneri (Nematode worm)
G0PJX5	Caenorhabditis brenneri (Nematode worm)
G0PLC7	Caenorhabditis brenneri (Nematode worm)
G0PMI7	Caenorhabditis brenneri (Nematode worm)
Q9NFZ8	Brugia pahangi (Filarial nematode worm)
W2SRL7	Necator americanus (Human hookworm)
W2TI44	Necator americanus (Human hookworm)
A0A016RWZ5	Ancylostoma ceylanicum
A0A016RZS2	Ancylostoma ceylanicum
A0A016S010	Ancylostoma ceylanicum
A0A016S0J1	Ancylostoma ceylanicum
A0A016S0J7	Ancylostoma ceylanicum
A0A016S0V6	Ancylostoma ceylanicum
A0A016S247	Ancylostoma ceylanicum
A0A016S354	Ancylostoma ceylanicum
A0A016S4H4	Ancylostoma ceylanicum
A0A016S519	Ancylostoma ceylanicum
A0A016S8I9	Ancylostoma ceylanicum
A0A016SIN5	Ancylostoma ceylanicum
A0A016SIX2	Ancylostoma ceylanicum
A0A016SJM0	Ancylostoma ceylanicum
A0A016T215	Ancylostoma ceylanicum
A0A016T537	Ancylostoma ceylanicum
A0A016T6H1	Ancylostoma ceylanicum
A0A016TDK8	Ancylostoma ceylanicum
A0A016TDS5	Ancylostoma ceylanicum
A0A016TMG8	Ancylostoma ceylanicum
A0A016TNP4	Ancylostoma ceylanicum
A0A016TUT1	Ancylostoma ceylanicum
A0A016TZD2	Ancylostoma ceylanicum
A0A016U0P1	Ancylostoma ceylanicum
A0A016U1C3	Ancylostoma ceylanicum
A0A016U1U9	Ancylostoma ceylanicum
A0A016U878	Ancylostoma ceylanicum
A0A016U8K4	Ancylostoma ceylanicum
A0A016U8W1	Ancylostoma ceylanicum
A0A016UD92	Ancylostoma ceylanicum
A0A016UEW4	Ancylostoma ceylanicum
A0A016UU67	Ancylostoma ceylanicum
A0A016V9H8	Ancylostoma ceylanicum
A0A016VS30	Ancylostoma ceylanicum
A0A016VUR8	Ancylostoma ceylanicum
A0A016VW80	Ancylostoma ceylanicum
A0A016VXT1	Ancylostoma ceylanicum
A0A016W055	Ancylostoma ceylanicum
A0A016W1F4	Ancylostoma ceylanicum
A0A016W1G6	Ancylostoma ceylanicum
A0A016W3B2	Ancylostoma ceylanicum
A0A016W456	Ancylostoma ceylanicum
A0A016W5G6	Ancylostoma ceylanicum
A0A016WAJ7	Ancylostoma ceylanicum
A0A016WE27	Ancylostoma ceylanicum
A0A016WFE0	Ancylostoma ceylanicum
A0A016WFP1	Ancylostoma ceylanicum
A0A016WJW8	Ancylostoma ceylanicum
A0A016WKT7	Ancylostoma ceylanicum
A0A016WKY1	Ancylostoma ceylanicum
A0A016WLT4	Ancylostoma ceylanicum
A0A016WMJ8	Ancylostoma ceylanicum
A0A016X005	Ancylostoma ceylanicum
A0A085M1B6	Trichuris suis (pig whipworm)
A0A085M2Y9	Trichuris suis (pig whipworm)
A0A085MDS8	Trichuris suis (pig whipworm)
A0A085N2U8	Trichuris suis (pig whipworm)
A0A085NJF5	Trichuris suis (pig whipworm)
A0A090L107	Strongyloides ratti (Parasitic roundworm)
A0A0C2GN99	Ancylostoma duodenale
A0A0D6M988	Ancylostoma ceylanicum
A0A0J9XR18	Brugia malayi (Filarial nematode worm)
A0A0J9YAD7	Brugia malayi (Filarial nematode worm)
A0A0K0D5T9	Angiostrongylus cantonensis (Rat lungworm)
A0A0K0D7E1	Angiostrongylus cantonensis (Rat lungworm)
A0A0K0DSF9	Strongyloides stercoralis (Threadworm)
A0A0K0DYJ8	Strongyloides stercoralis (Threadworm)
A0A0K0E1Y9	Strongyloides stercoralis (Threadworm)
A0A0K0ED53	Strongyloides stercoralis (Threadworm)
A0A0K0ED54	Strongyloides stercoralis (Threadworm)
A0A0K0EMW1	Strongyloides stercoralis (Threadworm)
A0A0K0EMW4	Strongyloides stercoralis (Threadworm)
A0A0K0ESG7	Strongyloides stercoralis (Threadworm)
A0A0K0J2R7	Brugia malayi (Filarial nematode worm)
A0A0K0JUJ1	Brugia malayi (Filarial nematode worm)
A0A0M3I3P0	Ascaris lumbricoides (Giant roundworm)
A0A0M3IXY5	Anisakis simplex (Herring worm)
A0A0M3IYS8	Anisakis simplex (Herring worm)
A0A0M3IZ68	Anisakis simplex (Herring worm)
A0A0M3J3D3	Anisakis simplex (Herring worm)
A0A0M3J3G0	Anisakis simplex (Herring worm)
A0A0M3J3I8	Anisakis simplex (Herring worm)
A0A0M3J3M0	Anisakis simplex (Herring worm)
A0A0M3J3V0	Anisakis simplex (Herring worm)
A0A0M3J6R6	Anisakis simplex (Herring worm)
A0A0M3JCM5	Anisakis simplex (Herring worm)
A0A0M3JD76	Anisakis simplex (Herring worm)
A0A0M3JKR9	Anisakis simplex (Herring worm)
A0A0M3JLF0	Anisakis simplex (Herring worm)
A0A0M3JLR9	Anisakis simplex (Herring worm)
A0A0M3JM23	Anisakis simplex (Herring worm)
A0A0M3JPG4	Anisakis simplex (Herring worm)
A0A0M3JUG7	Anisakis simplex (Herring worm)
A0A0M3JUP7	Anisakis simplex (Herring worm)
A0A0M3JUS5	Anisakis simplex (Herring worm)
A0A0M3JYN4	Anisakis simplex (Herring worm)
A0A0M3JZM7	Anisakis simplex (Herring worm)
A0A0M3JZM9	Anisakis simplex (Herring worm)
A0A0M3K2I5	Anisakis simplex (Herring worm)
A0A0M3K517	Anisakis simplex (Herring worm)
A0A0M3KAW0	Anisakis simplex (Herring worm)
A0A0M3KBM3	Anisakis simplex (Herring worm)
A0A0M3KDJ5	Anisakis simplex (Herring worm)
A0A0M3KEG3	Anisakis simplex (Herring worm)
A0A0M3KIL0	Anisakis simplex (Herring worm)
A0A0N4T5E2	Brugia pahangi (Filarial nematode worm)
A0A0N4T8A1	Brugia pahangi (Filarial nematode worm)
A0A0N4TCF6	Brugia pahangi (Filarial nematode worm)
A0A0N4TIZ5	Brugia pahangi (Filarial nematode worm)
A0A0N4TSX9	Brugia pahangi (Filarial nematode worm)
A0A0N4TTE5	Brugia pahangi (Filarial nematode worm)
A0A0N4TV49	Brugia pahangi (Filarial nematode worm)
A0A0N4U446	Dracunculus medinensis (Guinea worm)
A0A0N4U7V1	Dracunculus medinensis (Guinea worm)
A0A0N4U9F8	Dracunculus medinensis (Guinea worm)
A0A0N4UFU8	Dracunculus medinensis (Guinea worm)
A0A0N4UL35	Dracunculus medinensis (Guinea worm)
A0A0N4UL73	Dracunculus medinensis (Guinea worm)
A0A0N4UTQ5	Enterobius vermicularis (Human pinworm)
A0A0N4UXV4	Enterobius vermicularis (Human pinworm)
A0A0N4V1X2	Enterobius vermicularis (Human pinworm)
A0A0N4V2C7	Enterobius vermicularis (Human pinworm)
A0A0N4V7G2	Enterobius vermicularis (Human pinworm)
A0A0N4VHW3	Enterobius vermicularis (Human pinworm)
A0A0N4VIJ1	Enterobius vermicularis (Human pinworm)
A0A0N4VNC9	Enterobius vermicularis (Human pinworm)
A0A0N4VNI4	Enterobius vermicularis (Human pinworm)
A0A0N4VQ88	Enterobius vermicularis (Human pinworm)
A0A0N4VQG6	Enterobius vermicularis (Human pinworm)
A0A0N4VS24	Haemonchus placei (Barber's pole worm)
A0A0N4VUW6	Haemonchus placei (Barber's pole worm)
A0A0N4W405	Haemonchus placei (Barber's pole worm)
A0A0N4W5Z3	Haemonchus placei (Barber's pole worm)
A0A0N4W696	Haemonchus placei (Barber's pole worm)
A0A0N4W7W3	Haemonchus placei (Barber's pole worm)
A0A0N4W8B8	Haemonchus placei (Barber's pole worm)
A0A0N4W8W9	Haemonchus placei (Barber's pole worm)
A0A0N4WBL5	Haemonchus placei (Barber's pole worm)
A0A0N4WEJ0	Haemonchus placei (Barber's pole worm)
A0A0N4WGZ9	Haemonchus placei (Barber's pole worm)
A0A0N4WI78	Haemonchus placei (Barber's pole worm)
A0A0N4WJ08	Haemonchus placei (Barber's pole worm)
A0A0N4WR41	Haemonchus placei (Barber's pole worm)
A0A0N4WSF2	Haemonchus placei (Barber's pole worm)
A0A0N4WT68	Haemonchus placei (Barber's pole worm)
A0A0N4WTE7	Haemonchus placei (Barber's pole worm)
A0A0N4WUY5	Haemonchus placei (Barber's pole worm)
A0A0N4WWK7	Haemonchus placei (Barber's pole worm)
A0A0N4WX75	Haemonchus placei (Barber's pole worm)
A0A0N4WX77	Haemonchus placei (Barber's pole worm)
A0A0N4WZY7	Haemonchus placei (Barber's pole worm)
A0A0N4X0N2	Haemonchus placei (Barber's pole worm)
A0A0N4X3P5	Haemonchus placei (Barber's pole worm)
A0A0N4X629	Haemonchus placei (Barber's pole worm)
A0A0N4XF86	Nippostrongylus brasiliensis (Rat hookworm)
A0A0N4XMH1	Nippostrongylus brasiliensis (Rat hookworm)
A0A0N4XNP6	Nippostrongylus brasiliensis (Rat hookworm)
A0A0N4XP82	Nippostrongylus brasiliensis (Rat hookworm)
A0A0N4XPQ5	Nippostrongylus brasiliensis (Rat hookworm)
A0A0N4XUI2	Nippostrongylus brasiliensis (Rat hookworm)
A0A0N4XY76	Nippostrongylus brasiliensis (Rat hookworm)
A0A0N4XZH2	Nippostrongylus brasiliensis (Rat hookworm)
A0A0N4Y1R3	Nippostrongylus brasiliensis (Rat hookworm)
A0A0N4Y2M9	Nippostrongylus brasiliensis (Rat hookworm)
A0A0N4Y2N1	Nippostrongylus brasiliensis (Rat hookworm)
A0A0N4Y3I5	Nippostrongylus brasiliensis (Rat hookworm)
A0A0N4Y5K8	Nippostrongylus brasiliensis (Rat hookworm)
A0A0N4Y7L1	Nippostrongylus brasiliensis (Rat hookworm)
A0A0N4Y7P5	Nippostrongylus brasiliensis (Rat hookworm)
A0A0N4Y9G3	Nippostrongylus brasiliensis (Rat hookworm)
A0A0N4Y9K2	Nippostrongylus brasiliensis (Rat hookworm)
A0A0N4YAQ4	Nippostrongylus brasiliensis (Rat hookworm)
A0A0N4YCX3	Nippostrongylus brasiliensis (Rat hookworm)
A0A0N4YE41	Nippostrongylus brasiliensis (Rat hookworm)
A0A0N4YI44	Nippostrongylus brasiliensis (Rat hookworm)
A0A0N4YKK2	Nippostrongylus brasiliensis (Rat hookworm)
A0A0N4YTP0	Nippostrongylus brasiliensis (Rat hookworm)
A0A0N5ABE0	Syphacia muris
A0A0N5AS80	Syphacia muris
A0A0N5CJZ1	Thelazia callipaeda (Oriental eyeworm) (Parasitic nematode)
A0A0N5CNW2	Thelazia callipaeda (Oriental eyeworm) (Parasitic nematode)
A0A0N5CQE2	Thelazia callipaeda (Oriental eyeworm) (Parasitic nematode)
A0A0N5CSA3	Thelazia callipaeda (Oriental eyeworm) (Parasitic nematode)
A0A0N5CUE8	Thelazia callipaeda (Oriental eyeworm) (Parasitic nematode)
A0A0N5CYZ3	Thelazia callipaeda (Oriental eyeworm) (Parasitic nematode)
A0A0N5D0E1	Thelazia callipaeda (Oriental eyeworm) (Parasitic nematode)
A0A0N5D4Z1	Thelazia callipaeda (Oriental eyeworm) (Parasitic nematode)
A0A0N5D6N4	Thelazia callipaeda (Oriental eyeworm) (Parasitic nematode)
A0A0N5D7N9	Thelazia callipaeda (Oriental eyeworm) (Parasitic nematode)
A0A0R3P9L2	Angiostrongylus costaricensis (Nematode worm)
A0A0R3PB95	Angiostrongylus costaricensis (Nematode worm)
A0A0R3PBL7	Angiostrongylus costaricensis (Nematode worm)
A0A0R3PCX7	Angiostrongylus costaricensis (Nematode worm)
A0A0R3PEF6	Angiostrongylus costaricensis (Nematode worm)
A0A0R3PF90	Angiostrongylus costaricensis (Nematode worm)
A0A0R3PJ04	Angiostrongylus costaricensis (Nematode worm)
A0A0R3PJY4	Angiostrongylus costaricensis (Nematode worm)
A0A0R3PKE2	Angiostrongylus costaricensis (Nematode worm)
A0A0R3PN43	Angiostrongylus costaricensis (Nematode worm)
A0A0R3PR54	Angiostrongylus costaricensis (Nematode worm)
A0A0R3PR55	Angiostrongylus costaricensis (Nematode worm)
A0A0R3PT34	Angiostrongylus costaricensis (Nematode worm)
A0A0R3PUP2	Angiostrongylus costaricensis (Nematode worm)
A0A0R3PWD2	Angiostrongylus costaricensis (Nematode worm)
A0A0R3PZS9	Angiostrongylus costaricensis (Nematode worm)
A0A0R3Q1J8	Angiostrongylus costaricensis (Nematode worm)
A0A0R3QIL6	Brugia timori
A0A0R3QKI5	Brugia timori
A0A0R3QS54	Brugia timori
A0A0R3R8H0	Brugia timori
A0A158P7E4	Angiostrongylus cantonensis (Rat lungworm)
A0A158PMZ7	Anisakis simplex (Herring worm)
A0A158Q6A4	Dracunculus medinensis (Guinea worm)
A0A158QB85	Enterobius vermicularis (Human pinworm)
A0A158QQT3	Haemonchus placei (Barber's pole worm)
A0A158R173	Nippostrongylus brasiliensis (Rat hookworm)
A0A182E4B0	Onchocerca ochengi (Filarial nematode worm)
A0A182E7N1	Onchocerca ochengi (Filarial nematode worm)
A0A182E8K8	Onchocerca ochengi (Filarial nematode worm)
A0A182EDC7	Onchocerca ochengi (Filarial nematode worm)
A0A182EFD7	Onchocerca ochengi (Filarial nematode worm)
A0A182EI00	Onchocerca ochengi (Filarial nematode worm)
A0A182EIS1	Onchocerca ochengi (Filarial nematode worm)
A0A182EJ65	Onchocerca ochengi (Filarial nematode worm)
A0A182ELW7	Onchocerca ochengi (Filarial nematode worm)
A0A182EP30	Onchocerca ochengi (Filarial nematode worm)
A0A182EPG9	Onchocerca ochengi (Filarial nematode worm)
A0A182EQ00	Onchocerca ochengi (Filarial nematode worm)
A0A182EQL0	Onchocerca ochengi (Filarial nematode worm)
A0A182EQN0	Onchocerca ochengi (Filarial nematode worm)
A0A182ER96	Onchocerca ochengi (Filarial nematode worm)
A0A182ETC2	Onchocerca ochengi (Filarial nematode worm)
A0A182EUC2	Onchocerca ochengi (Filarial nematode worm)
A0A182EUL7	Onchocerca ochengi (Filarial nematode worm)
A0A182EVY1	Onchocerca ochengi (Filarial nematode worm)
A0A182EWY3	Onchocerca ochengi (Filarial nematode worm)
A0A182EZC9	Onchocerca ochengi (Filarial nematode worm)
A0A183DB55	Gongylonema pulchrum
A0A183DK50	Gongylonema pulchrum
A0A183ENN8	Gongylonema pulchrum
A0A183EW36	Gongylonema pulchrum
A0A183H5I4	Onchocerca flexuosa
A0A183H5Y0	Onchocerca flexuosa
A0A183H9N6	Onchocerca flexuosa
A0A183HSY8	Onchocerca flexuosa
A0A183I033	Onchocerca flexuosa
A0A183I926	Soboliphyme baturini
A0A183IAT8	Soboliphyme baturini
A0A183IBS5	Soboliphyme baturini
A0A183ICX8	Soboliphyme baturini
A0A183IIB8	Soboliphyme baturini
A0A183IQZ7	Soboliphyme baturini
A0A183IVZ8	Soboliphyme baturini
A0A183IWE4	Soboliphyme baturini
A0A183IWV1	Soboliphyme baturini
A0A183IYC0	Soboliphyme baturini
A0A1I7ZRH6	Steinernema glaseri
A0A1I7ZS73	Steinernema glaseri
A0A1I7ZXT8	Steinernema glaseri
A0A260YNU2	Caenorhabditis remanei (Caenorhabditis vulgaris)
A0A260YQS6	Caenorhabditis remanei (Caenorhabditis vulgaris)
A0A260YSC8	Caenorhabditis remanei (Caenorhabditis vulgaris)
A0A260YUD9	Caenorhabditis latens
A0A260YZG1	Caenorhabditis remanei (Caenorhabditis vulgaris)
A0A260Z0A2	Caenorhabditis latens
A0A260Z299	Caenorhabditis latens
A0A260Z2J3	Caenorhabditis remanei (Caenorhabditis vulgaris)
A0A260Z2J8	Caenorhabditis remanei (Caenorhabditis vulgaris)
A0A260Z7H7	Caenorhabditis remanei (Caenorhabditis vulgaris)
A0A260Z848	Caenorhabditis latens
A0A260Z878	Caenorhabditis remanei (Caenorhabditis vulgaris)
A0A260Z9F6	Caenorhabditis remanei (Caenorhabditis vulgaris)
A0A260ZAV4	Caenorhabditis remanei (Caenorhabditis vulgaris)
A0A260ZD51	Caenorhabditis remanei (Caenorhabditis vulgaris)
A0A260ZEB1	Caenorhabditis remanei (Caenorhabditis vulgaris)
A0A260ZI82	Caenorhabditis latens
A0A260ZLU3	Caenorhabditis latens
A0A260ZN12	Caenorhabditis remanei (Caenorhabditis vulgaris)
A0A260ZUB3	Caenorhabditis remanei (Caenorhabditis vulgaris)
A0A261A0M0	Caenorhabditis latens
A0A261A570	Caenorhabditis latens
A0A261A8T7	Caenorhabditis remanei (Caenorhabditis vulgaris)
A0A261AD01	Caenorhabditis remanei (Caenorhabditis vulgaris)
A0A261AHF6	Caenorhabditis remanei (Caenorhabditis vulgaris)
A0A261ALB1	Caenorhabditis remanei (Caenorhabditis vulgaris)
A0A261ANI8	Caenorhabditis remanei (Caenorhabditis vulgaris)
A0A261AP22	Caenorhabditis latens
A0A261ARW5	Caenorhabditis remanei (Caenorhabditis vulgaris)
A0A261AS80	Caenorhabditis remanei (Caenorhabditis vulgaris)
A0A261AU13	Caenorhabditis latens
A0A261AUH3	Caenorhabditis latens
A0A261AV03	Caenorhabditis latens
A0A261AXV0	Caenorhabditis remanei (Caenorhabditis vulgaris)
A0A261B0T2	Caenorhabditis remanei (Caenorhabditis vulgaris)
A0A261B2Y4	Caenorhabditis latens
A0A261B3Z8	Caenorhabditis latens
A0A261B5D4	Caenorhabditis latens
A0A261B6Q4	Caenorhabditis remanei (Caenorhabditis vulgaris)
A0A261BEW7	Caenorhabditis latens
A0A261BGN9	Caenorhabditis latens
A0A261BGW7	Caenorhabditis latens
A0A261BNX5	Caenorhabditis latens
A0A261BPZ8	Caenorhabditis latens
A0A261BQ24	Caenorhabditis latens
A0A261BUD3	Caenorhabditis latens
A0A261BUK7	Caenorhabditis latens
A0A261BXG7	Caenorhabditis latens
A0A261BXX9	Caenorhabditis latens
A0A261BYX3	Caenorhabditis latens
A0A261C012	Caenorhabditis latens
A0A261C1Y7	Caenorhabditis latens
A0A261C2W2	Caenorhabditis latens
A0A261C3N0	Caenorhabditis latens
A0A261C478	Caenorhabditis latens
A0A261C5A2	Caenorhabditis latens
A0A261C8B5	Caenorhabditis latens
A0A261CAE8	Caenorhabditis latens
A0A261CB37	Caenorhabditis latens
A0A261CDX2	Caenorhabditis latens
A0A261CEZ6	Caenorhabditis latens
A0A261CHZ0	Caenorhabditis latens
A0A261CN43	Caenorhabditis latens
A0A261CND9	Caenorhabditis latens
A0A261CQC3	Caenorhabditis latens
A0A261CQD0	Caenorhabditis latens
A0A261CT09	Caenorhabditis latens
A0A261CT33	Caenorhabditis latens
A0A2A2J1U0	Diploscapter pachys
A0A2A2J4Y6	Diploscapter pachys
A0A2A2JEC5	Diploscapter pachys
A0A2A2JI06	Diploscapter pachys
A0A2A2JJX8	Diploscapter pachys
A0A2A2JLB2	Diploscapter pachys
A0A2A2JLE1	Diploscapter pachys
A0A2A2JNR2	Diploscapter pachys
A0A2A2JVU9	Diploscapter pachys
A0A2A2K6L9	Diploscapter pachys
A0A2A2KDU4	Diploscapter pachys
A0A2A2KEV9	Diploscapter pachys
A0A2A2KH66	Diploscapter pachys
A0A2A2KRC3	Diploscapter pachys
A0A2A2KUP3	Diploscapter pachys
A0A2A2KZ45	Diploscapter pachys
A0A2A2L4L8	Diploscapter pachys
A0A2A2LBS1	Diploscapter pachys
A0A2A2LKS9	Diploscapter pachys
A0A2A2LNM5	Diploscapter pachys
A0A2A2LU75	Diploscapter pachys
A0A2A2LXI7	Diploscapter pachys
A0A2A2LYD1	Diploscapter pachys
A0A2A2LYE1	Diploscapter pachys
A0A2A2M2H0	Diploscapter pachys
A0A2G5SL69	Caenorhabditis nigoni
A0A2G5SP65	Caenorhabditis nigoni
A0A2G5SQ83	Caenorhabditis nigoni
A0A2G5T2L1	Caenorhabditis nigoni
A0A2G5T4J6	Caenorhabditis nigoni
A0A2G5T8T0	Caenorhabditis nigoni
A0A2G5TM07	Caenorhabditis nigoni
A0A2G5TQL3	Caenorhabditis nigoni
A0A2G5TUB7	Caenorhabditis nigoni
A0A2G5U2V7	Caenorhabditis nigoni
A0A2G5U4E1	Caenorhabditis nigoni
A0A2G5U4W3	Caenorhabditis nigoni
A0A2G5U9A8	Caenorhabditis nigoni
A0A2G5UEA7	Caenorhabditis nigoni
A0A2G5UZB1	Caenorhabditis nigoni
A0A2G5UZB3	Caenorhabditis nigoni
A0A2G5V0X5	Caenorhabditis nigoni
A0A2G5V236	Caenorhabditis nigoni
A0A2G5VB02	Caenorhabditis nigoni
A0A2G5VQW7	Caenorhabditis nigoni
A0A2G5VV73	Caenorhabditis nigoni
A0A368FMC6	Ancylostoma caninum (Dog hookworm)
A0A368FRN0	Ancylostoma caninum (Dog hookworm)
A0A368FW19	Ancylostoma caninum (Dog hookworm)
A0A368H7N1	Ancylostoma caninum (Dog hookworm)
A0A3P6QD47	Cylicostephanus goldi (Nematode worm)
A0A3P6QRP8	Cylicostephanus goldi (Nematode worm)
A0A3P6R4F9	Cylicostephanus goldi (Nematode worm)
A0A3P6RGQ7	Cylicostephanus goldi (Nematode worm)
A0A3P6RIB7	Cylicostephanus goldi (Nematode worm)
A0A3P6S0X9	Anisakis simplex (Herring worm)
A0A3P6SHX2	Litomosoides sigmodontis (Filarial nematode worm)
A0A3P6ST16	Litomosoides sigmodontis (Filarial nematode worm)
A0A3P6STE7	Litomosoides sigmodontis (Filarial nematode worm)
A0A3P6SV88	Litomosoides sigmodontis (Filarial nematode worm)
A0A3P6SXS3	Cylicostephanus goldi (Nematode worm)
A0A3P6SXX4	Litomosoides sigmodontis (Filarial nematode worm)
A0A3P6T3K7	Cylicostephanus goldi (Nematode worm)
A0A3P6TPA1	Litomosoides sigmodontis (Filarial nematode worm)
A0A3P6TY11	Litomosoides sigmodontis (Filarial nematode worm)
A0A3P6U6H5	Litomosoides sigmodontis (Filarial nematode worm)
A0A3P6UGU1	Litomosoides sigmodontis (Filarial nematode worm)
A0A3P6UNM0	Cylicostephanus goldi (Nematode worm)
A0A3P6UP51	Litomosoides sigmodontis (Filarial nematode worm)
A0A3P6URN0	Litomosoides sigmodontis (Filarial nematode worm)
A0A3P6UYC4	Litomosoides sigmodontis (Filarial nematode worm)
A0A3P7DT85	Wuchereria bancrofti
A0A3P7E399	Wuchereria bancrofti
A0A3P7E8T1	Wuchereria bancrofti
A0A3P7EET9	Wuchereria bancrofti
A0A3P7ELL0	Wuchereria bancrofti
A0A3P7EP94	Wuchereria bancrofti
A0A3P7F2S7	Wuchereria bancrofti
A0A3P7FK88	Wuchereria bancrofti
A0A3P7FKZ6	Wuchereria bancrofti
A0A3P7FU23	Wuchereria bancrofti
A0A3P7GDE8	Wuchereria bancrofti
A0A3P7HYP7	Strongylus vulgaris (Blood worm)
A0A3P7I876	Strongylus vulgaris (Blood worm)
A0A3P7ILZ6	Strongylus vulgaris (Blood worm)
A0A3P7IRD4	Strongylus vulgaris (Blood worm)
A0A3P7IRZ3	Strongylus vulgaris (Blood worm)
A0A3P7ITL0	Strongylus vulgaris (Blood worm)
A0A3P7ITT1	Strongylus vulgaris (Blood worm)
A0A3P7IU58	Strongylus vulgaris (Blood worm)
A0A3P7IVI3	Strongylus vulgaris (Blood worm)
A0A3P7IVX5	Strongylus vulgaris (Blood worm)
A0A3P7IWD5	Strongylus vulgaris (Blood worm)
A0A3P7IZS5	Strongylus vulgaris (Blood worm)
A0A3P7J9H6	Strongylus vulgaris (Blood worm)
A0A3P7JBC3	Strongylus vulgaris (Blood worm)
A0A3P7JDM5	Strongylus vulgaris (Blood worm)
A0A3P7JEW7	Strongylus vulgaris (Blood worm)
A0A3P7JIG1	Strongylus vulgaris (Blood worm)
A0A3P7JLP2	Strongylus vulgaris (Blood worm)
A0A3P7JQ08	Litomosoides sigmodontis (Filarial nematode worm)
A0A3P7JQK8	Angiostrongylus costaricensis (Nematode worm)
A0A3P7JR73	Strongylus vulgaris (Blood worm)
A0A3P7JSX4	Strongylus vulgaris (Blood worm)
A0A3P7K4H9	Litomosoides sigmodontis (Filarial nematode worm)
A0A3P7K9W9	Onchocerca ochengi (Filarial nematode worm)
A0A3P7KC18	Strongylus vulgaris (Blood worm)
A0A3P7KCZ1	Strongylus vulgaris (Blood worm)
A0A3P7KIJ0	Strongylus vulgaris (Blood worm)
A0A3P7KIK4	Strongylus vulgaris (Blood worm)
A0A3P7KMS4	Strongylus vulgaris (Blood worm)
A0A3P7KPX5	Strongylus vulgaris (Blood worm)
A0A3P7KQ34	Strongylus vulgaris (Blood worm)
A0A3P7KS08	Strongylus vulgaris (Blood worm)
A0A3P7KST5	Strongylus vulgaris (Blood worm)
A0A3P7L5G8	Strongylus vulgaris (Blood worm)
A0A3P7LFD3	Strongylus vulgaris (Blood worm)
A0A3P7LPL6	Strongylus vulgaris (Blood worm)
A0A3P7LR53	Strongylus vulgaris (Blood worm)
A0A3P7LW88	Strongylus vulgaris (Blood worm)
A0A3P7M1X0	Strongylus vulgaris (Blood worm)
A0A3P7M2D1	Cylicostephanus goldi (Nematode worm)
A0A3P7M3K6	Cylicostephanus goldi (Nematode worm)
A0A3P7MK34	Cylicostephanus goldi (Nematode worm)
A0A3P7NE90	Cylicostephanus goldi (Nematode worm)
A0A3P7NVS1	Cylicostephanus goldi (Nematode worm)
A0A3P7NW30	Cylicostephanus goldi (Nematode worm)
A0A498SDG9	Acanthocheilonema viteae (Filarial nematode worm) (Dipetalonema viteae)
A0A498SDY9	Acanthocheilonema viteae (Filarial nematode worm) (Dipetalonema viteae)
A0A498SE99	Acanthocheilonema viteae (Filarial nematode worm) (Dipetalonema viteae)
A0A498SHE3	Acanthocheilonema viteae (Filarial nematode worm) (Dipetalonema viteae)
A0A498SIM5	Acanthocheilonema viteae (Filarial nematode worm) (Dipetalonema viteae)
A0A498SLD7	Acanthocheilonema viteae (Filarial nematode worm) (Dipetalonema viteae)
A0A498SSN2	Acanthocheilonema viteae (Filarial nematode worm) (Dipetalonema viteae)
A0A498STX8	Acanthocheilonema viteae (Filarial nematode worm) (Dipetalonema viteae)
A0A498SXY3	Acanthocheilonema viteae (Filarial nematode worm) (Dipetalonema viteae)
A0A4E9FKX8	Brugia malayi (Filarial nematode worm)
A0A4E9FSM9	Brugia malayi (Filarial nematode worm)
A0A4U5LNL9	Steinernema carpocapsae (Entomopathogenic nematode)
A0A4U5LNS9	Steinernema carpocapsae (Entomopathogenic nematode)
A0A4U5LP91	Steinernema carpocapsae (Entomopathogenic nematode)
A0A4U5LV96	Steinernema carpocapsae (Entomopathogenic nematode)
A0A4U5LXJ8	Steinernema carpocapsae (Entomopathogenic nematode)
A0A4U5LXQ1	Steinernema carpocapsae (Entomopathogenic nematode)
A0A4U5M0Q3	Steinernema carpocapsae (Entomopathogenic nematode)
A0A4U5M0Q4	Steinernema carpocapsae (Entomopathogenic nematode)
A0A4U5M0S0	Steinernema carpocapsae (Entomopathogenic nematode)
A0A4U5M1I4	Steinernema carpocapsae (Entomopathogenic nematode)
A0A4U5M3V0	Steinernema carpocapsae (Entomopathogenic nematode)
A0A4U5M3Z1	Steinernema carpocapsae (Entomopathogenic nematode)
A0A4U5M471	Steinernema carpocapsae (Entomopathogenic nematode)
A0A4U5MKG7	Steinernema carpocapsae (Entomopathogenic nematode)
A0A4U5MLF6	Steinernema carpocapsae (Entomopathogenic nematode)
A0A4U5MLJ7	Steinernema carpocapsae (Entomopathogenic nematode)
A0A4U5MM63	Steinernema carpocapsae (Entomopathogenic nematode)
A0A4U5MU91	Steinernema carpocapsae (Entomopathogenic nematode)
A0A4U5N5A7	Steinernema carpocapsae (Entomopathogenic nematode)
A0A4U5NGD1	Steinernema carpocapsae (Entomopathogenic nematode)
A0A4U5NI85	Steinernema carpocapsae (Entomopathogenic nematode)
A0A4U5NJC9	Steinernema carpocapsae (Entomopathogenic nematode)
A0A4U5NZT8	Steinernema carpocapsae (Entomopathogenic nematode)
A0A4U5PD16	Steinernema carpocapsae (Entomopathogenic nematode)
A0A4U5PGI3	Steinernema carpocapsae (Entomopathogenic nematode)
A0A4U8UNP8	Steinernema carpocapsae (Entomopathogenic nematode)
A0A4U8UPK2	Steinernema carpocapsae (Entomopathogenic nematode)
A0A4U8V8A9	Steinernema carpocapsae (Entomopathogenic nematode)
A0A4V5ZY34	Steinernema carpocapsae (Entomopathogenic nematode)
A0A4V6A6G6	Steinernema carpocapsae (Entomopathogenic nematode)
A0A5S6Q1J5	Trichuris muris (Mouse whipworm)
A0A5S6QCF5	Trichuris muris (Mouse whipworm)
A0A5S6QG99	Trichuris muris (Mouse whipworm)
A0A5S6QTN0	Trichuris muris (Mouse whipworm)
A0A7E4VVQ7	Panagrellus redivivus (Microworm)
A0A7E5A0W2	Panagrellus redivivus (Microworm)
A0A7I4K7R2	Brugia malayi (Filarial nematode worm)
A0A811JQG3	Bursaphelenchus okinawaensis
A0A811JR69	Bursaphelenchus okinawaensis
A0A811K3M9	Bursaphelenchus okinawaensis
A0A811K6W8	Bursaphelenchus okinawaensis
A0A811K8U0	Bursaphelenchus okinawaensis
A0A811KCT0	Bursaphelenchus okinawaensis
A0A811KPP2	Bursaphelenchus okinawaensis
A0A811KWU0	Bursaphelenchus okinawaensis
A0A811L8K7	Bursaphelenchus okinawaensis
A0A811LAA4	Bursaphelenchus okinawaensis
A0A811LKT1	Bursaphelenchus okinawaensis
A0A811LSM5	Bursaphelenchus okinawaensis
A0A811LT63	Bursaphelenchus okinawaensis
A0A811LUZ2	Bursaphelenchus okinawaensis
A0A811LW09	Bursaphelenchus okinawaensis
A0A8J2LXN5	Cercopithifilaria johnstoni
A0A8J2LYV9	Cercopithifilaria johnstoni
A0A8J2M5H9	Cercopithifilaria johnstoni
A0A8J2MGY9	Cercopithifilaria johnstoni
A0A8J2MN92	Cercopithifilaria johnstoni
A0A8J2Q3X5	Cercopithifilaria johnstoni
A0A8R1HVD5	Caenorhabditis japonica
A0A8R1I3V1	Caenorhabditis japonica
A0A8R1II83	Caenorhabditis japonica
A0A8R1TPQ2	Onchocerca volvulus
A0A8R1TPZ3	Onchocerca volvulus
A0A8R1TSW9	Onchocerca volvulus
A0A8R1Z695	Pristionchus pacificus (Parasitic nematode worm)
A0A8S1E4B8	Caenorhabditis bovis
A0A8S1E4F3	Caenorhabditis bovis
A0A8S1E9A3	Caenorhabditis bovis
A0A8S1EA88	Caenorhabditis bovis
A0A8S1EB06	Caenorhabditis bovis
A0A8S1EC07	Caenorhabditis bovis
A0A8S1EGQ1	Caenorhabditis bovis
A0A8S1EGR7	Caenorhabditis bovis
A0A8S1EJF4	Caenorhabditis bovis
A0A8S1EM37	Caenorhabditis bovis
A0A8S1ENK5	Caenorhabditis bovis
A0A8S1EQQ8	Caenorhabditis bovis
A0A8S1ERX3	Caenorhabditis bovis
A0A8S1ES17	Caenorhabditis bovis
A0A8S1ESY4	Caenorhabditis bovis
A0A8S1EUN2	Caenorhabditis bovis
A0A8S1EWD6	Caenorhabditis bovis
A0A8S1EWQ9	Caenorhabditis bovis
A0A8S1F322	Caenorhabditis bovis
A0A8S1F3A7	Caenorhabditis bovis
A0A8S1F3Y4	Caenorhabditis bovis
A0A8S1F436	Caenorhabditis bovis
A0A8S1FA29	Caenorhabditis bovis
A0A8S1FB79	Caenorhabditis bovis
A0A8S1FBM8	Caenorhabditis bovis
A0A8S1FCN5	Caenorhabditis bovis
A0A8S1FDH5	Caenorhabditis bovis
A0A8S1FDN7	Caenorhabditis bovis
A0A8S1FEG0	Caenorhabditis bovis
A0A8S1FEH5	Caenorhabditis bovis
A0A8S1FEU7	Caenorhabditis bovis
A0A8S1GPE1	Caenorhabditis auriculariae
A0A8S1GQT4	Caenorhabditis auriculariae
A0A8S1GZ31	Caenorhabditis auriculariae
A0A8S1GZW4	Caenorhabditis auriculariae
A0A8S1GZX0	Caenorhabditis auriculariae
A0A8S1H6R9	Caenorhabditis auriculariae
A0A8S1H7B1	Caenorhabditis auriculariae
A0A8S1H8Z6	Caenorhabditis auriculariae
A0A8S1H966	Caenorhabditis auriculariae
A0A8S1H9Y8	Caenorhabditis auriculariae
A0A8S1HBE1	Caenorhabditis auriculariae
A0A8S1HIB3	Caenorhabditis auriculariae
A0A8S1HJ13	Caenorhabditis auriculariae
A0A8S1HJA0	Caenorhabditis auriculariae
A0A8S1HJG1	Caenorhabditis auriculariae
A0A8S1HKS8	Caenorhabditis auriculariae
A0A8S1HLJ1	Caenorhabditis auriculariae
A0A8S1HN80	Caenorhabditis auriculariae
A0A8S1HNH2	Caenorhabditis auriculariae
A0A8S1HWR1	Caenorhabditis auriculariae
A0A8S1HY35	Caenorhabditis auriculariae
A0A8S1HYQ8	Caenorhabditis auriculariae
A0A8S1HYV2	Caenorhabditis auriculariae
A0A914C2H3	Acrobeloides nanus
A0A914C5R1	Acrobeloides nanus
A0A914CH10	Acrobeloides nanus
A0A914CIU3	Acrobeloides nanus
A0A914CW76	Acrobeloides nanus
A0A914D2M8	Acrobeloides nanus
A0A914DCU6	Acrobeloides nanus
A0A914DGG9	Acrobeloides nanus
A0A914E044	Acrobeloides nanus
A0A914EG54	Acrobeloides nanus
A0A914EGS4	Acrobeloides nanus
A0A914EMT0	Acrobeloides nanus
A0A914GQY6	Globodera rostochiensis (Golden nematode worm) (Heterodera rostochiensis)
A0A914GYR6	Globodera rostochiensis (Golden nematode worm) (Heterodera rostochiensis)
A0A914H334	Globodera rostochiensis (Golden nematode worm) (Heterodera rostochiensis)
A0A914H4X3	Globodera rostochiensis (Golden nematode worm) (Heterodera rostochiensis)
A0A914H677	Globodera rostochiensis (Golden nematode worm) (Heterodera rostochiensis)
A0A914H9R6	Globodera rostochiensis (Golden nematode worm) (Heterodera rostochiensis)
A0A914HDW1	Globodera rostochiensis (Golden nematode worm) (Heterodera rostochiensis)
A0A914HK43	Globodera rostochiensis (Golden nematode worm) (Heterodera rostochiensis)
A0A914HQK0	Globodera rostochiensis (Golden nematode worm) (Heterodera rostochiensis)
A0A914HUM7	Globodera rostochiensis (Golden nematode worm) (Heterodera rostochiensis)
A0A914HWL7	Globodera rostochiensis (Golden nematode worm) (Heterodera rostochiensis)
A0A914I4V9	Globodera rostochiensis (Golden nematode worm) (Heterodera rostochiensis)
A0A914IBN4	Globodera rostochiensis (Golden nematode worm) (Heterodera rostochiensis)
A0A914KRS2	Meloidogyne incognita (Southern root-knot nematode worm) (Oxyuris incognita)
A0A914KW22	Meloidogyne incognita (Southern root-knot nematode worm) (Oxyuris incognita)
A0A914L3D1	Meloidogyne incognita (Southern root-knot nematode worm) (Oxyuris incognita)
A0A914L3G5	Meloidogyne incognita (Southern root-knot nematode worm) (Oxyuris incognita)
A0A914L438	Meloidogyne incognita (Southern root-knot nematode worm) (Oxyuris incognita)
A0A914LAT3	Meloidogyne incognita (Southern root-knot nematode worm) (Oxyuris incognita)
A0A914LB99	Meloidogyne incognita (Southern root-knot nematode worm) (Oxyuris incognita)
A0A914LF84	Meloidogyne incognita (Southern root-knot nematode worm) (Oxyuris incognita)
A0A914LGW3	Meloidogyne incognita (Southern root-knot nematode worm) (Oxyuris incognita)
A0A914MCU6	Meloidogyne incognita (Southern root-knot nematode worm) (Oxyuris incognita)
A0A914MDI5	Meloidogyne incognita (Southern root-knot nematode worm) (Oxyuris incognita)
A0A914MI25	Meloidogyne incognita (Southern root-knot nematode worm) (Oxyuris incognita)
A0A914MJU6	Meloidogyne incognita (Southern root-knot nematode worm) (Oxyuris incognita)
A0A914MK86	Meloidogyne incognita (Southern root-knot nematode worm) (Oxyuris incognita)
A0A914MTY6	Meloidogyne incognita (Southern root-knot nematode worm) (Oxyuris incognita)
A0A914N2U4	Meloidogyne incognita (Southern root-knot nematode worm) (Oxyuris incognita)
A0A914N841	Meloidogyne incognita (Southern root-knot nematode worm) (Oxyuris incognita)
A0A914N9Z7	Meloidogyne incognita (Southern root-knot nematode worm) (Oxyuris incognita)
A0A914NLJ5	Meloidogyne incognita (Southern root-knot nematode worm) (Oxyuris incognita)
A0A914NPA2	Meloidogyne incognita (Southern root-knot nematode worm) (Oxyuris incognita)
A0A914NPT6	Meloidogyne incognita (Southern root-knot nematode worm) (Oxyuris incognita)
A0A914NSJ2	Meloidogyne incognita (Southern root-knot nematode worm) (Oxyuris incognita)
A0A914NZQ8	Panagrolaimus davidi
A0A914PYI4	Panagrolaimus davidi
A0A914Q8T5	Panagrolaimus davidi
A0A914QMZ6	Panagrolaimus davidi
A0A914QPQ3	Panagrolaimus davidi
A0A914RIY7	Parascaris equorum (Equine roundworm)
A0A914RKD1	Parascaris equorum (Equine roundworm)
A0A914RSG9	Parascaris equorum (Equine roundworm)
A0A914RT18	Parascaris equorum (Equine roundworm)
A0A914RWH2	Parascaris equorum (Equine roundworm)
A0A914RXS6	Parascaris equorum (Equine roundworm)
A0A914RYZ2	Parascaris equorum (Equine roundworm)
A0A914S2H6	Parascaris equorum (Equine roundworm)
A0A914S301	Parascaris equorum (Equine roundworm)
A0A914S5P6	Parascaris equorum (Equine roundworm)
A0A914SAQ9	Parascaris equorum (Equine roundworm)
A0A914SH59	Parascaris equorum (Equine roundworm)
A0A914UNZ5	Plectus sambesii
A0A914UWE9	Plectus sambesii
A0A914UZC3	Plectus sambesii
A0A914UZV8	Plectus sambesii
A0A914V9B1	Plectus sambesii
A0A914VKM4	Plectus sambesii
A0A914VM11	Plectus sambesii
A0A914VM46	Plectus sambesii
A0A914VSL3	Plectus sambesii
A0A914VXX6	Plectus sambesii
A0A914VZR7	Plectus sambesii
A0A914W2P9	Plectus sambesii
A0A914W3B2	Plectus sambesii
A0A914WDL4	Plectus sambesii
A0A914WZL1	Plectus sambesii
A0A914X1J0	Plectus sambesii
A0A914X4I5	Plectus sambesii
A0A914X603	Plectus sambesii
A0A914XJ98	Plectus sambesii
A0A914XUD0	Plectus sambesii
A0A914XUV0	Panagrolaimus superbus
A0A914Y0Y3	Panagrolaimus superbus
A0A914YF50	Panagrolaimus superbus
A0A914YK62	Panagrolaimus superbus
A0A914YMT7	Panagrolaimus superbus
A0A914YWH5	Panagrolaimus superbus
A0A914Z237	Panagrolaimus superbus
A0A914Z5V9	Panagrolaimus superbus
A0A914Z7E7	Panagrolaimus superbus
A0A914ZCN2	Parascaris univalens (Nematode worm)
A0A914ZJ16	Parascaris univalens (Nematode worm)
A0A914ZMG2	Parascaris univalens (Nematode worm)
A0A914ZRW8	Parascaris univalens (Nematode worm)
A0A914ZUK9	Parascaris univalens (Nematode worm)
A0A915AAP7	Parascaris univalens (Nematode worm)
A0A915ACU8	Parascaris univalens (Nematode worm)
A0A915AGH2	Parascaris univalens (Nematode worm)
A0A915AQ90	Parascaris univalens (Nematode worm)
A0A915ARK7	Parascaris univalens (Nematode worm)
A0A915ARL1	Parascaris univalens (Nematode worm)
A0A915AT30	Parascaris univalens (Nematode worm)
A0A915AXV2	Parascaris univalens (Nematode worm)
A0A915BAY2	Parascaris univalens (Nematode worm)
A0A915BBQ6	Parascaris univalens (Nematode worm)
A0A915BLB9	Parascaris univalens (Nematode worm)
A0A915BLM4	Parascaris univalens (Nematode worm)
A0A915BM36	Parascaris univalens (Nematode worm)
A0A915BN37	Parascaris univalens (Nematode worm)
A0A915BTK9	Parascaris univalens (Nematode worm)
A0A915BWS1	Parascaris univalens (Nematode worm)
A0A915BYM1	Parascaris univalens (Nematode worm)
A0A915C835	Parascaris univalens (Nematode worm)
A0A915C8Q0	Parascaris univalens (Nematode worm)
A0A915DGZ5	Ditylenchus dipsaci
A0A915DH79	Ditylenchus dipsaci
A0A915DWN0	Ditylenchus dipsaci
A0A915E5Y4	Ditylenchus dipsaci
A0A915EEU0	Ditylenchus dipsaci
A0A915EPP9	Ditylenchus dipsaci
A0A915ERF0	Ditylenchus dipsaci
A0A915GNZ0	Mesorhabditis belari
A0A915I5J7	Romanomermis culicivorax (Nematode worm)
A0A915J5U8	Romanomermis culicivorax (Nematode worm)
A0A915JB94	Romanomermis culicivorax (Nematode worm)
A0A915JUC9	Romanomermis culicivorax (Nematode worm)
A0A915K5L9	Romanomermis culicivorax (Nematode worm)
A0A915KHI3	Romanomermis culicivorax (Nematode worm)
A0A915KQT0	Romanomermis culicivorax (Nematode worm)
A0A915L8A5	Romanomermis culicivorax (Nematode worm)
A0A915LGZ6	Meloidogyne javanica (Root-knot nematode worm)
A0A915LN48	Meloidogyne javanica (Root-knot nematode worm)
A0A915LQS5	Meloidogyne javanica (Root-knot nematode worm)
A0A915LR28	Meloidogyne javanica (Root-knot nematode worm)
A0A915LRJ4	Meloidogyne javanica (Root-knot nematode worm)
A0A915LXY9	Meloidogyne javanica (Root-knot nematode worm)
A0A915M5B6	Meloidogyne javanica (Root-knot nematode worm)
A0A915M7H8	Meloidogyne javanica (Root-knot nematode worm)
A0A915MQ73	Meloidogyne javanica (Root-knot nematode worm)
A0A915MSX8	Meloidogyne javanica (Root-knot nematode worm)
A0A915MV74	Meloidogyne javanica (Root-knot nematode worm)
A0A915MVY1	Meloidogyne javanica (Root-knot nematode worm)
A0A915MY01	Meloidogyne javanica (Root-knot nematode worm)
A0A915N2E1	Meloidogyne javanica (Root-knot nematode worm)
A0A915N3R8	Meloidogyne javanica (Root-knot nematode worm)
A0A915NM77	Meloidogyne floridensis
A0A915NPR7	Meloidogyne floridensis
A0A915NQZ2	Meloidogyne floridensis
A0A915NRU3	Meloidogyne floridensis
A0A915NY84	Meloidogyne floridensis
A0A915P0T6	Meloidogyne floridensis
A0A915P244	Meloidogyne floridensis
A0A915P444	Meloidogyne floridensis
A0A915PAM6	Meloidogyne floridensis
A0A915PC15	Meloidogyne floridensis
A0A915PCN7	Meloidogyne floridensis
A0A915PEU8	Meloidogyne floridensis
A0A915PFG0	Meloidogyne floridensis
A0A915PKZ9	Setaria digitata
A0A915PMQ8	Setaria digitata
A0A915PN65	Setaria digitata
A0A915PP51	Setaria digitata
A0A915PTX4	Setaria digitata
A0A915PTY2	Setaria digitata
A0A915PVX3	Setaria digitata
A0A915Q024	Setaria digitata
A0A915Q0I6	Setaria digitata
A0A915Q1Z4	Setaria digitata
A0A915Q3F4	Setaria digitata
A0A915Q5K3	Setaria digitata
A0A9J2PNJ5	Ascaris lumbricoides (Giant roundworm)
A0A9J2PNT8	Ascaris lumbricoides (Giant roundworm)
A0A9J2PYE4	Ascaris lumbricoides (Giant roundworm)
A0A9J2PZ69	Ascaris lumbricoides (Giant roundworm)
A0A9J2Q3F7	Ascaris lumbricoides (Giant roundworm)
A0A9P1I6J8	Caenorhabditis angaria
A0A9P1I969	Caenorhabditis angaria
A0A9P1I9N0	Caenorhabditis angaria
A0A9P1IAI7	Caenorhabditis angaria
A0A9P1IC17	Caenorhabditis angaria
A0A9P1ICC4	Caenorhabditis angaria
A0A9P1IFV5	Caenorhabditis angaria
A0A9P1IJ00	Caenorhabditis angaria
A0A9P1ILV8	Caenorhabditis angaria
A0A9P1IMX9	Caenorhabditis angaria
A0A9P1INT5	Caenorhabditis angaria
A0A9P1IPV8	Caenorhabditis angaria
A0A9P1IQ34	Caenorhabditis angaria
A0A9P1ITD7	Caenorhabditis angaria
A0A9P1IX99	Caenorhabditis angaria
A0A9P1IYN0	Caenorhabditis angaria
A0A9P1IYW4	Caenorhabditis angaria
A0A9P1IYY5	Caenorhabditis angaria
A0A9P1IZK1	Caenorhabditis angaria
A0A9P1J1D8	Caenorhabditis angaria
A0A9P1J2Z4	Caenorhabditis angaria
A0A9P1J3D7	Caenorhabditis angaria
A0A9P1J459	Caenorhabditis angaria
A0A9P1J4A2	Caenorhabditis angaria
A0A9P1J697	Caenorhabditis angaria
A0A9P1J745	Caenorhabditis angaria
A0A9P1MTW3	Caenorhabditis angaria
A0A9P1MYY5	Caenorhabditis angaria
A0A9P1MZ08	Caenorhabditis angaria
A0A9P1N2J9	Caenorhabditis angaria
A0A9P1N3N1	Caenorhabditis angaria
A0A9P1N3Y0	Caenorhabditis angaria
A0A9P1N649	Caenorhabditis angaria
A0A9P1N7Q5	Caenorhabditis angaria
A0A9P1NB21	Caenorhabditis angaria
A0AA36C7J4	Mesorhabditis spiculigera
A0AA36CCG0	Mesorhabditis spiculigera
A0AA36CX21	Mesorhabditis spiculigera
A0AA36D158	Mesorhabditis spiculigera
A0AA36D1L2	Mesorhabditis spiculigera
A0AA36D5F6	Mesorhabditis spiculigera
A0AA36DAU3	Mesorhabditis spiculigera
A0AA36DCS5	Mesorhabditis spiculigera
A0AA36DG57	Mesorhabditis spiculigera
A0AA36DM23	Cylicocyclus nassatus (Nematode worm)
A0AA36DMM0	Cylicocyclus nassatus (Nematode worm)
A0AA36DP37	Cylicocyclus nassatus (Nematode worm)
A0AA36DU10	Cylicocyclus nassatus (Nematode worm)
A0AA36DU21	Cylicocyclus nassatus (Nematode worm)
A0AA36FUE5	Mesorhabditis spiculigera
A0AA36FYG3	Mesorhabditis spiculigera
A0AA36G144	Mesorhabditis spiculigera
A0AA36G4F5	Mesorhabditis spiculigera
A0AA36G5L4	Mesorhabditis spiculigera
A0AA36G5N8	Mesorhabditis spiculigera
A0AA36G8H0	Mesorhabditis spiculigera
A0AA36GCU1	Mesorhabditis spiculigera
A0AA36GGE4	Cylicocyclus nassatus (Nematode worm)
A0AA36GIW5	Cylicocyclus nassatus (Nematode worm)
A0AA36GJ02	Mesorhabditis spiculigera
A0AA36GJI0	Cylicocyclus nassatus (Nematode worm)
A0AA36GN86	Cylicocyclus nassatus (Nematode worm)
A0AA36GP85	Cylicocyclus nassatus (Nematode worm)
A0AA36GPD8	Cylicocyclus nassatus (Nematode worm)
A0AA36GR16	Cylicocyclus nassatus (Nematode worm)
A0AA36GT21	Cylicocyclus nassatus (Nematode worm)
A0AA36GXS2	Cylicocyclus nassatus (Nematode worm)
A0AA36GZE8	Cylicocyclus nassatus (Nematode worm)
A0AA36GZY9	Cylicocyclus nassatus (Nematode worm)
A0AA36H039	Cylicocyclus nassatus (Nematode worm)
A0AA36H052	Cylicocyclus nassatus (Nematode worm)
A0AA36H154	Cylicocyclus nassatus (Nematode worm)
A0AA36H1P2	Cylicocyclus nassatus (Nematode worm)
A0AA36H1R1	Cylicocyclus nassatus (Nematode worm)
A0AA36H487	Cylicocyclus nassatus (Nematode worm)
A0AA36H5G5	Cylicocyclus nassatus (Nematode worm)
A0AA36H5N1	Cylicocyclus nassatus (Nematode worm)
A0AA36H610	Cylicocyclus nassatus (Nematode worm)
A0AA36H6U5	Cylicocyclus nassatus (Nematode worm)
A0AA36H9J7	Cylicocyclus nassatus (Nematode worm)
A0AA36HBH1	Cylicocyclus nassatus (Nematode worm)
A0AA36HBQ9	Cylicocyclus nassatus (Nematode worm)
A0AA36HD20	Cylicocyclus nassatus (Nematode worm)
A0AA36M2A3	Cylicocyclus nassatus (Nematode worm)
A0AA36M718	Cylicocyclus nassatus (Nematode worm)
A0AA36M7R2	Cylicocyclus nassatus (Nematode worm)
A0AA36MAM8	Cylicocyclus nassatus (Nematode worm)
A0AA36MAV9	Cylicocyclus nassatus (Nematode worm)
A0AA36MBL9	Cylicocyclus nassatus (Nematode worm)
A0AA36MDF9	Cylicocyclus nassatus (Nematode worm)
A0AA36MEG5	Cylicocyclus nassatus (Nematode worm)
A0AA36MH46	Cylicocyclus nassatus (Nematode worm)
A0AA36MHF0	Cylicocyclus nassatus (Nematode worm)
A0AA39GZ27	Steinernema hermaphroditum
A0AA39H013	Steinernema hermaphroditum
A0AA39H034	Steinernema hermaphroditum
A0AA39H0G1	Steinernema hermaphroditum
A0AA39H1A9	Steinernema hermaphroditum
A0AA39H431	Steinernema hermaphroditum
A0AA39H5E3	Steinernema hermaphroditum
A0AA39H7W1	Steinernema hermaphroditum
A0AA39H850	Steinernema hermaphroditum
A0AA39H912	Steinernema hermaphroditum
A0AA39H9C5	Steinernema hermaphroditum
A0AA39HFH3	Steinernema hermaphroditum
A0AA39HIG6	Steinernema hermaphroditum
A0AA39HJN9	Steinernema hermaphroditum
A0AA39HKZ2	Steinernema hermaphroditum
A0AA39HNZ1	Steinernema hermaphroditum
A0AA39HQ49	Steinernema hermaphroditum
A0AA39HQ88	Steinernema hermaphroditum
A0AA39HQU8	Steinernema hermaphroditum
A0AA39HRZ5	Steinernema hermaphroditum
A0AA39HZ56	Steinernema hermaphroditum
A0AA39I2S9	Steinernema hermaphroditum
A0AA39ICV3	Steinernema hermaphroditum
A0AA39IJX6	Steinernema hermaphroditum
A0AA39IKB9	Steinernema hermaphroditum
A0AA39ILN5	Steinernema hermaphroditum
A0AA39IMI9	Steinernema hermaphroditum
A0AA39IMR9	Steinernema hermaphroditum
A0AA39IP27	Steinernema hermaphroditum
A0AA39IP86	Steinernema hermaphroditum
A0AA39IPR0	Steinernema hermaphroditum
A0AA39IQB4	Steinernema hermaphroditum
A0AA39IQJ2	Steinernema hermaphroditum
A0AA39IQP8	Steinernema hermaphroditum
A0AA39IRJ8	Steinernema hermaphroditum
A0AA39IS09	Steinernema hermaphroditum
A0AA39ISB0	Steinernema hermaphroditum
A0AA39ISF6	Steinernema hermaphroditum
A0AA39ISI4	Steinernema hermaphroditum
A0AA39ITJ7	Steinernema hermaphroditum
A0AA39LDH4	Steinernema hermaphroditum
A0AA39LDV0	Steinernema hermaphroditum
A0AA39LFA9	Steinernema hermaphroditum
A0AA39LHL3	Steinernema hermaphroditum
A0AA39LIY6	Steinernema hermaphroditum
A0AA39LJ16	Steinernema hermaphroditum
A0AA39LJ67	Steinernema hermaphroditum
A0AA39LKX6	Steinernema hermaphroditum
A0AA39LLG7	Steinernema hermaphroditum
A0AA39LLV0	Steinernema hermaphroditum
A0AA39LM52	Steinernema hermaphroditum
A0AA39LMK1	Steinernema hermaphroditum
A0AA39LT94	Steinernema hermaphroditum
A0AA39LTY9	Steinernema hermaphroditum
A0AA39LV26	Steinernema hermaphroditum
A0AA39M7T9	Steinernema hermaphroditum
A0AA39M8Q1	Steinernema hermaphroditum
A0AA39M9F6	Steinernema hermaphroditum
A0AA39MAY2	Steinernema hermaphroditum
A0AA39MBF5	Steinernema hermaphroditum
A0AA39MCM5	Steinernema hermaphroditum
A0AA39MCQ2	Steinernema hermaphroditum
A0AA39MD54	Steinernema hermaphroditum
A0AAD5MBC3	Parelaphostrongylus tenuis (Meningeal worm)
A0AAD5MKV3	Parelaphostrongylus tenuis (Meningeal worm)
A0AAD5MM13	Parelaphostrongylus tenuis (Meningeal worm)
A0AAD5QTT5	Parelaphostrongylus tenuis (Meningeal worm)
A0AAD5QVQ5	Parelaphostrongylus tenuis (Meningeal worm)
A0AAD5QWH8	Parelaphostrongylus tenuis (Meningeal worm)
A0AAD5QZ71	Parelaphostrongylus tenuis (Meningeal worm)
A0AAD5R006	Parelaphostrongylus tenuis (Meningeal worm)
A0AAD5R1Q7	Parelaphostrongylus tenuis (Meningeal worm)
A0AAD5RBS7	Parelaphostrongylus tenuis (Meningeal worm)
A0AAE8ZME2	Caenorhabditis briggsae
A0AAE9AHW8	Caenorhabditis briggsae
A0AAE9D1F9	Caenorhabditis briggsae
A0AAE9DI74	Caenorhabditis briggsae
A0AAE9DQE0	Caenorhabditis briggsae
A0AAE9DS53	Caenorhabditis briggsae
A0AAE9DVX5	Caenorhabditis briggsae
A0AAE9DYW3	Caenorhabditis briggsae
A0AAE9E2W2	Caenorhabditis briggsae
A0AAE9E920	Caenorhabditis briggsae
A0AAE9EAK7	Caenorhabditis briggsae
A0AAE9EB27	Caenorhabditis briggsae
A0AAE9EJA4	Caenorhabditis briggsae
A0AAE9EQ21	Caenorhabditis briggsae
A0AAE9EQP0	Caenorhabditis briggsae
A0AAE9ER06	Caenorhabditis briggsae
A0AAE9ET12	Caenorhabditis briggsae
A0AAE9EV89	Caenorhabditis briggsae
A0AAE9EX87	Caenorhabditis briggsae
A0AAE9EZK9	Caenorhabditis briggsae
A0AAE9F2X0	Caenorhabditis briggsae
A0AAE9F4R6	Caenorhabditis briggsae
A0AAE9F5C3	Caenorhabditis briggsae
A0AAE9F778	Caenorhabditis briggsae
A0AAE9FDW2	Caenorhabditis briggsae
A0AAE9FJU5	Caenorhabditis briggsae
A0AAE9IV80	Caenorhabditis briggsae
A0AAE9J3Q5	Caenorhabditis briggsae
A0AAE9JCQ3	Caenorhabditis briggsae
A0AAE9JCS5	Caenorhabditis briggsae
A0AAE9JIW4	Caenorhabditis briggsae
A0AAE9JMQ2	Caenorhabditis briggsae
A0AAE9JS29	Caenorhabditis briggsae
A0AAF3EBB7	Mesorhabditis belari
A0AAF3EEA4	Mesorhabditis belari
A0AAF3EMA6	Mesorhabditis belari
A0AAF3EPB2	Mesorhabditis belari
A0AAF3EUB4	Mesorhabditis belari
A0AAF3EXE6	Mesorhabditis belari
A0AAF3F0C0	Mesorhabditis belari
A0AAF3F2Q3	Mesorhabditis belari
A0AAF3FAB1	Mesorhabditis belari
A0AAF3FAK8	Mesorhabditis belari
A0AAF3FFM6	Mesorhabditis belari
A0AAF3FFQ4	Mesorhabditis belari
A0AAF3FGP7	Mesorhabditis belari
A0AAF3FM42	Mesorhabditis belari
A0AAF3FNU1	Mesorhabditis belari
A0AAF3J4E8	Mesorhabditis belari
A0AAF3J4F5	Mesorhabditis belari
A0AAF3J4X1	Mesorhabditis belari
A0AAF3J5G6	Mesorhabditis belari
A0AAF3J9D2	Mesorhabditis belari
A0AAF3J9Q8	Mesorhabditis belari
A0AAF3J9V7	Mesorhabditis belari
A0AAF5CVP5	Strongyloides stercoralis (Threadworm)
A0AAF5DC13	Strongyloides stercoralis (Threadworm)
A0AAF5DDN7	Strongyloides stercoralis (Threadworm)
A0AAN4YZ23	Pristionchus mayeri
A0AAN4Z2V2	Pristionchus mayeri
A0AAN4Z390	Pristionchus mayeri
A0AAN4ZAE3	Pristionchus mayeri
A0AAN4ZEA2	Pristionchus mayeri
A0AAN4ZHT6	Pristionchus mayeri
A0AAN4ZI50	Pristionchus mayeri
A0AAN4ZQF3	Pristionchus mayeri
A0AAN4ZQH4	Pristionchus mayeri
A0AAN4ZQS6	Pristionchus mayeri
A0AAN5C065	Pristionchus mayeri
A0AAN5CE58	Pristionchus mayeri
A0AAN5CFW7	Pristionchus mayeri
A0AAN5CKE3	Pristionchus mayeri
A0AAN5CL14	Pristionchus mayeri
A0AAN5CPU5	Pristionchus mayeri
A0AAN5CTB1	Pristionchus mayeri
A0AAN5D6Y3	Pristionchus mayeri
A0AAN5D9G1	Pristionchus mayeri
A0AAN5DAE2	Pristionchus mayeri
A0AAN5DB53	Pristionchus mayeri
A0AAN5DHQ7	Pristionchus mayeri
A0AAN5HXS9	Pristionchus mayeri
A0AAN5HZ60	Pristionchus mayeri
A0AAN5HZT3	Pristionchus mayeri
A0AAN5I0F0	Pristionchus mayeri
A0AAN5I178	Pristionchus mayeri
A0AAN5I3K9	Pristionchus mayeri
A0AAN5I6Q4	Pristionchus mayeri
A0AAN5IAX7	Pristionchus mayeri
A0AAN5IC63	Pristionchus mayeri
A0AAN8G7Q3	Trichostrongylus colubriformis (Black scour worm)
A0AAN8GF64	Trichostrongylus colubriformis (Black scour worm)
A0AAN8ICG0	Trichostrongylus colubriformis (Black scour worm)
A0AAV5SAJ5	Pristionchus entomophagus
A0AAV5SID6	Pristionchus entomophagus
A0AAV5SJW7	Pristionchus entomophagus
A0AAV5SPE1	Pristionchus entomophagus
A0AAV5SPV8	Pristionchus entomophagus
A0AAV5SQM7	Pristionchus entomophagus
A0AAV5SSU7	Pristionchus entomophagus
A0AAV5SVY9	Pristionchus entomophagus
A0AAV5SYT2	Pristionchus entomophagus
A0AAV5T1P9	Pristionchus entomophagus
A0AAV5T388	Pristionchus entomophagus
A0AAV5T3G1	Pristionchus entomophagus
A0AAV5T8L1	Pristionchus entomophagus
A0AAV5TB30	Pristionchus entomophagus
A0AAV5TBZ5	Pristionchus entomophagus
A0AAV5TEU9	Pristionchus entomophagus
A0AAV5TK47	Pristionchus entomophagus
A0AAV5TUZ2	Pristionchus entomophagus
A0AAV5U375	Pristionchus entomophagus
A0AAV5U3I9	Pristionchus entomophagus
A0AAV5U8G9	Pristionchus entomophagus
A0AAV5UP69	Pristionchus entomophagus
A0AAV5UUK8	Pristionchus fissidentatus
A0AAV5UW85	Pristionchus fissidentatus
A0AAV5V4M5	Pristionchus fissidentatus
A0AAV5V5D9	Pristionchus fissidentatus
A0AAV5V665	Pristionchus fissidentatus
A0AAV5V877	Pristionchus fissidentatus
A0AAV5V8N5	Pristionchus fissidentatus
A0AAV5VEX0	Pristionchus fissidentatus
A0AAV5VH20	Pristionchus fissidentatus
A0AAV5VNS8	Pristionchus fissidentatus
A0AAV5VPC3	Pristionchus fissidentatus
A0AAV5VXU9	Pristionchus fissidentatus
A0AAV5VY11	Pristionchus fissidentatus
A0AAV5W1T9	Pristionchus fissidentatus
A0AAV5WI22	Pristionchus fissidentatus
A0AAV5WZ89	Pristionchus fissidentatus
A0ABD2HSR5	Heterodera schachtii (Sugarbeet cyst nematode worm) (Tylenchus schachtii)
A0ABD2HWJ4	Heterodera trifolii
A0ABD2HYY4	Heterodera trifolii
A0ABD2HZD7	Heterodera schachtii (Sugarbeet cyst nematode worm) (Tylenchus schachtii)
A0ABD2I4P3	Heterodera trifolii
A0ABD2I539	Heterodera schachtii (Sugarbeet cyst nematode worm) (Tylenchus schachtii)
A0ABD2I6Y1	Heterodera trifolii
A0ABD2I9F6	Heterodera trifolii
A0ABD2I9L1	Heterodera trifolii
A0ABD2ICH4	Heterodera schachtii (Sugarbeet cyst nematode worm) (Tylenchus schachtii)
A0ABD2ID68	Heterodera trifolii
A0ABD2IET5	Heterodera trifolii
A0ABD2ILV8	Heterodera trifolii
A0ABD2IRS4	Heterodera schachtii (Sugarbeet cyst nematode worm) (Tylenchus schachtii)
A0ABD2ITG1	Heterodera schachtii (Sugarbeet cyst nematode worm) (Tylenchus schachtii)
A0ABD2ITH0	Heterodera trifolii
A0ABD2IWV8	Heterodera schachtii (Sugarbeet cyst nematode worm) (Tylenchus schachtii)
A0ABD2IXI7	Heterodera trifolii
A0ABD2J2Z6	Heterodera schachtii (Sugarbeet cyst nematode worm) (Tylenchus schachtii)
A0ABD2JAC6	Heterodera trifolii
A0ABD2JBR2	Heterodera schachtii (Sugarbeet cyst nematode worm) (Tylenchus schachtii)
A0ABD2JC03	Heterodera trifolii
A0ABD2JDJ8	Heterodera trifolii
A0ABD2JDP2	Heterodera schachtii (Sugarbeet cyst nematode worm) (Tylenchus schachtii)
A0ABD2JGA7	Heterodera trifolii
A0ABD2JGJ1	Heterodera trifolii
A0ABD2JIN0	Heterodera trifolii
A0ABD2JN98	Heterodera trifolii
A0ABD2JNZ8	Heterodera trifolii
A0ABD2JR03	Heterodera schachtii (Sugarbeet cyst nematode worm) (Tylenchus schachtii)
A0ABD2JRS6	Heterodera trifolii
A0ABD2JXE9	Heterodera schachtii (Sugarbeet cyst nematode worm) (Tylenchus schachtii)
A0ABD2K3T3	Heterodera schachtii (Sugarbeet cyst nematode worm) (Tylenchus schachtii)
A0ABD2K9G7	Heterodera schachtii (Sugarbeet cyst nematode worm) (Tylenchus schachtii)
A0ABD2KAB1	Heterodera trifolii
A0ABD2KB33	Heterodera schachtii (Sugarbeet cyst nematode worm) (Tylenchus schachtii)
A0ABD2KCN5	Heterodera trifolii
A0ABD2KG43	Heterodera schachtii (Sugarbeet cyst nematode worm) (Tylenchus schachtii)
A0ABD2KHD9	Heterodera schachtii (Sugarbeet cyst nematode worm) (Tylenchus schachtii)
A0ABD2KID1	Heterodera trifolii
A0ABD2KMI5	Heterodera trifolii
A0ABD2KNK1	Heterodera trifolii
A0ABD2KQG6	Heterodera trifolii
A0ABD2KRE4	Heterodera trifolii
A0ABD2KSC2	Heterodera trifolii
A0ABD2KTJ8	Heterodera trifolii
A0ABD2KVN4	Heterodera trifolii
A0ABD2KZX3	Heterodera trifolii
A0ABD2L015	Heterodera trifolii
A0ABD2L1G0	Heterodera trifolii
A0ABD2L6G7	Heterodera trifolii
A0ABD2L7D3	Heterodera trifolii
A0ABD2LA20	Heterodera trifolii
A0ABD2LDB4	Heterodera trifolii
A0ABD2LDH0	Heterodera trifolii
A0ABD2LEY5	Heterodera trifolii
A0ABD2LF88	Heterodera trifolii
A0ABD2LJE9	Heterodera trifolii
A0ABD2LK34	Heterodera trifolii
A0ABD2LL87	Heterodera trifolii
A0ABD2LMJ5	Heterodera trifolii
A0ABD2LVU6	Heterodera trifolii
A0ABD2LWH6	Heterodera trifolii
A0ABD2LWW5	Heterodera trifolii
A0ABD2LX54	Heterodera trifolii
A0ABD2LX61	Heterodera trifolii
A0ABD6E1W3	Gnathostoma spinigerum
A0ABD6E5B4	Gnathostoma spinigerum
A0ABD6EAW9	Gnathostoma spinigerum
A0ABD6ED57	Gnathostoma spinigerum
A0ABD6EE07	Gnathostoma spinigerum
A0ABD6EE44	Gnathostoma spinigerum
A0ABD6EHB9	Gnathostoma spinigerum
A0ABD6EJR1	Gnathostoma spinigerum
A0ABD6EJU9	Gnathostoma spinigerum
A0ABD6EMA2	Gnathostoma spinigerum
A0ABD6ET59	Gnathostoma spinigerum
A0ABD6EVZ3	Gnathostoma spinigerum
A0ABD6EYR1	Gnathostoma spinigerum
A0ABD6F4H9	Gnathostoma spinigerum
A0ABR1BM36	Necator americanus (Human hookworm)
A0ABR1BMA0	Necator americanus (Human hookworm)
A0ABR1BNG1	Necator americanus (Human hookworm)
A0ABR1BNU6	Necator americanus (Human hookworm)
A0ABR1BQA6	Necator americanus (Human hookworm)
A0ABR1BQD7	Necator americanus (Human hookworm)
A0ABR1BVI9	Necator americanus (Human hookworm)
A0ABR1BXJ6	Necator americanus (Human hookworm)
A0ABR1BXS9	Necator americanus (Human hookworm)
A0ABR1BZX9	Necator americanus (Human hookworm)
A0ABR1C0C0	Necator americanus (Human hookworm)
A0ABR1C0Q6	Necator americanus (Human hookworm)
A0ABR1C2A0	Necator americanus (Human hookworm)
A0ABR1C3M0	Necator americanus (Human hookworm)
A0ABR1C425	Necator americanus (Human hookworm)
A0ABR1C565	Necator americanus (Human hookworm)
A0ABR1C829	Necator americanus (Human hookworm)
A0ABR1CB40	Necator americanus (Human hookworm)
A0ABR1CJN0	Necator americanus (Human hookworm)
A0ABR1CM81	Necator americanus (Human hookworm)
A0ABR1CZU1	Necator americanus (Human hookworm)
A0ABR1D015	Necator americanus (Human hookworm)
A0ABR1D861	Necator americanus (Human hookworm)
A0ABR1D8W2	Necator americanus (Human hookworm)
A0ABR1DAG6	Necator americanus (Human hookworm)
A0ABR1DBR9	Necator americanus (Human hookworm)
A0ABR1DGZ6	Necator americanus (Human hookworm)
A0ABR1DKI7	Necator americanus (Human hookworm)
A0ABR1DLM6	Necator americanus (Human hookworm)
A0ABR1DP84	Necator americanus (Human hookworm)
A0ABR1DQ42	Necator americanus (Human hookworm)
A0ABR1DQ58	Necator americanus (Human hookworm)
A0ABR1DQX1	Necator americanus (Human hookworm)
A0ABR1DW38	Necator americanus (Human hookworm)
A0ABR1E3Q7	Necator americanus (Human hookworm)
A0ABR1E8T6	Necator americanus (Human hookworm)
A0ABR1E9Q9	Necator americanus (Human hookworm)
A0ABR1EBF8	Necator americanus (Human hookworm)
A0ABR1EBL9	Necator americanus (Human hookworm)
A0ABR1ETU7	Necator americanus (Human hookworm)
A0ABR1EX02	Necator americanus (Human hookworm)
A0ACB0XSV2	Meloidogyne enterolobii (Root-knot nematode worm) (Meloidogyne mayaguensis)
A0ACB0XUE8	Meloidogyne enterolobii (Root-knot nematode worm) (Meloidogyne mayaguensis)
A0ACB0Y5X1	Meloidogyne enterolobii (Root-knot nematode worm) (Meloidogyne mayaguensis)
A0ACB0Y744	Meloidogyne enterolobii (Root-knot nematode worm) (Meloidogyne mayaguensis)
A0ACB0YEB6	Meloidogyne enterolobii (Root-knot nematode worm) (Meloidogyne mayaguensis)
A0ACB0YJA9	Meloidogyne enterolobii (Root-knot nematode worm) (Meloidogyne mayaguensis)
A0ACB0YJD2	Meloidogyne enterolobii (Root-knot nematode worm) (Meloidogyne mayaguensis)
A0ACB0YJE7	Meloidogyne enterolobii (Root-knot nematode worm) (Meloidogyne mayaguensis)
A0ACB0YRX9	Meloidogyne enterolobii (Root-knot nematode worm) (Meloidogyne mayaguensis)
A0ACB0YTS0	Meloidogyne enterolobii (Root-knot nematode worm) (Meloidogyne mayaguensis)
A0ACB0Z6G4	Meloidogyne enterolobii (Root-knot nematode worm) (Meloidogyne mayaguensis)
A0ACB0ZF99	Meloidogyne enterolobii (Root-knot nematode worm) (Meloidogyne mayaguensis)
A0ACB0ZRL2	Meloidogyne enterolobii (Root-knot nematode worm) (Meloidogyne mayaguensis)
A0ACB0ZVK1	Meloidogyne enterolobii (Root-knot nematode worm) (Meloidogyne mayaguensis)
A0ACB1AAJ3	Meloidogyne enterolobii (Root-knot nematode worm) (Meloidogyne mayaguensis)
A0ACB1APS9	Meloidogyne enterolobii (Root-knot nematode worm) (Meloidogyne mayaguensis)
A0ACB1AXR3	Meloidogyne enterolobii (Root-knot nematode worm) (Meloidogyne mayaguensis)
A0ACB1B5H9	Meloidogyne enterolobii (Root-knot nematode worm) (Meloidogyne mayaguensis)
E3LID9	Caenorhabditis remanei (Caenorhabditis vulgaris)
E3LU65	Caenorhabditis remanei (Caenorhabditis vulgaris)
E3M6K1	Caenorhabditis remanei (Caenorhabditis vulgaris)
E3ME02	Caenorhabditis remanei (Caenorhabditis vulgaris)
E3N555	Caenorhabditis remanei (Caenorhabditis vulgaris)
E3N5L6	Caenorhabditis remanei (Caenorhabditis vulgaris)
E3NUB5	Caenorhabditis remanei (Caenorhabditis vulgaris)
E3NVI0	Caenorhabditis remanei (Caenorhabditis vulgaris)
G0MAE4	Caenorhabditis brenneri (Nematode worm)
G0ML55	Caenorhabditis brenneri (Nematode worm)
G0MUP3	Caenorhabditis brenneri (Nematode worm)
G0N6M0	Caenorhabditis brenneri (Nematode worm)
G0N8F1	Caenorhabditis brenneri (Nematode worm)
G0N8T9	Caenorhabditis brenneri (Nematode worm)
G0NEX4	Caenorhabditis brenneri (Nematode worm)
G0NFK8	Caenorhabditis brenneri (Nematode worm)
G0NJG0	Caenorhabditis brenneri (Nematode worm)
G0NPQ6	Caenorhabditis brenneri (Nematode worm)
G0NPY6	Caenorhabditis brenneri (Nematode worm)
G0NQG2	Caenorhabditis brenneri (Nematode worm)
G0NR84	Caenorhabditis brenneri (Nematode worm)
G0NTY4	Caenorhabditis brenneri (Nematode worm)
G0NYJ2	Caenorhabditis brenneri (Nematode worm)
G0P2X1	Caenorhabditis brenneri (Nematode worm)
G0P3N9	Caenorhabditis brenneri (Nematode worm)
G0P9N3	Caenorhabditis brenneri (Nematode worm)
G0PE44	Caenorhabditis brenneri (Nematode worm)
G0PIN3	Caenorhabditis brenneri (Nematode worm)
G0PIV2	Caenorhabditis brenneri (Nematode worm)
G0PJV4	Caenorhabditis brenneri (Nematode worm)
G0PLC5	Caenorhabditis brenneri (Nematode worm)
G0PM78	Caenorhabditis brenneri (Nematode worm)
H2VZC2	Caenorhabditis japonica
W2T3T0	Necator americanus (Human hookworm)
A0A016RZ79	Ancylostoma ceylanicum
A0A016RZR3	Ancylostoma ceylanicum
A0A016RZS3	Ancylostoma ceylanicum
A0A016RZS7	Ancylostoma ceylanicum
A0A016S013	Ancylostoma ceylanicum
A0A016S0Z5	Ancylostoma ceylanicum
A0A016S2Q5	Ancylostoma ceylanicum
A0A016S523	Ancylostoma ceylanicum
A0A016S5F5	Ancylostoma ceylanicum
A0A016SKU7	Ancylostoma ceylanicum
A0A016SP36	Ancylostoma ceylanicum
A0A016SRE6	Ancylostoma ceylanicum
A0A016T0K8	Ancylostoma ceylanicum
A0A016T2M9	Ancylostoma ceylanicum
A0A016T657	Ancylostoma ceylanicum
A0A016TCS2	Ancylostoma ceylanicum
A0A016TI69	Ancylostoma ceylanicum
A0A016TZW9	Ancylostoma ceylanicum
A0A016U005	Ancylostoma ceylanicum
A0A016U078	Ancylostoma ceylanicum
A0A016U122	Ancylostoma ceylanicum
A0A016U1D5	Ancylostoma ceylanicum
A0A016U1U6	Ancylostoma ceylanicum
A0A016U265	Ancylostoma ceylanicum
A0A016U3N6	Ancylostoma ceylanicum
A0A016U824	Ancylostoma ceylanicum
A0A016UBJ6	Ancylostoma ceylanicum
A0A016UC08	Ancylostoma ceylanicum
A0A016UHV3	Ancylostoma ceylanicum
A0A016UUA6	Ancylostoma ceylanicum
A0A016UXZ8	Ancylostoma ceylanicum
A0A016UZJ3	Ancylostoma ceylanicum
A0A016V759	Ancylostoma ceylanicum
A0A016V9Y8	Ancylostoma ceylanicum
A0A016VAP1	Ancylostoma ceylanicum
A0A016VBC5	Ancylostoma ceylanicum
A0A016VBG2	Ancylostoma ceylanicum
A0A016VCZ4	Ancylostoma ceylanicum
A0A016VSE1	Ancylostoma ceylanicum
A0A016VVJ7	Ancylostoma ceylanicum
A0A016VX36	Ancylostoma ceylanicum
A0A016VZ34	Ancylostoma ceylanicum
A0A016W348	Ancylostoma ceylanicum
A0A016W7V2	Ancylostoma ceylanicum
A0A016WFG3	Ancylostoma ceylanicum
A0A016WI18	Ancylostoma ceylanicum
A0A016WVM5	Ancylostoma ceylanicum
A0A016WY30	Ancylostoma ceylanicum
A0A016WZ10	Ancylostoma ceylanicum
A0A016X0C8	Ancylostoma ceylanicum
A0A085LRL1	Trichuris suis (pig whipworm)
A0A085M1C1	Trichuris suis (pig whipworm)
A0A085MNA4	Trichuris suis (pig whipworm)
A0A085NJG3	Trichuris suis (pig whipworm)
A0A085NSC7	Trichuris suis (pig whipworm)
A0A085NUT1	Trichuris suis (pig whipworm)
A0A090MY08	Strongyloides ratti (Parasitic roundworm)
A0A0B1SCH6	Oesophagostomum dentatum (Nodular worm)
A0A0B2VDC7	Toxocara canis (Canine roundworm)
A0A0C2DL09	Ancylostoma duodenale
A0A0H5S8S2	Brugia malayi (Filarial nematode worm)
A0A0J9XNX4	Brugia malayi (Filarial nematode worm)
A0A0J9XYS4	Brugia malayi (Filarial nematode worm)
A0A0K0DLY1	Angiostrongylus cantonensis (Rat lungworm)
A0A0K0E516	Strongyloides stercoralis (Threadworm)
A0A0K0FL47	Strongyloides venezuelensis (Threadworm)
A0A0M3HT77	Ascaris lumbricoides (Giant roundworm)
A0A0M3I0E0	Ascaris lumbricoides (Giant roundworm)
A0A0M3J1A3	Anisakis simplex (Herring worm)
A0A0M3JEQ9	Anisakis simplex (Herring worm)
A0A0M3JH01	Anisakis simplex (Herring worm)
A0A0M3JTT0	Anisakis simplex (Herring worm)
A0A0M3JTZ4	Anisakis simplex (Herring worm)
A0A0M3JUE1	Anisakis simplex (Herring worm)
A0A0M3JVC1	Anisakis simplex (Herring worm)
A0A0M3JZS7	Anisakis simplex (Herring worm)
A0A0M3K2S4	Anisakis simplex (Herring worm)
A0A0M3K2V7	Anisakis simplex (Herring worm)
A0A0M3K555	Anisakis simplex (Herring worm)
A0A0M3K5H9	Anisakis simplex (Herring worm)
A0A0M3K637	Anisakis simplex (Herring worm)
A0A0M3K7G3	Anisakis simplex (Herring worm)
A0A0M3K837	Anisakis simplex (Herring worm)
A0A0M3K883	Anisakis simplex (Herring worm)
A0A0M3K8E8	Anisakis simplex (Herring worm)
A0A0M3KBC4	Anisakis simplex (Herring worm)
A0A0N4T0H0	Brugia pahangi (Filarial nematode worm)
A0A0N4T326	Brugia pahangi (Filarial nematode worm)
A0A0N4T5I4	Brugia pahangi (Filarial nematode worm)
A0A0N4T643	Brugia pahangi (Filarial nematode worm)
A0A0N4T7S6	Brugia pahangi (Filarial nematode worm)
A0A0N4TIZ4	Brugia pahangi (Filarial nematode worm)
A0A0N4TRC6	Brugia pahangi (Filarial nematode worm)
A0A0N4TSX8	Brugia pahangi (Filarial nematode worm)
A0A0N4TYC4	Brugia pahangi (Filarial nematode worm)
A0A0N4TYI2	Brugia pahangi (Filarial nematode worm)
A0A0N4U283	Dracunculus medinensis (Guinea worm)
A0A0N4U3Y1	Dracunculus medinensis (Guinea worm)
A0A0N4U6H5	Dracunculus medinensis (Guinea worm)
A0A0N4U7B8	Dracunculus medinensis (Guinea worm)
A0A0N4U7Q5	Dracunculus medinensis (Guinea worm)
A0A0N4UBF3	Dracunculus medinensis (Guinea worm)
A0A0N4UC08	Dracunculus medinensis (Guinea worm)
A0A0N4UJH9	Dracunculus medinensis (Guinea worm)
A0A0N4UKU3	Dracunculus medinensis (Guinea worm)
A0A0N4UQK8	Dracunculus medinensis (Guinea worm)
A0A0N4UXS8	Enterobius vermicularis (Human pinworm)
A0A0N4V2R5	Enterobius vermicularis (Human pinworm)
A0A0N4VA34	Enterobius vermicularis (Human pinworm)
A0A0N4VIZ7	Enterobius vermicularis (Human pinworm)
A0A0N4VK40	Enterobius vermicularis (Human pinworm)
A0A0N4VM34	Enterobius vermicularis (Human pinworm)
A0A0N4VQ79	Enterobius vermicularis (Human pinworm)
A0A0N4VQ90	Enterobius vermicularis (Human pinworm)
A0A0N4VQ92	Enterobius vermicularis (Human pinworm)
A0A0N4VQY5	Enterobius vermicularis (Human pinworm)
A0A0N4VRI5	Enterobius vermicularis (Human pinworm)
A0A0N4VU92	Haemonchus placei (Barber's pole worm)
A0A0N4VX35	Haemonchus placei (Barber's pole worm)
A0A0N4W586	Haemonchus placei (Barber's pole worm)
A0A0N4W618	Haemonchus placei (Barber's pole worm)
A0A0N4W8V6	Haemonchus placei (Barber's pole worm)
A0A0N4WC28	Haemonchus placei (Barber's pole worm)
A0A0N4WDT6	Haemonchus placei (Barber's pole worm)
A0A0N4WEM7	Haemonchus placei (Barber's pole worm)
A0A0N4WJA0	Haemonchus placei (Barber's pole worm)
A0A0N4WJD6	Haemonchus placei (Barber's pole worm)
A0A0N4WLS3	Haemonchus placei (Barber's pole worm)
A0A0N4WMR5	Haemonchus placei (Barber's pole worm)
A0A0N4WQE5	Haemonchus placei (Barber's pole worm)
A0A0N4WUM1	Haemonchus placei (Barber's pole worm)
A0A0N4WW45	Haemonchus placei (Barber's pole worm)
A0A0N4WX32	Haemonchus placei (Barber's pole worm)
A0A0N4WYU3	Haemonchus placei (Barber's pole worm)
A0A0N4WZ68	Haemonchus placei (Barber's pole worm)
A0A0N4WZK8	Haemonchus placei (Barber's pole worm)
A0A0N4WZY6	Haemonchus placei (Barber's pole worm)
A0A0N4X1A5	Haemonchus placei (Barber's pole worm)
A0A0N4X1H8	Haemonchus placei (Barber's pole worm)
A0A0N4X243	Haemonchus placei (Barber's pole worm)
A0A0N4X2C8	Haemonchus placei (Barber's pole worm)
A0A0N4X3N1	Haemonchus placei (Barber's pole worm)
A0A0N4X459	Haemonchus placei (Barber's pole worm)
A0A0N4X5I1	Haemonchus placei (Barber's pole worm)
A0A0N4X7W8	Haemonchus placei (Barber's pole worm)
A0A0N4X9I0	Haemonchus placei (Barber's pole worm)
A0A0N4XD30	Nippostrongylus brasiliensis (Rat hookworm)
A0A0N4XE57	Nippostrongylus brasiliensis (Rat hookworm)
A0A0N4XLP5	Nippostrongylus brasiliensis (Rat hookworm)
A0A0N4XMR7	Nippostrongylus brasiliensis (Rat hookworm)
A0A0N4XU38	Nippostrongylus brasiliensis (Rat hookworm)
A0A0N4XU39	Nippostrongylus brasiliensis (Rat hookworm)
A0A0N4XW56	Nippostrongylus brasiliensis (Rat hookworm)
A0A0N4XWZ2	Nippostrongylus brasiliensis (Rat hookworm)
A0A0N4XXK9	Nippostrongylus brasiliensis (Rat hookworm)
A0A0N4Y0E0	Nippostrongylus brasiliensis (Rat hookworm)
A0A0N4Y2Y3	Nippostrongylus brasiliensis (Rat hookworm)
A0A0N4Y5F8	Nippostrongylus brasiliensis (Rat hookworm)
A0A0N4Y7C7	Nippostrongylus brasiliensis (Rat hookworm)
A0A0N4Y8D2	Nippostrongylus brasiliensis (Rat hookworm)
A0A0N4Y8S1	Nippostrongylus brasiliensis (Rat hookworm)
A0A0N4YFB9	Nippostrongylus brasiliensis (Rat hookworm)
A0A0N4YHA5	Nippostrongylus brasiliensis (Rat hookworm)
A0A0N4YHK4	Nippostrongylus brasiliensis (Rat hookworm)
A0A0N4YJ57	Nippostrongylus brasiliensis (Rat hookworm)
A0A0N4YJW4	Nippostrongylus brasiliensis (Rat hookworm)
A0A0N4YL04	Nippostrongylus brasiliensis (Rat hookworm)
A0A0N4YN70	Nippostrongylus brasiliensis (Rat hookworm)
A0A0N4YNE6	Nippostrongylus brasiliensis (Rat hookworm)
A0A0N4YYB8	Nippostrongylus brasiliensis (Rat hookworm)
A0A0N5AQH4	Syphacia muris
A0A0N5CN45	Thelazia callipaeda (Oriental eyeworm) (Parasitic nematode)
A0A0N5CQH1	Thelazia callipaeda (Oriental eyeworm) (Parasitic nematode)
A0A0N5CQH2	Thelazia callipaeda (Oriental eyeworm) (Parasitic nematode)
A0A0N5CRC5	Thelazia callipaeda (Oriental eyeworm) (Parasitic nematode)
A0A0N5CRL0	Thelazia callipaeda (Oriental eyeworm) (Parasitic nematode)
A0A0N5CRN0	Thelazia callipaeda (Oriental eyeworm) (Parasitic nematode)
A0A0N5CUG4	Thelazia callipaeda (Oriental eyeworm) (Parasitic nematode)
A0A0N5CUS3	Thelazia callipaeda (Oriental eyeworm) (Parasitic nematode)
A0A0N5CV18	Thelazia callipaeda (Oriental eyeworm) (Parasitic nematode)
A0A0N5CZK3	Thelazia callipaeda (Oriental eyeworm) (Parasitic nematode)
A0A0N5D201	Thelazia callipaeda (Oriental eyeworm) (Parasitic nematode)
A0A0N5D2P1	Thelazia callipaeda (Oriental eyeworm) (Parasitic nematode)
A0A0N5D334	Thelazia callipaeda (Oriental eyeworm) (Parasitic nematode)
A0A0N5D4B7	Thelazia callipaeda (Oriental eyeworm) (Parasitic nematode)
A0A0N5D8F9	Thelazia callipaeda (Oriental eyeworm) (Parasitic nematode)
A0A0N5DA42	Thelazia callipaeda (Oriental eyeworm) (Parasitic nematode)
A0A0R3P9X8	Angiostrongylus costaricensis (Nematode worm)
A0A0R3PAX4	Angiostrongylus costaricensis (Nematode worm)
A0A0R3PB13	Angiostrongylus costaricensis (Nematode worm)
A0A0R3PD68	Angiostrongylus costaricensis (Nematode worm)
A0A0R3PGA2	Angiostrongylus costaricensis (Nematode worm)
A0A0R3PI04	Angiostrongylus costaricensis (Nematode worm)
A0A0R3PK87	Angiostrongylus costaricensis (Nematode worm)
A0A0R3PR52	Angiostrongylus costaricensis (Nematode worm)
A0A0R3PR53	Angiostrongylus costaricensis (Nematode worm)
A0A0R3PRC3	Angiostrongylus costaricensis (Nematode worm)
A0A0R3PRF3	Angiostrongylus costaricensis (Nematode worm)
A0A0R3PT37	Angiostrongylus costaricensis (Nematode worm)
A0A0R3PTW8	Angiostrongylus costaricensis (Nematode worm)
A0A0R3PU09	Angiostrongylus costaricensis (Nematode worm)
A0A0R3PUM2	Angiostrongylus costaricensis (Nematode worm)
A0A0R3PUP4	Angiostrongylus costaricensis (Nematode worm)
A0A0R3PWS6	Angiostrongylus costaricensis (Nematode worm)
A0A0R3PYW1	Angiostrongylus costaricensis (Nematode worm)
A0A0R3Q1L8	Angiostrongylus costaricensis (Nematode worm)
A0A0R3QDF0	Brugia timori
A0A0R3QI65	Brugia timori
A0A0R3QM22	Brugia timori
A0A0R3QWC0	Brugia timori
A0A0R3R512	Brugia timori
A0A0R3R705	Brugia timori
A0A158PE42	Angiostrongylus costaricensis (Nematode worm)
A0A158PNL9	Anisakis simplex (Herring worm)
A0A158PR22	Brugia pahangi (Filarial nematode worm)
A0A158PSJ2	Brugia pahangi (Filarial nematode worm)
A0A158Q497	Dracunculus medinensis (Guinea worm)
A0A158QLG3	Haemonchus placei (Barber's pole worm)
A0A158QNX1	Haemonchus placei (Barber's pole worm)
A0A158QXD9	Nippostrongylus brasiliensis (Rat hookworm)
A0A158QYX1	Nippostrongylus brasiliensis (Rat hookworm)
A0A182E3S6	Onchocerca ochengi (Filarial nematode worm)
A0A182E4F8	Onchocerca ochengi (Filarial nematode worm)
A0A182E7B9	Onchocerca ochengi (Filarial nematode worm)
A0A182E9L1	Onchocerca ochengi (Filarial nematode worm)
A0A182EDH8	Onchocerca ochengi (Filarial nematode worm)
A0A182EFA4	Onchocerca ochengi (Filarial nematode worm)
A0A182EGN1	Onchocerca ochengi (Filarial nematode worm)
A0A182EGZ9	Onchocerca ochengi (Filarial nematode worm)
A0A182EJ37	Onchocerca ochengi (Filarial nematode worm)
A0A182EL32	Onchocerca ochengi (Filarial nematode worm)
A0A182ELP3	Onchocerca ochengi (Filarial nematode worm)
A0A182EMX0	Onchocerca ochengi (Filarial nematode worm)
A0A182EP26	Onchocerca ochengi (Filarial nematode worm)
A0A182EPZ8	Onchocerca ochengi (Filarial nematode worm)
A0A182ES62	Onchocerca ochengi (Filarial nematode worm)
A0A182ETM1	Onchocerca ochengi (Filarial nematode worm)
A0A182EU20	Onchocerca ochengi (Filarial nematode worm)
A0A182EVI2	Onchocerca ochengi (Filarial nematode worm)
A0A182EVY9	Onchocerca ochengi (Filarial nematode worm)
A0A182EXZ7	Onchocerca ochengi (Filarial nematode worm)
A0A182EXZ8	Onchocerca ochengi (Filarial nematode worm)
A0A183CXA3	Gongylonema pulchrum
A0A183D1Y0	Gongylonema pulchrum
A0A183D2W3	Gongylonema pulchrum
A0A183D4X3	Gongylonema pulchrum
A0A183DI42	Gongylonema pulchrum
A0A183DLA0	Gongylonema pulchrum
A0A183DMK6	Gongylonema pulchrum
A0A183DMQ9	Gongylonema pulchrum
A0A183DR96	Gongylonema pulchrum
A0A183E9V7	Gongylonema pulchrum
A0A183EGT4	Gongylonema pulchrum
A0A183ELH8	Gongylonema pulchrum
A0A183EY86	Gongylonema pulchrum
A0A183F0L2	Gongylonema pulchrum
A0A183HMJ0	Onchocerca flexuosa
A0A183HQ24	Onchocerca flexuosa
A0A183I181	Onchocerca flexuosa
A0A183I384	Onchocerca flexuosa
A0A183IJI7	Soboliphyme baturini
A0A183ITH6	Soboliphyme baturini
A0A183IW60	Soboliphyme baturini
A0A183IY92	Soboliphyme baturini
A0A183IZ56	Soboliphyme baturini
A0A183J0A8	Soboliphyme baturini
A0A183J0C9	Soboliphyme baturini
A0A183J0P9	Soboliphyme baturini
A0A1I7ZRX7	Steinernema glaseri
A0A1I7ZSJ8	Steinernema glaseri
A0A1I7ZZ42	Steinernema glaseri
A0A1I9G2C4	Brugia malayi (Filarial nematode worm)
A0A260YNQ8	Caenorhabditis remanei (Caenorhabditis vulgaris)
A0A260YRA6	Caenorhabditis remanei (Caenorhabditis vulgaris)
A0A260YU85	Caenorhabditis latens
A0A260YXD6	Caenorhabditis remanei (Caenorhabditis vulgaris)
A0A260YXT0	Caenorhabditis remanei (Caenorhabditis vulgaris)
A0A260YZB3	Caenorhabditis remanei (Caenorhabditis vulgaris)
A0A260Z0K6	Caenorhabditis remanei (Caenorhabditis vulgaris)
A0A260Z171	Caenorhabditis latens
A0A260Z9C2	Caenorhabditis remanei (Caenorhabditis vulgaris)
A0A260Z9Z7	Caenorhabditis remanei (Caenorhabditis vulgaris)
A0A260ZC91	Caenorhabditis remanei (Caenorhabditis vulgaris)
A0A260ZD99	Caenorhabditis remanei (Caenorhabditis vulgaris)
A0A260ZEM2	Caenorhabditis remanei (Caenorhabditis vulgaris)
A0A260ZGQ5	Caenorhabditis latens
A0A260ZLR6	Caenorhabditis latens
A0A260ZM10	Caenorhabditis remanei (Caenorhabditis vulgaris)
A0A260ZMG1	Caenorhabditis remanei (Caenorhabditis vulgaris)
A0A261A133	Caenorhabditis remanei (Caenorhabditis vulgaris)
A0A261A1S6	Caenorhabditis latens
A0A261A2M6	Caenorhabditis latens
A0A261A5C8	Caenorhabditis remanei (Caenorhabditis vulgaris)
A0A261AD32	Caenorhabditis remanei (Caenorhabditis vulgaris)
A0A261AEX0	Caenorhabditis remanei (Caenorhabditis vulgaris)
A0A261AFI3	Caenorhabditis latens
A0A261AG05	Caenorhabditis latens
A0A261AII1	Caenorhabditis remanei (Caenorhabditis vulgaris)
A0A261ANA0	Caenorhabditis latens
A0A261AQH7	Caenorhabditis remanei (Caenorhabditis vulgaris)
A0A261AWE6	Caenorhabditis remanei (Caenorhabditis vulgaris)
A0A261AXU2	Caenorhabditis remanei (Caenorhabditis vulgaris)
A0A261AZ55	Caenorhabditis remanei (Caenorhabditis vulgaris)
A0A261AZN5	Caenorhabditis remanei (Caenorhabditis vulgaris)
A0A261B6F4	Caenorhabditis remanei (Caenorhabditis vulgaris)
A0A261B6Y5	Caenorhabditis latens
A0A261B6Y7	Caenorhabditis latens
A0A261B7N1	Caenorhabditis remanei (Caenorhabditis vulgaris)
A0A261B864	Caenorhabditis remanei (Caenorhabditis vulgaris)
A0A261B878	Caenorhabditis remanei (Caenorhabditis vulgaris)
A0A261BBV7	Caenorhabditis remanei (Caenorhabditis vulgaris)
A0A261BCP5	Caenorhabditis remanei (Caenorhabditis vulgaris)
A0A261BFS4	Caenorhabditis latens
A0A261BGR1	Caenorhabditis latens
A0A261BGZ7	Caenorhabditis latens
A0A261BJI2	Caenorhabditis latens
A0A261BJM9	Caenorhabditis latens
A0A261BMJ9	Caenorhabditis latens
A0A261BNA1	Caenorhabditis latens
A0A261BPQ9	Caenorhabditis latens
A0A261BSG8	Caenorhabditis latens
A0A261BSS5	Caenorhabditis latens
A0A261BUK6	Caenorhabditis latens
A0A261BUM5	Caenorhabditis latens
A0A261BYN8	Caenorhabditis latens
A0A261C1I6	Caenorhabditis latens
A0A261C464	Caenorhabditis latens
A0A261C649	Caenorhabditis latens
A0A261C8S5	Caenorhabditis latens
A0A261C923	Caenorhabditis latens
A0A261CF33	Caenorhabditis latens
A0A261CNN0	Caenorhabditis latens
A0A261CPI7	Caenorhabditis latens
A0A261CQ09	Caenorhabditis latens
A0A261CQR2	Caenorhabditis latens
A0A261CR17	Caenorhabditis latens
A0A261CR47	Caenorhabditis latens
A0A261CTB1	Caenorhabditis latens
A0A2A2J6Q8	Diploscapter pachys
A0A2A2JBX3	Diploscapter pachys
A0A2A2JCK5	Diploscapter pachys
A0A2A2JD41	Diploscapter pachys
A0A2A2JK61	Diploscapter pachys
A0A2A2JL14	Diploscapter pachys
A0A2A2JM36	Diploscapter pachys
A0A2A2JPB7	Diploscapter pachys
A0A2A2JRR7	Diploscapter pachys
A0A2A2JUH1	Diploscapter pachys
A0A2A2JV61	Diploscapter pachys
A0A2A2JXY6	Diploscapter pachys
A0A2A2JY15	Diploscapter pachys
A0A2A2KA03	Diploscapter pachys
A0A2A2KA53	Diploscapter pachys
A0A2A2KBF4	Diploscapter pachys
A0A2A2KEA7	Diploscapter pachys
A0A2A2KIA9	Diploscapter pachys
A0A2A2KQC4	Diploscapter pachys
A0A2A2KQH6	Diploscapter pachys
A0A2A2KT84	Diploscapter pachys
A0A2A2KZ82	Diploscapter pachys
A0A2A2KZG9	Diploscapter pachys
A0A2A2L0Y1	Diploscapter pachys
A0A2A2L3E7	Diploscapter pachys
A0A2A2LL33	Diploscapter pachys
A0A2A2LNQ9	Diploscapter pachys
A0A2A2LP78	Diploscapter pachys
A0A2A2LPC7	Diploscapter pachys
A0A2A2LQW6	Diploscapter pachys
A0A2A2LUB6	Diploscapter pachys
A0A2A2LV59	Diploscapter pachys
A0A2A2LXM2	Diploscapter pachys
A0A2A2LYR9	Diploscapter pachys
A0A2G5SQC7	Caenorhabditis nigoni
A0A2G5TH24	Caenorhabditis nigoni
A0A2G5TLW4	Caenorhabditis nigoni
A0A2G5TM37	Caenorhabditis nigoni
A0A2G5TUH1	Caenorhabditis nigoni
A0A2G5TVZ2	Caenorhabditis nigoni
A0A2G5U402	Caenorhabditis nigoni
A0A2G5U4D3	Caenorhabditis nigoni
A0A2G5U7H5	Caenorhabditis nigoni
A0A2G5UA05	Caenorhabditis nigoni
A0A2G5UC74	Caenorhabditis nigoni
A0A2G5UPN1	Caenorhabditis nigoni
A0A2G5UYZ2	Caenorhabditis nigoni
A0A2G5UZ23	Caenorhabditis nigoni
A0A2G5UZA6	Caenorhabditis nigoni
A0A2G5V0G3	Caenorhabditis nigoni
A0A2G5V0L9	Caenorhabditis nigoni
A0A2G5V2I3	Caenorhabditis nigoni
A0A2G9T8Y8	Teladorsagia circumcincta (Brown stomach worm) (Ostertagia circumcincta)
A0A2G9TGW3	Teladorsagia circumcincta (Brown stomach worm) (Ostertagia circumcincta)
A0A2G9TVB8	Teladorsagia circumcincta (Brown stomach worm) (Ostertagia circumcincta)
A0A2G9UAQ5	Teladorsagia circumcincta (Brown stomach worm) (Ostertagia circumcincta)
A0A2K6VRN4	Onchocerca volvulus
A0A3P6QJM6	Cylicostephanus goldi (Nematode worm)
A0A3P6R0J7	Cylicostephanus goldi (Nematode worm)
A0A3P6RD84	Cylicostephanus goldi (Nematode worm)
A0A3P6RW68	Cylicostephanus goldi (Nematode worm)
A0A3P6RYM0	Cylicostephanus goldi (Nematode worm)
A0A3P6S204	Cylicostephanus goldi (Nematode worm)
A0A3P6S7B1	Onchocerca ochengi (Filarial nematode worm)
A0A3P6S9C5	Cylicostephanus goldi (Nematode worm)
A0A3P6SAG4	Cylicostephanus goldi (Nematode worm)
A0A3P6SCH1	Cylicostephanus goldi (Nematode worm)
A0A3P6SEH1	Cylicostephanus goldi (Nematode worm)
A0A3P6SIN9	Cylicostephanus goldi (Nematode worm)
A0A3P6SJE9	Litomosoides sigmodontis (Filarial nematode worm)
A0A3P6SK52	Litomosoides sigmodontis (Filarial nematode worm)
A0A3P6SKU2	Litomosoides sigmodontis (Filarial nematode worm)
A0A3P6SN04	Cylicostephanus goldi (Nematode worm)
A0A3P6ST21	Cylicostephanus goldi (Nematode worm)
A0A3P6STV2	Cylicostephanus goldi (Nematode worm)
A0A3P6T0J8	Cylicostephanus goldi (Nematode worm)
A0A3P6T3G0	Cylicostephanus goldi (Nematode worm)
A0A3P6TDI6	Litomosoides sigmodontis (Filarial nematode worm)
A0A3P6TW83	Litomosoides sigmodontis (Filarial nematode worm)
A0A3P6TYG1	Cylicostephanus goldi (Nematode worm)
A0A3P6UZC2	Onchocerca ochengi (Filarial nematode worm)
A0A3P6V8G7	Litomosoides sigmodontis (Filarial nematode worm)
A0A3P7DYF0	Wuchereria bancrofti
A0A3P7E0X9	Wuchereria bancrofti
A0A3P7EGA5	Wuchereria bancrofti
A0A3P7EW07	Wuchereria bancrofti
A0A3P7FUA1	Wuchereria bancrofti
A0A3P7FVH5	Wuchereria bancrofti
A0A3P7HYA4	Strongylus vulgaris (Blood worm)
A0A3P7HYK8	Strongylus vulgaris (Blood worm)
A0A3P7I2Y7	Strongylus vulgaris (Blood worm)
A0A3P7I502	Strongylus vulgaris (Blood worm)
A0A3P7I8W3	Strongylus vulgaris (Blood worm)
A0A3P7IRZ5	Strongylus vulgaris (Blood worm)
A0A3P7IS97	Strongylus vulgaris (Blood worm)
A0A3P7IVW5	Strongylus vulgaris (Blood worm)
A0A3P7IXG9	Strongylus vulgaris (Blood worm)
A0A3P7IXR0	Strongylus vulgaris (Blood worm)
A0A3P7IZL0	Strongylus vulgaris (Blood worm)
A0A3P7J0I7	Strongylus vulgaris (Blood worm)
A0A3P7J6S1	Strongylus vulgaris (Blood worm)
A0A3P7JGI5	Strongylus vulgaris (Blood worm)
A0A3P7JI83	Strongylus vulgaris (Blood worm)
A0A3P7JNC6	Strongylus vulgaris (Blood worm)
A0A3P7JVC9	Strongylus vulgaris (Blood worm)
A0A3P7JWB6	Strongylus vulgaris (Blood worm)
A0A3P7JXP7	Strongylus vulgaris (Blood worm)
A0A3P7KAI5	Strongylus vulgaris (Blood worm)
A0A3P7KB76	Strongylus vulgaris (Blood worm)
A0A3P7KK70	Strongylus vulgaris (Blood worm)
A0A3P7KQ51	Strongylus vulgaris (Blood worm)
A0A3P7LAL8	Strongylus vulgaris (Blood worm)
A0A3P7LCV1	Strongylus vulgaris (Blood worm)
A0A3P7LDV7	Strongylus vulgaris (Blood worm)
A0A3P7LTT1	Strongylus vulgaris (Blood worm)
A0A3P7M1J1	Strongylus vulgaris (Blood worm)
A0A3P7MA77	Litomosoides sigmodontis (Filarial nematode worm)
A0A3P7MMR0	Cylicostephanus goldi (Nematode worm)
A0A3P7MQ40	Cylicostephanus goldi (Nematode worm)
A0A3P7MSI3	Thelazia callipaeda (Oriental eyeworm) (Parasitic nematode)
A0A3P7MU82	Cylicostephanus goldi (Nematode worm)
A0A3P7NV67	Cylicostephanus goldi (Nematode worm)
A0A3P7Q7K1	Cylicostephanus goldi (Nematode worm)
A0A3P7QI79	Cylicostephanus goldi (Nematode worm)
A0A3P7QP71	Cylicostephanus goldi (Nematode worm)
A0A3P7SK10	Dracunculus medinensis (Guinea worm)
A0A3P7WJP9	Haemonchus placei (Barber's pole worm)
A0A498S0Z2	Acanthocheilonema viteae (Filarial nematode worm) (Dipetalonema viteae)
A0A498S307	Acanthocheilonema viteae (Filarial nematode worm) (Dipetalonema viteae)
A0A498S693	Acanthocheilonema viteae (Filarial nematode worm) (Dipetalonema viteae)
A0A498S8I1	Acanthocheilonema viteae (Filarial nematode worm) (Dipetalonema viteae)
A0A498S8R6	Acanthocheilonema viteae (Filarial nematode worm) (Dipetalonema viteae)
A0A498SAP8	Acanthocheilonema viteae (Filarial nematode worm) (Dipetalonema viteae)
A0A498SEF3	Acanthocheilonema viteae (Filarial nematode worm) (Dipetalonema viteae)
A0A498SF35	Acanthocheilonema viteae (Filarial nematode worm) (Dipetalonema viteae)
A0A498SIZ0	Acanthocheilonema viteae (Filarial nematode worm) (Dipetalonema viteae)
A0A498SJ98	Acanthocheilonema viteae (Filarial nematode worm) (Dipetalonema viteae)
A0A498SL88	Acanthocheilonema viteae (Filarial nematode worm) (Dipetalonema viteae)
A0A498SPE1	Acanthocheilonema viteae (Filarial nematode worm) (Dipetalonema viteae)
A0A498SQQ9	Acanthocheilonema viteae (Filarial nematode worm) (Dipetalonema viteae)
A0A498STS0	Acanthocheilonema viteae (Filarial nematode worm) (Dipetalonema viteae)
A0A498SW70	Acanthocheilonema viteae (Filarial nematode worm) (Dipetalonema viteae)
A0A498SWG8	Acanthocheilonema viteae (Filarial nematode worm) (Dipetalonema viteae)
A0A498SY82	Acanthocheilonema viteae (Filarial nematode worm) (Dipetalonema viteae)
A0A498SYJ9	Acanthocheilonema viteae (Filarial nematode worm) (Dipetalonema viteae)
A0A498T0D7	Acanthocheilonema viteae (Filarial nematode worm) (Dipetalonema viteae)
A0A498T0N6	Acanthocheilonema viteae (Filarial nematode worm) (Dipetalonema viteae)
A0A4E9F7F2	Brugia malayi (Filarial nematode worm)
A0A4E9FCL8	Brugia malayi (Filarial nematode worm)
A0A4U5LTZ8	Steinernema carpocapsae (Entomopathogenic nematode)
A0A4U5LY29	Steinernema carpocapsae (Entomopathogenic nematode)
A0A4U5M0S1	Steinernema carpocapsae (Entomopathogenic nematode)
A0A4U5M2Z8	Steinernema carpocapsae (Entomopathogenic nematode)
A0A4U5MIL9	Steinernema carpocapsae (Entomopathogenic nematode)
A0A4U5MIY2	Steinernema carpocapsae (Entomopathogenic nematode)
A0A4U5MJM1	Steinernema carpocapsae (Entomopathogenic nematode)
A0A4U5MLE3	Steinernema carpocapsae (Entomopathogenic nematode)
A0A4U5MLI8	Steinernema carpocapsae (Entomopathogenic nematode)
A0A4U5MM02	Steinernema carpocapsae (Entomopathogenic nematode)
A0A4U5MM76	Steinernema carpocapsae (Entomopathogenic nematode)
A0A4U5MUC1	Steinernema carpocapsae (Entomopathogenic nematode)
A0A4U5N2C4	Steinernema carpocapsae (Entomopathogenic nematode)
A0A4U5NBC2	Steinernema carpocapsae (Entomopathogenic nematode)
A0A4U5NG91	Steinernema carpocapsae (Entomopathogenic nematode)
A0A4U5NIK3	Steinernema carpocapsae (Entomopathogenic nematode)
A0A4U5NJ72	Steinernema carpocapsae (Entomopathogenic nematode)
A0A4U5NTB9	Steinernema carpocapsae (Entomopathogenic nematode)
A0A4U5PCZ5	Steinernema carpocapsae (Entomopathogenic nematode)
A0A4U5PD47	Steinernema carpocapsae (Entomopathogenic nematode)
A0A4U5PDA9	Steinernema carpocapsae (Entomopathogenic nematode)
A0A4U5PJ35	Steinernema carpocapsae (Entomopathogenic nematode)
A0A4U8ULN2	Steinernema carpocapsae (Entomopathogenic nematode)
A0A4U8UQL2	Steinernema carpocapsae (Entomopathogenic nematode)
A0A4U8UR74	Steinernema carpocapsae (Entomopathogenic nematode)
A0A4U8UY48	Steinernema carpocapsae (Entomopathogenic nematode)
A0A4U8V488	Steinernema carpocapsae (Entomopathogenic nematode)
A0A5S6R1A1	Trichuris muris (Mouse whipworm)
A0A7E4UZZ6	Panagrellus redivivus (Microworm)
A0A7E4W6B7	Panagrellus redivivus (Microworm)
A0A7E4WBI8	Panagrellus redivivus (Microworm)
A0A811K8U5	Bursaphelenchus okinawaensis
A0A811K8W9	Bursaphelenchus okinawaensis
A0A811K9U7	Bursaphelenchus okinawaensis
A0A811KB70	Bursaphelenchus okinawaensis
A0A811KBU5	Bursaphelenchus okinawaensis
A0A811KC92	Bursaphelenchus okinawaensis
A0A811KCA7	Bursaphelenchus okinawaensis
A0A811KCK2	Bursaphelenchus okinawaensis
A0A811KCW0	Bursaphelenchus okinawaensis
A0A811KG09	Bursaphelenchus okinawaensis
A0A811KHQ9	Bursaphelenchus okinawaensis
A0A811KR69	Bursaphelenchus okinawaensis
A0A811KRP3	Bursaphelenchus okinawaensis
A0A811KS22	Bursaphelenchus okinawaensis
A0A811KS46	Bursaphelenchus okinawaensis
A0A811KU41	Bursaphelenchus okinawaensis
A0A811L9N7	Bursaphelenchus okinawaensis
A0A811LNY9	Bursaphelenchus okinawaensis
A0A811LPY3	Bursaphelenchus okinawaensis
A0A811LQ47	Bursaphelenchus okinawaensis
A0A811LUG6	Bursaphelenchus okinawaensis
A0A8J2LW51	Cercopithifilaria johnstoni
A0A8J2M490	Cercopithifilaria johnstoni
A0A8J2M7D0	Cercopithifilaria johnstoni
A0A8J2MAH0	Cercopithifilaria johnstoni
A0A8J2PX98	Cercopithifilaria johnstoni
A0A8J2PXV6	Cercopithifilaria johnstoni
A0A8J2PZC3	Cercopithifilaria johnstoni
A0A8J2Q2Z9	Cercopithifilaria johnstoni
A0A8J2Q4D8	Cercopithifilaria johnstoni
A0A8J2QA61	Cercopithifilaria johnstoni
A0A8R1DHZ7	Caenorhabditis japonica
A0A8R1HHP1	Caenorhabditis japonica
A0A8R1TLE2	Onchocerca volvulus
A0A8R1TPF3	Onchocerca volvulus
A0A8R1TTH5	Onchocerca volvulus
A0A8R1TZ82	Onchocerca volvulus
A0A8R1V5K9	Pristionchus pacificus (Parasitic nematode worm)
A0A8S1E5X1	Caenorhabditis bovis
A0A8S1E6E2	Caenorhabditis bovis
A0A8S1E6P7	Caenorhabditis bovis
A0A8S1EA51	Caenorhabditis bovis
A0A8S1EAA1	Caenorhabditis bovis
A0A8S1ECJ2	Caenorhabditis bovis
A0A8S1EEA6	Caenorhabditis bovis
A0A8S1EES6	Caenorhabditis bovis
A0A8S1EFA9	Caenorhabditis bovis
A0A8S1EHU5	Caenorhabditis bovis
A0A8S1EHV4	Caenorhabditis bovis
A0A8S1EJV8	Caenorhabditis bovis
A0A8S1EKW6	Caenorhabditis bovis
A0A8S1EKY1	Caenorhabditis bovis
A0A8S1EMS9	Caenorhabditis bovis
A0A8S1ENN8	Caenorhabditis bovis
A0A8S1EP40	Caenorhabditis bovis
A0A8S1EQZ3	Caenorhabditis bovis
A0A8S1ETB2	Caenorhabditis bovis
A0A8S1ETH5	Caenorhabditis bovis
A0A8S1EUX4	Caenorhabditis bovis
A0A8S1EWD7	Caenorhabditis bovis
A0A8S1EWH2	Caenorhabditis bovis
A0A8S1EWQ0	Caenorhabditis bovis
A0A8S1EX68	Caenorhabditis bovis
A0A8S1F022	Caenorhabditis bovis
A0A8S1F0U2	Caenorhabditis bovis
A0A8S1F1I9	Caenorhabditis bovis
A0A8S1F219	Caenorhabditis bovis
A0A8S1F298	Caenorhabditis bovis
A0A8S1F2U1	Caenorhabditis bovis
A0A8S1F4F7	Caenorhabditis bovis
A0A8S1F9Y9	Caenorhabditis bovis
A0A8S1FA26	Caenorhabditis bovis
A0A8S1FBY5	Caenorhabditis bovis
A0A8S1FC95	Caenorhabditis bovis
A0A8S1FCL3	Caenorhabditis bovis
A0A8S1FDS1	Caenorhabditis bovis
A0A8S1FF06	Caenorhabditis bovis
A0A8S1FG34	Caenorhabditis bovis
A0A8S1GME9	Caenorhabditis auriculariae
A0A8S1GPD1	Caenorhabditis auriculariae
A0A8S1GPH7	Caenorhabditis auriculariae
A0A8S1GQR7	Caenorhabditis auriculariae
A0A8S1GR78	Caenorhabditis auriculariae
A0A8S1GS86	Caenorhabditis auriculariae
A0A8S1GU93	Caenorhabditis auriculariae
A0A8S1GVR5	Caenorhabditis auriculariae
A0A8S1GWH8	Caenorhabditis auriculariae
A0A8S1H1W1	Caenorhabditis auriculariae
A0A8S1H1W9	Caenorhabditis auriculariae
A0A8S1H1Z7	Caenorhabditis auriculariae
A0A8S1H2S0	Caenorhabditis auriculariae
A0A8S1H2Z0	Caenorhabditis auriculariae
A0A8S1H4M0	Caenorhabditis auriculariae
A0A8S1H7U7	Caenorhabditis auriculariae
A0A8S1H8C3	Caenorhabditis auriculariae
A0A8S1H915	Caenorhabditis auriculariae
A0A8S1HBF4	Caenorhabditis auriculariae
A0A8S1HCU8	Caenorhabditis auriculariae
A0A8S1HCV9	Caenorhabditis auriculariae
A0A8S1HD58	Caenorhabditis auriculariae
A0A8S1HEV1	Caenorhabditis auriculariae
A0A8S1HHN1	Caenorhabditis auriculariae
A0A8S1HKP8	Caenorhabditis auriculariae
A0A8S1HKV1	Caenorhabditis auriculariae
A0A8S1HQ37	Caenorhabditis auriculariae
A0A8S1HSP4	Caenorhabditis auriculariae
A0A8S1HUC9	Caenorhabditis auriculariae
A0A8S1HXE1	Caenorhabditis auriculariae
A0A8S1HYF9	Caenorhabditis auriculariae
A0A8S9ZHB3	Meloidogyne graminicola
A0A914CFN0	Acrobeloides nanus
A0A914CFT4	Acrobeloides nanus
A0A914CJY9	Acrobeloides nanus
A0A914D3I3	Acrobeloides nanus
A0A914D3S2	Acrobeloides nanus
A0A914D4L5	Acrobeloides nanus
A0A914DLR2	Acrobeloides nanus
A0A914DU40	Acrobeloides nanus
A0A914E119	Acrobeloides nanus
A0A914E3P2	Acrobeloides nanus
A0A914EBT3	Acrobeloides nanus
A0A914EGL1	Acrobeloides nanus
A0A914EHD2	Acrobeloides nanus
A0A914GRX1	Globodera rostochiensis (Golden nematode worm) (Heterodera rostochiensis)
A0A914GUQ1	Globodera rostochiensis (Golden nematode worm) (Heterodera rostochiensis)
A0A914GWI8	Globodera rostochiensis (Golden nematode worm) (Heterodera rostochiensis)
A0A914GYF8	Globodera rostochiensis (Golden nematode worm) (Heterodera rostochiensis)
A0A914H4Q7	Globodera rostochiensis (Golden nematode worm) (Heterodera rostochiensis)
A0A914HGE5	Globodera rostochiensis (Golden nematode worm) (Heterodera rostochiensis)
A0A914HGI3	Globodera rostochiensis (Golden nematode worm) (Heterodera rostochiensis)
A0A914HIW1	Globodera rostochiensis (Golden nematode worm) (Heterodera rostochiensis)
A0A914HNV3	Globodera rostochiensis (Golden nematode worm) (Heterodera rostochiensis)
A0A914HPV2	Globodera rostochiensis (Golden nematode worm) (Heterodera rostochiensis)
A0A914HXP6	Globodera rostochiensis (Golden nematode worm) (Heterodera rostochiensis)
A0A914HYE9	Globodera rostochiensis (Golden nematode worm) (Heterodera rostochiensis)
A0A914HZD8	Globodera rostochiensis (Golden nematode worm) (Heterodera rostochiensis)
A0A914I7G3	Globodera rostochiensis (Golden nematode worm) (Heterodera rostochiensis)
A0A914I7X4	Globodera rostochiensis (Golden nematode worm) (Heterodera rostochiensis)
A0A914I846	Globodera rostochiensis (Golden nematode worm) (Heterodera rostochiensis)
A0A914I8R7	Globodera rostochiensis (Golden nematode worm) (Heterodera rostochiensis)
A0A914IC94	Globodera rostochiensis (Golden nematode worm) (Heterodera rostochiensis)
A0A914IE34	Globodera rostochiensis (Golden nematode worm) (Heterodera rostochiensis)
A0A914KK34	Meloidogyne incognita (Southern root-knot nematode worm) (Oxyuris incognita)
A0A914KKZ0	Meloidogyne incognita (Southern root-knot nematode worm) (Oxyuris incognita)
A0A914KLL9	Meloidogyne incognita (Southern root-knot nematode worm) (Oxyuris incognita)
A0A914KTK6	Meloidogyne incognita (Southern root-knot nematode worm) (Oxyuris incognita)
A0A914LF11	Meloidogyne incognita (Southern root-knot nematode worm) (Oxyuris incognita)
A0A914LGB8	Meloidogyne incognita (Southern root-knot nematode worm) (Oxyuris incognita)
A0A914LQC9	Meloidogyne incognita (Southern root-knot nematode worm) (Oxyuris incognita)
A0A914LYB5	Meloidogyne incognita (Southern root-knot nematode worm) (Oxyuris incognita)
A0A914MAA4	Meloidogyne incognita (Southern root-knot nematode worm) (Oxyuris incognita)
A0A914MAK6	Meloidogyne incognita (Southern root-knot nematode worm) (Oxyuris incognita)
A0A914MB57	Meloidogyne incognita (Southern root-knot nematode worm) (Oxyuris incognita)
A0A914MCH0	Meloidogyne incognita (Southern root-knot nematode worm) (Oxyuris incognita)
A0A914MJM2	Meloidogyne incognita (Southern root-knot nematode worm) (Oxyuris incognita)
A0A914MR11	Meloidogyne incognita (Southern root-knot nematode worm) (Oxyuris incognita)
A0A914MSP8	Meloidogyne incognita (Southern root-knot nematode worm) (Oxyuris incognita)
A0A914MVY9	Meloidogyne incognita (Southern root-knot nematode worm) (Oxyuris incognita)
A0A914MWA0	Meloidogyne incognita (Southern root-knot nematode worm) (Oxyuris incognita)
A0A914N319	Meloidogyne incognita (Southern root-knot nematode worm) (Oxyuris incognita)
A0A914NAW3	Meloidogyne incognita (Southern root-knot nematode worm) (Oxyuris incognita)
A0A914NHD0	Meloidogyne incognita (Southern root-knot nematode worm) (Oxyuris incognita)
A0A914NHM6	Meloidogyne incognita (Southern root-knot nematode worm) (Oxyuris incognita)
A0A914NVD5	Meloidogyne incognita (Southern root-knot nematode worm) (Oxyuris incognita)
A0A914NVL9	Meloidogyne incognita (Southern root-knot nematode worm) (Oxyuris incognita)
A0A914P0Z3	Panagrolaimus davidi
A0A914P1I2	Meloidogyne incognita (Southern root-knot nematode worm) (Oxyuris incognita)
A0A914P458	Panagrolaimus davidi
A0A914P4T4	Meloidogyne incognita (Southern root-knot nematode worm) (Oxyuris incognita)
A0A914P7H8	Panagrolaimus davidi
A0A914PI76	Panagrolaimus davidi
A0A914PQ19	Panagrolaimus davidi
A0A914PX29	Panagrolaimus davidi
A0A914PZ19	Panagrolaimus davidi
A0A914Q1G1	Panagrolaimus davidi
A0A914Q7E7	Panagrolaimus davidi
A0A914Q8G9	Panagrolaimus davidi
A0A914QJH7	Panagrolaimus davidi
A0A914QQF7	Panagrolaimus davidi
A0A914QRE7	Panagrolaimus davidi
A0A914R0K3	Parascaris equorum (Equine roundworm)
A0A914R751	Parascaris equorum (Equine roundworm)
A0A914RG83	Parascaris equorum (Equine roundworm)
A0A914RNN7	Parascaris equorum (Equine roundworm)
A0A914RXA3	Parascaris equorum (Equine roundworm)
A0A914RXN4	Parascaris equorum (Equine roundworm)
A0A914RZH0	Parascaris equorum (Equine roundworm)
A0A914S1R6	Parascaris equorum (Equine roundworm)
A0A914S2Y3	Parascaris equorum (Equine roundworm)
A0A914S4W3	Parascaris equorum (Equine roundworm)
A0A914SH68	Parascaris equorum (Equine roundworm)
A0A914V9G1	Plectus sambesii
A0A914VPT3	Plectus sambesii
A0A914VRU2	Plectus sambesii
A0A914VX11	Plectus sambesii
A0A914VY45	Plectus sambesii
A0A914VYG2	Plectus sambesii
A0A914W0P0	Plectus sambesii
A0A914W6V3	Plectus sambesii
A0A914WAP1	Plectus sambesii
A0A914WJC7	Plectus sambesii
A0A914WN28	Plectus sambesii
A0A914WNU6	Plectus sambesii
A0A914WQC1	Plectus sambesii
A0A914WUT3	Plectus sambesii
A0A914X028	Plectus sambesii
A0A914XAW6	Plectus sambesii
A0A914XCL7	Plectus sambesii
A0A914XJS2	Plectus sambesii
A0A914XMZ1	Plectus sambesii
A0A914XSF3	Plectus sambesii
A0A914XV22	Panagrolaimus superbus
A0A914YAD5	Panagrolaimus superbus
A0A914YC23	Panagrolaimus superbus
A0A914YGZ0	Panagrolaimus superbus
A0A914YJ61	Panagrolaimus superbus
A0A914YLR1	Panagrolaimus superbus
A0A914YP58	Panagrolaimus superbus
A0A914YXY5	Panagrolaimus superbus
A0A914Z3S4	Panagrolaimus superbus
A0A914Z637	Panagrolaimus superbus
A0A914Z7E0	Panagrolaimus superbus
A0A914Z8G3	Panagrolaimus superbus
A0A914ZBR5	Parascaris univalens (Nematode worm)
A0A914ZEJ6	Parascaris univalens (Nematode worm)
A0A914ZND3	Parascaris univalens (Nematode worm)
A0A915A7C2	Parascaris univalens (Nematode worm)
A0A915A8X3	Parascaris univalens (Nematode worm)
A0A915AIH7	Parascaris univalens (Nematode worm)
A0A915AK28	Parascaris univalens (Nematode worm)
A0A915ANH9	Parascaris univalens (Nematode worm)
A0A915ANU8	Parascaris univalens (Nematode worm)
A0A915ASU4	Parascaris univalens (Nematode worm)
A0A915AV50	Parascaris univalens (Nematode worm)
A0A915BFF8	Parascaris univalens (Nematode worm)
A0A915BKW2	Parascaris univalens (Nematode worm)
A0A915BM33	Parascaris univalens (Nematode worm)
A0A915BT24	Parascaris univalens (Nematode worm)
A0A915BTV6	Parascaris univalens (Nematode worm)
A0A915BU36	Parascaris univalens (Nematode worm)
A0A915BVI7	Parascaris univalens (Nematode worm)
A0A915C048	Parascaris univalens (Nematode worm)
A0A915C6J6	Parascaris univalens (Nematode worm)
A0A915C8P7	Parascaris univalens (Nematode worm)
A0A915CQH9	Ditylenchus dipsaci
A0A915CW78	Ditylenchus dipsaci
A0A915CY02	Ditylenchus dipsaci
A0A915DDN3	Ditylenchus dipsaci
A0A915DLE7	Ditylenchus dipsaci
A0A915DMH9	Ditylenchus dipsaci
A0A915E2M9	Ditylenchus dipsaci
A0A915E868	Ditylenchus dipsaci
A0A915EIL0	Ditylenchus dipsaci
A0A915HL87	Romanomermis culicivorax (Nematode worm)
A0A915HNF4	Romanomermis culicivorax (Nematode worm)
A0A915HNU3	Romanomermis culicivorax (Nematode worm)
A0A915HUS7	Romanomermis culicivorax (Nematode worm)
A0A915HYA0	Romanomermis culicivorax (Nematode worm)
A0A915I5T5	Romanomermis culicivorax (Nematode worm)
A0A915I657	Romanomermis culicivorax (Nematode worm)
A0A915I8R1	Romanomermis culicivorax (Nematode worm)
A0A915IB61	Romanomermis culicivorax (Nematode worm)
A0A915IK23	Romanomermis culicivorax (Nematode worm)
A0A915IK29	Romanomermis culicivorax (Nematode worm)
A0A915IT71	Romanomermis culicivorax (Nematode worm)
A0A915JLV9	Romanomermis culicivorax (Nematode worm)
A0A915KLQ8	Romanomermis culicivorax (Nematode worm)
A0A915KMX0	Romanomermis culicivorax (Nematode worm)
A0A915LNY6	Meloidogyne javanica (Root-knot nematode worm)
A0A915LRA3	Meloidogyne javanica (Root-knot nematode worm)
A0A915LU17	Meloidogyne javanica (Root-knot nematode worm)
A0A915LYD8	Meloidogyne javanica (Root-knot nematode worm)
A0A915M206	Meloidogyne javanica (Root-knot nematode worm)
A0A915M398	Meloidogyne javanica (Root-knot nematode worm)
A0A915M945	Meloidogyne javanica (Root-knot nematode worm)
A0A915MAF8	Meloidogyne javanica (Root-knot nematode worm)
A0A915MVK0	Meloidogyne javanica (Root-knot nematode worm)
A0A915MXP3	Meloidogyne javanica (Root-knot nematode worm)
A0A915MXU4	Meloidogyne javanica (Root-knot nematode worm)
A0A915N5W9	Meloidogyne javanica (Root-knot nematode worm)
A0A915NEQ3	Meloidogyne floridensis
A0A915NTR0	Meloidogyne floridensis
A0A915NX14	Meloidogyne floridensis
A0A915P0P3	Meloidogyne floridensis
A0A915P611	Meloidogyne floridensis
A0A915PB94	Meloidogyne floridensis
A0A915PCE8	Meloidogyne floridensis
A0A915PRP7	Setaria digitata
A0A915PTE1	Setaria digitata
A0A915PWB1	Setaria digitata
A0A915PYS3	Setaria digitata
A0A915PZE5	Setaria digitata
A0A915Q3W8	Setaria digitata
A0A915Q4F6	Setaria digitata
A0A915Q568	Setaria digitata
A0A915Q6G8	Setaria digitata
A0A9J2PDX0	Ascaris lumbricoides (Giant roundworm)
A0A9J2PIW0	Ascaris lumbricoides (Giant roundworm)
A0A9J2PX87	Ascaris lumbricoides (Giant roundworm)
A0A9J2PXY6	Ascaris lumbricoides (Giant roundworm)
A0A9J2PYP2	Ascaris lumbricoides (Giant roundworm)
A0A9J2Q778	Ascaris lumbricoides (Giant roundworm)
A0A9P1I3R7	Caenorhabditis angaria
A0A9P1I538	Caenorhabditis angaria
A0A9P1IB28	Caenorhabditis angaria
A0A9P1IC04	Caenorhabditis angaria
A0A9P1ICP0	Caenorhabditis angaria
A0A9P1IEL7	Caenorhabditis angaria
A0A9P1IEX8	Caenorhabditis angaria
A0A9P1IFE9	Caenorhabditis angaria
A0A9P1IFV1	Caenorhabditis angaria
A0A9P1IGB3	Caenorhabditis angaria
A0A9P1II79	Caenorhabditis angaria
A0A9P1IJP9	Caenorhabditis angaria
A0A9P1IND5	Caenorhabditis angaria
A0A9P1IPT3	Caenorhabditis angaria
A0A9P1IQD6	Caenorhabditis angaria
A0A9P1IQJ6	Caenorhabditis angaria
A0A9P1ISJ7	Caenorhabditis angaria
A0A9P1ITB2	Caenorhabditis angaria
A0A9P1J3I7	Caenorhabditis angaria
A0A9P1J3U9	Caenorhabditis angaria
A0A9P1J559	Caenorhabditis angaria
A0A9P1N3P0	Caenorhabditis angaria
A0A9P1N8L7	Caenorhabditis angaria
A0A9P1N8R7	Caenorhabditis angaria
A0AA36C5S0	Mesorhabditis spiculigera
A0AA36CBE8	Mesorhabditis spiculigera
A0AA36CHC8	Mesorhabditis spiculigera
A0AA36CL59	Mesorhabditis spiculigera
A0AA36CRW6	Mesorhabditis spiculigera
A0AA36CSS6	Mesorhabditis spiculigera
A0AA36CT34	Mesorhabditis spiculigera
A0AA36CTK8	Mesorhabditis spiculigera
A0AA36CW29	Mesorhabditis spiculigera
A0AA36D0V7	Mesorhabditis spiculigera
A0AA36D457	Mesorhabditis spiculigera
A0AA36D824	Mesorhabditis spiculigera
A0AA36D9R1	Mesorhabditis spiculigera
A0AA36DBY9	Mesorhabditis spiculigera
A0AA36DD93	Mesorhabditis spiculigera
A0AA36DDB3	Mesorhabditis spiculigera
A0AA36DGA8	Mesorhabditis spiculigera
A0AA36DHR0	Mesorhabditis spiculigera
A0AA36DJX5	Cylicocyclus nassatus (Nematode worm)
A0AA36DN20	Cylicocyclus nassatus (Nematode worm)
A0AA36DR31	Cylicocyclus nassatus (Nematode worm)
A0AA36DVF8	Cylicocyclus nassatus (Nematode worm)
A0AA36DVZ9	Cylicocyclus nassatus (Nematode worm)
A0AA36FZI6	Mesorhabditis spiculigera
A0AA36G4X3	Mesorhabditis spiculigera
A0AA36G7J7	Mesorhabditis spiculigera
A0AA36G9Q0	Mesorhabditis spiculigera
A0AA36GA99	Mesorhabditis spiculigera
A0AA36GBY8	Mesorhabditis spiculigera
A0AA36GG80	Cylicocyclus nassatus (Nematode worm)
A0AA36GHD5	Cylicocyclus nassatus (Nematode worm)
A0AA36GJK3	Cylicocyclus nassatus (Nematode worm)
A0AA36GJL8	Cylicocyclus nassatus (Nematode worm)
A0AA36GJP9	Cylicocyclus nassatus (Nematode worm)
A0AA36GKR2	Cylicocyclus nassatus (Nematode worm)
A0AA36GMQ2	Cylicocyclus nassatus (Nematode worm)
A0AA36GMT0	Cylicocyclus nassatus (Nematode worm)
A0AA36GN42	Cylicocyclus nassatus (Nematode worm)
A0AA36GP96	Cylicocyclus nassatus (Nematode worm)
A0AA36GPH1	Cylicocyclus nassatus (Nematode worm)
A0AA36GUV2	Cylicocyclus nassatus (Nematode worm)
A0AA36GZG1	Cylicocyclus nassatus (Nematode worm)
A0AA36GZS7	Cylicocyclus nassatus (Nematode worm)
A0AA36H014	Cylicocyclus nassatus (Nematode worm)
A0AA36H1L8	Cylicocyclus nassatus (Nematode worm)
A0AA36H566	Cylicocyclus nassatus (Nematode worm)
A0AA36H696	Cylicocyclus nassatus (Nematode worm)
A0AA36H6E6	Cylicocyclus nassatus (Nematode worm)
A0AA36H6R5	Cylicocyclus nassatus (Nematode worm)
A0AA36HAH2	Cylicocyclus nassatus (Nematode worm)
A0AA36HBT9	Cylicocyclus nassatus (Nematode worm)
A0AA36HCA9	Cylicocyclus nassatus (Nematode worm)
A0AA36HCT1	Cylicocyclus nassatus (Nematode worm)
A0AA36HD48	Cylicocyclus nassatus (Nematode worm)
A0AA36HDR9	Cylicocyclus nassatus (Nematode worm)
A0AA36M3A3	Cylicocyclus nassatus (Nematode worm)
A0AA36M3A7	Cylicocyclus nassatus (Nematode worm)
A0AA36M6J1	Cylicocyclus nassatus (Nematode worm)
A0AA36M974	Cylicocyclus nassatus (Nematode worm)
A0AA36M9F4	Cylicocyclus nassatus (Nematode worm)
A0AA36M9P1	Cylicocyclus nassatus (Nematode worm)
A0AA36MAC0	Cylicocyclus nassatus (Nematode worm)
A0AA36MB20	Cylicocyclus nassatus (Nematode worm)
A0AA36MBQ7	Cylicocyclus nassatus (Nematode worm)
A0AA36MDL9	Cylicocyclus nassatus (Nematode worm)
A0AA36MEZ4	Cylicocyclus nassatus (Nematode worm)
A0AA36MG21	Cylicocyclus nassatus (Nematode worm)
A0AA36MG69	Cylicocyclus nassatus (Nematode worm)
A0AA39GU80	Steinernema hermaphroditum
A0AA39GV14	Steinernema hermaphroditum
A0AA39GX35	Steinernema hermaphroditum
A0AA39GZP2	Steinernema hermaphroditum
A0AA39H5E2	Steinernema hermaphroditum
A0AA39H913	Steinernema hermaphroditum
A0AA39HBA3	Steinernema hermaphroditum
A0AA39HMD7	Steinernema hermaphroditum
A0AA39HMX9	Steinernema hermaphroditum
A0AA39HMZ0	Steinernema hermaphroditum
A0AA39HP09	Steinernema hermaphroditum
A0AA39HQ55	Steinernema hermaphroditum
A0AA39HQD8	Steinernema hermaphroditum
A0AA39HQL8	Steinernema hermaphroditum
A0AA39HRQ8	Steinernema hermaphroditum
A0AA39HXI6	Steinernema hermaphroditum
A0AA39I2W3	Steinernema hermaphroditum
A0AA39I5T2	Steinernema hermaphroditum
A0AA39I5Z1	Steinernema hermaphroditum
A0AA39IHX0	Steinernema hermaphroditum
A0AA39IIR6	Steinernema hermaphroditum
A0AA39IKC9	Steinernema hermaphroditum
A0AA39ILE9	Steinernema hermaphroditum
A0AA39ILW2	Steinernema hermaphroditum
A0AA39IMD2	Steinernema hermaphroditum
A0AA39IN71	Steinernema hermaphroditum
A0AA39INW7	Steinernema hermaphroditum
A0AA39IQJ5	Steinernema hermaphroditum
A0AA39IQM4	Steinernema hermaphroditum
A0AA39IQN7	Steinernema hermaphroditum
A0AA39IQQ0	Steinernema hermaphroditum
A0AA39IQR8	Steinernema hermaphroditum
A0AA39IR63	Steinernema hermaphroditum
A0AA39IRH8	Steinernema hermaphroditum
A0AA39IRY2	Steinernema hermaphroditum
A0AA39IS58	Steinernema hermaphroditum
A0AA39IS84	Steinernema hermaphroditum
A0AA39ISM5	Steinernema hermaphroditum
A0AA39ISQ0	Steinernema hermaphroditum
A0AA39IT26	Steinernema hermaphroditum
A0AA39IT79	Steinernema hermaphroditum
A0AA39ITB1	Steinernema hermaphroditum
A0AA39ITB8	Steinernema hermaphroditum
A0AA39LI37	Steinernema hermaphroditum
A0AA39LJH4	Steinernema hermaphroditum
A0AA39LKI2	Steinernema hermaphroditum
A0AA39LLF2	Steinernema hermaphroditum
A0AA39LLM0	Steinernema hermaphroditum
A0AA39LS08	Steinernema hermaphroditum
A0AA39LST5	Steinernema hermaphroditum
A0AA39LTL4	Steinernema hermaphroditum
A0AA39LTU4	Steinernema hermaphroditum
A0AA39LTV9	Steinernema hermaphroditum
A0AA39LTW9	Steinernema hermaphroditum
A0AA39LU47	Steinernema hermaphroditum
A0AA39LUX7	Steinernema hermaphroditum
A0AA39LV32	Steinernema hermaphroditum
A0AA39LVM2	Steinernema hermaphroditum
A0AA39LZ98	Steinernema hermaphroditum
A0AA39M197	Steinernema hermaphroditum
A0AA39M4R4	Steinernema hermaphroditum
A0AA39MA17	Steinernema hermaphroditum
A0AA39MAW6	Steinernema hermaphroditum
A0AA39MBX3	Steinernema hermaphroditum
A0AA39MC26	Steinernema hermaphroditum
A0AA39MC27	Steinernema hermaphroditum
A0AA39MCF9	Steinernema hermaphroditum
A0AA39MCR6	Steinernema hermaphroditum
A0AA39MCS3	Steinernema hermaphroditum
A0AAD5MLM2	Parelaphostrongylus tenuis (Meningeal worm)
A0AAD5MWF0	Parelaphostrongylus tenuis (Meningeal worm)
A0AAD5N593	Parelaphostrongylus tenuis (Meningeal worm)
A0AAD5NCD3	Parelaphostrongylus tenuis (Meningeal worm)
A0AAD5QVJ8	Parelaphostrongylus tenuis (Meningeal worm)
A0AAD5R040	Parelaphostrongylus tenuis (Meningeal worm)
A0AAD5RDQ4	Parelaphostrongylus tenuis (Meningeal worm)
A0AAE8ZQQ0	Caenorhabditis briggsae
A0AAE8ZYA0	Caenorhabditis briggsae
A0AAE9A0V9	Caenorhabditis briggsae
A0AAE9AH93	Caenorhabditis briggsae
A0AAE9CZA7	Caenorhabditis briggsae
A0AAE9E0N2	Caenorhabditis briggsae
A0AAE9E4E9	Caenorhabditis briggsae
A0AAE9E9F6	Caenorhabditis briggsae
A0AAE9EHL6	Caenorhabditis briggsae
A0AAE9EJA1	Caenorhabditis briggsae
A0AAE9EJL8	Caenorhabditis briggsae
A0AAE9ERD5	Caenorhabditis briggsae
A0AAE9ERD8	Caenorhabditis briggsae
A0AAE9EV09	Caenorhabditis briggsae
A0AAE9EW82	Caenorhabditis briggsae
A0AAE9EYI4	Caenorhabditis briggsae
A0AAE9F342	Caenorhabditis briggsae
A0AAE9F4U3	Caenorhabditis briggsae
A0AAE9F5D7	Caenorhabditis briggsae
A0AAE9F7D8	Caenorhabditis briggsae
A0AAE9F9B4	Caenorhabditis briggsae
A0AAE9FAQ0	Caenorhabditis briggsae
A0AAE9FCY8	Caenorhabditis briggsae
A0AAE9FEG0	Caenorhabditis briggsae
A0AAE9FII8	Caenorhabditis briggsae
A0AAE9FJJ7	Caenorhabditis briggsae
A0AAE9IUB5	Caenorhabditis briggsae
A0AAE9IV74	Caenorhabditis briggsae
A0AAE9IY86	Caenorhabditis briggsae
A0AAE9J8L7	Caenorhabditis briggsae
A0AAE9JNQ4	Caenorhabditis briggsae
A0AAE9JPA5	Caenorhabditis briggsae
A0AAE9JR90	Caenorhabditis briggsae
A0AAE9JVA0	Caenorhabditis briggsae
A0AAF3E8C7	Mesorhabditis belari
A0AAF3ECT2	Mesorhabditis belari
A0AAF3EEC1	Mesorhabditis belari
A0AAF3EN42	Mesorhabditis belari
A0AAF3EN73	Mesorhabditis belari
A0AAF3EQX5	Mesorhabditis belari
A0AAF3ER56	Mesorhabditis belari
A0AAF3ESR0	Mesorhabditis belari
A0AAF3EWT4	Mesorhabditis belari
A0AAF3F0U6	Mesorhabditis belari
A0AAF3F374	Mesorhabditis belari
A0AAF3F4Z7	Mesorhabditis belari
A0AAF3F667	Mesorhabditis belari
A0AAF3F6Y2	Mesorhabditis belari
A0AAF3FEU3	Mesorhabditis belari
A0AAF3J2L8	Mesorhabditis belari
A0AAF3J5B6	Mesorhabditis belari
A0AAF3J673	Mesorhabditis belari
A0AAF3JCC1	Mesorhabditis belari
A0AAF5CVQ2	Strongyloides stercoralis (Threadworm)
A0AAF5D215	Strongyloides stercoralis (Threadworm)
A0AAF5DAG3	Strongyloides stercoralis (Threadworm)
A0AAN4YY85	Pristionchus mayeri
A0AAN4ZBP5	Pristionchus mayeri
A0AAN4ZCL8	Pristionchus mayeri
A0AAN4ZFJ0	Pristionchus mayeri
A0AAN4ZHG1	Pristionchus mayeri
A0AAN4ZHV4	Pristionchus mayeri
A0AAN4ZJ90	Pristionchus mayeri
A0AAN4ZJL4	Pristionchus mayeri
A0AAN4ZKR8	Pristionchus mayeri
A0AAN4ZM27	Pristionchus mayeri
A0AAN5C952	Pristionchus mayeri
A0AAN5CB82	Pristionchus mayeri
A0AAN5CEE9	Pristionchus mayeri
A0AAN5CFE3	Pristionchus mayeri
A0AAN5CI66	Pristionchus mayeri
A0AAN5CI67	Pristionchus mayeri
A0AAN5CJ66	Pristionchus mayeri
A0AAN5CJ76	Pristionchus mayeri
A0AAN5CKL1	Pristionchus mayeri
A0AAN5CN26	Pristionchus mayeri
A0AAN5CNE2	Pristionchus mayeri
A0AAN5CQS3	Pristionchus mayeri
A0AAN5CST5	Pristionchus mayeri
A0AAN5CT99	Pristionchus mayeri
A0AAN5DB81	Pristionchus mayeri
A0AAN5DBQ6	Pristionchus mayeri
A0AAN5DFW3	Pristionchus mayeri
A0AAN5I7G2	Pristionchus mayeri
A0AAN5IBT9	Pristionchus mayeri
A0AAN5IES6	Pristionchus mayeri
A0AAN5IEU2	Pristionchus mayeri
A0AAN8F4R5	Trichostrongylus colubriformis (Black scour worm)
A0AAN8FB83	Trichostrongylus colubriformis (Black scour worm)
A0AAN8I9Q9	Trichostrongylus colubriformis (Black scour worm)
A0AAV5S6U6	Pristionchus entomophagus
A0AAV5S9W0	Pristionchus entomophagus
A0AAV5SED4	Pristionchus entomophagus
A0AAV5SGS1	Pristionchus entomophagus
A0AAV5SLN2	Pristionchus entomophagus
A0AAV5SMX0	Pristionchus entomophagus
A0AAV5SQS9	Pristionchus entomophagus
A0AAV5SSK7	Pristionchus entomophagus
A0AAV5SUG1	Pristionchus entomophagus
A0AAV5SXU0	Pristionchus entomophagus
A0AAV5SYW9	Pristionchus entomophagus
A0AAV5T019	Pristionchus entomophagus
A0AAV5T2C3	Pristionchus entomophagus
A0AAV5T3Q2	Pristionchus entomophagus
A0AAV5T9B9	Pristionchus entomophagus
A0AAV5TAV2	Pristionchus entomophagus
A0AAV5TJH1	Pristionchus entomophagus
A0AAV5TJT6	Pristionchus entomophagus
A0AAV5TLI5	Pristionchus entomophagus
A0AAV5TMG4	Pristionchus entomophagus
A0AAV5TMT9	Pristionchus entomophagus
A0AAV5TQ67	Pristionchus entomophagus
A0AAV5TSJ8	Pristionchus entomophagus
A0AAV5TVC5	Pristionchus entomophagus
A0AAV5U0A0	Pristionchus entomophagus
A0AAV5U236	Pristionchus entomophagus
A0AAV5UBJ4	Pristionchus entomophagus
A0AAV5UD73	Pristionchus entomophagus
A0AAV5UE15	Pristionchus entomophagus
A0AAV5UE82	Pristionchus entomophagus
A0AAV5UG07	Pristionchus entomophagus
A0AAV5ULU9	Pristionchus entomophagus
A0AAV5UMJ3	Pristionchus entomophagus
A0AAV5V0D7	Pristionchus fissidentatus
A0AAV5V5I3	Pristionchus fissidentatus
A0AAV5V8B1	Pristionchus fissidentatus
A0AAV5V8D7	Pristionchus fissidentatus
A0AAV5VA18	Pristionchus fissidentatus
A0AAV5VBF6	Pristionchus fissidentatus
A0AAV5VCH7	Pristionchus fissidentatus
A0AAV5VCW5	Pristionchus fissidentatus
A0AAV5VI68	Pristionchus fissidentatus
A0AAV5VPK5	Pristionchus fissidentatus
A0AAV5VQ25	Pristionchus fissidentatus
A0AAV5VR26	Pristionchus fissidentatus
A0AAV5VUA8	Pristionchus fissidentatus
A0AAV5VXI8	Pristionchus fissidentatus
A0AAV5W183	Pristionchus fissidentatus
A0AAV5W2Z3	Pristionchus fissidentatus
A0AAV5W4P0	Pristionchus fissidentatus
A0AAV5W6M5	Pristionchus fissidentatus
A0AAV5W8V3	Pristionchus fissidentatus
A0AAV5WKJ6	Pristionchus fissidentatus
A0AAV5WQK1	Pristionchus fissidentatus
A0AAV5WQP8	Pristionchus fissidentatus
A0AAV5WU61	Pristionchus fissidentatus
A0AAV5X0L4	Pristionchus fissidentatus
A0ABD2HQ32	Heterodera schachtii (Sugarbeet cyst nematode worm) (Tylenchus schachtii)
A0ABD2HTB4	Heterodera schachtii (Sugarbeet cyst nematode worm) (Tylenchus schachtii)
A0ABD2HVK8	Heterodera trifolii
A0ABD2HVL0	Heterodera trifolii
A0ABD2HXE1	Heterodera schachtii (Sugarbeet cyst nematode worm) (Tylenchus schachtii)
A0ABD2I148	Heterodera schachtii (Sugarbeet cyst nematode worm) (Tylenchus schachtii)
A0ABD2I1N9	Heterodera schachtii (Sugarbeet cyst nematode worm) (Tylenchus schachtii)
A0ABD2I364	Heterodera schachtii (Sugarbeet cyst nematode worm) (Tylenchus schachtii)
A0ABD2I3I2	Heterodera trifolii
A0ABD2I4Z8	Heterodera schachtii (Sugarbeet cyst nematode worm) (Tylenchus schachtii)
A0ABD2I9R8	Heterodera trifolii
A0ABD2IE25	Heterodera schachtii (Sugarbeet cyst nematode worm) (Tylenchus schachtii)
A0ABD2IM01	Heterodera schachtii (Sugarbeet cyst nematode worm) (Tylenchus schachtii)
A0ABD2IN03	Heterodera schachtii (Sugarbeet cyst nematode worm) (Tylenchus schachtii)
A0ABD2INJ8	Heterodera trifolii
A0ABD2ITY2	Heterodera schachtii (Sugarbeet cyst nematode worm) (Tylenchus schachtii)
A0ABD2IWB6	Heterodera trifolii
A0ABD2IWP8	Heterodera trifolii
A0ABD2IZ71	Heterodera trifolii
A0ABD2J155	Heterodera schachtii (Sugarbeet cyst nematode worm) (Tylenchus schachtii)
A0ABD2JE17	Heterodera trifolii
A0ABD2JF74	Heterodera trifolii
A0ABD2JGN9	Heterodera trifolii
A0ABD2JJN2	Heterodera schachtii (Sugarbeet cyst nematode worm) (Tylenchus schachtii)
A0ABD2JK31	Heterodera schachtii (Sugarbeet cyst nematode worm) (Tylenchus schachtii)
A0ABD2JM99	Heterodera trifolii
A0ABD2JRF1	Heterodera trifolii
A0ABD2JUR3	Heterodera schachtii (Sugarbeet cyst nematode worm) (Tylenchus schachtii)
A0ABD2K029	Heterodera trifolii
A0ABD2K0I2	Heterodera trifolii
A0ABD2K2I3	Heterodera schachtii (Sugarbeet cyst nematode worm) (Tylenchus schachtii)
A0ABD2K595	Heterodera schachtii (Sugarbeet cyst nematode worm) (Tylenchus schachtii)
A0ABD2K7T0	Heterodera trifolii
A0ABD2K9L0	Heterodera trifolii
A0ABD2KG67	Heterodera schachtii (Sugarbeet cyst nematode worm) (Tylenchus schachtii)
A0ABD2KJD9	Heterodera trifolii
A0ABD2KJR8	Heterodera schachtii (Sugarbeet cyst nematode worm) (Tylenchus schachtii)
A0ABD2KKB0	Heterodera schachtii (Sugarbeet cyst nematode worm) (Tylenchus schachtii)
A0ABD2KKK8	Heterodera trifolii
A0ABD2KMZ9	Heterodera schachtii (Sugarbeet cyst nematode worm) (Tylenchus schachtii)
A0ABD2KNF0	Heterodera trifolii
A0ABD2KQW6	Heterodera trifolii
A0ABD2KR94	Heterodera trifolii
A0ABD2KSN5	Heterodera trifolii
A0ABD2KXX3	Heterodera trifolii
A0ABD2KZY7	Heterodera trifolii
A0ABD2L3X2	Heterodera trifolii
A0ABD2L530	Heterodera trifolii
A0ABD2L6M6	Heterodera trifolii
A0ABD2LEU1	Heterodera trifolii
A0ABD2LNC9	Heterodera trifolii
A0ABD2LP40	Heterodera trifolii
A0ABD2LS68	Heterodera trifolii
A0ABD2LTK5	Heterodera trifolii
A0ABD2LUV0	Heterodera trifolii
A0ABD2LZN5	Heterodera trifolii
A0ABD2M0Y9	Heterodera trifolii
A0ABD2M1M7	Heterodera trifolii
A0ABD2M586	Heterodera trifolii
A0ABD2MD13	Heterodera trifolii
A0ABD2MD24	Heterodera trifolii
A0ABD2MDI9	Heterodera trifolii
A0ABD6E345	Gnathostoma spinigerum
A0ABD6E358	Gnathostoma spinigerum
A0ABD6E5A0	Gnathostoma spinigerum
A0ABD6E6Z6	Gnathostoma spinigerum
A0ABD6E8C7	Gnathostoma spinigerum
A0ABD6ED50	Gnathostoma spinigerum
A0ABD6EKC5	Gnathostoma spinigerum
A0ABD6ELK1	Gnathostoma spinigerum
A0ABD6ELX8	Gnathostoma spinigerum
A0ABD6EQ58	Gnathostoma spinigerum
A0ABD6ESG4	Gnathostoma spinigerum
A0ABD6F2J5	Gnathostoma spinigerum
A0ABD6F3N0	Gnathostoma spinigerum
A0ABD6F463	Gnathostoma spinigerum
A0ABR1BGC2	Necator americanus (Human hookworm)
A0ABR1BJS6	Necator americanus (Human hookworm)
A0ABR1BL87	Necator americanus (Human hookworm)
A0ABR1BN07	Necator americanus (Human hookworm)
A0ABR1BPP3	Necator americanus (Human hookworm)
A0ABR1BQD1	Necator americanus (Human hookworm)
A0ABR1BR68	Necator americanus (Human hookworm)
A0ABR1BRU7	Necator americanus (Human hookworm)
A0ABR1BV55	Necator americanus (Human hookworm)
A0ABR1BXG6	Necator americanus (Human hookworm)
A0ABR1BYR4	Necator americanus (Human hookworm)
A0ABR1BYZ8	Necator americanus (Human hookworm)
A0ABR1C0N9	Necator americanus (Human hookworm)
A0ABR1C2B0	Necator americanus (Human hookworm)
A0ABR1C363	Necator americanus (Human hookworm)
A0ABR1C3U2	Necator americanus (Human hookworm)
A0ABR1C3W3	Necator americanus (Human hookworm)
A0ABR1C4F6	Necator americanus (Human hookworm)
A0ABR1C4V2	Necator americanus (Human hookworm)
A0ABR1C5Y6	Necator americanus (Human hookworm)
A0ABR1C731	Necator americanus (Human hookworm)
A0ABR1CED5	Necator americanus (Human hookworm)
A0ABR1CSH0	Necator americanus (Human hookworm)
A0ABR1D5N1	Necator americanus (Human hookworm)
A0ABR1D6B2	Necator americanus (Human hookworm)
A0ABR1DAG8	Necator americanus (Human hookworm)
A0ABR1DEA7	Necator americanus (Human hookworm)
A0ABR1DKA4	Necator americanus (Human hookworm)
A0ABR1DM33	Necator americanus (Human hookworm)
A0ABR1DMZ9	Necator americanus (Human hookworm)
A0ABR1DR28	Necator americanus (Human hookworm)
A0ABR1DV37	Necator americanus (Human hookworm)
A0ABR1E4F7	Necator americanus (Human hookworm)
A0ABR1E653	Necator americanus (Human hookworm)
A0ABR1EBP1	Necator americanus (Human hookworm)
A0ACB0XQP0	Meloidogyne enterolobii (Root-knot nematode worm) (Meloidogyne mayaguensis)
A0ACB0XQT5	Meloidogyne enterolobii (Root-knot nematode worm) (Meloidogyne mayaguensis)
A0ACB0XR67	Meloidogyne enterolobii (Root-knot nematode worm) (Meloidogyne mayaguensis)
A0ACB0XTD9	Meloidogyne enterolobii (Root-knot nematode worm) (Meloidogyne mayaguensis)
A0ACB0XTE2	Meloidogyne enterolobii (Root-knot nematode worm) (Meloidogyne mayaguensis)
A0ACB0YBK3	Meloidogyne enterolobii (Root-knot nematode worm) (Meloidogyne mayaguensis)
A0ACB0YBM4	Meloidogyne enterolobii (Root-knot nematode worm) (Meloidogyne mayaguensis)
A0ACB0YEH8	Meloidogyne enterolobii (Root-knot nematode worm) (Meloidogyne mayaguensis)
A0ACB0YEU9	Meloidogyne enterolobii (Root-knot nematode worm) (Meloidogyne mayaguensis)
A0ACB0YGK5	Meloidogyne enterolobii (Root-knot nematode worm) (Meloidogyne mayaguensis)
A0ACB0YGP0	Meloidogyne enterolobii (Root-knot nematode worm) (Meloidogyne mayaguensis)
A0ACB0YIF1	Meloidogyne enterolobii (Root-knot nematode worm) (Meloidogyne mayaguensis)
A0ACB0YP18	Meloidogyne enterolobii (Root-knot nematode worm) (Meloidogyne mayaguensis)
A0ACB0Z7U9	Meloidogyne enterolobii (Root-knot nematode worm) (Meloidogyne mayaguensis)
A0ACB0ZCM4	Meloidogyne enterolobii (Root-knot nematode worm) (Meloidogyne mayaguensis)
A0ACB0ZNY9	Meloidogyne enterolobii (Root-knot nematode worm) (Meloidogyne mayaguensis)
A0ACB0ZQB2	Meloidogyne enterolobii (Root-knot nematode worm) (Meloidogyne mayaguensis)
A0ACB1AQZ8	Meloidogyne enterolobii (Root-knot nematode worm) (Meloidogyne mayaguensis)
A0ACB1B9H3	Meloidogyne enterolobii (Root-knot nematode worm) (Meloidogyne mayaguensis)
A0ACB1BB06	Meloidogyne enterolobii (Root-knot nematode worm) (Meloidogyne mayaguensis)
E3LDL0	Caenorhabditis remanei (Caenorhabditis vulgaris)
E3LPF9	Caenorhabditis remanei (Caenorhabditis vulgaris)
E3LSW1	Caenorhabditis remanei (Caenorhabditis vulgaris)
E3M2S2	Caenorhabditis remanei (Caenorhabditis vulgaris)
E3M485	Caenorhabditis remanei (Caenorhabditis vulgaris)
E3M7S7	Caenorhabditis remanei (Caenorhabditis vulgaris)
E3MS88	Caenorhabditis remanei (Caenorhabditis vulgaris)
E3NTZ1	Caenorhabditis remanei (Caenorhabditis vulgaris)
G0MGB6	Caenorhabditis brenneri (Nematode worm)
G0MHW0	Caenorhabditis brenneri (Nematode worm)
G0MI91	Caenorhabditis brenneri (Nematode worm)
G0MNH2	Caenorhabditis brenneri (Nematode worm)
G0MST6	Caenorhabditis brenneri (Nematode worm)
G0MST7	Caenorhabditis brenneri (Nematode worm)
G0MY18	Caenorhabditis brenneri (Nematode worm)
G0N695	Caenorhabditis brenneri (Nematode worm)
G0N9S5	Caenorhabditis brenneri (Nematode worm)
G0NK38	Caenorhabditis brenneri (Nematode worm)
G0NKX0	Caenorhabditis brenneri (Nematode worm)
G0NPQ3	Caenorhabditis brenneri (Nematode worm)
G0P064	Caenorhabditis brenneri (Nematode worm)
G0P4N3	Caenorhabditis brenneri (Nematode worm)
G0P540	Caenorhabditis brenneri (Nematode worm)
G0P6C8	Caenorhabditis brenneri (Nematode worm)
G0P6Q2	Caenorhabditis brenneri (Nematode worm)
G0P6Q3	Caenorhabditis brenneri (Nematode worm)
G0P8T5	Caenorhabditis brenneri (Nematode worm)
G0PAE5	Caenorhabditis brenneri (Nematode worm)
G0PB24	Caenorhabditis brenneri (Nematode worm)
G0PBN4	Caenorhabditis brenneri (Nematode worm)
A0A077ZFH0	Trichuris trichiura (Whipworm) (Trichocephalus trichiurus)
A0AAD4MS72	Ditylenchus destructor
A0AAD4N0C2	Ditylenchus destructor
A0AAD4N4E8	Ditylenchus destructor
A0AAD4N4V3	Ditylenchus destructor
A0AAD4N7X0	Ditylenchus destructor
A0AAD4NDC4	Ditylenchus destructor
A0AAD4NGB8	Ditylenchus destructor
A0AAD4NLK3	Ditylenchus destructor
A0AAD4QVT9	Ditylenchus destructor
A0AAD4R9R5	Ditylenchus destructor
A0AAD4RA27	Ditylenchus destructor
A0AAD4RAV9	Ditylenchus destructor
A0AAD4RBN0	Ditylenchus destructor
A0A077Z7U8	Trichuris trichiura (Whipworm) (Trichocephalus trichiurus)
A0A077ZBX4	Trichuris trichiura (Whipworm) (Trichocephalus trichiurus)
A0AAD4MP53	Ditylenchus destructor
A0AAD4MPN4	Ditylenchus destructor
A0AAD4N2E3	Ditylenchus destructor
A0AAD4N2F0	Ditylenchus destructor
A0AAD4N885	Ditylenchus destructor
A0AAD4N911	Ditylenchus destructor
A0AAD4NCP6	Ditylenchus destructor
A0AAD4NDC8	Ditylenchus destructor
A0AAD4NFF3	Ditylenchus destructor
A0AAD4NFH8	Ditylenchus destructor
A0AAD4NFZ4	Ditylenchus destructor
A0AAD4R1A6	Ditylenchus destructor
A0AAD4R7G8	Ditylenchus destructor
A0AAD4R8Q0	Ditylenchus destructor
A0AAN8IGX5	Trichostrongylus colubriformis (Black scour worm)
A0A077Z2Y1	Trichuris trichiura (Whipworm) (Trichocephalus trichiurus)
A0AAD4MRJ9	Ditylenchus destructor
A0AAD4N631	Ditylenchus destructor
A0AAD4N8B7	Ditylenchus destructor
A0AAD4NCY3	Ditylenchus destructor
A0AAD4NH06	Ditylenchus destructor
A0AAD4QYB1	Ditylenchus destructor
A0AAD4R9I9	Ditylenchus destructor
A0AAD4RBB5	Ditylenchus destructor
A0AAD4RCA9	Ditylenchus destructor
A0A077YZE5	Trichuris trichiura (Whipworm) (Trichocephalus trichiurus)
A0A077Z0E7	Trichuris trichiura (Whipworm) (Trichocephalus trichiurus)
A0A4E9FQC8	Brugia malayi (Filarial nematode worm)
A0AAD4N1L5	Ditylenchus destructor
A0AAD4N2X4	Ditylenchus destructor
A0AAD4N7J4	Ditylenchus destructor
A0AAD4NA53	Ditylenchus destructor
A0AAD4NEP3	Ditylenchus destructor
A0AAD4NKV5	Ditylenchus destructor
A0AAD4QVB8	Ditylenchus destructor
A0AAD4R1C9	Ditylenchus destructor
A0AAD4R280	Ditylenchus destructor
A0AAD4R3C6	Ditylenchus destructor
A0AAD4RC75	Ditylenchus destructor
A0AAN8IIQ2	Trichostrongylus colubriformis (Black scour worm)
C7BVT5	Angiostrongylus cantonensis (Rat lungworm)
A0A077Z0W6	Trichuris trichiura (Whipworm) (Trichocephalus trichiurus)
A0A077ZAU6	Trichuris trichiura (Whipworm) (Trichocephalus trichiurus)
A0A077ZHS1	Trichuris trichiura (Whipworm) (Trichocephalus trichiurus)
A0AAD4MT13	Ditylenchus destructor
A0AAD4MUL9	Ditylenchus destructor
A0AAD4N658	Ditylenchus destructor
A0AAD4N968	Ditylenchus destructor
A0AAD4NBJ8	Ditylenchus destructor
A0AAD4NCA1	Ditylenchus destructor
A0AAD4NDD1	Ditylenchus destructor
A0AAD4R1Y1	Ditylenchus destructor
A0AAD4R2C4	Ditylenchus destructor
A0AAD4R2C7	Ditylenchus destructor
A0AAD4R414	Ditylenchus destructor
A0AAD4R8P3	Ditylenchus destructor
A0A0J9XPS3	Brugia malayi (Filarial nematode worm)
A0A0K0G139	Strongyloides venezuelensis (Threadworm)
A0A0K0EV82	Strongyloides venezuelensis (Threadworm)
A0A0J9XUJ8	Brugia malayi (Filarial nematode worm)
A0A0K0FG26	Strongyloides venezuelensis (Threadworm)
A0A0K0FIN0	Strongyloides venezuelensis (Threadworm)
A0A0K0FYZ1	Strongyloides venezuelensis (Threadworm)
A0A0K0F1S5	Strongyloides venezuelensis (Threadworm)
A0A0K0FM15	Strongyloides venezuelensis (Threadworm)
A0A0K0EXG4	Strongyloides venezuelensis (Threadworm)
A0A0K0EXW8	Strongyloides venezuelensis (Threadworm)
A0A0K0FAC3	Strongyloides venezuelensis (Threadworm)
A0A0K0FAJ4	Strongyloides venezuelensis (Threadworm)
A0A0K0FJG3	Strongyloides venezuelensis (Threadworm)
A0A0K0FX22	Strongyloides venezuelensis (Threadworm)
A0A0K0G496	Strongyloides venezuelensis (Threadworm)
A0A0K0EXG3	Strongyloides venezuelensis (Threadworm)
A0A0K0EXV5	Strongyloides venezuelensis (Threadworm)
A0A0K0EXX0	Strongyloides venezuelensis (Threadworm)
A0A0K0F2L6	Strongyloides venezuelensis (Threadworm)
A0A0K0F7P1	Strongyloides venezuelensis (Threadworm)
A0A0K0FFU1	Strongyloides venezuelensis (Threadworm)
A0A0K0FU50	Strongyloides venezuelensis (Threadworm)
A0A0K0G2G9	Strongyloides venezuelensis (Threadworm)
A0A0K0F4U2	Strongyloides venezuelensis (Threadworm)
