name,feature,feature_value,adapted,public,adapted_minus_public
GEK-25,aa_A,0.0,-0.011491699509442491,-0.012366891506112922,0.0008751919966704311
GEK-25,aa_C,0.0,-0.0059278006136190345,-0.004267244417479054,-0.0016605561961399807
GEK-25,aa_D,0.07999999821186066,-0.008066190257396114,-0.003335803177972061,-0.004730387079424053
GEK-25,aa_E,0.11999999731779099,0.00412635090752678,0.012402366836751574,-0.008276015929224794
GEK-25,aa_F,0.0,-0.016100654358862508,-0.011564306528729112,-0.004536347830133396
GEK-25,aa_G,0.36000001430511475,0.005177919295552439,0.007570447557252978,-0.0023925282617005394
GEK-25,aa_H,0.0,-0.000802501080039879,-0.001272903377673454,0.0004704022976335751
GEK-25,aa_I,0.0,-0.012535701296146184,-0.014396903498799242,0.0018612022026530586
GEK-25,aa_K,0.11999999731779099,0.0013996762664617564,0.0003505977832475904,0.001049078483214166
GEK-25,aa_L,0.0,-0.007679213785106651,-0.008791693145563294,0.0011124793604566424
GEK-25,aa_M,0.0,-0.0016753274393843793,-0.0028925729678084613,0.001217245528424082
GEK-25,aa_N,0.03999999910593033,-0.00043134544992734985,-0.0010043556047141958,0.000573010154786846
GEK-25,aa_P,0.07999999821186066,-0.0020091491830723715,-0.002113462702650585,0.00010431351957821333
GEK-25,aa_Q,0.0,-0.006500725330326461,-0.008517912652122246,0.0020171873217957846
GEK-25,aa_R,0.1599999964237213,-0.022742762737582283,-0.016244032744694246,-0.006498729992888037
GEK-25,aa_S,0.0,-0.0030297591252888318,-0.00312455497465921,9.479584937037823e-05
GEK-25,aa_T,0.0,-0.00186572376980321,-0.0014000405263294227,-0.0004656832434737873
GEK-25,aa_V,0.03999999910593033,-0.00159841140142086,0.000378096938255177,-0.001976508339676037
GEK-25,aa_W,0.0,-0.005893563804368277,-0.006425183377311046,0.0005316195729427693
GEK-25,aa_Y,0.0,-0.002905887381473237,-0.003219514990258318,0.0003136276087850813
GEK-25,acidic_frac,0.20000000298023224,-0.004707006421920148,-0.000617816555924303,-0.0040891898659958445
GEK-25,alpha,0.8888000249862671,-0.01752336400978372,-0.016614390271414026,-0.0009089737383696922
GEK-25,apv,0.2616400122642517,0.0009095166783070908,0.0009000670100511711,9.4496682559197e-06
GEK-25,aromatic_frac,0.0,-0.01601696296179643,-0.008894615018672843,-0.007122347943123587
GEK-25,basic_frac,0.2800000011920929,-0.008715182542200798,-0.010814645431366286,0.0020994628891654876
GEK-25,boman,4.333600044250488,-0.026954456853196716,-0.019638739053687793,-0.007315717799508924
GEK-25,charge,1.98076593875885,0.001551257831499627,-0.00299700058921014,0.004548258420709767
GEK-25,dipep_AA,0.0,-0.0012738387971819045,-0.0022502830505620737,0.0009764442533801692
GEK-25,dipep_AC,0.0,-6.308986757932866e-05,-4.8044997954341115e-05,-1.504486962498754e-05
GEK-25,dipep_AD,0.0,-1.1315225285194446e-05,-7.936193755942317e-06,-3.379031529252129e-06
GEK-25,dipep_AE,0.0,4.285674331224704e-05,-5.446719464414004e-05,9.732393795638708e-05
GEK-25,dipep_AF,0.0,-3.9474170563834326e-05,-7.774422313559603e-05,3.82700525717617e-05
GEK-25,dipep_AG,0.0,-0.00036426784003054067,-0.00016072718106461206,-0.0002035406589659286
GEK-25,dipep_AH,0.0,-0.00037033060504429455,-0.00036391066024548025,-6.419944798814292e-06
GEK-25,dipep_AI,0.0,-0.0046568192049068514,-0.007094159207219734,0.002437340002312882
GEK-25,dipep_AK,0.0,-0.0011884051828753898,-0.0019748845056212117,0.0007864793227458219
GEK-25,dipep_AL,0.0,-0.002379813268301183,-0.002427240311974844,4.74270436736611e-05
GEK-25,dipep_AM,0.0,-1.1324425994420944e-05,-0.00023495999264896094,0.00022363556665454
GEK-25,dipep_AN,0.0,-0.0006966359975002363,-0.0003253834768926636,-0.0003712525206075727
GEK-25,dipep_AP,0.0,5.1656101510165875e-05,0.00033452014640431726,-0.0002828640448941514
GEK-25,dipep_AQ,0.0,-0.0019311126742640084,-0.0018205010051341177,-0.00011061166912989064
GEK-25,dipep_AR,0.0,-0.00015785383490143646,8.020764629136606e-05,-0.00023806148119280253
GEK-25,dipep_AS,0.0,-0.0004246594907957856,-0.0003511550175553289,-7.35044732404567e-05
GEK-25,dipep_AT,0.0,-0.0001539040720812718,0.0,-0.0001539040720812718
GEK-25,dipep_AV,0.0,-0.0022190828697860785,-0.0004888275379359274,-0.001730255331850151
GEK-25,dipep_AW,0.0,-7.640750861374729e-05,-8.818445078345713e-05,1.1776942169709848e-05
GEK-25,dipep_AY,0.0,-0.00011763692563723915,-0.00011454669496281831,-3.0902306744208345e-06
GEK-25,dipep_CA,0.0,-0.00011194623976958489,-5.011902561853443e-05,-6.182721415105045e-05
GEK-25,dipep_CC,0.0,-0.0002685713410024796,-0.0003534186947001571,8.484735369767747e-05
GEK-25,dipep_CD,0.0,-0.00011501359257808865,-0.0003195536575395783,0.00020454006496148965
GEK-25,dipep_CE,0.0,-0.0001797116514181317,-0.00011956315243696808,-6.0148498981163606e-05
GEK-25,dipep_CF,0.0,-2.563745258190509e-05,-6.929938589806802e-05,4.366193331616293e-05
GEK-25,dipep_CG,0.0,-0.0044246759177643145,-0.007331610995071065,0.0029069350773067507
GEK-25,dipep_CH,0.0,-4.153113128003219e-06,-3.7770205463548464e-05,3.361709233554524e-05
GEK-25,dipep_CI,0.0,-0.00017218066236350966,-0.0002151451399010035,4.296447753749383e-05
GEK-25,dipep_CK,0.0,-8.256486565891286e-05,-4.780214973383026e-06,-7.778465068552983e-05
GEK-25,dipep_CL,0.0,-2.0540408039040093e-05,4.924873414307942e-06,-2.5465281453348035e-05
GEK-25,dipep_CM,0.0,0.0,0.0,0.0
GEK-25,dipep_CN,0.0,-0.00025494415383083355,-0.00020101545612478638,-5.392869770604717e-05
GEK-25,dipep_CP,0.0,-0.00020789511113479816,-0.00032442013131668063,0.00011652502018188248
GEK-25,dipep_CQ,0.0,0.0,8.412915680439681e-05,-8.412915680439681e-05
GEK-25,dipep_CR,0.0,-0.0005830574741896959,-0.0005047758227191655,-7.828165147053033e-05
GEK-25,dipep_CS,0.0,-0.00027813436630139983,-0.00023636500086923596,-4.176936543216387e-05
GEK-25,dipep_CT,0.0,-6.713538456901609e-05,-7.187686079744537e-05,4.741476228429278e-06
GEK-25,dipep_CV,0.0,2.3671002146926958e-05,-0.00011691691091352624,0.0001405879130604532
GEK-25,dipep_CW,0.0,-0.00013842446028415145,-0.00016455715437763257,2.6132694093481123e-05
GEK-25,dipep_CY,0.0,-0.0005631199155896577,-0.0009444446070616791,0.0003813246914720214
GEK-25,dipep_DA,0.0,0.0,4.3190840359831545e-05,-4.3190840359831545e-05
GEK-25,dipep_DC,0.0,0.0,0.0,0.0
GEK-25,dipep_DD,0.0,-0.00014758418301531794,-6.414694745782046e-05,-8.343723555749748e-05
GEK-25,dipep_DE,0.0,-0.0001970474768686775,-0.00040111396649423044,0.00020406648962555295
GEK-25,dipep_DF,0.0,-0.0012107643730846095,-0.00015344776614872475,-0.0010573166069358848
GEK-25,dipep_DG,0.0,-0.0018850662149204798,-0.0016354058811213035,-0.0002496603337991763
GEK-25,dipep_DH,0.0,-5.0665366622588066e-05,-1.250413452424778e-05,-3.8161232098340285e-05
GEK-25,dipep_DI,0.0,-2.465380005073444e-05,-0.0001563508522592351,0.00013169705220850066
GEK-25,dipep_DK,0.0416666679084301,-0.005296153697191006,0.0009715695044599975,-0.006267723201651003
GEK-25,dipep_DL,0.0,-0.00014132905300046742,-0.00020487275555318223,6.354370255271481e-05
GEK-25,dipep_DM,0.0,-1.0340471784025144e-05,0.0,-1.0340471784025144e-05
GEK-25,dipep_DN,0.0,-9.539571646409397e-06,0.0,-9.539571646409397e-06
GEK-25,dipep_DP,0.0,0.0,0.0,0.0
GEK-25,dipep_DQ,0.0,-8.765806472046485e-05,-4.253282536038622e-05,-4.5125239360078625e-05
GEK-25,dipep_DR,0.0,-0.00021106020593888522,-0.00023540542394980658,2.4345218010921353e-05
GEK-25,dipep_DS,0.0,-6.93831198955647e-05,-4.477807514986816e-05,-2.4605044745696547e-05
GEK-25,dipep_DT,0.0,-2.457676268457351e-05,-0.00027529280442388894,0.00025071604173931546
GEK-25,dipep_DV,0.0416666679084301,-0.0016885043363192966,0.0047080565891765465,-0.006396560925495843
GEK-25,dipep_DW,0.0,-6.852966236033948e-05,0.0,-6.852966236033948e-05
GEK-25,dipep_DY,0.0,-4.427572322568201e-05,-3.8828635301570636e-05,-5.447087924111375e-06
GEK-25,dipep_EA,0.0,-0.002642769975894264,-0.002268334820427193,-0.00037443515546707086
GEK-25,dipep_EC,0.0,-0.00040711490018601224,-0.0004272925821924141,2.017768200640184e-05
GEK-25,dipep_ED,0.0,-0.00029468017843276484,-0.00030356174926124614,8.881570828481297e-06
GEK-25,dipep_EE,0.0,-0.00039038945525635046,-0.00013696439190496668,-0.00025342506335138376
GEK-25,dipep_EF,0.0,-0.0007840067193851415,-0.0003490679750225813,-0.0004349387443625602
GEK-25,dipep_EG,0.0,-0.008067968417368692,-0.011373374180212597,0.003305405762843905
GEK-25,dipep_EH,0.0,1.7958197467191565e-05,0.00014171141178417621,-0.00012375321431698464
GEK-25,dipep_EI,0.0,2.3100795320799648e-05,-0.0011593565700534908,0.0011824573653742905
GEK-25,dipep_EK,0.0833333358168602,-0.0006632618061459502,-0.007849389635042298,0.007186127828896348
GEK-25,dipep_EL,0.0,4.564834440827156e-05,6.555349020656536e-06,3.909299538761503e-05
GEK-25,dipep_EM,0.0,0.0,0.0,0.0
GEK-25,dipep_EN,0.0,-0.0027852237679072533,-0.005131091182714124,0.002345867414806871
GEK-25,dipep_EP,0.0,-8.62271344444446e-06,0.0,-8.62271344444446e-06
GEK-25,dipep_EQ,0.0,-4.7607230038716144e-05,-2.8416302738394907e-05,-1.9190927300321237e-05
GEK-25,dipep_ER,0.0416666679084301,-6.460774961692158e-05,0.0022448266515999443,-0.0023094344012168657
GEK-25,dipep_ES,0.0,-0.0006668315201664889,-0.00022022074302342938,-0.0004466107771430595
GEK-25,dipep_ET,0.0,0.0,-0.00010252397083497515,0.00010252397083497515
GEK-25,dipep_EV,0.0,6.090344821386112e-05,0.0,6.090344821386112e-05
GEK-25,dipep_EW,0.0,0.0,0.0,0.0
GEK-25,dipep_EY,0.0,-5.025438422049149e-05,-1.893763689940542e-05,-3.131674732108607e-05
GEK-25,dipep_FA,0.0,-4.963616862907886e-05,-0.0006337061535244809,0.0005840699848954021
GEK-25,dipep_FC,0.0,0.00010522948550480336,-0.000565637229917191,0.0006708667154219943
GEK-25,dipep_FD,0.0,-1.874532372131325e-05,-6.180935854866543e-05,4.306403482735218e-05
GEK-25,dipep_FE,0.0,-0.0022236242203568335,-0.002633136410179496,0.0004095121898226627
GEK-25,dipep_FF,0.0,-0.0011221852243894937,-0.0001252470544382407,-0.0009969381699512529
GEK-25,dipep_FG,0.0,-0.0009150998786082192,-0.0003696328883176642,-0.000545466990290555
GEK-25,dipep_FH,0.0,-0.000273072474506469,-0.000364295446699237,9.122297219276798e-05
GEK-25,dipep_FI,0.0,-0.00348724458323872,-0.004687218650063291,0.0011999740668245714
GEK-25,dipep_FK,0.0,-0.0012178906504994402,-0.00022280033321275542,-0.000995090317286685
GEK-25,dipep_FL,0.0,-0.007537752645594609,-0.004830718884313918,-0.0027070337612806914
GEK-25,dipep_FM,0.0,-0.00030590732052014657,-0.0002448482411520801,-6.105907936806645e-05
GEK-25,dipep_FN,0.0,-1.2502520455023715e-05,0.0,-1.2502520455023715e-05
GEK-25,dipep_FP,0.0,-0.00016543182163509122,-9.697781276968145e-05,-6.845400886540977e-05
GEK-25,dipep_FQ,0.0,-6.396832350297947e-05,-3.555459309239936e-05,-2.841373041058011e-05
GEK-25,dipep_FR,0.0,7.951780951770731e-05,0.0006121096815368656,-0.0005325918720191583
GEK-25,dipep_FS,0.0,-0.00017768532775849685,-2.267583338120662e-05,-0.00015500949437729022
GEK-25,dipep_FT,0.0,-0.00012370354707347934,-0.0001652897676387166,4.1586220565237276e-05
GEK-25,dipep_FV,0.0,-0.00020093350312535446,6.890964760184863e-05,-0.0002698431507272031
GEK-25,dipep_FW,0.0,-3.219056594542715e-05,-0.0001260275899748141,9.383702402938696e-05
GEK-25,dipep_FY,0.0,-4.750733142012072e-05,-2.1300017329036033e-05,-2.620731409108469e-05
GEK-25,dipep_GA,0.0,-0.0007648793587309976,-0.0022991849316829674,0.0015343055729519699
GEK-25,dipep_GC,0.0,-0.0001885226700840668,-0.00028860305751209346,0.00010008038742802668
GEK-25,dipep_GD,0.0833333358168602,0.00476360203803864,0.0018617485833744784,0.002901853454664162
GEK-25,dipep_GE,0.125,6.112411031450252e-05,0.0017182205901308523,-0.0016570964798163497
GEK-25,dipep_GF,0.0,-0.003525413897849234,-0.0035771978195499486,5.178392170071457e-05
GEK-25,dipep_GG,0.0,0.00012123119281157468,0.00044595305997843646,-0.0003247218671668618
GEK-25,dipep_GH,0.0,-0.0004586262255103456,-0.000242873442318296,-0.0002157527831920496
GEK-25,dipep_GI,0.0,-0.00016866998091426483,0.00019772128226670536,-0.00036639126318097016
GEK-25,dipep_GK,0.0,-0.0008079792972645693,-0.0011542107936803833,0.00034623149641581396
GEK-25,dipep_GL,0.0,-0.004418528887784005,-0.0037938261397378703,-0.0006247027480461346
GEK-25,dipep_GM,0.0,-0.003314655427508699,-0.00430626991424367,0.000991614486734971
GEK-25,dipep_GN,0.0416666679084301,-0.0007257697042678734,0.0,-0.0007257697042678734
GEK-25,dipep_GP,0.0416666679084301,-0.0025981150334890494,0.0024457634141928832,-0.005043878447681933
GEK-25,dipep_GQ,0.0,0.0001499453715587071,0.0010951861231699093,-0.0009452407516112023
GEK-25,dipep_GR,0.0416666679084301,0.003790864895379701,0.01163085710617633,-0.007839992210796629
GEK-25,dipep_GS,0.0,-0.000707856994986802,-0.0006683774765593846,-3.9479518427417456e-05
GEK-25,dipep_GT,0.0,-0.00010828004797945956,-9.360728632204276e-05,-1.4672761657416795e-05
GEK-25,dipep_GV,0.0,-0.0004753906882398624,-0.0009478599393179994,0.00047246925107813695
GEK-25,dipep_GW,0.0,-0.004484202058514606,-0.005427551237647578,0.0009433491791329719
GEK-25,dipep_GY,0.0,-0.0035725394100383657,-0.0051787636659440354,0.0016062242559056698
GEK-25,dipep_HA,0.0,-0.00022976688263005233,-0.0002917257001377207,6.195881750766836e-05
GEK-25,dipep_HC,0.0,0.0,0.00010844859250089206,-0.00010844859250089206
GEK-25,dipep_HD,0.0,0.0,-1.6895546795196706e-05,1.6895546795196706e-05
GEK-25,dipep_HE,0.0,0.0,0.0,0.0
GEK-25,dipep_HF,0.0,-0.00010764353571269678,-1.6874582516491686e-05,-9.07689531962051e-05
GEK-25,dipep_HG,0.0,-7.660529887890805e-05,-0.000344023776107614,0.00026741847722870594
GEK-25,dipep_HH,0.0,-9.984696269072476e-05,-9.88771302163743e-05,-9.698324743504644e-07
GEK-25,dipep_HI,0.0,-0.0004797225850688205,-0.0004850653211176788,5.3427360488582875e-06
GEK-25,dipep_HK,0.0,-0.0003127169745584277,-0.00035508606764570106,4.236909308727335e-05
GEK-25,dipep_HL,0.0,-0.00010876218449139787,-0.00032517793668496696,0.0002164157521935691
GEK-25,dipep_HM,0.0,-1.707865238327561e-05,-1.3275935731851103e-05,-3.802716651424507e-06
GEK-25,dipep_HN,0.0,-9.033480700173641e-05,-6.0751908517180854e-05,-2.9582898484555557e-05
GEK-25,dipep_HP,0.0,0.0,0.0002518194968131436,-0.0002518194968131436
GEK-25,dipep_HQ,0.0,-0.00016415106068577468,-0.00010004176765665116,-6.410929302912351e-05
GEK-25,dipep_HR,0.0,-0.00026155872456222386,-0.00046736560302736017,0.0002058068784651363
GEK-25,dipep_HS,0.0,-0.00010964796038291233,-0.00023436996886888557,0.00012472200848597323
GEK-25,dipep_HT,0.0,2.4299446277422642e-05,0.0,2.4299446277422642e-05
GEK-25,dipep_HV,0.0,-5.102318492186828e-05,7.181051104219073e-05,-0.00012283369596405901
GEK-25,dipep_HW,0.0,0.0,0.0,0.0
GEK-25,dipep_HY,0.0,0.0,0.0,0.0
GEK-25,dipep_IA,0.0,-0.0006349903615581363,-0.001010097566570493,0.00037510720501235666
GEK-25,dipep_IC,0.0,-0.00020780382040887026,-0.0002776808356342274,6.987701522535712e-05
GEK-25,dipep_ID,0.0,-0.0031486550996418653,-0.005122394278091609,0.001973739178449744
GEK-25,dipep_IE,0.0,-0.006130371379798853,-0.011310747047955965,0.005180375668157112
GEK-25,dipep_IF,0.0,-0.0005106761787404974,-0.0010501459795657908,0.0005394698008252934
GEK-25,dipep_IG,0.0,-0.0015223640815687787,-2.2284503801598647e-06,-0.0015201356311886189
GEK-25,dipep_IH,0.0,-0.00020811885154406538,-0.0003278354933135219,0.0001197166417694565
GEK-25,dipep_II,0.0,-0.0009095585398712771,-0.0011148880429157472,0.0002053295030444701
GEK-25,dipep_IK,0.0,-0.0022982039413389777,-0.0022560083668027612,-4.2195574536216425e-05
GEK-25,dipep_IL,0.0,-0.001069307759952619,-0.001991130545846653,0.0009218227858940338
GEK-25,dipep_IM,0.0,-0.00013499640843202967,-4.3576217555819535e-05,-9.142019087621014e-05
GEK-25,dipep_IN,0.0,-0.0003523377816137024,-0.00032643449471412146,-2.590328689958094e-05
GEK-25,dipep_IP,0.0,-0.0005753949266242861,-0.0006173637641794218,4.196883755513568e-05
GEK-25,dipep_IQ,0.0,-0.00030942555778155423,-0.00016048643808555486,-0.00014893911969599937
GEK-25,dipep_IR,0.0,-0.00014237502742540006,-1.4911701076851068e-05,-0.00012746332634854898
GEK-25,dipep_IS,0.0,-0.0008741009169270512,-0.002284226283114095,0.0014101253661870437
GEK-25,dipep_IT,0.0,-0.0001706540760499958,-0.00013716446028947036,-3.348961576052543e-05
GEK-25,dipep_IV,0.0,-0.0009354230808749486,-0.00032382862343967094,-0.0006115944574352776
GEK-25,dipep_IW,0.0,-0.00019725064173934363,-0.00044771596520344745,0.0002504653234641038
GEK-25,dipep_IY,0.0,-5.359480668136959e-05,6.926200261183981e-07,-5.428742670748799e-05
GEK-25,dipep_KA,0.0,-0.00046384611381675373,-0.0008438126056184679,0.0003799664918017142
GEK-25,dipep_KC,0.0,-0.001014867717415933,-0.0008543317706862358,-0.00016053594672969709
GEK-25,dipep_KD,0.0,-0.0009636402833477463,-0.0003500382146717265,-0.0006136020686760197
GEK-25,dipep_KE,0.0,-0.0009766356841762974,0.0004204471992495744,-0.001397082883425872
GEK-25,dipep_KF,0.0,-0.0005556225789256618,-0.0007092081101897011,0.0001535855312640393
GEK-25,dipep_KG,0.125,-0.001407423618766354,0.005924126729292485,-0.007331550348058839
GEK-25,dipep_KH,0.0,-0.0001610055952876365,-7.633751663384082e-05,-8.466807865379567e-05
GEK-25,dipep_KI,0.0,-0.0013691372615451621,-0.0011064391430821428,-0.00026269811846301935
GEK-25,dipep_KK,0.0,-0.0034618474252508867,-0.008250981419171083,0.004789133993920195
GEK-25,dipep_KL,0.0,-0.0005130114504368748,-0.0008380558590231092,0.0003250444085862344
GEK-25,dipep_KM,0.0,9.645055078250654e-05,-0.00015086410872816068,0.0002473146595106672
GEK-25,dipep_KN,0.0,-0.0003120704326605653,-0.00020336935863107523,-0.00010870107402949009
GEK-25,dipep_KP,0.0,-0.0004809647030285224,-0.0005048534265879183,2.3888723559395897e-05
GEK-25,dipep_KQ,0.0,-0.00012982683676752247,-0.0005984594439806084,0.000468632607213086
GEK-25,dipep_KR,0.0,-0.0014091581793782965,-0.0005792575278171021,-0.0008299006515611944
GEK-25,dipep_KS,0.0,-0.00015715178777228926,0.00029764754431651304,-0.0004547993320888023
GEK-25,dipep_KT,0.0,-0.0005628058851526553,-0.001584410425711171,0.0010216045405585157
GEK-25,dipep_KV,0.0,-0.0024935339998326225,-0.0015086981850041363,-0.0009848358148284862
GEK-25,dipep_KW,0.0,-6.812219476823222e-05,-0.00017261675522080506,0.00010449456045257284
GEK-25,dipep_KY,0.0,-0.00036676222327339974,-0.00041840139604366975,5.163917277027001e-05
GEK-25,dipep_LA,0.0,-0.0005593073898082424,-0.0007245901299841392,0.0001652827401758968
GEK-25,dipep_LC,0.0,-0.0001030531214330518,-0.00034987483931111786,0.00024682171787806606
GEK-25,dipep_LD,0.0,-0.00020621235078655085,-0.0004678424281500868,0.00026163007736353593
GEK-25,dipep_LE,0.0,-8.938474334817755e-05,-0.00011276573106052151,2.3380987712343958e-05
GEK-25,dipep_LF,0.0,-0.010315359342057585,-0.018275853701836674,0.007960494359779089
GEK-25,dipep_LG,0.0,-0.0009437899987088287,-0.00018235479070171035,-0.0007614352080071185
GEK-25,dipep_LH,0.0,7.469293788569743e-05,-1.5825101700947138e-05,9.051803958664457e-05
GEK-25,dipep_LI,0.0,-0.003827855423392707,-0.0030484267103510028,-0.0007794287130417042
GEK-25,dipep_LK,0.0,-0.0012743547575875301,-0.0027704068882474474,0.0014960521306599172
GEK-25,dipep_LL,0.0,-0.0005334555661158422,-0.00041645691537876394,-0.00011699865073707826
GEK-25,dipep_LM,0.0,-0.00015521407005645706,-9.18200666302681e-05,-6.339400342618896e-05
GEK-25,dipep_LN,0.0,-0.0001375597366398058,-0.0003729399498689023,0.0002353802132290965
GEK-25,dipep_LP,0.0,-0.0014390608606212672,-0.0018318330171395202,0.000392772156518253
GEK-25,dipep_LQ,0.0,-9.456588835328473e-05,-8.420129449797283e-05,-1.0364593855311901e-05
GEK-25,dipep_LR,0.0,-6.447038778203292e-05,0.00030107570398922985,-0.0003655460917712628
GEK-25,dipep_LS,0.0,-0.00046367524216603406,-0.0008237978174357969,0.00036012257526976286
GEK-25,dipep_LT,0.0,-0.0004308489597559675,-0.00011407400070653848,-0.00031677495904942904
GEK-25,dipep_LV,0.0,-0.001777404647944217,-0.0010970055489862294,-0.0006803990989579876
GEK-25,dipep_LW,0.0,-0.0007124834176398529,-0.0006230631337828378,-8.942028385701514e-05
GEK-25,dipep_LY,0.0,-0.00016265475602596083,-8.077819468820152e-05,-8.187656133775932e-05
GEK-25,dipep_MA,0.0,-0.00010622399648131623,-0.0001522594309524786,4.603543447116238e-05
GEK-25,dipep_MC,0.0,-1.0752065167329884e-05,-9.306909325383522e-05,8.231702808650534e-05
GEK-25,dipep_MD,0.0,-4.6109613602655685e-06,-1.1016788933336519e-05,6.4058275730709506e-06
GEK-25,dipep_ME,0.0,-3.908744356292262e-05,1.056465265200376e-05,-4.965209621492638e-05
GEK-25,dipep_MF,0.0,7.099857946633357e-05,0.0,7.099857946633357e-05
GEK-25,dipep_MG,0.0,-0.00015182341320704439,-0.00031168348283748613,0.00015986006963044174
GEK-25,dipep_MH,0.0,0.0,0.0,0.0
GEK-25,dipep_MI,0.0,-0.0020991367862255856,-0.002978138534164208,0.0008790017479386224
GEK-25,dipep_MK,0.0,4.0461316388680484e-05,-8.41524580028987e-05,0.0001246137743915792
GEK-25,dipep_ML,0.0,-0.0001891999933042387,-0.00022015594820518633,3.095595490094764e-05
GEK-25,dipep_MM,0.0,-8.690119248658457e-05,-0.00029852395258981516,0.0002116227601032306
GEK-25,dipep_MN,0.0,-6.51039176030559e-05,-9.985833555366942e-05,3.475441795061352e-05
GEK-25,dipep_MP,0.0,0.0,0.0,0.0
GEK-25,dipep_MQ,0.0,-1.942247715212345e-05,-2.857782462540858e-05,9.15534747328513e-06
GEK-25,dipep_MR,0.0,-6.78425880945041e-05,-0.0004259944643571443,0.00035815187626264016
GEK-25,dipep_MS,0.0,-4.0730380507752177e-05,-8.863200121994563e-05,4.790162071219345e-05
GEK-25,dipep_MT,0.0,-0.00023219786382529448,-0.0003710027458774588,0.00013880488205216432
GEK-25,dipep_MV,0.0,-1.4948666002836613e-05,0.0,-1.4948666002836613e-05
GEK-25,dipep_MW,0.0,-1.853355217333477e-05,-9.58371970711363e-06,-8.94983246622114e-06
GEK-25,dipep_MY,0.0,0.0,-1.3315892697289911e-05,1.3315892697289911e-05
GEK-25,dipep_NA,0.0,-0.0002124501947038003,-0.0005764150524873188,0.0003639648577835185
GEK-25,dipep_NC,0.0,-3.3733457735027464e-05,-0.00018657581652648807,0.0001528423587914606
GEK-25,dipep_ND,0.0,0.0,0.0,0.0
GEK-25,dipep_NE,0.0,-3.0916450920712174e-05,-3.404955966155421e-05,3.1331087408420334e-06
GEK-25,dipep_NF,0.0,-0.00022254949568191042,-0.0005598910284923588,0.00033734153281044844
GEK-25,dipep_NG,0.0,-0.003672475207239989,-0.0029572274890445195,-0.0007152477181954697
GEK-25,dipep_NH,0.0,0.0,0.0,0.0
GEK-25,dipep_NI,0.0,-9.394146265214266e-05,-2.7743308121767896e-05,-6.619815453037476e-05
GEK-25,dipep_NK,0.0,-0.0005435422134172702,9.170614748576662e-05,-0.0006352483609030369
GEK-25,dipep_NL,0.0,-0.0006568195252883808,-0.0001231976970580742,-0.0005336218282303066
GEK-25,dipep_NM,0.0,-5.00412835782021e-05,-5.249604712433095e-05,2.454763546128844e-06
GEK-25,dipep_NN,0.0,0.0,-7.528041278234576e-05,7.528041278234576e-05
GEK-25,dipep_NP,0.0416666679084301,0.0006030185547260208,0.0019220649760277873,-0.0013190464213017664
GEK-25,dipep_NQ,0.0,-0.00021865961372017002,-0.0005608646603113527,0.0003422050465911827
GEK-25,dipep_NR,0.0,-0.00010718483947929518,-0.0001462373532986645,3.905251381936933e-05
GEK-25,dipep_NS,0.0,-5.30905571011732e-05,-0.00011321097486280064,6.012041776162744e-05
GEK-25,dipep_NT,0.0,-0.0021934475925376017,-0.0014911134733824663,-0.0007023341191551354
GEK-25,dipep_NV,0.0,5.206338793808624e-06,-0.0001026739141196437,0.00010788025291345234
GEK-25,dipep_NW,0.0,-1.4622969834857515e-05,-4.4473577600181896e-05,2.9850607765324383e-05
GEK-25,dipep_NY,0.0,-9.296831265738008e-05,-0.00012895284871787017,3.598453606049009e-05
GEK-25,dipep_PA,0.0,-0.0008064620699174523,0.0005703790537207953,-0.0013768411236382476
GEK-25,dipep_PC,0.0,-0.00026156352884445437,-0.000538968398486792,0.0002774048696423376
GEK-25,dipep_PD,0.0,1.023534377877839e-05,1.959392839732972e-05,-9.35858461855133e-06
GEK-25,dipep_PE,0.0,4.704644931174398e-05,-0.0006533605955148572,0.0007004070448266012
GEK-25,dipep_PF,0.0,-7.712789936848239e-05,0.0002932565312874135,-0.0003703844306558959
GEK-25,dipep_PG,0.0416666679084301,-0.001847118100243047,-0.00019476025704399404,-0.0016523578431990528
GEK-25,dipep_PH,0.0,-2.7612276872240188e-05,-1.4685030448111964e-05,-1.2927246424128224e-05
GEK-25,dipep_PI,0.0,6.56802335141625e-05,-1.8785653964807068e-05,8.446588747896956e-05
GEK-25,dipep_PK,0.0,-7.209798599979837e-05,-0.00018048816700469444,0.00010839018100489607
GEK-25,dipep_PL,0.0,-5.3317253287078876e-05,-4.950131089940143e-05,-3.815942387677446e-06
GEK-25,dipep_PM,0.0,0.0,0.0,0.0
GEK-25,dipep_PN,0.0,0.0,0.0,0.0
GEK-25,dipep_PP,0.0,0.00030670837148932855,1.442541827372995e-05,0.0002922829532155986
GEK-25,dipep_PQ,0.0,-0.00011635138347845995,2.6275772776888343e-05,-0.0001426271562553483
GEK-25,dipep_PR,0.0416666679084301,-0.0057317293109020425,-0.011245772676526664,0.0055140433656246214
GEK-25,dipep_PS,0.0,-0.00022891662667211832,-0.0006226937082223828,0.0003937770815502645
GEK-25,dipep_PT,0.0,-0.00037051768052183973,-1.6657632006812847e-05,-0.0003538600485150269
GEK-25,dipep_PV,0.0,-5.088386258257193e-05,-8.135854459967981e-05,3.0474682017107876e-05
GEK-25,dipep_PW,0.0,-2.6195416945575067e-05,-1.1936414043003663e-05,-1.4259002902571404e-05
GEK-25,dipep_PY,0.0,0.0,0.0,0.0
GEK-25,dipep_QA,0.0,-0.00026088935004533906,-0.00035980184317444306,9.8912493129104e-05
GEK-25,dipep_QC,0.0,-8.484875720151221e-05,-6.647737478643245e-05,-1.8371382415079764e-05
GEK-25,dipep_QD,0.0,-0.00011333925612517018,-0.00014046833001962156,2.712907389445138e-05
GEK-25,dipep_QE,0.0,0.0,-7.606092192220526e-06,7.606092192220526e-06
GEK-25,dipep_QF,0.0,-7.733410822495336e-05,-0.00022812148521978681,0.00015078737699483345
GEK-25,dipep_QG,0.0,-0.00024839795729264595,-0.0001590948257131865,-8.930313157945945e-05
GEK-25,dipep_QH,0.0,-0.0006323232184703609,-0.0009935798540168642,0.00036125663554650335
GEK-25,dipep_QI,0.0,-4.3556775319049164e-05,-0.0001301837088058918,8.662693348684264e-05
GEK-25,dipep_QK,0.0,7.442376667172821e-05,0.0003615456817834766,-0.00028712191511174836
GEK-25,dipep_QL,0.0,-0.00014558365062551686,-0.00011524748562166598,-3.0336165003850876e-05
GEK-25,dipep_QM,0.0,-1.7269429824174195e-05,0.0,-1.7269429824174195e-05
GEK-25,dipep_QN,0.0,-7.681577307499065e-05,-8.646075554995659e-06,-6.816969751999499e-05
GEK-25,dipep_QP,0.0,-0.0005598141596880992,-0.0015939454583816465,0.0010341312986935473
GEK-25,dipep_QQ,0.0,-0.0005335570133690296,-5.8296221491965684e-05,-0.0004752607918770639
GEK-25,dipep_QR,0.0,-0.005033727575873169,-0.0027012239262601693,-0.0023325036496129993
GEK-25,dipep_QS,0.0,-0.0005688595991294831,-0.0002561625377080305,-0.00031269706142145263
GEK-25,dipep_QT,0.0,0.0,0.0,0.0
GEK-25,dipep_QV,0.0,-9.102616573869461e-05,5.840224083267123e-06,-9.686638982196173e-05
GEK-25,dipep_QW,0.0,-9.383871416450251e-05,-0.00020460921355259961,0.0001107704993880971
GEK-25,dipep_QY,0.0,0.0,0.0,0.0
GEK-25,dipep_RA,0.0,-5.841560975996545e-05,-0.0003527248342432655,0.0002943092244833001
GEK-25,dipep_RC,0.0,-4.3661758971739515e-05,-7.653636410423022e-05,3.2874605132490704e-05
GEK-25,dipep_RD,0.0,-0.00010694684629877909,-9.37278316720027e-06,-9.757406313157882e-05
GEK-25,dipep_RE,0.0,0.00010001716662022798,0.0,0.00010001716662022798
GEK-25,dipep_RF,0.0,0.00038295151384144625,7.676220059628915e-06,0.00037527529378181734
GEK-25,dipep_RG,0.125,-0.0041509725986392685,-0.007276311351848135,0.003125338753208867
GEK-25,dipep_RH,0.0,-4.8825896739798724e-05,0.0,-4.8825896739798724e-05
GEK-25,dipep_RI,0.0,-0.0002754476084913717,7.679685735472733e-05,-0.00035224446584609904
GEK-25,dipep_RK,0.0,-0.00504641657684196,-0.0021337120092925132,-0.002912704567549447
GEK-25,dipep_RL,0.0,0.0009053829128336362,0.0002471973966424989,0.0006581855161911373
GEK-25,dipep_RM,0.0,-0.00044841703888218133,-0.0003330288680106743,-0.00011538817087150701
GEK-25,dipep_RN,0.0,-0.0006014709800211196,0.00022546057406466245,-0.0008269315540857821
GEK-25,dipep_RP,0.0,0.000350834831383392,0.0002514571694296877,9.93776619537043e-05
GEK-25,dipep_RQ,0.0,-0.008745731010991267,-0.007314551251897348,-0.0014311797590939182
GEK-25,dipep_RR,0.0416666679084301,-0.0006132863995477034,0.0032261748314625412,-0.0038394612310102445
GEK-25,dipep_RS,0.0,5.643054340107746e-05,-0.00011501984385146682,0.0001714503872525443
GEK-25,dipep_RT,0.0,0.00043919975959049313,-2.1453246556090532e-05,0.00046065300614658367
GEK-25,dipep_RV,0.0,-0.00030164758978315216,-0.00035017722159521583,4.852963181206367e-05
GEK-25,dipep_RW,0.0,-0.0006533703305439063,-0.0011098207439910425,0.0004564504134471362
GEK-25,dipep_RY,0.0,-0.0002117922808942509,-4.245366774299425e-05,-0.00016933861315125665
GEK-25,dipep_SA,0.0,-0.0001144979521521002,-7.879395468004558e-05,-3.570399747205463e-05
GEK-25,dipep_SC,0.0,-6.909644758733225e-05,-0.0001714518443259445,0.00010235539673861226
GEK-25,dipep_SD,0.0,-4.927157194804688e-05,-2.1204636156181327e-05,-2.8066935791865556e-05
GEK-25,dipep_SE,0.0,9.702656973710832e-06,0.0,9.702656973710832e-06
GEK-25,dipep_SF,0.0,-0.00023901434963397177,-9.785468989427563e-05,-0.00014115965973969614
GEK-25,dipep_SG,0.0,-0.00012518008550673225,-0.0002459902981930724,0.00012081021268634017
GEK-25,dipep_SH,0.0,-7.27554733953255e-05,-4.984860822609637e-05,-2.2906865169229126e-05
GEK-25,dipep_SI,0.0,-0.0005038121155184177,-0.0007904307433637046,0.0002866186278452869
GEK-25,dipep_SK,0.0,-0.0037564716499529555,-0.004259549156808485,0.0005030775068555295
GEK-25,dipep_SL,0.0,-0.0004790573997845108,-0.0008439814215955865,0.0003649240218110757
GEK-25,dipep_SM,0.0,0.0,0.0,0.0
GEK-25,dipep_SN,0.0,-0.0008735603827143771,-0.0002831196025186658,-0.0005904407801957113
GEK-25,dipep_SP,0.0,0.0003773303064956749,-0.0001300581011872652,0.0005073884076829401
GEK-25,dipep_SQ,0.0,-1.9361759420141192e-05,-3.0386811478261675e-05,1.1025052058120483e-05
GEK-25,dipep_SR,0.0,7.555541182300341e-05,-0.0017596279667121209,0.0018351833785351242
GEK-25,dipep_SS,0.0,-0.0004785952363227976,-0.0001464019665797774,-0.0003321932697430202
GEK-25,dipep_ST,0.0,-0.0002385909323965834,-0.0003637768093651493,0.0001251858769685659
GEK-25,dipep_SV,0.0,-2.5109898379740543e-05,-9.490558123840083e-05,6.979568285866029e-05
GEK-25,dipep_SW,0.0,-0.0006883482596902398,-0.00016253787840494278,-0.000525810381285297
GEK-25,dipep_SY,0.0,-4.7856676628288796e-05,-2.194386828258175e-05,-2.5912808345707047e-05
GEK-25,dipep_TA,0.0,-0.00045900820285556704,-0.0005522396625664006,9.323145971083352e-05
GEK-25,dipep_TC,0.0,-1.459654955718499e-05,8.852379394613332e-05,-0.00010312034350331831
GEK-25,dipep_TD,0.0,4.078073890635803e-05,0.00017952586503028198,-0.00013874512612392395
GEK-25,dipep_TE,0.0,-0.00045584785611955123,0.0,-0.00045584785611955123
GEK-25,dipep_TF,0.0,-0.0008135073113809409,-0.00038264871395915745,-0.00043085859742178343
GEK-25,dipep_TG,0.0,-0.000970974680312989,-0.0005680643347439348,-0.0004029103455690542
GEK-25,dipep_TH,0.0,-7.476399751501069e-05,-8.054343948638159e-05,5.7794419713709055e-06
GEK-25,dipep_TI,0.0,-0.0008735534904620554,-0.0014783282244481965,0.000604774733986141
GEK-25,dipep_TK,0.0,-0.0001700944629060775,4.426898645099201e-06,-0.0001745213615511767
GEK-25,dipep_TL,0.0,-0.00010875823939315675,-0.0003927185180072404,0.00028396027861408367
GEK-25,dipep_TM,0.0,0.0,0.0,0.0
GEK-25,dipep_TN,0.0,-0.00011292898636311033,-0.00021139195993387301,9.846297357076268e-05
GEK-25,dipep_TP,0.0,-0.00042022202080763653,0.0,-0.00042022202080763653
GEK-25,dipep_TQ,0.0,-0.000180292840993063,-0.00025122840900935887,7.093556801629586e-05
GEK-25,dipep_TR,0.0,0.00034947888208546263,3.7612147183491094e-05,0.0003118667349019715
GEK-25,dipep_TS,0.0,-0.0001413362733080534,-0.00015769199301266204,1.6355719704608642e-05
GEK-25,dipep_TT,0.0,-0.0006712792927470105,-0.0003352657769510698,-0.00033601351579594076
GEK-25,dipep_TV,0.0,-0.00035886600312002366,-0.00038259814403451603,2.3732140914492364e-05
GEK-25,dipep_TW,0.0,0.0,0.0,0.0
GEK-25,dipep_TY,0.0,-7.660443518491964e-05,-5.1642798787250034e-05,-2.4961636397669602e-05
GEK-25,dipep_VA,0.0,-0.0012186059197811007,-0.0007564719358164493,-0.0004621339839646514
GEK-25,dipep_VC,0.0,-0.0005270059117024015,-0.0005833972795041594,5.6391367801757945e-05
GEK-25,dipep_VD,0.0,0.0001641263682874665,2.1537691149970793e-05,0.0001425886771374957
GEK-25,dipep_VE,0.0,-1.0548711278796637e-05,-0.00012484530557339713,0.00011429659429460049
GEK-25,dipep_VF,0.0,-0.00021201395812295052,-5.94064109897515e-05,-0.00015260754713319901
GEK-25,dipep_VG,0.0416666679084301,0.001987117048271285,0.005313557092210164,-0.003326440043938879
GEK-25,dipep_VH,0.0,-0.00034994305880035203,-0.00040195703526219,5.201397646183799e-05
GEK-25,dipep_VI,0.0,-0.00017858151144356957,-0.00039935045235544306,0.0002207689409118735
GEK-25,dipep_VK,0.0,9.435110594833152e-05,0.0007010354587964035,-0.000606684352848072
GEK-25,dipep_VL,0.0,-0.001981335087916013,-0.001377856255482319,-0.000603478832433694
GEK-25,dipep_VM,0.0,-1.0585602016739832e-05,-5.966070468422981e-05,4.9075102667489975e-05
GEK-25,dipep_VN,0.0,-0.00018222969243177802,-0.00017832257684362312,-3.907115588154894e-06
GEK-25,dipep_VP,0.0,-0.0005451684035916792,-4.304065234435322e-05,-0.0005021277512473261
GEK-25,dipep_VQ,0.0,-0.0004191181367872137,-0.0001337175082342485,-0.0002854006285529652
GEK-25,dipep_VR,0.0,0.0005388886113142204,0.0007164345740526518,-0.00017754596273843138
GEK-25,dipep_VS,0.0,5.388167727070317e-06,-0.00015602400799798912,0.00016141217572505944
GEK-25,dipep_VT,0.0,-0.00019269864398999527,-0.0002098450027584053,1.714635876841003e-05
GEK-25,dipep_VV,0.0,0.0,0.0,0.0
GEK-25,dipep_VW,0.0,-6.869111268137157e-05,-6.342770584746589e-05,-5.263406833905682e-06
GEK-25,dipep_VY,0.0,-0.00011362442924990906,-0.00021983809350111476,0.0001062136642512057
GEK-25,dipep_WA,0.0,0.0,0.0,0.0
GEK-25,dipep_WC,0.0,-7.777868919931906e-05,-0.0001501271245254246,7.234843532610553e-05
GEK-25,dipep_WD,0.0,-8.454438614514315e-06,-3.198528328100876e-05,2.3530844666494443e-05
GEK-25,dipep_WE,0.0,-0.0023614657476797134,-0.0037173798667592575,0.0013559141190795441
GEK-25,dipep_WF,0.0,-0.0003091677683707814,-0.00021193943014115367,-9.722833822962772e-05
GEK-25,dipep_WG,0.0,-4.788984494720029e-05,-6.122695461044356e-05,1.3337109663243274e-05
GEK-25,dipep_WH,0.0,0.0,-3.708557257654766e-05,3.708557257654766e-05
GEK-25,dipep_WI,0.0,-0.0014344972983008268,-0.0006232401263543202,-0.0008112571719465066
GEK-25,dipep_WK,0.0,-0.00014915485767272337,-0.00021029011637739364,6.113525870467027e-05
GEK-25,dipep_WL,0.0,-0.0003041305060201538,-0.00032302913688364983,1.889863086349604e-05
GEK-25,dipep_WM,0.0,0.0,-1.3909980568982484e-05,1.3909980568982484e-05
GEK-25,dipep_WN,0.0,-0.0001275503994579767,-4.965630423864363e-05,-7.789409521933305e-05
GEK-25,dipep_WP,0.0,-1.7076736475426065e-05,-4.4790905342009155e-05,2.771416886658309e-05
GEK-25,dipep_WQ,0.0,-0.0001284284747724977,-0.0001227151579438374,-5.713316828660303e-06
GEK-25,dipep_WR,0.0,-0.0005316403676691314,-0.0002363816631530918,-0.00029525870451603954
GEK-25,dipep_WS,0.0,-0.00016556407773234125,-0.0001381718793650982,-2.739219836724304e-05
GEK-25,dipep_WT,0.0,0.0,0.0,0.0
GEK-25,dipep_WV,0.0,-2.8019923229674483e-05,-2.397059400193655e-05,-4.049329227737935e-06
GEK-25,dipep_WW,0.0,-0.00028841619583092873,-0.00015376818174135372,-0.000134648014089575
GEK-25,dipep_WY,0.0,-0.007870997331979358,-0.01052841814381303,0.002657420811833672
GEK-25,dipep_YA,0.0,-7.5694870842512e-05,-0.00013425435618639304,5.855948534388103e-05
GEK-25,dipep_YC,0.0,0.00012037766972591813,0.00017743786080525318,-5.706019107933505e-05
GEK-25,dipep_YD,0.0,0.0,0.0,0.0
GEK-25,dipep_YE,0.0,2.9478587852095772e-05,0.0,2.9478587852095772e-05
GEK-25,dipep_YF,0.0,-1.432968237947491e-05,0.0,-1.432968237947491e-05
GEK-25,dipep_YG,0.0,-0.005733647996958507,-0.009383422200868963,0.003649774203910456
GEK-25,dipep_YH,0.0,-1.075988342275629e-05,0.0,-1.075988342275629e-05
GEK-25,dipep_YI,0.0,0.0,0.0,0.0
GEK-25,dipep_YK,0.0,-3.755052618956857e-05,4.925268865102274e-07,-3.80430530760788e-05
GEK-25,dipep_YL,0.0,-0.00023108503229184326,-0.0007612909705154919,0.0005302059382236487
GEK-25,dipep_YM,0.0,0.0,0.0,0.0
GEK-25,dipep_YN,0.0,0.0,0.0,0.0
GEK-25,dipep_YP,0.0,0.0,0.0,0.0
GEK-25,dipep_YQ,0.0,-0.0005502057125339393,-0.00026915970890386594,-0.00028104600363007337
GEK-25,dipep_YR,0.0,-0.00045520552880791166,-0.0004276040204450465,-2.7601508362865186e-05
GEK-25,dipep_YS,0.0,-0.00023632539022234395,-0.00014509120873427227,-9.123418148807168e-05
GEK-25,dipep_YT,0.0,-5.593026715369933e-05,-7.395981186600307e-05,1.802954471230374e-05
GEK-25,dipep_YV,0.0,-0.00012973374304599695,-0.00011162889100734169,-1.8104852038655262e-05
GEK-25,dipep_YW,0.0,-1.8721984066541632e-05,-0.0001444452114350722,0.00012572322736853058
GEK-25,dipep_YY,0.0,0.0,0.0,0.0
GEK-25,glycine_frac,0.36000001430511475,0.003635919534661141,0.00869854045699034,-0.0050626209223291994
GEK-25,hmoment,0.7330045104026794,-0.0012648096638037544,0.004187965668147243,-0.005452775331950998
GEK-25,hydrophobic_frac,0.03999999910593033,-0.025246375441615912,-0.015265055284761233,-0.009981320156854679
GEK-25,length,25.0,0.0061430036421175,0.02167129725429352,-0.01552829361217602
GEK-25,proline_frac,0.07999999821186066,-0.0032231994752882106,-0.0028943901160839447,-0.00032880935920426594
GFD-30,aa_A,0.0,-0.015003927945457978,-0.017537343327949265,0.0025334153824912876
GFD-30,aa_C,0.0,-0.0031903732784553203,-0.005885661502365038,0.0026952882239097177
GFD-30,aa_D,0.06666667014360428,-0.016805677896078914,-0.010823451784186632,-0.005982226111892282
GFD-30,aa_E,0.03333333507180214,-0.009284395789074256,-0.0058636788092630504,-0.003420716979811206
GFD-30,aa_F,0.03333333507180214,-0.008513582127682637,-0.001008612637271898,-0.007504969490410739
GFD-30,aa_G,0.10000000149011612,-0.005459855937689389,-0.008086539104750086,0.0026266831670606963
GFD-30,aa_H,0.0,-0.00025033695646674666,0.0012260908265151723,-0.0014764277829819189
GFD-30,aa_I,0.10000000149011612,0.006643178341802086,0.008177615528808909,-0.0015344371870068228
GFD-30,aa_K,0.23333333432674408,-0.006123939213259691,-0.0029496318180998403,-0.003174307395159851
GFD-30,aa_L,0.13333334028720856,-0.0010044450986633343,-0.00011037880241674712,-0.0008940662962465872
GFD-30,aa_M,0.0,0.00023507647729337564,-0.0009316182120285614,0.001166694689321937
GFD-30,aa_N,0.03333333507180214,-0.002306407609176897,-0.0008025405582504333,-0.0015038670509264639
GFD-30,aa_P,0.03333333507180214,0.00102595109273883,0.004188253727615411,-0.0031623026348765806
GFD-30,aa_Q,0.03333333507180214,0.0009446214341551773,0.007156148128947799,-0.006211526694792621
GFD-30,aa_R,0.03333333507180214,0.00948974309778168,0.017510933276743818,-0.008021190178962138
GFD-30,aa_S,0.03333333507180214,-0.003049133584707505,-0.003326649709515701,0.0002775161248081961
GFD-30,aa_T,0.0,-0.00305261173613477,-0.003689684616429369,0.0006370728802945987
GFD-30,aa_V,0.10000000149011612,-0.006391558461580823,-0.0026771932807797497,-0.0037143651808010736
GFD-30,aa_W,0.0,-0.0075709118364188635,-0.008427192936710948,0.0008562811002920849
GFD-30,aa_Y,0.03333333507180214,-0.003940427355588475,-0.0038951442266540997,-4.528312893437546e-05
GFD-30,acidic_frac,0.10000000149011612,-0.017890091672618996,-0.022714516079438075,0.004824424406819079
GFD-30,alpha,1.0456666946411133,-0.0004945815610783728,0.0016516743771768888,-0.0021462559382552614
GFD-30,apv,0.22633333504199982,0.00023013119892606175,0.002584459579749829,-0.0023543283808237676
GFD-30,aromatic_frac,0.06666667014360428,-0.007866863731934945,-0.003935373121997082,-0.0039314906099378625
GFD-30,basic_frac,0.2666666805744171,-0.013888196745638707,-0.005969258601286662,-0.007918938144352045
GFD-30,boman,1.3793333768844604,-0.015331431507731195,-0.016213638990656143,0.0008822074829249477
GFD-30,charge,4.976833343505859,-0.002553120916985236,-0.001600304137508882,-0.0009528167794763539
GFD-30,dipep_AA,0.0,-0.001831256747110816,-0.002692431500180649,0.000861174753069833
GFD-30,dipep_AC,0.0,7.73611496894152e-06,0.0,7.73611496894152e-06
GFD-30,dipep_AD,0.0,-6.796715264869824e-05,-2.4973309621536166e-05,-4.2993843027162076e-05
GFD-30,dipep_AE,0.0,6.159339165324447e-06,-0.0006268499461566697,0.0006330092853219941
GFD-30,dipep_AF,0.0,-0.00010209295606147692,-9.707967086499696e-05,-5.0132851964799585e-06
GFD-30,dipep_AG,0.0,-0.0006528273834430101,3.9503552162957024e-05,-0.0006923309356059672
GFD-30,dipep_AH,0.0,-2.2777502370073393e-05,-0.00021036126103781026,0.00018758375866773688
GFD-30,dipep_AI,0.0,-0.004629449717879167,-0.0068202974398355555,0.002190847721956389
GFD-30,dipep_AK,0.0,-0.0016305428568163605,-0.0019336617069172538,0.00030311885010089333
GFD-30,dipep_AL,0.0,-0.0032162360197727675,-0.002776691737627596,-0.0004395442821451714
GFD-30,dipep_AM,0.0,0.00016948483631615738,-1.4584034148902383e-05,0.00018406887046505975
GFD-30,dipep_AN,0.0,-0.00040088011050045714,-0.0007763425780756858,0.00037546246757522866
GFD-30,dipep_AP,0.0,0.00022130213360853715,0.00035597126957891346,-0.0001346691359703763
GFD-30,dipep_AQ,0.0,-0.0007815749386123024,-0.0009330570916237495,0.00015148215301144714
GFD-30,dipep_AR,0.0,-6.169152866638895e-05,9.20223310282457e-05,-0.00015371385969463464
GFD-30,dipep_AS,0.0,-0.0008443883615331679,-0.0005271632841516148,-0.0003172250773815532
GFD-30,dipep_AT,0.0,-6.417028739812379e-05,5.420770884421246e-06,-6.959105828254504e-05
GFD-30,dipep_AV,0.0,-0.0029762585937680814,-0.0004777120329458879,-0.0024985465608221933
GFD-30,dipep_AW,0.0,-4.114999050684111e-05,-8.735580857418977e-05,4.620581806734867e-05
GFD-30,dipep_AY,0.0,-1.0615098410043902e-05,-2.7149333276937478e-05,1.6534234866893574e-05
GFD-30,dipep_CA,0.0,-0.0001012220717348221,1.9483394635419284e-06,-0.00010317041119836403
GFD-30,dipep_CC,0.0,-0.0002025019766288175,-0.000507786026606484,0.0003052840499776665
GFD-30,dipep_CD,0.0,-7.4572140425822575e-06,-4.209557192824699e-05,3.463835788566474e-05
GFD-30,dipep_CE,0.0,-8.993023395552009e-05,-5.447597588634799e-05,-3.54542580691721e-05
GFD-30,dipep_CF,0.0,-2.563745258190509e-05,-0.0003197548432214113,0.00029411739063950625
GFD-30,dipep_CG,0.0,-0.00542906945267243,-0.007905228762413565,0.002476159309741135
GFD-30,dipep_CH,0.0,-1.639511177567178e-05,-2.490285509031668e-05,8.5077433146449e-06
GFD-30,dipep_CI,0.0,2.0075310924652957e-05,-8.86073603687581e-05,0.00010868267129341105
GFD-30,dipep_CK,0.0,-0.00016995414487973025,-0.0001316518923634873,-3.8302252516242955e-05
GFD-30,dipep_CL,0.0,-5.592878612911125e-05,-1.2295563174504674e-05,-4.363322295460657e-05
GFD-30,dipep_CM,0.0,0.0,0.0,0.0
GFD-30,dipep_CN,0.0,5.01557866927234e-06,9.635617106947134e-05,-9.134059240019901e-05
GFD-30,dipep_CP,0.0,-7.237762256670953e-05,-7.033261434030545e-05,-2.0450082264040803e-06
GFD-30,dipep_CQ,0.0,0.0,0.0,0.0
GFD-30,dipep_CR,0.0,-0.00016921175982884628,-7.663087300282821e-05,-9.258088682601807e-05
GFD-30,dipep_CS,0.0,-7.03256499921882e-05,-0.0001446765630551915,7.43509130630033e-05
GFD-30,dipep_CT,0.0,-2.2399194247260008e-05,-9.245357203475387e-05,7.005437778749386e-05
GFD-30,dipep_CV,0.0,-0.00017339516280145053,0.0,-0.00017339516280145053
GFD-30,dipep_CW,0.0,-6.535203183688754e-05,-6.167929639059091e-05,-3.6727354462966373e-06
GFD-30,dipep_CY,0.0,-0.0002958082132057052,-0.00046940905862651055,0.00017360084542080535
GFD-30,dipep_DA,0.0,7.313910150693752e-05,0.00012145862409321592,-4.8319522586278405e-05
GFD-30,dipep_DC,0.0,0.0,0.0,0.0
GFD-30,dipep_DD,0.0,-4.638919623011677e-05,-4.843896172626832e-05,2.0497654961515474e-06
GFD-30,dipep_DE,0.0,-0.00014654772136635797,-0.00042260061550460944,0.00027605289413825144
GFD-30,dipep_DF,0.0,-0.0014009193976666546,-0.00013113613978442558,-0.001269783257882229
GFD-30,dipep_DG,0.0,-0.0018569818258228742,-0.002054417035044232,0.00019743520922135783
GFD-30,dipep_DH,0.0,-0.00010985369575001547,-6.81023451277741e-05,-4.1751350622241365e-05
GFD-30,dipep_DI,0.03448275849223137,-0.0014108783186394813,0.0008546730799455479,-0.0022655513985850293
GFD-30,dipep_DK,0.0,0.0001830286153678217,-0.00010706416940755304,0.0002900927847753747
GFD-30,dipep_DL,0.0,-0.00043852592243123534,-0.00025141909316574076,-0.00018710682926549458
GFD-30,dipep_DM,0.0,-1.0340471784025144e-05,0.0,-1.0340471784025144e-05
GFD-30,dipep_DN,0.0,-9.113997623989832e-05,0.0,-9.113997623989832e-05
GFD-30,dipep_DP,0.0,0.0,0.0,0.0
GFD-30,dipep_DQ,0.0,-9.177605720524352e-05,-0.00011973144408514519,2.7955386879901663e-05
GFD-30,dipep_DR,0.0,-8.012970428173064e-05,-7.747240542352608e-05,-2.657298858204553e-06
GFD-30,dipep_DS,0.0,-2.682719859446847e-05,0.0,-2.682719859446847e-05
GFD-30,dipep_DT,0.0,1.3814115048486319e-05,-0.00011651160156160509,0.0001303257166100914
GFD-30,dipep_DV,0.03448275849223137,-0.0053279043722757,0.0009411460382508267,-0.006269050410526527
GFD-30,dipep_DW,0.0,-6.0834233783886795e-05,-0.00011886562353608646,5.8031389752199665e-05
GFD-30,dipep_DY,0.0,2.6497217754006586e-06,6.984132681110303e-05,-6.719160503570237e-05
GFD-30,dipep_EA,0.0,-0.0026653300782282065,-0.0024913538006737543,-0.00017397627755445224
GFD-30,dipep_EC,0.0,-0.0002340523726274298,-0.00020707772869598459,-2.6974643931445224e-05
GFD-30,dipep_ED,0.0,0.0,-2.4640381135018367e-05,2.4640381135018367e-05
GFD-30,dipep_EE,0.0,-0.00023137007730228784,-0.00012077303014698952,-0.00011059704715529831
GFD-30,dipep_EF,0.0,-0.0010215276500842214,-0.00016002348646098873,-0.0008615041636232327
GFD-30,dipep_EG,0.0,-0.007001430001288933,-0.009673669171057905,0.002672239169768972
GFD-30,dipep_EH,0.0,1.7958197467191565e-05,0.00010121188847858492,-8.325369101139335e-05
GFD-30,dipep_EI,0.0,-0.00017232706915872858,-2.2348161270767306e-05,-0.00014997890788796128
GFD-30,dipep_EK,0.0,0.0009401938769193793,0.0016899918349925836,-0.0007497979580732043
GFD-30,dipep_EL,0.0,4.1886635940436614e-05,-4.34376079972162e-05,8.532424393765282e-05
GFD-30,dipep_EM,0.0,0.0,0.0,0.0
GFD-30,dipep_EN,0.0,-0.0027283321679841734,-0.005357779339816611,0.002629447171832437
GFD-30,dipep_EP,0.0,-8.62271344444446e-06,0.0,-8.62271344444446e-06
GFD-30,dipep_EQ,0.0,-1.9229395918031783e-05,-2.8416302738394907e-05,9.186906820363124e-06
GFD-30,dipep_ER,0.0,-1.920674319500509e-05,-3.0892756010120204e-05,1.1686012815115115e-05
GFD-30,dipep_ES,0.0,-0.00048205938270506194,-5.054625525681285e-05,-0.00043151312744824907
GFD-30,dipep_ET,0.0,-1.4747110815292082e-05,1.5441993481896756e-05,-3.0189104297188838e-05
GFD-30,dipep_EV,0.03448275849223137,-0.0032648197340371457,-0.0016642551906483078,-0.001600564543388838
GFD-30,dipep_EW,0.0,-2.4237116241818324e-05,-3.463611512081918e-05,1.0398998879000856e-05
GFD-30,dipep_EY,0.0,-2.2766029733196264e-05,-1.893763689940542e-05,-3.828392833790844e-06
GFD-30,dipep_FA,0.0,-3.7684152632814476e-05,0.00010447995544202328,-0.00014216410807483775
GFD-30,dipep_FC,0.0,-0.00039247512878095225,-0.0012835347214851958,0.0008910595927042436
GFD-30,dipep_FD,0.03448275849223137,-3.906790740922993e-05,-0.0024734743174317144,0.0024344064100224844
GFD-30,dipep_FE,0.0,-0.002087079593778641,-0.0038818821806546307,0.0017948025868759895
GFD-30,dipep_FF,0.0,-0.0012817537294138003,0.0004904151718510606,-0.0017721689012648609
GFD-30,dipep_FG,0.0,-0.0010785404008335961,-0.0019155750440000444,0.0008370346431664482
GFD-30,dipep_FH,0.0,-0.0002661635726957533,-0.00026623525345503574,7.168075928242097e-08
GFD-30,dipep_FI,0.0,-0.002649932492945384,-0.004683126784254505,0.0020331942913091212
GFD-30,dipep_FK,0.0,-0.001723782412797791,-0.0006488185801499966,-0.0010749638326477944
GFD-30,dipep_FL,0.0,-0.009919917229565929,-0.006871607462485378,-0.003048309767080551
GFD-30,dipep_FM,0.0,-0.00021751397565855686,-0.0001176260292804767,-9.988794637808016e-05
GFD-30,dipep_FN,0.0,1.995366131132714e-05,2.4935883980704724e-05,-4.982222669377583e-06
GFD-30,dipep_FP,0.0,-0.00011714355428128984,-0.0003854501596937136,0.0002683066054124238
GFD-30,dipep_FQ,0.0,-0.0001655643186837314,-3.871178306654019e-06,-0.0001616931403770774
GFD-30,dipep_FR,0.0,-8.651978682822369e-05,0.0006988499687020324,-0.0007853697555302562
GFD-30,dipep_FS,0.0,-0.00034597797303797937,5.4890503492869675e-05,-0.00040086847653084904
GFD-30,dipep_FT,0.0,-0.0003872825633936322,-0.0003450122954350077,-4.227026795862454e-05
GFD-30,dipep_FV,0.0,-0.00015543183562835263,0.0005303718887052262,-0.0006858037243335788
GFD-30,dipep_FW,0.0,-9.80584277920528e-06,-2.4084035982698566e-05,1.4278193203493287e-05
GFD-30,dipep_FY,0.0,-7.271125627233583e-06,2.0697382210282787e-05,-2.796850783751637e-05
GFD-30,dipep_GA,0.0,-0.0006677027826908252,-0.0013865584430664353,0.0007188556603756101
GFD-30,dipep_GC,0.0,-0.00021238771139460666,-0.0003354382538849779,0.00012305054249037124
GFD-30,dipep_GD,0.0,-0.00044545475366858454,-0.00013406732431564734,-0.0003113874293529372
GFD-30,dipep_GE,0.0,1.9871931766939324e-05,-4.0420396047436846e-05,6.0292327814376174e-05
GFD-30,dipep_GF,0.03448275849223137,0.011504168853053153,0.007710191638090173,0.00379397721496298
GFD-30,dipep_GG,0.0,-0.00028080906817820096,0.00034322702842701024,-0.0006240360966052111
GFD-30,dipep_GH,0.0,-0.0003168412182596753,-0.0002203540428179638,-9.64871754417115e-05
GFD-30,dipep_GI,0.0,-0.00021038601533946395,0.00032913010694345926,-0.0005395161222829232
GFD-30,dipep_GK,0.0,-0.0014084660659928494,-0.00018261802138432867,-0.0012258480446085207
GFD-30,dipep_GL,0.03448275849223137,0.001725768200827425,0.006245364922352568,-0.004519596721525143
GFD-30,dipep_GM,0.0,-0.003715846252805821,-0.0037096897448821034,-6.156507923717625e-06
GFD-30,dipep_GN,0.0,9.604724439904662e-06,-0.00041293529794701294,0.0004225400223869176
GFD-30,dipep_GP,0.0,0.00035048840899839373,-0.0002784887017814832,0.000628977110779877
GFD-30,dipep_GQ,0.0,0.0006849357505966294,0.0014794318952100639,-0.0007944961446134345
GFD-30,dipep_GR,0.0,-0.0029053630263246,-0.004340644086038353,0.001435281059713753
GFD-30,dipep_GS,0.0,-0.00046268708227903226,-0.0001745908155712664,-0.00028809626670776585
GFD-30,dipep_GT,0.0,7.804449518086312e-05,0.00014765921613123543,-6.96147209503723e-05
GFD-30,dipep_GV,0.0,-0.0008768469522933588,-0.0009532934459083292,7.644649361497038e-05
GFD-30,dipep_GW,0.0,-0.005058200174232232,-0.005834447702705486,0.0007762475284732546
GFD-30,dipep_GY,0.03448275849223137,0.007564673512466174,0.018951077787154182,-0.011386404274688008
GFD-30,dipep_HA,0.0,-0.00025240946556756875,-0.00025622402600279854,3.814560435229787e-06
GFD-30,dipep_HC,0.0,0.0,0.0,0.0
GFD-30,dipep_HD,0.0,0.0,0.0,0.0
GFD-30,dipep_HE,0.0,0.0,0.0,0.0
GFD-30,dipep_HF,0.0,0.0,0.0,0.0
GFD-30,dipep_HG,0.0,-0.00014062611101739645,-0.00030976897992554314,0.0001691428689081467
GFD-30,dipep_HH,0.0,-0.00010886828038858373,-5.2079909669861275e-05,-5.6788370718722456e-05
GFD-30,dipep_HI,0.0,-0.00022944365875185918,-0.0005724475679540557,0.0003430039092021965
GFD-30,dipep_HK,0.0,-0.0002308362400135753,-0.0002970758464780208,6.62396064644455e-05
GFD-30,dipep_HL,0.0,-2.2331764060950685e-05,-3.9755181329125416e-05,1.742341726817473e-05
GFD-30,dipep_HM,0.0,-3.052326130788609e-05,-2.2251708016541128e-05,-8.27155329134496e-06
GFD-30,dipep_HN,0.0,-4.269318162758694e-05,-1.992805575600498e-05,-2.276512587158196e-05
GFD-30,dipep_HP,0.0,0.0,0.0,0.0
GFD-30,dipep_HQ,0.0,-0.00010162921397855577,-4.943823115673407e-05,-5.2190982821821696e-05
GFD-30,dipep_HR,0.0,-0.0003777155682892797,-0.00023985473565183848,-0.00013786083263744124
GFD-30,dipep_HS,0.0,-9.167345084870126e-06,1.389137671484891e-05,-2.3058721799719036e-05
GFD-30,dipep_HT,0.0,2.4299446277422642e-05,0.0,2.4299446277422642e-05
GFD-30,dipep_HV,0.0,-1.69387056625708e-06,1.977726221683613e-05,-2.1471132783093208e-05
GFD-30,dipep_HW,0.0,0.0,-1.983043405209903e-05,1.983043405209903e-05
GFD-30,dipep_HY,0.0,0.0,0.0,0.0
GFD-30,dipep_IA,0.0,-0.00065888667741569,-0.002377761945402494,0.001718875267986804
GFD-30,dipep_IC,0.0,-5.362292446162161e-05,-0.00010157154274366882,4.794861828204721e-05
GFD-30,dipep_ID,0.0,-0.003100922781750045,-0.004520684731227913,0.0014197619494778681
GFD-30,dipep_IE,0.0,-0.006515363294608934,-0.009130424739679531,0.002615061445070597
GFD-30,dipep_IF,0.0,-0.000708330355596957,-0.0009310327238397355,0.00022270236824277847
GFD-30,dipep_IG,0.0,-0.0003148914529369583,0.0003106894177693418,-0.0006255808707063002
GFD-30,dipep_IH,0.0,-0.0001890489532996221,1.6485303739293888e-05,-0.000205534257038916
GFD-30,dipep_II,0.0,-0.0009475891074668633,-0.0014907019021280178,0.0005431127946611545
GFD-30,dipep_IK,0.03448275849223137,0.0005424102317829648,0.0034087891603400023,-0.0028663789285570374
GFD-30,dipep_IL,0.03448275849223137,-0.0009827476156708684,0.008316572728922961,-0.009299320344593829
GFD-30,dipep_IM,0.0,4.537392726562978e-05,-2.5583009507298278e-05,7.095693677292806e-05
GFD-30,dipep_IN,0.0,-0.0003545259894897871,-0.0002623706245342261,-9.215536495556101e-05
GFD-30,dipep_IP,0.0,-0.00043544608367374315,-0.0010555848683616123,0.000620138784687869
GFD-30,dipep_IQ,0.03448275849223137,-0.004557178464231907,-0.0009310661798526532,-0.0036261122843792536
GFD-30,dipep_IR,0.0,-0.00017245466478779404,-8.054294116641583e-05,-9.191172362137821e-05
GFD-30,dipep_IS,0.0,-0.002064797185627623,-0.0027989703561190956,0.0007341731704914728
GFD-30,dipep_IT,0.0,-0.00014905627861668306,-0.000205577580604346,5.652130198766293e-05
GFD-30,dipep_IV,0.0,-0.0009937871537549078,-0.00038911291596984435,-0.0006046742377850635
GFD-30,dipep_IW,0.0,-0.00014582298122296037,-0.00010682605642912271,-3.8996924793837664e-05
GFD-30,dipep_IY,0.0,-2.7762688362790826e-05,-1.3792818010309332e-05,-1.3969870352481495e-05
GFD-30,dipep_KA,0.0,-0.0004971641005039086,-0.00038642955241189025,-0.00011073454809201836
GFD-30,dipep_KC,0.0,-0.0012162409194327714,-0.0016035163043835127,0.0003872753849507413
GFD-30,dipep_KD,0.0,-0.0010221274923290424,-0.00045280928174764164,-0.0005693182105814007
GFD-30,dipep_KE,0.0,-0.001643940678163708,0.0003235522274480751,-0.001967492905611783
GFD-30,dipep_KF,0.0,-0.0005949249112178487,-0.00012443303588574885,-0.00047049187533209985
GFD-30,dipep_KG,0.03448275849223137,-0.002074065149255602,0.0010406277813365533,-0.0031146929305921555
GFD-30,dipep_KH,0.0,-0.00020544203094577908,-0.00016651233534925548,-3.89296955965236e-05
GFD-30,dipep_KI,0.03448275849223137,-8.492693233597853e-05,0.0013002111584542668,-0.0013851380907902453
GFD-30,dipep_KK,0.1034482792019844,-0.0019165464513260248,0.005531025786272535,-0.00744757223759856
GFD-30,dipep_KL,0.0,-0.0028929566031532968,-0.002458734332094592,-0.00043422227105870473
GFD-30,dipep_KM,0.0,0.0002717879744232046,0.00014932265681416907,0.00012246531760903555
GFD-30,dipep_KN,0.0,-0.00034491831371172315,-0.0006020440118204923,0.00025712569810876917
GFD-30,dipep_KP,0.0,-1.4801502550676532e-05,0.0002350616413222142,-0.0002498631438728907
GFD-30,dipep_KQ,0.0,-0.0003331534154365912,-0.000920567646319328,0.0005874142308827368
GFD-30,dipep_KR,0.03448275849223137,-0.008851891417282869,0.0005772969192408649,-0.009429188336523734
GFD-30,dipep_KS,0.0,-0.0007670813688864182,0.0005335061292023338,-0.001300587498088752
GFD-30,dipep_KT,0.0,-0.0009022967338783099,-0.001993696574132619,0.0010913998402543091
GFD-30,dipep_KV,0.03448275849223137,0.0028751887459377615,0.002773509878532275,0.00010167886740548642
GFD-30,dipep_KW,0.0,-0.00013401951230810336,-0.00017073463388495258,3.671512157684922e-05
GFD-30,dipep_KY,0.0,-0.0004189978106920117,-0.0007110252597135767,0.00029202744902156503
GFD-30,dipep_LA,0.0,-0.0009241218441250799,-0.000390197212953187,-0.0005339246311718929
GFD-30,dipep_LC,0.0,-4.8436546552903896e-05,-2.106535786634754e-06,-4.633001076626914e-05
GFD-30,dipep_LD,0.03448275849223137,0.0006022558493961715,0.0035818826776169072,-0.002979626828220736
GFD-30,dipep_LE,0.0,3.484784132371533e-05,-0.00011098183712560665,0.000145829678449322
GFD-30,dipep_LF,0.0,-0.013475893901907938,-0.02075541555860574,0.007279521656697803
GFD-30,dipep_LG,0.03448275849223137,0.0018657795515948533,-0.00010881754154598015,0.0019745970931408334
GFD-30,dipep_LH,0.0,0.0006134405161239562,0.00023431545927092047,0.00037912505685303575
GFD-30,dipep_LI,0.0,-0.004712145278468268,-0.005391953502299665,0.0006798082238313975
GFD-30,dipep_LK,0.0,-0.0033241286332975377,-0.002858292813854463,-0.00046583581944307454
GFD-30,dipep_LL,0.03448275849223137,-0.006968455092347405,-0.0010746348940568074,-0.005893820198290598
GFD-30,dipep_LM,0.0,-7.427806329134352e-05,0.00035371085075983587,-0.0004279889140511794
GFD-30,dipep_LN,0.0,-0.00038251096374295596,-5.957104706546301e-05,-0.000322939916677493
GFD-30,dipep_LP,0.0,-0.002264994502032068,-0.0025849629128023364,0.0003199684107702684
GFD-30,dipep_LQ,0.0,-4.4944871232981255e-05,0.00032704820938154886,-0.0003719930806145301
GFD-30,dipep_LR,0.0,0.0004767560167589433,0.00031225471270458267,0.00016450130405436063
GFD-30,dipep_LS,0.03448275849223137,-0.0017910593249755864,-0.0035603605049480784,0.001769301179972492
GFD-30,dipep_LT,0.0,-0.0006339986594376529,-0.00028918416506039407,-0.00034481449437725884
GFD-30,dipep_LV,0.0,-0.0008199313825581952,-0.001175238070400373,0.00035530668784217775
GFD-30,dipep_LW,0.0,-0.0008817097015402497,-0.0004957725985070132,-0.0003859371030332365
GFD-30,dipep_LY,0.0,-5.647611659317759e-05,-1.3790693674601878e-05,-4.268542291857571e-05
GFD-30,dipep_MA,0.0,-0.0001359421492616921,-0.0001284323924971818,-7.509756764510295e-06
GFD-30,dipep_MC,0.0,-4.069205936720197e-05,-1.477488575259012e-05,-2.5917173614611846e-05
GFD-30,dipep_MD,0.0,0.0,3.598910815154633e-05,-3.598910815154633e-05
GFD-30,dipep_ME,0.0,0.0,-0.00017117780610446847,0.00017117780610446847
GFD-30,dipep_MF,0.0,9.915620254910705e-05,0.0,9.915620254910705e-05
GFD-30,dipep_MG,0.0,-9.113676153182136e-05,-9.037018050661149e-05,-7.665810252098639e-07
GFD-30,dipep_MH,0.0,0.0,0.0,0.0
GFD-30,dipep_MI,0.0,-0.0019445874341947136,-0.0030338592075327946,0.001089271773338081
GFD-30,dipep_MK,0.0,0.00015219468785188743,0.0001052970722131085,4.6897615638778924e-05
GFD-30,dipep_ML,0.0,0.00011168008351583913,0.0001313682690818274,-1.968818556598828e-05
GFD-30,dipep_MM,0.0,-5.474312427224514e-05,-1.1127184567745117e-05,-4.361593970450002e-05
GFD-30,dipep_MN,0.0,-4.794773040244184e-05,-0.00014171471276535214,9.37669823629103e-05
GFD-30,dipep_MP,0.0,0.0,0.0,0.0
GFD-30,dipep_MQ,0.0,-2.361461524723661e-05,0.0,-2.361461524723661e-05
GFD-30,dipep_MR,0.0,-0.00016560906810192112,-0.00014093431354522524,-2.467475455669588e-05
GFD-30,dipep_MS,0.0,-8.862433202413494e-05,-0.00028644824391854657,0.00019782391189441162
GFD-30,dipep_MT,0.0,-0.0002652335613441026,-0.000382957280787494,0.00011772371944339144
GFD-30,dipep_MV,0.0,-4.9961391968437774e-05,3.679012065600855e-05,-8.675151262444632e-05
GFD-30,dipep_MW,0.0,-1.853355217333477e-05,1.7729908058237946e-05,-3.6263460231572716e-05
GFD-30,dipep_MY,0.0,6.732926360432224e-06,-5.103287772492532e-05,5.776580408535755e-05
GFD-30,dipep_NA,0.0,-0.0006815209006548049,-0.0004543970699206057,-0.00022712383073419918
GFD-30,dipep_NC,0.0,-2.6369288460925886e-05,-4.106253166182679e-05,1.4693243200900902e-05
GFD-30,dipep_ND,0.0,0.0,0.0,0.0
GFD-30,dipep_NE,0.0,-3.75969300056594e-05,-3.404955966155421e-05,-3.547370344105194e-06
GFD-30,dipep_NF,0.0,-3.0076513292228706e-05,-6.617164315718701e-05,3.6095129864958304e-05
GFD-30,dipep_NG,0.0,-0.0048396856646649306,-0.002591324381292543,-0.0022483612833723876
GFD-30,dipep_NH,0.0,4.658781103174562e-05,0.0,4.658781103174562e-05
GFD-30,dipep_NI,0.0,1.2328949480911367e-05,-5.490302261625464e-05,6.723197209716601e-05
GFD-30,dipep_NK,0.03448275849223137,-0.003400065542678909,0.002170183874216704,-0.005570249416895613
GFD-30,dipep_NL,0.0,-8.790063894705811e-05,6.333039336339773e-05,-0.00015123103231045584
GFD-30,dipep_NM,0.0,-1.6140184436294113e-05,-2.134660468355567e-05,5.206420247261558e-06
GFD-30,dipep_NN,0.0,0.0,-4.553177158010005e-06,4.553177158010005e-06
GFD-30,dipep_NP,0.0,-1.706842304583843e-05,-0.0004725312595455582,0.00045546283649971976
GFD-30,dipep_NQ,0.0,-0.00038895680925175635,-0.00041904135045156896,3.0084541199812604e-05
GFD-30,dipep_NR,0.0,-9.241317320976966e-06,-0.0001301216991197835,0.00012088038179880653
GFD-30,dipep_NS,0.0,-2.4390832910719895e-05,0.0001004925156401535,-0.0001248833485508734
GFD-30,dipep_NT,0.0,-0.0024321309959913703,-0.001742615211662343,-0.0006895157843290274
GFD-30,dipep_NV,0.0,-0.00019846445179010435,-0.0002919856061647072,9.352115437460286e-05
GFD-30,dipep_NW,0.0,-0.00013157196169444918,-6.125881670765482e-05,-7.031314498679436e-05
GFD-30,dipep_NY,0.0,-5.791287810059921e-05,-5.021115688747058e-05,-7.701721213128626e-06
GFD-30,dipep_PA,0.0,-0.0004675605385593169,-0.00030703837569799,-0.00016052216286132687
GFD-30,dipep_PC,0.0,-0.00024592218015495766,-6.740824812191245e-05,-0.00017851393203304521
GFD-30,dipep_PD,0.0,0.0,0.0,0.0
GFD-30,dipep_PE,0.0,-6.37785217231948e-05,-0.00024773726612150677,0.00018395874439831197
GFD-30,dipep_PF,0.0,-8.597837694205786e-05,3.093862861841864e-05,-0.0001169170055604765
GFD-30,dipep_PG,0.0,0.0002218120917980365,2.2943455679269112e-05,0.0001988686361187674
GFD-30,dipep_PH,0.0,-0.00012637530331011403,-5.455866072579375e-05,-7.181664258432027e-05
GFD-30,dipep_PI,0.0,4.632004103196464e-05,0.00016418399565845326,-0.00011786395462648862
GFD-30,dipep_PK,0.03448275849223137,0.0013920269935440357,0.003114246969415759,-0.0017222199758717232
GFD-30,dipep_PL,0.0,-3.983959992198221e-05,-0.000709964703920829,0.0006701251039988468
GFD-30,dipep_PM,0.0,0.0,0.0,0.0
GFD-30,dipep_PN,0.0,0.0,-0.0003936218221932508,0.0003936218221932508
GFD-30,dipep_PP,0.0,0.0,5.700672845554041e-05,-5.700672845554041e-05
GFD-30,dipep_PQ,0.0,-3.457640188950756e-05,0.0,-3.457640188950756e-05
GFD-30,dipep_PR,0.0,0.00033459872804958153,0.001123238730846235,-0.0007886400027966535
GFD-30,dipep_PS,0.0,-0.0003077005589865764,-0.00048348261594066325,0.00017578205695408682
GFD-30,dipep_PT,0.0,-0.0007107353482723923,-5.449739713343779e-05,-0.0006562379511389544
GFD-30,dipep_PV,0.0,-9.881161600197385e-06,9.709910812103349e-05,-0.00010698026972123087
GFD-30,dipep_PW,0.0,-7.085456209801472e-06,0.0,-7.085456209801472e-06
GFD-30,dipep_PY,0.0,0.0,0.0,0.0
GFD-30,dipep_QA,0.0,-3.970849481567537e-05,6.652528353778524e-05,-0.00010623377835346061
GFD-30,dipep_QC,0.0,-4.419047200920553e-05,-2.1694203894378028e-05,-2.24962681148275e-05
GFD-30,dipep_QD,0.0,-0.000143445067052915,-0.0003613519427409128,0.00021790687568799778
GFD-30,dipep_QE,0.0,0.0,0.0,0.0
GFD-30,dipep_QF,0.0,-4.4004672528429763e-05,-9.720287843818132e-05,5.319820590975156e-05
GFD-30,dipep_QG,0.0,-0.0001502989549726436,-7.348675385307063e-06,-0.00014295027958733652
GFD-30,dipep_QH,0.0,-0.00028187893319396275,-0.002020428009546652,0.0017385490763526892
GFD-30,dipep_QI,0.0,-7.317334458333364e-05,1.2915685070935208e-05,-8.608902965426885e-05
GFD-30,dipep_QK,0.0,-0.0006290145381097044,0.0004265063253798058,-0.0010555208634895103
GFD-30,dipep_QL,0.03448275849223137,0.000969694865173421,0.008296701960080723,-0.0073270070949073025
GFD-30,dipep_QM,0.0,-1.778423535809655e-05,0.0,-1.778423535809655e-05
GFD-30,dipep_QN,0.0,-0.00012701779549401568,5.8776482088094906e-06,-0.00013289544370282517
GFD-30,dipep_QP,0.0,-0.0002493017984555206,-0.0005186371240591324,0.0002693353256036118
GFD-30,dipep_QQ,0.0,-0.000687645585525951,-0.0002278914645134486,-0.00045975412101250247
GFD-30,dipep_QR,0.0,-0.00595319840044506,-0.0029883762605497776,-0.002964822139895282
GFD-30,dipep_QS,0.0,-0.0001938946995708186,-0.00033638315305313526,0.00014248845348231666
GFD-30,dipep_QT,0.0,0.0,0.0,0.0
GFD-30,dipep_QV,0.0,-1.808305562476915e-05,2.8052837905191596e-05,-4.613589352996075e-05
GFD-30,dipep_QW,0.0,-2.4924983781827236e-05,-0.0001620359002841837,0.00013711091650235645
GFD-30,dipep_QY,0.0,0.0,0.0,0.0
GFD-30,dipep_RA,0.0,-0.00021238654041172767,-2.7984793622046774e-05,-0.0001844017467896809
GFD-30,dipep_RC,0.0,-0.0002232369003283306,4.447447499971042e-05,-0.000267711375328041
GFD-30,dipep_RD,0.0,3.508478260189281e-05,0.0002578985927877403,-0.00022281381018584748
GFD-30,dipep_RE,0.0,0.00020737506059976518,3.4555722222376823e-05,0.00017281933837738836
GFD-30,dipep_RF,0.0,0.0003857697081036357,0.0002806683463224709,0.00010510136178116478
GFD-30,dipep_RG,0.0,0.00030146089999557235,-0.0002561758602585087,0.0005576367602540811
GFD-30,dipep_RH,0.0,-5.174624116855812e-05,3.6818663241434835e-05,-8.856490440999296e-05
GFD-30,dipep_RI,0.03448275849223137,-0.0056083841224832676,-0.003656096574776685,-0.0019522875477065824
GFD-30,dipep_RK,0.0,-0.00465832523832874,-0.0019896737100227697,-0.0026686515283059703
GFD-30,dipep_RL,0.0,0.0009079562480301233,0.001992020768042618,-0.0010840645200124947
GFD-30,dipep_RM,0.0,-0.00022647463438463106,-4.088206302907866e-05,-0.0001855925713555524
GFD-30,dipep_RN,0.0,-0.0007764192713196291,0.00043591338366665933,-0.0012123326549862883
GFD-30,dipep_RP,0.0,-1.5938236277219343e-05,0.0006592591451203493,-0.0006751973813975686
GFD-30,dipep_RQ,0.0,-0.008369597395202275,-0.010015552647552045,0.0016459552523497706
GFD-30,dipep_RR,0.0,-0.0012343860433272273,-0.0015063292216169627,0.0002719431782897354
GFD-30,dipep_RS,0.0,1.935389676213675e-05,-0.0001090380104199901,0.00012839190718212686
GFD-30,dipep_RT,0.0,0.0005581662778510063,0.000244800595338469,0.00031336568251253734
GFD-30,dipep_RV,0.0,-8.639410406576441e-05,0.00013846619895779876,-0.00022486030302356318
GFD-30,dipep_RW,0.0,-0.0002008793216080808,-0.000626021971780026,0.00042514265017194513
GFD-30,dipep_RY,0.0,-2.462068134144511e-05,-0.0002863052564416005,0.00026168457510015536
GFD-30,dipep_SA,0.0,-0.00016118811188927588,-2.4310284354827705e-05,-0.00013687782753444818
GFD-30,dipep_SC,0.0,-0.00024534731272322485,-0.0001550983076694841,-9.024900505374075e-05
GFD-30,dipep_SD,0.0,7.902963908941216e-05,-0.0001734521749093324,0.00025248181399874453
GFD-30,dipep_SE,0.0,2.2298304179773447e-05,2.2096018746666305e-05,2.0228543310714178e-07
GFD-30,dipep_SF,0.0,-0.0006713718666859213,-3.4260139906434406e-05,-0.000637111726779487
GFD-30,dipep_SG,0.0,3.552046390482261e-05,-0.00013454099255577704,0.00017006145646059965
GFD-30,dipep_SH,0.0,-7.017495409941054e-05,-4.775369232453937e-05,-2.2421261774871176e-05
GFD-30,dipep_SI,0.0,-0.0009088193798008251,-0.0009316393406894368,2.281996088861172e-05
GFD-30,dipep_SK,0.0,-0.005997305674095823,-0.006250778994766058,0.0002534733206702349
GFD-30,dipep_SL,0.0,-0.0006689406961187166,-0.0006603435267488527,-8.59716936986389e-06
GFD-30,dipep_SM,0.0,0.0,-1.4132647888449232e-05,1.4132647888449232e-05
GFD-30,dipep_SN,0.0,-0.0010069229572123462,-0.0003377806825849988,-0.0006691422746273474
GFD-30,dipep_SP,0.03448275849223137,-0.006624936570547959,0.0028255334823276425,-0.009450470052875602
GFD-30,dipep_SQ,0.0,-1.9361759420141192e-05,9.028961059517378e-05,-0.00010965137001531496
GFD-30,dipep_SR,0.0,0.00020776244464995144,-0.00019924394440844683,0.00040700638905839825
GFD-30,dipep_SS,0.0,-7.106095825860476e-05,-0.00013647566195951652,6.541470370091176e-05
GFD-30,dipep_ST,0.0,-0.0003062814717072909,-0.00022889452996808414,-7.738694173920675e-05
GFD-30,dipep_SV,0.0,0.00010971910868911843,0.00027943057845167686,-0.00016971146976255843
GFD-30,dipep_SW,0.0,-0.0009180767625359542,-0.00028915362201523343,-0.0006289231405207207
GFD-30,dipep_SY,0.0,-0.00011281504934439712,-0.00019274623359965548,7.993118425525835e-05
GFD-30,dipep_TA,0.0,-0.0003933184002701812,-0.0009406514227303085,0.0005473330224601273
GFD-30,dipep_TC,0.0,3.0917188723764076e-05,-2.9892795901949497e-05,6.080998462571357e-05
GFD-30,dipep_TD,0.0,0.0,0.00043421059352058487,-0.00043421059352058487
GFD-30,dipep_TE,0.0,-0.0006625512999253935,0.0,-0.0006625512999253935
GFD-30,dipep_TF,0.0,-0.0004455076516164572,-0.0005648162067011376,0.00011930855508468047
GFD-30,dipep_TG,0.0,-0.0013022430853919106,-0.0010433224924134253,-0.00025892059297848526
GFD-30,dipep_TH,0.0,-5.798283428780803e-06,0.0,-5.798283428780803e-06
GFD-30,dipep_TI,0.0,-0.001309287318634892,-0.0030174835256170287,0.0017081962069821367
GFD-30,dipep_TK,0.0,-0.00034678511670566803,7.324887085629281e-05,-0.00042003398756196086
GFD-30,dipep_TL,0.0,-4.553465516815492e-05,-0.0008578175102747806,0.0008122828551066257
GFD-30,dipep_TM,0.0,-3.865539109593049e-05,0.0,-3.865539109593049e-05
GFD-30,dipep_TN,0.0,-6.931594848539023e-05,-5.591099672904444e-05,-1.3404951756345789e-05
GFD-30,dipep_TP,0.0,-0.00044606585680592714,7.497133510180744e-05,-0.0005210371919077346
GFD-30,dipep_TQ,0.0,-0.00010023586431138324,-0.00011631908720787061,1.6083222896487375e-05
GFD-30,dipep_TR,0.0,0.00023929908012289982,2.4332253641489166e-05,0.00021496682648141065
GFD-30,dipep_TS,0.0,-0.0001192815226825567,-6.504583419888189e-05,-5.4235688483674814e-05
GFD-30,dipep_TT,0.0,-0.0009441981664006732,-0.00040031952203197337,-0.0005438786443686999
GFD-30,dipep_TV,0.0,-0.00038031694749649447,-0.0007874763756298989,0.0004071594281334044
GFD-30,dipep_TW,0.0,0.0,0.0,0.0
GFD-30,dipep_TY,0.0,-1.712244370911055e-05,0.0,-1.712244370911055e-05
GFD-30,dipep_VA,0.0,-0.002241786523302305,-0.0011579755936679168,-0.0010838109296343883
GFD-30,dipep_VC,0.0,-0.000348824613009174,-0.00027513184899371807,-7.369276401545592e-05
GFD-30,dipep_VD,0.0,0.0,0.0,0.0
GFD-30,dipep_VE,0.0,-3.3190138644324177e-05,0.00022972377824587728,-0.00026291391689020144
GFD-30,dipep_VF,0.0,-0.00034073209256972955,0.00016732612919302876,-0.0005080582217627584
GFD-30,dipep_VG,0.0,-0.0002846513487844056,-0.0009461379243301095,0.000661486575545704
GFD-30,dipep_VH,0.0,-0.0002475928649211025,-0.00028704380218406257,3.945093726296007e-05
GFD-30,dipep_VI,0.0,-0.00012258113156229925,0.00020946386505663931,-0.00033204499661893856
GFD-30,dipep_VK,0.03448275849223137,-0.009300368642519501,-0.006815817893550615,-0.0024845507489688863
GFD-30,dipep_VL,0.0,-0.0030583885271234313,-0.0022096324068997877,-0.0008487561202236435
GFD-30,dipep_VM,0.0,0.0,0.0,0.0
GFD-30,dipep_VN,0.03448275849223137,0.0007495552428644673,0.002951843302403872,-0.002202288059539405
GFD-30,dipep_VP,0.0,-0.0006662965327317622,-0.00013835064486923654,-0.0005279458878625256
GFD-30,dipep_VQ,0.0,-0.0005174737144693256,6.8056539801710645e-06,-0.0005242793684494966
GFD-30,dipep_VR,0.0,0.000615874101332642,0.0005397252324876068,7.614886884503526e-05
GFD-30,dipep_VS,0.0,-0.00025557458814280513,-5.23165919224015e-05,-0.00020325799622040362
GFD-30,dipep_VT,0.0,-0.0002475723303290228,-0.0001870750767475067,-6.0497253581516097e-05
GFD-30,dipep_VV,0.0,0.00010043251843355287,0.00044726921004354205,-0.00034683669160998917
GFD-30,dipep_VW,0.0,-0.0001412311961148689,-5.778007913330203e-05,-8.345111698156689e-05
GFD-30,dipep_VY,0.0,2.3057806208640892e-05,6.879921780032747e-05,-4.574141159168658e-05
GFD-30,dipep_WA,0.0,-8.524304012371313e-06,0.0,-8.524304012371313e-06
GFD-30,dipep_WC,0.0,-8.740877316948816e-06,0.0,-8.740877316948816e-06
GFD-30,dipep_WD,0.0,-2.0889202396121407e-05,0.0,-2.0889202396121407e-05
GFD-30,dipep_WE,0.0,-0.002332025027203121,-0.0034062956697258734,0.0010742706425227525
GFD-30,dipep_WF,0.0,-0.000356985977411538,-0.000642828780773013,0.000285842803361475
GFD-30,dipep_WG,0.0,-7.906932364052272e-05,-4.111912443919562e-05,-3.79501992013271e-05
GFD-30,dipep_WH,0.0,0.0,0.0,0.0
GFD-30,dipep_WI,0.0,-0.0020803181860016328,-0.0011688468651882492,-0.0009114713208133835
GFD-30,dipep_WK,0.0,-0.0003417335418643918,-0.00026128390563528314,-8.044963622910864e-05
GFD-30,dipep_WL,0.0,-0.00014869162343972598,-0.00016860580584578496,1.991418240605898e-05
GFD-30,dipep_WM,0.0,0.0,0.0,0.0
GFD-30,dipep_WN,0.0,-0.0010912315832201358,-0.00010182657916901315,-0.0009894050040511228
GFD-30,dipep_WP,0.0,-7.26630419911838e-06,-8.391128913008604e-06,1.124824713890224e-06
GFD-30,dipep_WQ,0.0,-7.347401418378014e-05,-7.134190183745226e-05,-2.132112346327878e-06
GFD-30,dipep_WR,0.0,-0.00015950559931819425,-9.655075235563336e-05,-6.295484696256088e-05
GFD-30,dipep_WS,0.0,-0.00018689260695063694,-8.306800793720813e-05,-0.00010382459901342881
GFD-30,dipep_WT,0.0,0.0,0.0,0.0
GFD-30,dipep_WV,0.0,-0.00017098290788327807,-1.8532531011501627e-05,-0.00015245037687177645
GFD-30,dipep_WW,0.0,-0.00013551735649829249,-0.00023550424579980446,9.998688930151198e-05
GFD-30,dipep_WY,0.0,-0.007947353716145838,-0.010809611441989046,0.0028622577258432085
GFD-30,dipep_YA,0.0,-0.0001120191267804453,-2.7608723581836647e-05,-8.441040319860866e-05
GFD-30,dipep_YC,0.0,0.0001769142835136344,0.00013507262478487731,4.1841658728757096e-05
GFD-30,dipep_YD,0.0,0.0,0.0,0.0
GFD-30,dipep_YE,0.03448275849223137,-0.002269968603555776,-0.0012126984126984127,-0.0010572701908573632
GFD-30,dipep_YF,0.0,-6.694563825581245e-06,0.0,-6.694563825581245e-06
GFD-30,dipep_YG,0.0,-0.006029008031521632,-0.011931850894748313,0.00590284286322668
GFD-30,dipep_YH,0.0,0.0,0.0,0.0
GFD-30,dipep_YI,0.0,0.0,-0.0002448094205144097,0.0002448094205144097
GFD-30,dipep_YK,0.0,3.977208693188455e-05,0.00012282360821680625,-8.30515212849217e-05
GFD-30,dipep_YL,0.0,-0.0007607904466017492,-0.000576462961754017,-0.00018432748484773214
GFD-30,dipep_YM,0.0,0.0,0.0,0.0
GFD-30,dipep_YN,0.0,0.0,0.0,0.0
GFD-30,dipep_YP,0.0,0.0,0.0,0.0
GFD-30,dipep_YQ,0.0,-0.00040428128306224995,-0.00015350005424581633,-0.0002507812288164336
GFD-30,dipep_YR,0.0,-0.00014939410423380308,-1.6598912859047128e-05,-0.00013279519137475595
GFD-30,dipep_YS,0.0,-7.747087769048816e-05,-6.57285938237968e-05,-1.1742283866691367e-05
GFD-30,dipep_YT,0.0,-8.46208781582402e-05,-1.0757565465454906e-05,-7.38633126927853e-05
GFD-30,dipep_YV,0.0,-0.00011514979941376689,-3.694107699395924e-05,-7.820872241980764e-05
GFD-30,dipep_YW,0.0,-0.00025905693740552394,-0.0001185327700417593,-0.00014052416736376464
GFD-30,dipep_YY,0.0,0.0,2.4558664183040392e-05,-2.4558664183040392e-05
GFD-30,glycine_frac,0.10000000149011612,-0.006137785609409629,-0.007368353955716884,0.001230568346307255
GFD-30,hmoment,0.5670741200447083,-0.0022330452045331815,-0.00014160705733990312,-0.0020914381471932786
GFD-30,hydrophobic_frac,0.4000000059604645,-0.011259986460053504,-0.016103809803688453,0.004843823343634949
GFD-30,length,30.0,0.0185513296794607,0.03514294722065622,-0.016591617541195522
GFD-30,proline_frac,0.03333333507180214,-0.00043424331966186795,0.0014383765064606984,-0.0018726198261225663
GPE-19,aa_A,0.0,-0.012754006656110975,-0.010267061612706263,-0.002486945043404711
GPE-19,aa_C,0.0,-0.004608765925944031,-0.0025621696565784383,-0.002046596269365593
GPE-19,aa_D,0.0,0.0007993112025068872,-0.0010560624165540404,0.0018553736190609275
GPE-19,aa_E,0.05263157933950424,-0.011838173810454935,-0.013803552142003461,0.0019653783315485267
GPE-19,aa_F,0.10526315867900848,0.0032968447591394216,0.004443710711267464,-0.0011468659521280426
GPE-19,aa_G,0.05263157933950424,-0.002233885434538751,-0.0005896001480790727,-0.0016442852864596783
GPE-19,aa_H,0.0,-0.00019417508748941254,-0.0017437481488405725,0.0015495730613511599
GPE-19,aa_I,0.0,-0.01607640725781441,-0.022044486202902253,0.005968078945087843
GPE-19,aa_K,0.21052631735801697,-0.005418666537761567,-0.0062317187515378465,0.0008130522137762795
GPE-19,aa_L,0.05263157933950424,-0.006465791683628439,-0.0033534344738735886,-0.0031123572097548503
GPE-19,aa_M,0.15789473056793213,-0.009630364797538236,-0.002679490792883901,-0.006950874004654335
GPE-19,aa_N,0.10526315867900848,-0.004933166842460319,-0.0014490476705617545,-0.003484119171898564
GPE-19,aa_P,0.05263157933950424,-0.00036066485064212414,0.003213574841477855,-0.0035742396921199793
GPE-19,aa_Q,0.0,-0.0064197907187785504,-0.0066054537453982464,0.000185663026619696
GPE-19,aa_R,0.0,0.01601918511056812,0.018923868285059774,-0.0029046831744916554
GPE-19,aa_S,0.15789473056793213,0.0014719422520125187,0.004772411860293182,-0.003300469608280663
GPE-19,aa_T,0.0,-0.0027570965719948435,-0.0034199846127837903,0.0006628880407889468
GPE-19,aa_V,0.05263157933950424,-0.002505139941167874,-0.006054051044899317,0.0035489111037314432
GPE-19,aa_W,0.0,-0.00744838207624694,-0.005057909192010146,-0.0023904728842367943
GPE-19,aa_Y,0.0,-0.0017651983384951453,-0.002391904358499246,0.0006267060200041009
GPE-19,acidic_frac,0.05263157933950424,-0.01534916051931483,-0.006459321240400877,-0.008889839278913953
GPE-19,alpha,1.0515789985656738,0.00021523256100663737,0.004621597899107538,-0.004406365338100901
GPE-19,apv,0.23899999260902405,0.001031045867210718,0.005021928418302061,-0.003990882551091343
GPE-19,aromatic_frac,0.10526315867900848,-0.0036787167167473146,-0.0019656574444122028,-0.0017130592723351118
GPE-19,basic_frac,0.21052631735801697,0.004896254348420114,0.002039945614376855,0.002856308734043259
GPE-19,boman,1.5568420886993408,-0.017837806117219236,-0.026011017003477264,0.008173210886258029
GPE-19,charge,2.976518154144287,-0.0031635253346642294,-0.0019691195672429922,-0.0011944057674212372
GPE-19,dipep_AA,0.0,-0.0021853704056915622,-0.00337385595420545,0.001188485548513888
GPE-19,dipep_AC,0.0,0.0,0.0,0.0
GPE-19,dipep_AD,0.0,-1.1315225285194446e-05,-9.233746749601115e-05,8.102224221081671e-05
GPE-19,dipep_AE,0.0,-2.1225255416081844e-05,0.0002532416475166952,-0.000274466902932777
GPE-19,dipep_AF,0.0,0.00010399330089858393,-1.668998768736157e-05,0.0001206832885859455
GPE-19,dipep_AG,0.0,-0.00014676494069937494,-6.475270219321687e-05,-8.201223850615807e-05
GPE-19,dipep_AH,0.0,-0.0002181868071784962,-0.0004347326798561949,0.0002165458726776987
GPE-19,dipep_AI,0.0,-0.0051050290494690205,-0.006411938809441045,0.0013069097599720247
GPE-19,dipep_AK,0.0,-0.0020216438397010305,-0.001997300446769371,-2.4343392931659453e-05
GPE-19,dipep_AL,0.0,-0.00331391400143417,-0.003075050750563502,-0.00023886325087066774
GPE-19,dipep_AM,0.0,-0.0001495898804437985,-0.0005942498720298206,0.0004446599915860221
GPE-19,dipep_AN,0.0,-0.00030780233834054723,-0.0009207946501028836,0.0006129923117623364
GPE-19,dipep_AP,0.0,0.00016897411380059933,0.00015858056897457036,1.0393544826028971e-05
GPE-19,dipep_AQ,0.0,-0.0011783724549446443,-0.0014167175645646585,0.0002383451096200143
GPE-19,dipep_AR,0.0,-2.0585206728585283e-05,0.00013243553221424682,-0.0001530207389428321
GPE-19,dipep_AS,0.0,-0.00029468234928667954,-0.0001682168802936004,-0.00012646546899307916
GPE-19,dipep_AT,0.0,-0.00013941744368861487,-0.0002664519990846062,0.0001270345553959913
GPE-19,dipep_AV,0.0,-0.002911905569304293,-0.0006930502122346574,-0.0022188553570696356
GPE-19,dipep_AW,0.0,-7.65845017916789e-05,-0.00012309027099100938,4.650576919933048e-05
GPE-19,dipep_AY,0.0,-0.00011497473578299896,-5.7510274348595785e-05,-5.746446143440317e-05
GPE-19,dipep_CA,0.0,3.212247223829303e-05,-0.0001328514418810297,0.00016497391411932273
GPE-19,dipep_CC,0.0,-0.00040851066585171524,-0.0007285710520765771,0.0003200603862248619
GPE-19,dipep_CD,0.0,-4.043319659615254e-05,-9.366792487849246e-05,5.323472828233992e-05
GPE-19,dipep_CE,0.0,-6.9262666580465e-05,-4.746086286079564e-05,-2.1801803719669353e-05
GPE-19,dipep_CF,0.0,-1.1710470404394441e-05,-9.642161777569707e-06,-2.068308626824734e-06
GPE-19,dipep_CG,0.0,-0.004239416512194963,-0.006484112118931819,0.0022446956067368557
GPE-19,dipep_CH,0.0,-6.0245304699869146e-05,-7.879450927229482e-05,1.854920457242567e-05
GPE-19,dipep_CI,0.0,-0.00011740170824652464,-9.371362757457974e-05,-2.3688080671944908e-05
GPE-19,dipep_CK,0.0,-0.00019569210555274867,-0.0002489924143243991,5.3300308771650414e-05
GPE-19,dipep_CL,0.0,-8.455459172854525e-05,-6.323146463546944e-05,-2.132312709307581e-05
GPE-19,dipep_CM,0.0,0.0,0.0,0.0
GPE-19,dipep_CN,0.0,-0.00011221998432836254,4.475258798901887e-06,-0.00011669524312726444
GPE-19,dipep_CP,0.0,-0.00012648163016050395,-7.459841711820625e-05,-5.18832130422977e-05
GPE-19,dipep_CQ,0.0,0.0,0.00013909566673733965,-0.00013909566673733965
GPE-19,dipep_CR,0.0,2.1796543761707827e-05,8.614650438221912e-05,-6.43499606205113e-05
GPE-19,dipep_CS,0.0,-0.00032362130547845136,-9.55186407266668e-05,-0.00022810266475178456
GPE-19,dipep_CT,0.0,-8.975084604414685e-05,-0.00017103353924964284,8.128269320549599e-05
GPE-19,dipep_CV,0.0,-0.00012130140030594407,-0.0003944042900990989,0.0002731028897931548
GPE-19,dipep_CW,0.0,-0.00012259154300249225,-3.982850600024329e-05,-8.276303700224896e-05
GPE-19,dipep_CY,0.0,-0.0002783062293687576,-0.00035250355869443034,7.419732932567277e-05
GPE-19,dipep_DA,0.0,0.0,0.0003375476335671378,-0.0003375476335671378
GPE-19,dipep_DC,0.0,0.0,3.286353786939676e-05,-3.286353786939676e-05
GPE-19,dipep_DD,0.0,-9.044455526103424e-05,-9.377334135036842e-05,3.3287860893341757e-06
GPE-19,dipep_DE,0.0,-0.00035083830392200076,-0.0002661392846451145,-8.469901927688628e-05
GPE-19,dipep_DF,0.0,-0.0008291534159114033,-0.00010284933536010784,-0.0007263040805512954
GPE-19,dipep_DG,0.0,-0.0022639302610595706,-0.0017928970552022986,-0.000471033205857272
GPE-19,dipep_DH,0.0,-0.00012343664344472737,-8.009566622191411e-05,-4.334097722281325e-05
GPE-19,dipep_DI,0.0,-1.9276315940240204e-05,-0.0003589684886673824,0.0003396921727271422
GPE-19,dipep_DK,0.0,6.256850811331908e-05,0.00014503466276351708,-8.2466154650198e-05
GPE-19,dipep_DL,0.0,-0.0002399872547764734,-0.0007194814262299938,0.0004794941714535204
GPE-19,dipep_DM,0.0,-1.0340471784025144e-05,0.0,-1.0340471784025144e-05
GPE-19,dipep_DN,0.0,0.0,0.0,0.0
GPE-19,dipep_DP,0.0,0.0,0.0,0.0
GPE-19,dipep_DQ,0.0,-5.891785588081323e-05,-1.6748687430548516e-05,-4.216916845026471e-05
GPE-19,dipep_DR,0.0,-0.00015009463063682084,-0.0003093410950004155,0.00015924646436359465
GPE-19,dipep_DS,0.0,-5.767592115045426e-06,-2.0873737430829083e-05,1.5106145315783657e-05
GPE-19,dipep_DT,0.0,8.24617839141536e-06,-9.569597618815815e-05,0.00010394215457957351
GPE-19,dipep_DV,0.0,0.00015560109029786118,1.0213089878929862e-05,0.0001453880004189313
GPE-19,dipep_DW,0.0,0.0,-5.2644666959607605e-05,5.2644666959607605e-05
GPE-19,dipep_DY,0.0,-5.140651055699809e-05,-3.163038440119333e-05,-1.9776126155804758e-05
GPE-19,dipep_EA,0.0,-0.0022012752606778126,-0.0024884140308491574,0.0002871387701713448
GPE-19,dipep_EC,0.0,-0.0002077155907463332,-0.0002635084153348544,5.579282458852123e-05
GPE-19,dipep_ED,0.0,-2.329086128458363e-05,-1.350634791457969e-05,-9.78451337000394e-06
GPE-19,dipep_EE,0.0,-0.0002399922041278923,-0.00013487339928112296,-0.00010511880484676936
GPE-19,dipep_EF,0.0,-0.0010017255992401941,-0.00012205659136072588,-0.0008796690078794683
GPE-19,dipep_EG,0.0,-0.0055249260719233365,-0.00902255903989539,0.0034976329679720537
GPE-19,dipep_EH,0.0,3.1074332142865255e-05,4.6976532904948426e-05,-1.590220076208317e-05
GPE-19,dipep_EI,0.0,-1.9084286640009443e-05,-0.00014881541118972694,0.0001297311245497175
GPE-19,dipep_EK,0.0,0.00043490358390367974,0.0006314642425935849,-0.0001965606586899051
GPE-19,dipep_EL,0.0,-3.907979955549809e-06,-7.06235476732022e-05,6.671556771765239e-05
GPE-19,dipep_EM,0.0,0.0,0.0,0.0
GPE-19,dipep_EN,0.0555555559694767,0.014617517317818242,0.038875370988273636,-0.024257853670455395
GPE-19,dipep_EP,0.0,-8.62271344444446e-06,0.0,-8.62271344444446e-06
GPE-19,dipep_EQ,0.0,-0.00014989943437468772,-1.841963621247032e-05,-0.0001314797981622174
GPE-19,dipep_ER,0.0,0.0,-1.5521165497246826e-05,1.5521165497246826e-05
GPE-19,dipep_ES,0.0,-0.0006032385948811791,-6.0321467042358395e-05,-0.0005429171278388208
GPE-19,dipep_ET,0.0,0.0,0.0,0.0
GPE-19,dipep_EV,0.0,9.459211229140875e-05,0.0,9.459211229140875e-05
GPE-19,dipep_EW,0.0,0.0,-3.463611512081918e-05,3.463611512081918e-05
GPE-19,dipep_EY,0.0,-3.117337579578602e-05,0.0,-3.117337579578602e-05
GPE-19,dipep_FA,0.0,-0.00011248778621766754,-0.00018020975369108821,6.772196747342067e-05
GPE-19,dipep_FC,0.0,-0.00044362732363845603,-0.000769464599043433,0.00032583727540497697
GPE-19,dipep_FD,0.0,-3.810256875258505e-05,-8.98531108238411e-05,5.175054207125606e-05
GPE-19,dipep_FE,0.0,-0.001909486127445602,-0.003161385437092604,0.001251899309647002
GPE-19,dipep_FF,0.0,-0.0010974300846858956,0.0004153537821603768,-0.0015127838668462725
GPE-19,dipep_FG,0.0,-0.0007329435061641944,-0.0008902717253928004,0.00015732821922860595
GPE-19,dipep_FH,0.0,-0.00029481785932224027,-0.00010027849894860523,-0.00019453936037363504
GPE-19,dipep_FI,0.0,-0.0021061349197665593,-0.0036188515461453657,0.0015127166263788063
GPE-19,dipep_FK,0.0,-0.0013463711449288502,0.0002850411912018869,-0.001631412336130737
GPE-19,dipep_FL,0.0,-0.011573085302482775,-0.006765736630262162,-0.004807348672220613
GPE-19,dipep_FM,0.0555555559694767,0.00032105917425184007,0.0030149823413191954,-0.002693923167067355
GPE-19,dipep_FN,0.0,0.0,-2.606122246049588e-05,2.606122246049588e-05
GPE-19,dipep_FP,0.0,-8.753247754109021e-05,-0.0009367714028805346,0.0008492389253394444
GPE-19,dipep_FQ,0.0,-0.00031505270913754905,-0.00018703459038470658,-0.00012801811875284247
GPE-19,dipep_FR,0.0,-0.0002812558704672174,0.0002181751457661728,-0.0004994310162333902
GPE-19,dipep_FS,0.0555555559694767,0.0023751060501561623,0.001330493867518432,0.0010446121826377303
GPE-19,dipep_FT,0.0,-0.00030211935075898815,-0.000277937244693666,-2.418210606532214e-05
GPE-19,dipep_FV,0.0,-0.00014799557187809677,0.00012706257432788416,-0.0002750581462059809
GPE-19,dipep_FW,0.0,-1.0038900884128946e-05,-8.560320962801658e-05,7.556430874388763e-05
GPE-19,dipep_FY,0.0,-6.506122512046728e-05,-2.1300017329036033e-05,-4.376120779143124e-05
GPE-19,dipep_GA,0.0,-0.0006531617226672339,-0.0008699001387432261,0.0002167384160759922
GPE-19,dipep_GC,0.0,-0.00019577468905903226,-0.00022524463516486673,2.9469946105834476e-05
GPE-19,dipep_GD,0.0,-0.0004294030666459236,-0.0002284983166857297,-0.00020090474996019392
GPE-19,dipep_GE,0.0,2.1160774200298628e-05,-0.00013659669760895496,0.00015775747180925357
GPE-19,dipep_GF,0.0,-0.0037234307766188645,-0.0029875113832790526,-0.0007359193933398119
GPE-19,dipep_GG,0.0,-0.00026822331746213383,-2.333870548230671e-05,-0.0002448846119798271
GPE-19,dipep_GH,0.0,-0.00035607390330650473,-0.0004307851330116458,7.471122970514107e-05
GPE-19,dipep_GI,0.0,-0.0003465444712612818,-0.00023704889574771654,-0.00010949557551356525
GPE-19,dipep_GK,0.0,-0.0007206562405930594,-0.0003287294083364331,-0.0003919268322566263
GPE-19,dipep_GL,0.0,-0.0026779050113262047,-0.0017373661973989847,-0.00094053881392722
GPE-19,dipep_GM,0.0,-0.003932685760611197,-0.004637014986337846,0.0007043292257266484
GPE-19,dipep_GN,0.0,2.2381168346238204e-06,-1.3950957268977335e-05,1.6189074103601155e-05
GPE-19,dipep_GP,0.0555555559694767,-0.00414907513579434,0.001702312003623082,-0.005851387139417422
GPE-19,dipep_GQ,0.0,0.00019622087813491853,0.0008174261861057663,-0.0006212053079708478
GPE-19,dipep_GR,0.0,-0.0014597124041031888,-0.0027719761206215993,0.0013122637165184105
GPE-19,dipep_GS,0.0,-0.00040286023836123846,-0.0005369543873720436,0.00013409414901080513
GPE-19,dipep_GT,0.0,-0.00019364549484725282,-5.910151048826923e-05,-0.00013454398435898358
GPE-19,dipep_GV,0.0,-0.0007867886993760609,-0.0014502534359080504,0.0006634647365319895
GPE-19,dipep_GW,0.0,-0.00377896775761322,-0.004290419484500347,0.0005114517268871273
GPE-19,dipep_GY,0.0,-0.002155318594808132,-0.003963921395959465,0.0018086028011513335
GPE-19,dipep_HA,0.0,-0.00038210213901339026,-0.00028202096974959607,-0.00010008116926379419
GPE-19,dipep_HC,0.0,3.8823226227473967e-05,0.0,3.8823226227473967e-05
GPE-19,dipep_HD,0.0,0.0,0.0,0.0
GPE-19,dipep_HE,0.0,0.0,0.0,0.0
GPE-19,dipep_HF,0.0,-9.998472005541055e-06,-7.473380013849102e-06,-2.525091991691953e-06
GPE-19,dipep_HG,0.0,-2.4914958501409e-05,-5.6339751676799496e-05,3.1424793175390496e-05
GPE-19,dipep_HH,0.0,-0.00013751311476414298,-0.00022129977644659766,8.378666168245468e-05
GPE-19,dipep_HI,0.0,-0.0004249471665261816,-0.0004432567037860066,1.8309537259824998e-05
GPE-19,dipep_HK,0.0,-0.00039418066089979946,-0.0008052247446109091,0.0004110440837111096
GPE-19,dipep_HL,0.0,-0.00011150393685963393,-0.00018885479892059845,7.735086206096452e-05
GPE-19,dipep_HM,0.0,1.0700305456676087e-05,-6.469956377761704e-05,7.539986923429312e-05
GPE-19,dipep_HN,0.0,-5.5115268377057147e-05,-5.078635685663504e-05,-4.328911520422107e-06
GPE-19,dipep_HP,0.0,0.0,0.00024469374901548547,-0.00024469374901548547
GPE-19,dipep_HQ,0.0,-8.893090125826271e-05,-3.965470992664229e-05,-4.927619133162042e-05
GPE-19,dipep_HR,0.0,-0.00013049751480577655,-0.0001575092630159685,2.7011748210191953e-05
GPE-19,dipep_HS,0.0,-6.025441328225492e-05,-2.528237932183688e-05,-3.497203396041804e-05
GPE-19,dipep_HT,0.0,2.4299446277422642e-05,0.0,2.4299446277422642e-05
GPE-19,dipep_HV,0.0,-0.00021903372809492185,-6.928902371366452e-05,-0.00014974470438125734
GPE-19,dipep_HW,0.0,0.0,-1.983043405209903e-05,1.983043405209903e-05
GPE-19,dipep_HY,0.0,-1.3696585488169383e-05,-1.3465383722586984e-05,-2.3120176558239948e-07
GPE-19,dipep_IA,0.0,-0.00019741957034833437,-0.0010851792465524028,0.0008877596762040683
GPE-19,dipep_IC,0.0,-4.5101555415291884e-05,-0.0006769074023749226,0.0006318058469596307
GPE-19,dipep_ID,0.0,-0.004513455299613008,-0.004006596717315072,-0.0005068585822979362
GPE-19,dipep_IE,0.0,-0.006629558771080585,-0.008077261301096119,0.0014477025300155344
GPE-19,dipep_IF,0.0,-0.0010968169524351247,-0.0009133659785332037,-0.00018345097390192106
GPE-19,dipep_IG,0.0,-0.0014363893446720703,-0.0008841430842840311,-0.0005522462603880392
GPE-19,dipep_IH,0.0,-0.00012078662680904311,-0.0003740280589928718,0.0002532414321838287
GPE-19,dipep_II,0.0,-0.0014115441923634052,-0.0018659865564396982,0.000454442364076293
GPE-19,dipep_IK,0.0,-0.0023147778422197792,-0.0026688937010446606,0.00035411585882488134
GPE-19,dipep_IL,0.0,-0.002080295960297314,-0.0033039302841763687,0.0012236343238790546
GPE-19,dipep_IM,0.0,-1.1067287343872406e-05,-7.19610956669232e-05,6.08938083230508e-05
GPE-19,dipep_IN,0.0,-0.00043075240506495284,-0.000343181946914348,-8.757045815060483e-05
GPE-19,dipep_IP,0.0,-0.001268125143416786,-0.0012950493705935371,2.6924227176751154e-05
GPE-19,dipep_IQ,0.0,0.00013835256119726873,-0.00018051572518082968,0.0003188682863780984
GPE-19,dipep_IR,0.0,-9.397760865631889e-05,7.703775009005558e-06,-0.00010168138366532445
GPE-19,dipep_IS,0.0,-0.0023580907901208084,-0.0025111229254035526,0.0001530321352827442
GPE-19,dipep_IT,0.0,-0.00021133390114953422,-0.0002623826318477331,5.1048730698198904e-05
GPE-19,dipep_IV,0.0,-0.0014693462297163242,-0.0009972887322154504,-0.00047205749750087373
GPE-19,dipep_IW,0.0,-0.0002284714057819828,-0.0003702247931026715,0.00014175338732068867
GPE-19,dipep_IY,0.0,0.0,0.0001506060619955557,-0.0001506060619955557
GPE-19,dipep_KA,0.0,-0.00022376522076381165,0.00027601045565271633,-0.000499775676416528
GPE-19,dipep_KC,0.0,-0.0010154115139126237,-0.0010883637412354306,7.295222732280689e-05
GPE-19,dipep_KD,0.0,-0.0009310223274767126,-0.0005339345546808273,-0.0003970877727958853
GPE-19,dipep_KE,0.0,-0.001072881456135128,0.00036696358365119507,-0.001439845039786323
GPE-19,dipep_KF,0.0,-0.0007106126289993041,0.00015508457102024622,-0.0008656972000195503
GPE-19,dipep_KG,0.0,2.086462791612014e-05,-0.00011976263114329501,0.00014062725905941516
GPE-19,dipep_KH,0.0,-0.0002495911312732778,-8.475023832503152e-05,-0.0001648408929482463
GPE-19,dipep_KI,0.0,-0.002921490816364663,-0.003614462504960142,0.0006929716885954789
GPE-19,dipep_KK,0.0,-0.005029081488736266,-0.006212476801966635,0.001183395313230369
GPE-19,dipep_KL,0.0,-0.0007824522618239824,-0.0007638774772181083,-1.857478460587413e-05
GPE-19,dipep_KM,0.1111111119389534,-0.0052897454286999785,0.0,-0.0052897454286999785
GPE-19,dipep_KN,0.0555555559694767,-0.003105365175433296,0.006563100893923543,-0.00966846606935684
GPE-19,dipep_KP,0.0,-5.6150417854856676e-05,-3.0611899766966224e-05,-2.553851808789045e-05
GPE-19,dipep_KQ,0.0,-0.0002360387271617314,-0.00022215256739711772,-1.3886159764613684e-05
GPE-19,dipep_KR,0.0,0.0004554663054604134,0.0005762542569608975,-0.00012078795150048416
GPE-19,dipep_KS,0.0555555559694767,-0.005553152498709703,-0.00043444428837984645,-0.005118708210329857
GPE-19,dipep_KT,0.0,-0.0013310589227645525,-0.0009099361132643284,-0.000421122809500224
GPE-19,dipep_KV,0.0,-0.0031808628624381496,-0.0018117751808691789,-0.0013690876815689707
GPE-19,dipep_KW,0.0,-0.0001115533912917117,-0.00023849921805385398,0.00012694582676214228
GPE-19,dipep_KY,0.0,-0.00046769722519634686,-0.0004760436096450641,8.346384448717223e-06
GPE-19,dipep_LA,0.0,-0.00036328534894297855,-0.00036542748688508464,2.142137942106096e-06
GPE-19,dipep_LC,0.0,-0.00011366941995305284,-6.410579236112963e-05,-4.956362759192321e-05
GPE-19,dipep_LD,0.0,-0.0002922265771573284,-0.0002975483921324413,5.321814975112866e-06
GPE-19,dipep_LE,0.0,-5.745070749139221e-05,0.00019547833260203168,-0.0002529290400934239
GPE-19,dipep_LF,0.0,-0.011239567561793184,-0.015343910196977208,0.004104342635184024
GPE-19,dipep_LG,0.0,-0.0014149296896073555,-0.0008816057431372417,-0.0005333239464701138
GPE-19,dipep_LH,0.0,0.00019229888993145642,0.0001903108409741621,1.9880489572943227e-06
GPE-19,dipep_LI,0.0,-0.004696856751034434,-0.003461878813999543,-0.0012349779370348915
GPE-19,dipep_LK,0.0,-0.0028270324641670643,-0.005173168000562803,0.0023461355363957387
GPE-19,dipep_LL,0.0,-0.0007163455898755732,-0.0008252476113075513,0.00010890202143197818
GPE-19,dipep_LM,0.0,-0.00017180775714126996,0.0001869657200399835,-0.00035877347718125344
GPE-19,dipep_LN,0.0,-0.0002698347387207121,-0.0003386281724577608,6.879343373704871e-05
GPE-19,dipep_LP,0.0,-0.002430340785992509,-0.002165466756296428,-0.0002648740296960811
GPE-19,dipep_LQ,0.0,-0.00013031373645078063,-0.0002759098755664898,0.0001455961391157092
GPE-19,dipep_LR,0.0,0.00015887405972713744,0.00014305409210717664,1.5819967619960806e-05
GPE-19,dipep_LS,0.0,-0.0012807046089759685,-0.0013261234353885998,4.541882641263123e-05
GPE-19,dipep_LT,0.0,-0.00024748465516293304,-0.0003274544164801367,7.996976131720366e-05
GPE-19,dipep_LV,0.0555555559694767,0.003688009557074102,0.014575723688084524,-0.010887714131010421
GPE-19,dipep_LW,0.0,-0.0007616654038968879,-0.0007449526871735377,-1.6712716723350156e-05
GPE-19,dipep_LY,0.0,-7.123986976906715e-05,-4.489744455275073e-05,-2.634242521631642e-05
GPE-19,dipep_MA,0.0,-0.00017014495231335914,-0.0001353783069081519,-3.4766645405207236e-05
GPE-19,dipep_MC,0.0,-5.052362475327119e-06,-4.088093751341379e-05,3.582857503808668e-05
GPE-19,dipep_MD,0.0,-0.0001517698569579516,-6.509754769824329e-05,-8.667230925970831e-05
GPE-19,dipep_ME,0.0,-3.5582774099106083e-05,-0.00010552193574900787,6.993916164990178e-05
GPE-19,dipep_MF,0.0555555559694767,-0.0027722886368217376,0.0,-0.0027722886368217376
GPE-19,dipep_MG,0.0,-0.00012568402534127317,-0.00018466144686898761,5.897742152771444e-05
GPE-19,dipep_MH,0.0,0.0,0.0,0.0
GPE-19,dipep_MI,0.0,-0.0019715947519546844,-0.002467150215672947,0.0004955554637182625
GPE-19,dipep_MK,0.1111111119389534,-0.0029657699784567102,0.0007970681656238681,-0.0037628381440805783
GPE-19,dipep_ML,0.0,1.1653045681735894e-05,8.215022674888606e-05,-7.049718106715016e-05
GPE-19,dipep_MM,0.0,-8.408607234780913e-05,-2.1178390646038364e-05,-6.290768170177077e-05
GPE-19,dipep_MN,0.0,-9.248413632566665e-05,1.0631447401358534e-05,-0.00010311558372702518
GPE-19,dipep_MP,0.0,0.0,0.0,0.0
GPE-19,dipep_MQ,0.0,-3.0406925175925498e-05,-9.694188237588309e-05,6.653495719995759e-05
GPE-19,dipep_MR,0.0,-0.00024087777721790025,-0.00012167500782024748,-0.00011920276939765277
GPE-19,dipep_MS,0.0,-5.8690554489939514e-05,-0.00022436199539500006,0.00016567144090506056
GPE-19,dipep_MT,0.0,-0.00039027805268899914,-0.0003552858383320776,-3.4992214356921556e-05
GPE-19,dipep_MV,0.0,-4.9961391968437774e-05,-1.3537805701448885e-05,-3.642358626698889e-05
GPE-19,dipep_MW,0.0,-4.509980212293449e-06,0.0,-4.509980212293449e-06
GPE-19,dipep_MY,0.0,0.0,-0.0009451608891744704,0.0009451608891744704
GPE-19,dipep_NA,0.0,-0.0005475627956208589,-0.00038989405845981046,-0.00015766873716104848
GPE-19,dipep_NC,0.0,-4.4776059528803375e-05,-9.845784383307775e-05,5.3681784304274375e-05
GPE-19,dipep_ND,0.0,0.0,8.613858073125647e-05,-8.613858073125647e-05
GPE-19,dipep_NE,0.0,3.187404394831395e-05,-3.404955966155421e-05,6.592360360986816e-05
GPE-19,dipep_NF,0.0555555559694767,-0.0018669057130309182,0.0042376840684066955,-0.006104589781437614
GPE-19,dipep_NG,0.0,-0.004450699665172082,-0.0024395773779667933,-0.002011122287205289
GPE-19,dipep_NH,0.0,0.0,0.0,0.0
GPE-19,dipep_NI,0.0,1.4023555789265366e-05,-6.698432436775696e-05,8.100788015702233e-05
GPE-19,dipep_NK,0.0,9.012083362316973e-05,-3.4308995903789616e-05,0.00012442982952695934
GPE-19,dipep_NL,0.0555555559694767,-0.0021020750067615715,-0.0022479767059948347,0.00014590169923326323
GPE-19,dipep_NM,0.0,-9.047727503272737e-06,-2.738874425489972e-05,1.834101675162698e-05
GPE-19,dipep_NN,0.0,0.0,-1.7799942802756587e-05,1.7799942802756587e-05
GPE-19,dipep_NP,0.0,-3.8654271539951805e-05,0.0,-3.8654271539951805e-05
GPE-19,dipep_NQ,0.0,-0.0006133215923582621,-0.0002672262723921897,-0.00034609531996607234
GPE-19,dipep_NR,0.0,7.286216197821995e-05,-1.5987229790286582e-05,8.884939176850653e-05
GPE-19,dipep_NS,0.0,0.0,-3.4278348580333265e-05,3.4278348580333265e-05
GPE-19,dipep_NT,0.0,-0.0025364500986263232,-0.0013829514954604015,-0.0011534986031659217
GPE-19,dipep_NV,0.0,-0.00012603070613351774,-5.98844408277867e-05,-6.614626530573105e-05
GPE-19,dipep_NW,0.0,3.6516470116045994e-05,-0.00013236110163164502,0.00016887757174769102
GPE-19,dipep_NY,0.0,-6.714024056872463e-05,-0.00011458886948583901,4.7448628917114375e-05
GPE-19,dipep_PA,0.0,-0.000499898714495763,-0.0002635633755077437,-0.00023633533898801936
GPE-19,dipep_PC,0.0,-0.00022941293950207427,-0.0004006038558828543,0.00017119091638078003
GPE-19,dipep_PD,0.0,0.0,0.0,0.0
GPE-19,dipep_PE,0.0555555559694767,0.001708732970027777,0.008246712976505139,-0.006537980006477362
GPE-19,dipep_PF,0.0,-0.00016440559503911575,-0.0004282119646369472,0.00026380636959783145
GPE-19,dipep_PG,0.0,0.00012868058791153496,-3.992099896786988e-05,0.00016860158687940485
GPE-19,dipep_PH,0.0,-0.0001324745589777025,-9.271659304347468e-05,-3.975796593422782e-05
GPE-19,dipep_PI,0.0,-0.00013413598615972004,-6.710958468250991e-05,-6.702640147721012e-05
GPE-19,dipep_PK,0.0,-0.0006338775193645082,-0.001766159902195803,0.001132282382831295
GPE-19,dipep_PL,0.0,-0.00013927771205197645,0.0001165519845240993,-0.00025582969657607574
GPE-19,dipep_PM,0.0,0.0,0.0,0.0
GPE-19,dipep_PN,0.0,3.3989174979497366e-05,0.0,3.3989174979497366e-05
GPE-19,dipep_PP,0.0,0.0,-3.249647367184556e-05,3.249647367184556e-05
GPE-19,dipep_PQ,0.0,-0.0001873242194132913,8.426531712694585e-05,-0.00027158953654023713
GPE-19,dipep_PR,0.0,-2.3679740760785073e-05,0.0004360377044842034,-0.0004597174452449885
GPE-19,dipep_PS,0.0,-0.0003175094730485796,-0.0002744097475883314,-4.309972546024819e-05
GPE-19,dipep_PT,0.0,-0.0006208745701536679,-3.858733560228999e-05,-0.0005822872345513779
GPE-19,dipep_PV,0.0,-0.00027283930578342986,-1.4746242032265107e-05,-0.00025809306375116476
GPE-19,dipep_PW,0.0,-7.805962488580057e-05,-7.062418382987532e-05,-7.4354410559252475e-06
GPE-19,dipep_PY,0.0,0.0,0.0,0.0
GPE-19,dipep_QA,0.0,-0.00019150531741043286,-9.33067545354798e-05,-9.819856287495307e-05
GPE-19,dipep_QC,0.0,-9.453309735197026e-05,-7.789210629619725e-05,-1.6640991055773014e-05
GPE-19,dipep_QD,0.0,-0.00028404903646873117,-0.00027077141891843266,-1.3277617550298511e-05
GPE-19,dipep_QE,0.0,0.0,-7.606092192220526e-06,7.606092192220526e-06
GPE-19,dipep_QF,0.0,-9.680777495512749e-05,-4.3533971008831885e-05,-5.3273803946295606e-05
GPE-19,dipep_QG,0.0,-0.00011932083027859775,-7.80945934540395e-05,-4.122623682455824e-05
GPE-19,dipep_QH,0.0,-0.0004360860789961164,-0.0011430771573645762,0.0007069910783684597
GPE-19,dipep_QI,0.0,-0.00011120999121432213,-0.00031986109520984674,0.0002086511039955246
GPE-19,dipep_QK,0.0,1.8604522030921403e-05,6.824951481136123e-05,-4.964499278043982e-05
GPE-19,dipep_QL,0.0,-0.00015322323768400322,-0.0002750164070659382,0.00012179316938193497
GPE-19,dipep_QM,0.0,-1.778423535809655e-05,-1.7570555751425006e-05,-2.1367960667154306e-07
GPE-19,dipep_QN,0.0,-4.029199348284728e-05,-2.2916707886762858e-05,-1.7375285596084426e-05
GPE-19,dipep_QP,0.0,-0.0007218119174966,-0.0008347043621043471,0.00011289244460774707
GPE-19,dipep_QQ,0.0,-0.0004937556468952636,-1.627686974641706e-05,-0.00047747877714884656
GPE-19,dipep_QR,0.0,-0.0038319192898693213,-0.0028556689410975953,-0.000976250348771726
GPE-19,dipep_QS,0.0,-0.0001895392787321052,-0.0003801713154419296,0.00019063203670982438
GPE-19,dipep_QT,0.0,-6.66031952991902e-06,0.0,-6.66031952991902e-06
GPE-19,dipep_QV,0.0,-1.1358294541588712e-05,-6.786987825863047e-06,-4.5713067157256655e-06
GPE-19,dipep_QW,0.0,-0.00024077963073362746,-0.00012978578096952545,-0.000110993849764102
GPE-19,dipep_QY,0.0,0.0,0.0,0.0
GPE-19,dipep_RA,0.0,-0.0004309407328009694,-0.0003534585040709109,-7.748222873005852e-05
GPE-19,dipep_RC,0.0,-1.7088357450501852e-05,8.352443691459208e-05,-0.00010061279436509393
GPE-19,dipep_RD,0.0,-0.00013030477060765405,-0.0001006641098200566,-2.9640660787597458e-05
GPE-19,dipep_RE,0.0,0.00021112469340079341,2.0589927089446623e-05,0.0001905347663113468
GPE-19,dipep_RF,0.0,0.0006219830120895716,0.00017160910777752844,0.0004503739043120432
GPE-19,dipep_RG,0.0,5.282602641967083e-05,-0.0002664928070001319,0.0003193188334198027
GPE-19,dipep_RH,0.0,-3.393360197632311e-05,0.0,-3.393360197632311e-05
GPE-19,dipep_RI,0.0,-0.0005553715130471594,-7.218352516830118e-06,-0.0005481531605303293
GPE-19,dipep_RK,0.0,-0.0039058051690771655,-0.0008091920625851726,-0.003096613106491993
GPE-19,dipep_RL,0.0,0.001182928354821032,0.00207035149250188,-0.0008874231376808483
GPE-19,dipep_RM,0.0,-0.00018892138956230994,-0.00016864208675460907,-2.027930280770087e-05
GPE-19,dipep_RN,0.0,-0.0010599432979161126,0.00012256127708018262,-0.0011825045749962952
GPE-19,dipep_RP,0.0,-1.7365332345932076e-05,0.0007632714584021572,-0.0007806367907480893
GPE-19,dipep_RQ,0.0,-0.006536220530217432,-0.006943739443924525,0.00040751891370709257
GPE-19,dipep_RR,0.0,-0.0005546638766858027,-0.002256376937149344,0.0017017130604635412
GPE-19,dipep_RS,0.0,6.555365077091551e-05,-0.00011343913647389553,0.00017899278724481106
GPE-19,dipep_RT,0.0,-0.00021239387667187077,0.00018960562903861834,-0.0004019995057104891
GPE-19,dipep_RV,0.0,-3.988661298774337e-06,-0.00028220053664212535,0.000278211875343351
GPE-19,dipep_RW,0.0,-0.0006002656891826835,-0.0008349853699245592,0.00023471968074187572
GPE-19,dipep_RY,0.0,-5.5026795531607555e-06,-0.0001009645158749975,9.546183632183673e-05
GPE-19,dipep_SA,0.0,-0.000328079580664973,-0.000535747796879795,0.00020766821621482208
GPE-19,dipep_SC,0.0,-0.00029327580675979017,-0.00023315638718080387,-6.01194195789863e-05
GPE-19,dipep_SD,0.0,-1.9829115143292805e-05,-4.526886750134549e-05,2.5439752358052687e-05
GPE-19,dipep_SE,0.0,0.0,0.0,0.0
GPE-19,dipep_SF,0.0,-0.00017933591616909125,0.00035514723659767813,-0.0005344831527667694
GPE-19,dipep_SG,0.0,-0.00013868112859751928,-8.465734252193261e-05,-5.402378607558667e-05
GPE-19,dipep_SH,0.0,-0.00010330396784250126,-0.0001812479939602101,7.794402611770885e-05
GPE-19,dipep_SI,0.0,-0.0008868202911691341,-0.001657747598627592,0.0007709273074584578
GPE-19,dipep_SK,0.1111111119389534,0.023127793066208976,0.03279434897564902,-0.009666555909440044
GPE-19,dipep_SL,0.0,-0.0012843673629047,-0.0014181699984289647,0.00013380263552426465
GPE-19,dipep_SM,0.0,0.0,-1.4132647888449232e-05,1.4132647888449232e-05
GPE-19,dipep_SN,0.0,-0.0012607575946906372,-9.439181960662486e-06,-0.0012513184127299747
GPE-19,dipep_SP,0.0,0.00033803415511814963,-0.0001471772781620042,0.0004852114332801538
GPE-19,dipep_SQ,0.0,-8.247575757564062e-05,-3.0386811478261675e-05,-5.208894609737894e-05
GPE-19,dipep_SR,0.0,0.00013711970796742283,-0.0009973786136435485,0.0011344983216109712
GPE-19,dipep_SS,0.0,-0.000256928282214432,-0.0001670154479548458,-8.99128342595862e-05
GPE-19,dipep_ST,0.0,-0.00047275255183049824,-0.0006282530995819918,0.00015550054775149356
GPE-19,dipep_SV,0.0,-3.651546832565846e-05,0.0001038556411189212,-0.00014037110944457968
GPE-19,dipep_SW,0.0,-0.0008918767446292473,-0.00017813640534452554,-0.0007137403392847217
GPE-19,dipep_SY,0.0,-0.00010294031818669528,-3.599235423992055e-05,-6.694796394677473e-05
GPE-19,dipep_TA,0.0,-0.0006768250104172823,-0.0008772046144478754,0.0002003796040305931
GPE-19,dipep_TC,0.0,-3.8667921888994363e-05,0.0,-3.8667921888994363e-05
GPE-19,dipep_TD,0.0,0.0,5.641031099435304e-05,-5.641031099435304e-05
GPE-19,dipep_TE,0.0,-0.0004764237901068943,1.9459861610535067e-05,-0.0004958836517174294
GPE-19,dipep_TF,0.0,-0.0012968093761803357,-0.0014482071275617042,0.00015139775138136853
GPE-19,dipep_TG,0.0,-0.0007566501545090271,-0.0004730963781909313,-0.00028355377631809577
GPE-19,dipep_TH,0.0,-0.0002551120443009628,-4.4017739389543605e-05,-0.0002110943049114192
GPE-19,dipep_TI,0.0,-0.0011519962109491613,-0.0016303077099916589,0.0004783114990424976
GPE-19,dipep_TK,0.0,-0.000501173829553567,7.111772531109363e-06,-0.0005082856020846763
GPE-19,dipep_TL,0.0,-8.552655518237999e-05,-0.0003645064282320447,0.00027897987304966473
GPE-19,dipep_TM,0.0,0.0,0.0,0.0
GPE-19,dipep_TN,0.0,-8.129108927874853e-05,1.642974723591666e-05,-9.772083651466519e-05
GPE-19,dipep_TP,0.0,-0.0004943234692013212,2.0583234826703055e-05,-0.0005149067040280242
GPE-19,dipep_TQ,0.0,-0.0001912700573406183,-0.0008028189545740134,0.0006115488972333952
GPE-19,dipep_TR,0.0,0.00020612491473123243,-1.2178735988906155e-05,0.0002183036507201386
GPE-19,dipep_TS,0.0,-0.00012137461193380218,-0.0004247618490026115,0.0003033872370688093
GPE-19,dipep_TT,0.0,-0.0006809214769364292,-0.0004451705725843935,-0.00023575090435203565
GPE-19,dipep_TV,0.0,-0.000365712025817759,-0.0005906466605596942,0.0002249346347419352
GPE-19,dipep_TW,0.0,0.0,0.0,0.0
GPE-19,dipep_TY,0.0,-1.712244370911055e-05,-1.4947721965686991e-05,-2.174721743423559e-06
GPE-19,dipep_VA,0.0,-0.001633070776528893,-0.0006748588319259978,-0.0009582119446028952
GPE-19,dipep_VC,0.0,-0.0004330204941913866,-0.00035978463749792965,-7.323585669345695e-05
GPE-19,dipep_VD,0.0,0.0,2.1537691149970793e-05,-2.1537691149970793e-05
GPE-19,dipep_VE,0.0,-4.233548335794375e-05,1.9558923728351535e-05,-6.189440708629528e-05
GPE-19,dipep_VF,0.0,-0.00017752360337960278,-0.0002001555901955759,2.2631986815973128e-05
GPE-19,dipep_VG,0.0,-0.0005881402992040966,-0.0005848745248849113,-3.265774319185285e-06
GPE-19,dipep_VH,0.0,-0.0003911926820102506,-0.0001970372056571045,-0.00019415547635314608
GPE-19,dipep_VI,0.0,-6.473331584331692e-05,-0.00034056516382343385,0.00027583184798011693
GPE-19,dipep_VK,0.0,0.0003534005784476028,6.945717878840666e-05,0.00028394339965919613
GPE-19,dipep_VL,0.0,-0.0019342631232645534,-0.0015287346046166325,-0.0004055285186479209
GPE-19,dipep_VM,0.0,0.0,-3.276831708727366e-05,3.276831708727366e-05
GPE-19,dipep_VN,0.0,-9.829358495760932e-05,-0.00018915086826822326,9.085728331061394e-05
GPE-19,dipep_VP,0.0,-0.0009307227068231593,-0.0001994163178390433,-0.000731306388984116
GPE-19,dipep_VQ,0.0,-0.0006054341198348557,-0.00015317591154172448,-0.0004522582082931312
GPE-19,dipep_VR,0.0,0.00032650728328799985,0.00036049931914882815,-3.39920358608283e-05
GPE-19,dipep_VS,0.0555555559694767,3.961296014433899e-05,0.007540644752767747,-0.007501031792623408
GPE-19,dipep_VT,0.0,-0.00018005745011347344,-7.533438488018951e-05,-0.00010472306523328394
GPE-19,dipep_VV,0.0,-3.3020925321709045e-05,0.00014133937361632146,-0.0001743602989380305
GPE-19,dipep_VW,0.0,-6.41888685508813e-05,-5.8055049067543965e-05,-6.133819483337333e-06
GPE-19,dipep_VY,0.0,-6.98053082601396e-05,0.00010096101825953219,-0.0001707663265196718
GPE-19,dipep_WA,0.0,-8.338719451625811e-05,-0.00027727564636647266,0.00019388845185021455
GPE-19,dipep_WC,0.0,-0.00016826061597977312,-0.0001711638622399605,2.9032462601873816e-06
GPE-19,dipep_WD,0.0,-9.155107693835227e-05,0.0,-9.155107693835227e-05
GPE-19,dipep_WE,0.0,-0.002645442633471959,-0.0030085958250858852,0.0003631531916139263
GPE-19,dipep_WF,0.0,-0.00040958715249644765,-0.0007550537035220233,0.00034546655102557565
GPE-19,dipep_WG,0.0,-6.938544653267967e-05,-5.1190898670159226e-05,-1.819454786252045e-05
GPE-19,dipep_WH,0.0,0.0,0.0,0.0
GPE-19,dipep_WI,0.0,-0.00168084823132051,-0.0009606254260644514,-0.0007202228052560586
GPE-19,dipep_WK,0.0,-0.0001255181625257594,-0.0004197258536238727,0.0002942076910981133
GPE-19,dipep_WL,0.0,-0.00024098738971886765,-0.0005531368232864391,0.00031214943356757145
GPE-19,dipep_WM,0.0,0.0,-1.3909980568982484e-05,1.3909980568982484e-05
GPE-19,dipep_WN,0.0,-0.00017900636899189463,-0.00017112399402546374,-7.882374966430888e-06
GPE-19,dipep_WP,0.0,-3.859618167560353e-05,-8.391128913008604e-06,-3.0205052762594925e-05
GPE-19,dipep_WQ,0.0,-0.00010210253649171156,-0.00015577999852637458,5.367746203466302e-05
GPE-19,dipep_WR,0.0,-0.000341386832981239,-0.0004211477126179814,7.976087963674242e-05
GPE-19,dipep_WS,0.0,-0.00028629645389880354,-0.00010556142658228668,-0.00018073502731651684
GPE-19,dipep_WT,0.0,-0.00011204967150386252,0.0,-0.00011204967150386252
GPE-19,dipep_WV,0.0,-2.7717717262381714e-05,-1.8532531011501627e-05,-9.185186250880086e-06
GPE-19,dipep_WW,0.0,-0.00025205286361383816,-4.8600490221501205e-05,-0.00020345237339233695
GPE-19,dipep_WY,0.0,-0.00737566760902901,-0.009760392376222619,0.0023847247671936085
GPE-19,dipep_YA,0.0,-8.836168247327663e-05,-0.00011340907307555926,2.5047390602282634e-05
GPE-19,dipep_YC,0.0,0.00011434289840345699,0.00021280738826074191,-9.846448985728493e-05
GPE-19,dipep_YD,0.0,0.0,0.0,0.0
GPE-19,dipep_YE,0.0,3.0901379722422764e-05,-5.617070671078688e-05,8.707208643320965e-05
GPE-19,dipep_YF,0.0,-2.0018024938588843e-05,-2.2056460104407983e-05,2.0384351658191404e-06
GPE-19,dipep_YG,0.0,-0.0059484108361987685,-0.006473716944235919,0.0005253061080371501
GPE-19,dipep_YH,0.0,0.0,0.0,0.0
GPE-19,dipep_YI,0.0,-1.6170456567407124e-05,0.00010052756887559562,-0.00011669802544300274
GPE-19,dipep_YK,0.0,-6.015725104589777e-05,-1.86479002856279e-05,-4.150935076026987e-05
GPE-19,dipep_YL,0.0,-0.0002925146005738239,-0.0009009405506730654,0.0006084259500992416
GPE-19,dipep_YM,0.0,0.0,0.0,0.0
GPE-19,dipep_YN,0.0,0.0,0.0,0.0
GPE-19,dipep_YP,0.0,0.0,0.0,0.0
GPE-19,dipep_YQ,0.0,-0.0006644772357649632,-0.00020571249029931754,-0.00045876474546564566
GPE-19,dipep_YR,0.0,-0.00031589544264565094,-0.00032666682323685285,1.0771380591201914e-05
GPE-19,dipep_YS,0.0,-8.646923679366402e-05,-0.00014836759022893227,6.189835343526824e-05
GPE-19,dipep_YT,0.0,-0.0001951202409434801,-2.396604267368463e-05,-0.0001711541982697955
GPE-19,dipep_YV,0.0,-5.650747953890796e-05,0.0,-5.650747953890796e-05
GPE-19,dipep_YW,0.0,-9.624115681564765e-06,-0.0001185327700417593,0.00010890865436019454
GPE-19,dipep_YY,0.0,0.0,0.0,0.0
GPE-19,glycine_frac,0.05263157933950424,-0.0023400951953898175,-3.9426335865230333e-05,-0.0023006688595245874
GPE-19,hmoment,0.45194515585899353,-0.02508341298638067,-0.02905343700957188,0.0039700240231912085
GPE-19,hydrophobic_frac,0.3684210479259491,-0.02008149484210335,-0.022318941842367344,0.0022374470002639937
GPE-19,length,19.0,-0.030101440366230994,-0.030086945263422038,-1.4495102808955579e-05
GPE-19,proline_frac,0.05263157933950424,-3.768054297672451e-05,0.0031598887274766688,-0.003197569270453393
LEL-28,aa_A,0.0,-0.010053066963698237,-0.00998403918253901,-6.902778115922686e-05
LEL-28,aa_C,0.0,-0.002835708732299038,-0.0031631846260502063,0.0003274758937511684
LEL-28,aa_D,0.0357142873108387,0.0008068950755041696,0.0031376926561956617,-0.002330797580691492
LEL-28,aa_E,0.0714285746216774,-0.012585215104230994,-0.010562387888950857,-0.002022827215280137
LEL-28,aa_F,0.0,-0.010157816095400236,-0.016049359968227934,0.005891543872827698
LEL-28,aa_G,0.0,-0.007166680246084048,-0.0044770195549971295,-0.0026896606910869186
LEL-28,aa_H,0.1071428582072258,-0.002020248033750672,-0.00027533864331807587,-0.0017449093904325962
LEL-28,aa_I,0.0,-0.013073039919641372,-0.016420250701788597,0.0033472107821472252
LEL-28,aa_K,0.0,-0.0023391714234478693,0.0009720750274317444,-0.0033112464508796135
LEL-28,aa_L,0.2142857164144516,-0.000898586248819976,0.003935642850388882,-0.004834229099208858
LEL-28,aa_M,0.0,-0.0011556868915165975,-0.004197432045522381,0.0030417451540057836
LEL-28,aa_N,0.0,-0.0006484895847229538,0.0007904342969315144,-0.0014389238816544681
LEL-28,aa_P,0.0,0.0011717975132498127,0.001954232530303528,-0.0007824350170537152
LEL-28,aa_Q,0.1071428582072258,0.001614242207240997,0.011661112043398862,-0.010046869836157865
LEL-28,aa_R,0.3214285671710968,-0.03374696962010617,-0.021546146328085856,-0.012200823292020314
LEL-28,aa_S,0.0357142873108387,-0.002980136223705743,-0.000854735281782399,-0.0021254009419233444
LEL-28,aa_T,0.0357142873108387,-0.0018557610407243768,-0.0020664584144314603,0.00021069737370708343
LEL-28,aa_V,0.0714285746216774,-0.002406156279974504,-0.005731877063269609,0.003325720783295105
LEL-28,aa_W,0.0,-0.006423621433716002,-0.006174205948603353,-0.00024941548511264906
LEL-28,aa_Y,0.0,-0.002074935457483371,-0.002242024573623212,0.00016708911613984084
LEL-28,acidic_frac,0.1071428582072258,-0.012112555051998083,-0.011794537929187799,-0.0003180171228102848
LEL-28,alpha,1.1114286184310913,0.003641559788704823,0.005789693374799097,-0.0021481335860942742
LEL-28,apv,0.21714285016059875,-0.00836771389847996,-0.004626652242410718,-0.003741061656069241
LEL-28,aromatic_frac,0.0,-0.012044252288402276,-0.019105101721786345,0.007060849433384069
LEL-28,basic_frac,0.4285714328289032,-0.025570170412892633,-0.016991181368992185,-0.008578989043900448
LEL-28,boman,5.556785583496094,-0.02820236747048868,-0.021527877865012788,-0.00667448960547589
LEL-28,charge,6.6999335289001465,-0.007591528772567426,-0.0004253471855736444,-0.0071661815869937815
LEL-28,dipep_AA,0.0,-0.0011473743454214497,-0.0013869547277507923,0.00023958038232934254
LEL-28,dipep_AC,0.0,-4.874160210171401e-05,-0.0001205073181698865,7.176571606817249e-05
LEL-28,dipep_AD,0.0,-2.164375499579912e-05,-7.6287641173888075e-06,-1.4014990878410314e-05
LEL-28,dipep_AE,0.0,1.616334075895358e-05,-0.00012710408611061826,0.00014326742686957184
LEL-28,dipep_AF,0.0,-0.00016561442881002963,-0.0005187918784017795,0.0003531774495917499
LEL-28,dipep_AG,0.0,-0.00046136964941999846,-0.0002108995524362778,-0.0002504700969837207
LEL-28,dipep_AH,0.0,-0.00018805182404078874,-0.0003067728599135652,0.00011872103587277645
LEL-28,dipep_AI,0.0,-0.003741948816120399,-0.004949189686596207,0.0012072408704758078
LEL-28,dipep_AK,0.0,-0.0006745111670860977,-0.0024060295795997467,0.0017315184125136491
LEL-28,dipep_AL,0.0,-0.0030296018458956836,-0.002858317108866599,-0.00017128473702908474
LEL-28,dipep_AM,0.0,-7.103197495415062e-05,-0.0005738865861165535,0.0005028546111624029
LEL-28,dipep_AN,0.0,-0.00029170454793254943,-0.0004024404209919758,0.00011073587305942639
LEL-28,dipep_AP,0.0,0.00027008431115282803,0.00038709906825327235,-0.00011701475710044432
LEL-28,dipep_AQ,0.0,-0.000885617965996358,-0.0010305962665855745,0.00014497830058921653
LEL-28,dipep_AR,0.0,-0.00023228629550651938,0.0003298977745419505,-0.0005621840700484699
LEL-28,dipep_AS,0.0,-0.00043117378154277855,-0.00040849611544647194,-2.267766609630661e-05
LEL-28,dipep_AT,0.0,-0.0002488843714995578,-5.285435768018077e-05,-0.00019603001381937702
LEL-28,dipep_AV,0.0,-0.0022223622054076573,-0.0005255853287831511,-0.0016967768766245062
LEL-28,dipep_AW,0.0,-0.000130875603680813,-0.0001056657137736012,-2.5209889907211786e-05
LEL-28,dipep_AY,0.0,-2.448768899486389e-05,-0.00010987298421861724,8.538529522375336e-05
LEL-28,dipep_CA,0.0,-2.43883346531772e-05,-0.00016929002332310652,0.0001449016886699293
LEL-28,dipep_CC,0.0,-0.00016716736722225062,-0.00029738490855555147,0.00013021754133330085
LEL-28,dipep_CD,0.0,-9.116702487001765e-06,-3.7265452043236905e-05,2.814874955623514e-05
LEL-28,dipep_CE,0.0,-8.28213880704919e-05,-6.336232613080031e-05,-1.9459061939691594e-05
LEL-28,dipep_CF,0.0,-1.1710470404394441e-05,0.0,-1.1710470404394441e-05
LEL-28,dipep_CG,0.0,-0.0041319609441276125,-0.007088128956269784,0.0029561680121421713
LEL-28,dipep_CH,0.0,-3.38624429703954e-05,-3.875599245927576e-05,4.8935494888803635e-06
LEL-28,dipep_CI,0.0,-2.3410625875500136e-05,-0.000160511443634989,0.00013710081775948887
LEL-28,dipep_CK,0.0,-1.533794727266084e-05,-0.00010638003009882391,9.104208282616307e-05
LEL-28,dipep_CL,0.0,-4.035979352668368e-05,0.0,-4.035979352668368e-05
LEL-28,dipep_CM,0.0,0.0,0.0,0.0
LEL-28,dipep_CN,0.0,-0.00011624036237918926,-0.00017189875534993305,5.565839297074378e-05
LEL-28,dipep_CP,0.0,-0.00016423290124490433,-0.0002633631546994696,9.913025345456529e-05
LEL-28,dipep_CQ,0.0,0.0,0.00010482550547697073,-0.00010482550547697073
LEL-28,dipep_CR,0.0,-0.0003447949144256244,0.00010699152062447908,-0.0004517864350501035
LEL-28,dipep_CS,0.0,-6.900978414350478e-05,-0.00018530379219974458,0.00011629400805623979
LEL-28,dipep_CT,0.0,-3.332132900955433e-05,-7.256313100255367e-05,3.924180199299934e-05
LEL-28,dipep_CV,0.0,-5.280935073811051e-05,-7.168328433550827e-05,1.8873933597397768e-05
LEL-28,dipep_CW,0.0,-0.0001524910953145465,-0.00023691048871910575,8.441939340455925e-05
LEL-28,dipep_CY,0.0,-0.00038197283478280517,-0.0006006786901040695,0.0002187058553212643
LEL-28,dipep_DA,0.0,-8.923402659478462e-06,0.0001489629788866701,-0.00015788638154614856
LEL-28,dipep_DC,0.0,0.0,0.0,0.0
LEL-28,dipep_DD,0.0,-0.00011230338728783013,-7.354374530947773e-05,-3.8759641978352395e-05
LEL-28,dipep_DE,0.0,-0.00012416232815947603,-0.0005270143073549862,0.0004028519791955102
LEL-28,dipep_DF,0.0,-0.0010212705101754979,-0.00018655814958546584,-0.000834712360590032
LEL-28,dipep_DG,0.0,-0.0017948854061962604,-0.002871340620341814,0.0010764552141455535
LEL-28,dipep_DH,0.0,-3.9109372537153606e-05,-1.8397916026922487e-05,-2.071145651023112e-05
LEL-28,dipep_DI,0.0,-2.465380005073444e-05,-0.00013136914530468042,0.00010671534525394598
LEL-28,dipep_DK,0.0,0.00034940668598697585,3.5440881475610934e-05,0.0003139658045113649
LEL-28,dipep_DL,0.0,-8.201210257053375e-05,3.1860965889353644e-05,-0.00011387306845988739
LEL-28,dipep_DM,0.0,-1.0340471784025144e-05,0.0,-1.0340471784025144e-05
LEL-28,dipep_DN,0.0,-1.1679232771821396e-05,0.0,-1.1679232771821396e-05
LEL-28,dipep_DP,0.0,0.0,0.0,0.0
LEL-28,dipep_DQ,0.0,-5.3126254238911105e-05,-1.350451882549298e-05,-3.962173541341812e-05
LEL-28,dipep_DR,0.0,-2.1469653540829812e-05,-0.00022839365276911154,0.00020692399922828174
LEL-28,dipep_DS,0.0,-6.93831198955647e-05,-4.477807514986816e-05,-2.4605044745696547e-05
LEL-28,dipep_DT,0.0,-4.205608071342699e-05,-0.0001951327128307199,0.0001530766321172929
LEL-28,dipep_DV,0.03703703731298447,-0.0014120796352484503,0.0044074565252020075,-0.005819536160450458
LEL-28,dipep_DW,0.0,-6.90663503845007e-08,-5.2644666959607605e-05,5.2575600609223106e-05
LEL-28,dipep_DY,0.0,2.531236104917314e-05,-6.492844204104083e-06,3.180520525327722e-05
LEL-28,dipep_EA,0.0,-0.0023278287698917308,-0.002410413055763053,8.25842858713224e-05
LEL-28,dipep_EC,0.0,-0.00019851335361589046,-0.00030012502971776866,0.00010161167610187819
LEL-28,dipep_ED,0.0,-9.919259947241476e-05,-0.00013265760640229532,3.346500692988056e-05
LEL-28,dipep_EE,0.0,-0.00013723941349185463,-0.00016788160183348107,3.064218834162644e-05
LEL-28,dipep_EF,0.0,-0.00076019609936907,-9.590541542743045e-05,-0.0006642906839416395
LEL-28,dipep_EG,0.0,-0.0059551233127521945,-0.009324802794553456,0.0033696794818012616
LEL-28,dipep_EH,0.0,1.7958197467191565e-05,0.00015021440860267814,-0.00013225621113548656
LEL-28,dipep_EI,0.0,1.7982362777350222e-05,-0.0004544374917926216,0.0004724198545699718
LEL-28,dipep_EK,0.0,0.00034141791474503124,0.0010137869164033495,-0.0006723690016583183
LEL-28,dipep_EL,0.07407407462596893,-0.0015612068882756998,0.0009208080043920204,-0.0024820148926677204
LEL-28,dipep_EM,0.0,0.0,0.0,0.0
LEL-28,dipep_EN,0.0,-0.0027988035161436256,-0.005179799291674238,0.0023809957755306127
LEL-28,dipep_EP,0.0,0.0,0.0,0.0
LEL-28,dipep_EQ,0.0,-1.4673358122407624e-05,-2.8416302738394907e-05,1.3742944615987283e-05
LEL-28,dipep_ER,0.0,-2.66725342521448e-06,0.00013802340908541217,-0.00014069066251062664
LEL-28,dipep_ES,0.0,-0.0004148061060319279,-4.440292054027346e-05,-0.0003704031854916544
LEL-28,dipep_ET,0.0,-2.664170782490652e-05,4.820194839482363e-05,-7.484365621973014e-05
LEL-28,dipep_EV,0.0,0.0,2.0746310624216684e-05,-2.0746310624216684e-05
LEL-28,dipep_EW,0.0,0.0,-3.463611512081918e-05,3.463611512081918e-05
LEL-28,dipep_EY,0.0,-3.565982413589493e-05,0.0,-3.565982413589493e-05
LEL-28,dipep_FA,0.0,-0.00023056034699087862,-0.00011935687865103893,-0.00011120346833983969
LEL-28,dipep_FC,0.0,-0.00015493401326458538,-0.0002706978083726524,0.00011576379510806704
LEL-28,dipep_FD,0.0,-1.4844022972660162e-05,-8.868341482927234e-05,7.383939185661218e-05
LEL-28,dipep_FE,0.0,-0.0019696177000003067,-0.002731915304156497,0.0007622976041561902
LEL-28,dipep_FF,0.0,-0.00037347445236540853,-0.00011590531342752681,-0.00025756913893788173
LEL-28,dipep_FG,0.0,-0.0007905606326618298,-0.0010825403391773426,0.0002919797065155128
LEL-28,dipep_FH,0.0,-0.0002454804033868499,-0.00031694388182506347,7.146347843821354e-05
LEL-28,dipep_FI,0.0,-0.002751119346410927,-0.0038508595747242477,0.0010997402283133206
LEL-28,dipep_FK,0.0,-0.00179701767782651,-0.0006476736020658877,-0.0011493440757606222
LEL-28,dipep_FL,0.0,-0.007963546928371902,-0.0049855419717090566,-0.0029780049566628455
LEL-28,dipep_FM,0.0,-0.0004208716582348874,-0.00016966932720524858,-0.0002512023310296388
LEL-28,dipep_FN,0.0,-2.268489259709103e-05,-2.606122246049588e-05,3.37632986340485e-06
LEL-28,dipep_FP,0.0,-3.149775710983751e-05,-0.00016307681453130735,0.00013157905742146984
LEL-28,dipep_FQ,0.0,-8.780530112400732e-05,-3.656912834156609e-05,-5.1236172782441236e-05
LEL-28,dipep_FR,0.0,0.000163426924718381,0.001258621236430789,-0.001095194311712408
LEL-28,dipep_FS,0.0,-0.00015686697180413188,-0.00017146204954654687,1.4595077742414996e-05
LEL-28,dipep_FT,0.0,-0.0001386852102687246,-0.00019566357665104058,5.697836638231599e-05
LEL-28,dipep_FV,0.0,-0.0002678175865078693,0.0001167947596992524,-0.00038461234620712167
LEL-28,dipep_FW,0.0,-3.2252633626604475e-05,0.0,-3.2252633626604475e-05
LEL-28,dipep_FY,0.0,-8.404331375851663e-06,-1.5504401848376056e-05,7.1000704725243935e-06
LEL-28,dipep_GA,0.0,-0.0007731917918526765,-0.0015412310381791663,0.0007680392463264898
LEL-28,dipep_GC,0.0,-0.00016415373300938718,-0.0003864510959352364,0.0002222973629258492
LEL-28,dipep_GD,0.0,-0.0003368334377888621,-4.625275557897584e-05,-0.00029058068220988627
LEL-28,dipep_GE,0.0,9.738100642798632e-06,-9.041721208777447e-05,0.00010015531273057309
LEL-28,dipep_GF,0.0,-0.003589149542632225,-0.00293861958038125,-0.000650529962250975
LEL-28,dipep_GG,0.0,-3.878003430864633e-05,0.00012466128194355274,-0.00016344131625219908
LEL-28,dipep_GH,0.0,-0.00015258116136389178,-0.0003750441757363987,0.0002224630143725069
LEL-28,dipep_GI,0.0,-0.0003533856221826007,-0.0002896562626045624,-6.37293595780383e-05
LEL-28,dipep_GK,0.0,-0.0008086679000014679,-0.00019284318187053696,-0.0006158247181309309
LEL-28,dipep_GL,0.0,-0.00351587300973162,-0.005503794544128984,0.001987921534397364
LEL-28,dipep_GM,0.0,-0.00303623269553589,-0.0038635965744978303,0.0008273638789619404
LEL-28,dipep_GN,0.0,-2.729703426250605e-05,-4.558705747755473e-05,1.8290023215048678e-05
LEL-28,dipep_GP,0.0,-2.8317273932999575e-05,-8.810411612042156e-05,5.978684218742198e-05
LEL-28,dipep_GQ,0.0,0.00017045124620014907,0.0014459596102575532,-0.001275508364057404
LEL-28,dipep_GR,0.0,-0.003942548728068675,-0.0033553285069513163,-0.0005872202211173591
LEL-28,dipep_GS,0.0,-0.0006999313342255372,-0.0002395421497657078,-0.0004603891844598294
LEL-28,dipep_GT,0.0,-7.840584243344785e-05,-0.00016394544534074267,8.553960290729482e-05
LEL-28,dipep_GV,0.0,-0.0005845379450971157,-0.0015261567578166867,0.000941618812719571
LEL-28,dipep_GW,0.0,-0.004414875424687664,-0.005358851242542855,0.0009439758178551912
LEL-28,dipep_GY,0.0,-0.002056410337647785,-0.0041922140605716775,0.0021358037229238925
LEL-28,dipep_HA,0.0,-0.0005944925049352855,-0.0005269116042682172,-6.75809006670683e-05
LEL-28,dipep_HC,0.0,0.0,5.1084626923076204e-05,-5.1084626923076204e-05
LEL-28,dipep_HD,0.0,0.0,0.0,0.0
LEL-28,dipep_HE,0.0,0.0,0.0,0.0
LEL-28,dipep_HF,0.0,-9.998472005541055e-06,-9.401202502642584e-06,-5.972695028984706e-07
LEL-28,dipep_HG,0.0,-0.00012314977202675524,-0.0001708701656224379,4.772039359568267e-05
LEL-28,dipep_HH,0.0,-3.21449226037397e-05,-6.903250956728519e-05,3.688758696354549e-05
LEL-28,dipep_HI,0.0,-0.00032137924972996837,-0.0006256300400444887,0.00030425079031452037
LEL-28,dipep_HK,0.0,-0.00023551964019398556,-0.0010602756081063357,0.0008247559679123502
LEL-28,dipep_HL,0.03703703731298447,-0.0010089332275482876,0.002682964332393578,-0.0036918975599418654
LEL-28,dipep_HM,0.0,-3.381150978815405e-05,-2.2251708016541128e-05,-1.1559801771612924e-05
LEL-28,dipep_HN,0.0,-2.4914383949019106e-05,-8.608405802665531e-05,6.116967407763621e-05
LEL-28,dipep_HP,0.0,0.0,0.00012547060962171983,-0.00012547060962171983
LEL-28,dipep_HQ,0.0,-0.00012683479248540617,7.030151266711245e-05,-0.00019713630515251861
LEL-28,dipep_HR,0.03703703731298447,4.049325039466311e-05,-8.749869394836567e-05,0.00012799194434302878
LEL-28,dipep_HS,0.0,-7.309936144778579e-06,8.816184022810274e-05,-9.547177637288132e-05
LEL-28,dipep_HT,0.0,2.4299446277422642e-05,0.0,2.4299446277422642e-05
LEL-28,dipep_HV,0.03703703731298447,-0.0007326527417520537,-5.4526653831799675e-05,-0.0006781260879202541
LEL-28,dipep_HW,0.0,0.0,0.0,0.0
LEL-28,dipep_HY,0.0,0.0,0.0,0.0
LEL-28,dipep_IA,0.0,-0.0005466918937290762,-0.0021151991029634038,0.0015685072092343276
LEL-28,dipep_IC,0.0,0.0,-7.5005764429343e-06,7.5005764429343e-06
LEL-28,dipep_ID,0.0,-0.002380582975977306,-0.00438557552681815,0.002004992550840844
LEL-28,dipep_IE,0.0,-0.00566395612011127,-0.007547882227559685,0.001883926107448415
LEL-28,dipep_IF,0.0,-0.0006463778327298939,-0.0010359211356258586,0.0003895433028959647
LEL-28,dipep_IG,0.0,-0.00023872655842675463,0.00011561737945684374,-0.0003543439378835984
LEL-28,dipep_IH,0.0,-0.0001954350245554381,-0.00015312082657939567,-4.2314197976042435e-05
LEL-28,dipep_II,0.0,-0.0012652008914463084,-0.0007264335164335444,-0.000538767375012764
LEL-28,dipep_IK,0.0,-0.0032232399837144386,-0.0025344007089996958,-0.0006888392747147428
LEL-28,dipep_IL,0.0,-0.0013965873408244363,-0.002472195113508908,0.0010756077726844717
LEL-28,dipep_IM,0.0,0.0,-5.468739229944792e-05,5.468739229944792e-05
LEL-28,dipep_IN,0.0,-0.000495815550995445,-0.00031295652825984096,-0.0001828590227356041
LEL-28,dipep_IP,0.0,-0.0006031053836481717,-0.0005314188858530186,-7.168649779515303e-05
LEL-28,dipep_IQ,0.0,-0.0006462910518830644,4.779520852653288e-05,-0.0006940862604095972
LEL-28,dipep_IR,0.0,-0.0002900249126733325,-0.00017037126460423682,-0.0001196536480690957
LEL-28,dipep_IS,0.0,-0.0009152768900186715,-0.002534302415278686,0.0016190255252600144
LEL-28,dipep_IT,0.0,-0.00010537697003049785,-0.00020242872708518546,9.70517570546876e-05
LEL-28,dipep_IV,0.0,-0.0010997090745465876,-0.0003901042471108741,-0.0007096048274357134
LEL-28,dipep_IW,0.0,-0.000256318261391895,-0.0005416435454603092,0.00028532528406841415
LEL-28,dipep_IY,0.0,-2.996750032286767e-05,1.2541289798915936e-05,-4.250879012178361e-05
LEL-28,dipep_KA,0.0,-0.0010443073914364169,-0.0003363605385492866,-0.0007079468528871303
LEL-28,dipep_KC,0.0,-0.0009239448738202098,-0.0010626938786724484,0.0001387490048522386
LEL-28,dipep_KD,0.0,-0.0006402481814192593,-0.00026245455443599355,-0.0003777936269832658
LEL-28,dipep_KE,0.0,-0.0006107301942450367,0.0005696054712765778,-0.0011803356655216146
LEL-28,dipep_KF,0.0,-0.00016461683351396038,-0.00019504912667573358,3.04322931617732e-05
LEL-28,dipep_KG,0.0,-0.0012574155938714904,-0.00022179537879711287,-0.0010356202150743775
LEL-28,dipep_KH,0.0,-0.0003157285155393079,-0.00018151132433077906,-0.00013421719120852883
LEL-28,dipep_KI,0.0,-0.001863983225159819,-0.0018074841061440263,-5.6499119015792666e-05
LEL-28,dipep_KK,0.0,-0.002301297047074659,-0.003245951411029333,0.0009446543639546738
LEL-28,dipep_KL,0.0,-0.0008457256370506581,-0.0008358945906835496,-9.83104636710847e-06
LEL-28,dipep_KM,0.0,5.365037493745185e-05,0.0,5.365037493745185e-05
LEL-28,dipep_KN,0.0,-0.00040517774510516425,-0.000253445726791896,-0.00015173201831326824
LEL-28,dipep_KP,0.0,-0.00011064776036956373,-0.0002829845107402022,0.0001723367503706385
LEL-28,dipep_KQ,0.0,-0.0001758129180211717,-0.0005618126514031836,0.00038599973338201195
LEL-28,dipep_KR,0.0,-0.0004599152587155755,-0.00014740379126520895,-0.00031251146745036657
LEL-28,dipep_KS,0.0,-0.00014168832062214868,0.00024065203029777004,-0.0003823403509199187
LEL-28,dipep_KT,0.0,-0.0012400792553633154,-0.0013934800801884218,0.00015340082482510637
LEL-28,dipep_KV,0.0,-0.0019213745868087845,-0.0011522706880088389,-0.0007691038987999456
LEL-28,dipep_KW,0.0,-0.00011916402920329114,-0.00013723987587231325,1.8075846669022116e-05
LEL-28,dipep_KY,0.0,-0.00027318443519493775,-0.00035093707008246945,7.77526348875317e-05
LEL-28,dipep_LA,0.0,-0.0008419603334308527,-0.0006114435924711631,-0.0002305167409596896
LEL-28,dipep_LC,0.0,2.631553646568613e-06,-3.098402466768747e-05,3.3615578314256085e-05
LEL-28,dipep_LD,0.0,-7.314262373539265e-05,-0.0005020190313865136,0.000428876407651121
LEL-28,dipep_LE,0.03703703731298447,-0.00014383783143093865,0.005219833295692414,-0.005363671127123353
LEL-28,dipep_LF,0.0,-0.010830631208739876,-0.016880991108641268,0.006050359899901391
LEL-28,dipep_LG,0.0,-0.0009179363229503385,-0.00013115294101138624,-0.0007867833819389522
LEL-28,dipep_LH,0.07407407462596893,-0.0029550484830421922,0.00020466635577082455,-0.003159714838813017
LEL-28,dipep_LI,0.0,-0.003198939471442316,-0.0034637998504665622,0.000264860379024246
LEL-28,dipep_LK,0.0,-0.0020396842293205057,-0.0017985801324727807,-0.00024110409684772495
LEL-28,dipep_LL,0.0,-0.0013856641331536838,-0.0013483780950750486,-3.728603807863517e-05
LEL-28,dipep_LM,0.0,-7.384575758842397e-05,5.371476122345025e-05,-0.00012756051881187422
LEL-28,dipep_LN,0.0,-5.067315751662835e-05,0.000503034789307993,-0.0005537079468246213
LEL-28,dipep_LP,0.0,-0.002136955716922505,-0.002033936026333325,-0.00010301969058918023
LEL-28,dipep_LQ,0.03703703731298447,0.00016193961247967805,-0.00063752245775232,0.000799462070231998
LEL-28,dipep_LR,0.03703703731298447,-0.004660861479107544,-0.005985631697594212,0.0013247702184866683
LEL-28,dipep_LS,0.0,-0.0005244990372893926,-0.0006730831432377943,0.00014858410594840174
LEL-28,dipep_LT,0.03703703731298447,0.000300901130508071,0.0034577227756254964,-0.0031568216451174254
LEL-28,dipep_LV,0.0,-0.0010922104244749538,-0.0012523321684143943,0.00016012174393944048
LEL-28,dipep_LW,0.0,-0.0007521700834584921,-0.00048294524569314734,-0.00026922483776534476
LEL-28,dipep_LY,0.0,-0.00018611150649697282,-0.00022630097879575804,4.018947229878522e-05
LEL-28,dipep_MA,0.0,-3.5085277619423707e-05,-9.170860138228273e-05,5.662332376285902e-05
LEL-28,dipep_MC,0.0,0.0,-1.4131367288920304e-05,1.4131367288920304e-05
LEL-28,dipep_MD,0.0,-4.6109613602655685e-06,8.967854557930294e-06,-1.3578815918195862e-05
LEL-28,dipep_ME,0.0,-6.321986950911811e-06,-6.917005373451004e-06,5.950184225391936e-07
LEL-28,dipep_MF,0.0,2.3471438064715707e-05,0.0,2.3471438064715707e-05
LEL-28,dipep_MG,0.0,-0.00010770343870331273,-0.0001310160025017574,2.3312563798444667e-05
LEL-28,dipep_MH,0.0,0.0,0.0,0.0
LEL-28,dipep_MI,0.0,-0.0019498000388977258,-0.0031262725871880567,0.001176472548290331
LEL-28,dipep_MK,0.0,-2.8602033668369746e-05,1.1157969027010055e-05,-3.97600026953798e-05
LEL-28,dipep_ML,0.0,-6.181544387994402e-05,-0.00016494957606385963,0.0001031341321839156
LEL-28,dipep_MM,0.0,-6.121336345827911e-05,-0.0003843926207904786,0.0003231792573321995
LEL-28,dipep_MN,0.0,-6.898522497786727e-05,-5.0107619143752455e-05,-1.8877605834114818e-05
LEL-28,dipep_MP,0.0,0.0,0.0,0.0
LEL-28,dipep_MQ,0.0,-4.403584002682611e-05,-2.857782462540858e-05,-1.5458015401417527e-05
LEL-28,dipep_MR,0.0,-0.0004347174706956417,-0.00019815736937608836,-0.00023656010131955333
LEL-28,dipep_MS,0.0,-6.287896014103787e-05,-0.00016727023334009067,0.0001043912731990528
LEL-28,dipep_MT,0.0,-0.00025548118098732604,-0.0004052085220493684,0.00014972734106204238
LEL-28,dipep_MV,0.0,0.0,0.0,0.0
LEL-28,dipep_MW,0.0,0.0,-9.58371970711363e-06,9.58371970711363e-06
LEL-28,dipep_MY,0.0,-3.4043169918248565e-05,-3.933095170562643e-05,5.287781787377862e-06
LEL-28,dipep_NA,0.0,-0.000188672244922441,-0.00035039997640262937,0.00016172773148018837
LEL-28,dipep_NC,0.0,-3.219190112340099e-05,-0.0001253051307182241,9.311322959482311e-05
LEL-28,dipep_ND,0.0,0.00015844089044528202,0.0,0.00015844089044528202
LEL-28,dipep_NE,0.0,-4.4185128956508494e-05,-0.00012167223981108295,7.748711085457446e-05
LEL-28,dipep_NF,0.0,-0.0003022377838093113,-0.0007506350365149445,0.00044839725270563323
LEL-28,dipep_NG,0.0,-0.0038858546369223415,-0.0022023344810426474,-0.0016835201558796941
LEL-28,dipep_NH,0.0,0.0,0.0,0.0
LEL-28,dipep_NI,0.0,-3.59072328433256e-05,-6.985486005149024e-05,3.394762720816464e-05
LEL-28,dipep_NK,0.0,0.0001761105202789037,0.000538346828661081,-0.00036223630838217737
LEL-28,dipep_NL,0.0,-0.0001802765594311875,2.8629625901114605e-05,-0.00020890618533230213
LEL-28,dipep_NM,0.0,-1.67849948123094e-05,-3.72825458101792e-05,2.0497550997869798e-05
LEL-28,dipep_NN,0.0,0.0,0.0,0.0
LEL-28,dipep_NP,0.0,-3.363534526783504e-05,-5.446690876350691e-05,2.0831563495671867e-05
LEL-28,dipep_NQ,0.0,-0.0002148035185767276,-0.0006552857365243085,0.00044048221794758084
LEL-28,dipep_NR,0.0,-0.000221970715688174,-0.00041776898800773064,0.00019579827231955665
LEL-28,dipep_NS,0.0,-0.0001340563635061468,-5.1833728828494054e-05,-8.222263467765276e-05
LEL-28,dipep_NT,0.0,-0.0023554874033240017,-0.0013490216923823701,-0.0010064657109416315
LEL-28,dipep_NV,0.0,2.447038104985717e-05,-6.522847300690527e-05,8.969885405676244e-05
LEL-28,dipep_NW,0.0,-2.5493324008580286e-05,-5.8906001277822874e-05,3.3412677269242585e-05
LEL-28,dipep_NY,0.0,-2.4976521941760177e-05,-3.0433882543706763e-05,5.457360601946587e-06
LEL-28,dipep_PA,0.0,-0.0010803461517072445,-0.0005419950591886382,-0.0005383510925186062
LEL-28,dipep_PC,0.0,-8.822350725683605e-05,-9.185080948319647e-05,3.627302226360418e-06
LEL-28,dipep_PD,0.0,0.0,0.0,0.0
LEL-28,dipep_PE,0.0,4.190309107274148e-06,-0.0003336246820534379,0.0003378149911607121
LEL-28,dipep_PF,0.0,-5.948701157844227e-05,0.00010302008838161744,-0.0001625070999600597
LEL-28,dipep_PG,0.0,0.0001726855156962016,0.0,0.0001726855156962016
LEL-28,dipep_PH,0.0,2.3254088125906284e-06,-7.009439829598281e-05,7.241980710857344e-05
LEL-28,dipep_PI,0.0,-5.241921030442681e-06,-0.00014747535542618037,0.0001422334343957377
LEL-28,dipep_PK,0.0,-0.000224932027157838,-0.0003720186993169382,0.00014708667215910018
LEL-28,dipep_PL,0.0,-1.4057080542616531e-05,-8.729999152686507e-05,7.324291098424854e-05
LEL-28,dipep_PM,0.0,0.0,0.0,0.0
LEL-28,dipep_PN,0.0,0.0,0.0,0.0
LEL-28,dipep_PP,0.0,2.557332531358277e-05,5.143099903084393e-05,-2.585767371726116e-05
LEL-28,dipep_PQ,0.0,-4.1452775047437466e-05,-3.7352480257812506e-05,-4.1002947896249595e-06
LEL-28,dipep_PR,0.0,0.0003899795030985054,0.000783698091060391,-0.0003937185879618856
LEL-28,dipep_PS,0.0,-0.00039248247292759464,-0.0004304638066087797,3.798133368118503e-05
LEL-28,dipep_PT,0.0,-0.00045049594832369337,-6.33435522464358e-05,-0.00038715239607725756
LEL-28,dipep_PV,0.0,-0.0001388959304961378,-0.0003389510036490918,0.00020005507315295403
LEL-28,dipep_PW,0.0,0.0,0.0,0.0
LEL-28,dipep_PY,0.0,0.0,0.0,0.0
LEL-28,dipep_QA,0.0,-0.00024207778522285177,-0.0007963926114173719,0.0005543148261945201
LEL-28,dipep_QC,0.0,-6.164696641513313e-05,-8.949735770233231e-05,2.7850391287199188e-05
LEL-28,dipep_QD,0.0,-0.00017526217958452613,-9.737870810833664e-05,-7.788347147618948e-05
LEL-28,dipep_QE,0.0,0.0,0.0,0.0
LEL-28,dipep_QF,0.0,-0.00011559251006546111,2.7227659792609777e-05,-0.0001428201698580709
LEL-28,dipep_QG,0.0,-0.0002320770233862547,-0.00033954160049255776,0.00010746457710630305
LEL-28,dipep_QH,0.0,-0.0006754409337867119,-0.001109993989650267,0.00043455305586355506
LEL-28,dipep_QI,0.0,-0.00011842799506071764,-0.00010809985369546036,-1.0328141365257282e-05
LEL-28,dipep_QK,0.0,4.795037480104069e-05,0.00041536112809478933,-0.00036741075329374865
LEL-28,dipep_QL,0.03703703731298447,0.00024345780292324692,0.0062749211354369205,-0.006031463332513674
LEL-28,dipep_QM,0.0,-4.608591252584759e-06,-1.7570555751425006e-05,1.2961964498840248e-05
LEL-28,dipep_QN,0.0,-4.328024820205483e-06,6.747267383441631e-07,-5.002751558549646e-06
LEL-28,dipep_QP,0.0,-0.0005099139898787058,-0.0007808347641659087,0.00027092077428720295
LEL-28,dipep_QQ,0.03703703731298447,0.0009016621693733308,0.003983364350382683,-0.003081702181009352
LEL-28,dipep_QR,0.03703703731298447,0.0062775776070510625,0.010411940943191431,-0.004134363336140368
LEL-28,dipep_QS,0.0,-0.00033825608675590974,-0.00025048013082554286,-8.777595593036688e-05
LEL-28,dipep_QT,0.0,-9.866945825515126e-06,0.0,-9.866945825515126e-06
LEL-28,dipep_QV,0.0,5.5104551343471935e-05,3.483982573105464e-05,2.0264725612417294e-05
LEL-28,dipep_QW,0.0,-9.653685003742708e-05,-0.00024664536050809016,0.00015010851047066306
LEL-28,dipep_QY,0.0,0.0,0.0,0.0
LEL-28,dipep_RA,0.0,-0.00043687413610092693,-0.0010415000730053705,0.0006046259369044436
LEL-28,dipep_RC,0.0,-7.055501777422658e-05,-9.246380654287722e-05,2.1908788768650636e-05
LEL-28,dipep_RD,0.03703703731298447,-0.0005910512719083622,0.004456996148596825,-0.005048047420505188
LEL-28,dipep_RE,0.03703703731298447,-0.003517106843038396,-0.003079894802648319,-0.0004372120403900769
LEL-28,dipep_RF,0.0,0.0002516606963580712,0.0006060433652383789,-0.00035438266888030773
LEL-28,dipep_RG,0.0,0.00014434135067419924,0.00045121420848147847,-0.00030687285780727923
LEL-28,dipep_RH,0.0,-3.704755252374007e-05,-5.040568605206059e-05,1.3358133528320518e-05
LEL-28,dipep_RI,0.0,-0.00035409434151996156,-0.00021233583936831145,-0.00014175850215165012
LEL-28,dipep_RK,0.0,-0.002485345483491247,-0.0004358610049598777,-0.0020494844785313693
LEL-28,dipep_RL,0.03703703731298447,-0.006255850857722852,-0.007566071602144578,0.0013102207444217256
LEL-28,dipep_RM,0.0,-0.00040855877689016136,-0.0002092433069392786,-0.00019931546995088277
LEL-28,dipep_RN,0.0,-0.0011527697614614248,0.0003667121807646277,-0.0015194819422260524
LEL-28,dipep_RP,0.0,2.2747997677596987e-06,0.0003105832318444672,-0.0003083084320767075
LEL-28,dipep_RQ,0.03703703731298447,0.026005525279494644,0.03735441866585633,-0.011348893386361684
LEL-28,dipep_RR,0.14814814925193787,-0.008977001136890969,-0.010347470344505004,0.0013704692076140345
LEL-28,dipep_RS,0.0,8.155485644538206e-05,-0.00024010446650363928,0.00032165932294902133
LEL-28,dipep_RT,0.0,0.000614007246655022,0.00022977917605274665,0.00038422807060227535
LEL-28,dipep_RV,0.0,0.00016172334315242226,0.0002584975125515449,-9.677416939912262e-05
LEL-28,dipep_RW,0.0,-0.0004731748395830034,-0.0012392581092330456,0.0007660832696500422
LEL-28,dipep_RY,0.0,-0.00016050325085013455,-0.00028392050787207665,0.0001234172570219421
LEL-28,dipep_SA,0.0,1.1612291524446446e-05,-2.0249398951233162e-05,3.186169047567961e-05
LEL-28,dipep_SC,0.0,-0.00014907178354394874,-8.927278445113798e-05,-5.979899909281076e-05
LEL-28,dipep_SD,0.0,-3.852036358105813e-05,-0.00021727362966643732,0.00017875326608537918
LEL-28,dipep_SE,0.0,-5.550463426212173e-06,0.0,-5.550463426212173e-06
LEL-28,dipep_SF,0.0,-8.796525413699124e-05,-4.485645537673582e-05,-4.3108798760255415e-05
LEL-28,dipep_SG,0.0,-1.523319166004995e-05,-2.5089531120133554e-05,9.856339460083603e-06
LEL-28,dipep_SH,0.03703703731298447,0.0009231816296107657,0.0006330661046531926,0.00029011552495757304
LEL-28,dipep_SI,0.0,-0.00041157223258528786,-0.0010728615689146069,0.000661289336329319
LEL-28,dipep_SK,0.0,-0.003955657768716157,-0.004747902204739966,0.0007922444360238092
LEL-28,dipep_SL,0.0,-0.00027889839491774637,-0.0006775686172387367,0.00039867022232099034
LEL-28,dipep_SM,0.0,0.0,-1.4132647888449232e-05,1.4132647888449232e-05
LEL-28,dipep_SN,0.0,-0.0009442597095127264,-0.0012064990877790104,0.000262239378266284
LEL-28,dipep_SP,0.0,0.0003026676130519655,-0.0002888345808725611,0.0005915021939245267
LEL-28,dipep_SQ,0.0,-2.8988683045562694e-05,-3.0386811478261675e-05,1.398128432698981e-06
LEL-28,dipep_SR,0.0,0.00020724532348174242,-0.0015802522114219235,0.001787497534903666
LEL-28,dipep_SS,0.0,-0.0005283238653999352,-0.000590723683104905,6.23998177049698e-05
LEL-28,dipep_ST,0.0,-0.00022514563951818247,-0.00025394080430846,2.8795164790277505e-05
LEL-28,dipep_SV,0.0,-6.246753457814523e-05,-4.347009083553484e-05,-1.8997443742610386e-05
LEL-28,dipep_SW,0.0,-0.0006867773851326436,-0.0001513604047235387,-0.000535416980409105
LEL-28,dipep_SY,0.0,-7.21325733268558e-05,7.720244560706775e-06,-7.985281788756257e-05
LEL-28,dipep_TA,0.0,-0.00041693582771346987,-0.0005642386480581424,0.00014730282034467254
LEL-28,dipep_TC,0.0,0.0,-3.91717668125538e-05,3.91717668125538e-05
LEL-28,dipep_TD,0.0,3.092125823047729e-05,0.00024137439450081985,-0.00021045313627034257
LEL-28,dipep_TE,0.0,-0.00045105215256159353,0.0,-0.00045105215256159353
LEL-28,dipep_TF,0.0,-0.0008874388330264418,-0.0005744352759537825,-0.00031300355707265934
LEL-28,dipep_TG,0.0,-0.0009265242844014321,-0.0006297055599404312,-0.00029681872446100086
LEL-28,dipep_TH,0.0,-1.9204246670599946e-05,-4.508560796926363e-05,2.5881361298663684e-05
LEL-28,dipep_TI,0.0,-0.000694671676924116,-0.001714442915204694,0.001019771238280578
LEL-28,dipep_TK,0.0,-0.00011688812997335639,-0.0002833769468306972,0.00016648881685734078
LEL-28,dipep_TL,0.0,-0.00014873089244522936,-0.000482648887631274,0.00033391799518604466
LEL-28,dipep_TM,0.0,0.0,0.0,0.0
LEL-28,dipep_TN,0.0,-8.16339408872346e-05,-5.34877377953488e-05,-2.8146203091885802e-05
LEL-28,dipep_TP,0.0,-0.0004048405880752861,0.0,-0.0004048405880752861
LEL-28,dipep_TQ,0.0,-0.0001164026872590936,-0.00017712075424719615,6.071806698810255e-05
LEL-28,dipep_TR,0.03703703731298447,-0.002587438984398126,0.0005453179058144918,-0.0031327568902126176
LEL-28,dipep_TS,0.0,-7.029788975768627e-05,-0.00010082421090176382,3.052632114407756e-05
LEL-28,dipep_TT,0.0,-0.0011230259869061724,-0.00044826460998249244,-0.0006747613769236799
LEL-28,dipep_TV,0.0,-0.00029629923498158874,-0.0004573068571014384,0.00016100762211984968
LEL-28,dipep_TW,0.0,-1.2293308002521183e-05,0.0,-1.2293308002521183e-05
LEL-28,dipep_TY,0.0,-3.546327833544336e-06,-1.4947721965686991e-05,1.1401394132142655e-05
LEL-28,dipep_VA,0.0,-0.0019827032085741976,-0.0006115226608826472,-0.0013711805476915504
LEL-28,dipep_VC,0.0,-0.00045340898602497264,-0.00039601966408928926,-5.738932193568338e-05
LEL-28,dipep_VD,0.0,0.0,0.0,0.0
LEL-28,dipep_VE,0.0,-8.343190267692615e-05,-0.0001562941407388344,7.286223806190825e-05
LEL-28,dipep_VF,0.0,-0.00028146358771147527,-0.00016298526791179243,-0.00011847831979968284
LEL-28,dipep_VG,0.0,-0.0002694247839595923,-0.0006413841588151274,0.0003719593748555351
LEL-28,dipep_VH,0.0,-0.00025212848674180713,-0.0005569510661667472,0.00030482257942494005
LEL-28,dipep_VI,0.0,-0.00013625416107318952,-8.387549400331924e-05,-5.237866706987028e-05
LEL-28,dipep_VK,0.0,0.00016962611344652342,0.0001939327957281781,-2.4306682281654684e-05
LEL-28,dipep_VL,0.0,-0.0015150476246741209,-0.001851356861535926,0.00033630923686180504
LEL-28,dipep_VM,0.0,-1.0585602016739832e-05,0.0,-1.0585602016739832e-05
LEL-28,dipep_VN,0.0,-0.0001026258084171854,-5.380744625768376e-05,-4.881836215950163e-05
LEL-28,dipep_VP,0.0,-0.0005443273421648772,-9.899498382810463e-05,-0.0004453323583367726
LEL-28,dipep_VQ,0.0,-0.00018182000765932035,3.680177128837312e-05,-0.00021862177894769346
LEL-28,dipep_VR,0.03703703731298447,-0.009682552128942886,-0.014065186108866593,0.004382633979923707
LEL-28,dipep_VS,0.03703703731298447,0.00023200626684310945,0.0007965425711433406,-0.0005645363043002312
LEL-28,dipep_VT,0.0,-0.0002535475384063807,-0.00017206322675950364,-8.148431164687705e-05
LEL-28,dipep_VV,0.0,-7.90881917568866e-06,0.0001373700991242431,-0.00014527891829993174
LEL-28,dipep_VW,0.0,-1.289123604169665e-05,-5.713006536765639e-05,4.423882932595974e-05
LEL-28,dipep_VY,0.0,-7.26707138592201e-05,-3.7705114996854994e-05,-3.496559886236511e-05
LEL-28,dipep_WA,0.0,0.0,0.0,0.0
LEL-28,dipep_WC,0.0,-8.145361852966224e-05,-4.763823078931047e-05,-3.3815387740351776e-05
LEL-28,dipep_WD,0.0,-2.0889202396121407e-05,0.0,-2.0889202396121407e-05
LEL-28,dipep_WE,0.0,-0.0020165369972153747,-0.002891679777902385,0.0008751427806870105
LEL-28,dipep_WF,0.0,-0.00032803700832093725,-0.00025908259360621144,-6.895441471472581e-05
LEL-28,dipep_WG,0.0,-7.07071207938739e-05,-3.2838769032667055e-05,-3.7868351761206843e-05
LEL-28,dipep_WH,0.0,0.0,0.0,0.0
LEL-28,dipep_WI,0.0,-0.001307709435935981,-0.0007116552260391008,-0.0005960542098968803
LEL-28,dipep_WK,0.0,-0.0005695623227371556,-0.00042679238438713036,-0.00014276993835002523
LEL-28,dipep_WL,0.0,-0.0005938496023242984,-0.0005342962236105709,-5.955337871372754e-05
LEL-28,dipep_WM,0.0,-1.1323358413618642e-05,-1.3909980568982484e-05,2.586622155363842e-06
LEL-28,dipep_WN,0.0,-5.07005045728379e-05,-5.81976097041294e-05,7.497105131291503e-06
LEL-28,dipep_WP,0.0,-1.7076736475426065e-05,-8.391128913008604e-06,-8.68560756241746e-06
LEL-28,dipep_WQ,0.0,-0.00026876132635721215,-0.00023851503376438166,-3.0246292592830493e-05
LEL-28,dipep_WR,0.0,-0.00099851751039091,-0.0006938045968202322,-0.0003047129135706778
LEL-28,dipep_WS,0.0,-0.0001832407135771921,-0.0001437668639547768,-3.9473849622415275e-05
LEL-28,dipep_WT,0.0,0.0,0.0,0.0
LEL-28,dipep_WV,0.0,-2.559562206872206e-05,-2.6445006473569636e-06,-2.2951121421365097e-05
LEL-28,dipep_WW,0.0,-0.00021612994273416495,-0.0002611170241419601,4.498708140779513e-05
LEL-28,dipep_WY,0.0,-0.007226354491037118,-0.0096866327557631,0.0024602782647259822
LEL-28,dipep_YA,0.0,-4.7175131343189507e-05,-0.00016512718764324992,0.00011795205630006041
LEL-28,dipep_YC,0.0,0.000504810476094969,0.00022479264761444346,0.00028001782848052553
LEL-28,dipep_YD,0.0,0.0,0.0,0.0
LEL-28,dipep_YE,0.0,2.9478587852095772e-05,2.131114926049687e-05,8.167438591598903e-06
LEL-28,dipep_YF,0.0,-2.0018024938588843e-05,-2.2056460104407983e-05,2.0384351658191404e-06
LEL-28,dipep_YG,0.0,-0.00403338804029361,-0.007050963664903412,0.003017575624609802
LEL-28,dipep_YH,0.0,-1.075988342275629e-05,0.0,-1.075988342275629e-05
LEL-28,dipep_YI,0.0,0.0,0.0,0.0
LEL-28,dipep_YK,0.0,-6.468784709407304e-05,3.518524508771086e-05,-9.98730921817839e-05
LEL-28,dipep_YL,0.0,-0.00033573081787158183,-0.0005275283016928685,0.00019179748382128664
LEL-28,dipep_YM,0.0,0.0,0.0,0.0
LEL-28,dipep_YN,0.0,0.0,0.0,0.0
LEL-28,dipep_YP,0.0,0.0,0.0,0.0
LEL-28,dipep_YQ,0.0,-0.0005162589493252536,-0.00045369342750848014,-6.256552181677349e-05
LEL-28,dipep_YR,0.0,-0.0003542460266718685,-0.00045967415019867514,0.00010542812352680664
LEL-28,dipep_YS,0.0,-5.770400504178077e-05,-0.00017809871869230523,0.00012039471365052446
LEL-28,dipep_YT,0.0,-4.0991387946087704e-05,1.8137994103772925e-07,-4.117276788712543e-05
LEL-28,dipep_YV,0.0,-0.00020669510247220036,0.0,-0.00020669510247220036
LEL-28,dipep_YW,0.0,-1.8721984066541632e-05,-0.0001444452114350722,0.00012572322736853058
LEL-28,dipep_YY,0.0,0.0,0.0,0.0
LEL-28,glycine_frac,0.0,-0.005325584529693576,-0.005060110909695166,-0.00026547361999840983
LEL-28,hmoment,0.8276654481887817,0.0024153471522316335,0.007613268444575434,-0.0051979212923438005
LEL-28,hydrophobic_frac,0.2857142984867096,-0.03506080824773792,-0.032048024341340665,-0.003012783906397254
LEL-28,length,28.0,0.006707981279488732,0.023550706390115403,-0.01684272511062667
LEL-28,proline_frac,0.0,0.0013752333723794313,0.003178693029588425,-0.0018034596572089935
LL-37,aa_A,0.0,-0.005548151701549443,-0.012306080442070249,0.006757928740520806
LL-37,aa_C,0.0,-0.00393211086868348,-0.0031572955183064334,-0.0007748153503770467
LL-37,aa_D,0.054054055362939835,0.0014703934421091145,-0.005908813199836632,0.007379206641945747
LL-37,aa_E,0.0810810774564743,0.002433900244984665,-0.0191345553613453,0.021568455606329962
LL-37,aa_F,0.10810811072587967,0.010506365671870018,0.009511913321416952,0.0009944523504530657
LL-37,aa_G,0.054054055362939835,1.2431607281994475e-05,-0.0027210593114270426,0.002733490918709037
LL-37,aa_H,0.0,0.0006163607260984132,-0.0014099630417434635,0.002026323767841877
LL-37,aa_I,0.0810810774564743,0.005127997623586107,-0.002899680660190584,0.008027678283776691
LL-37,aa_K,0.1621621549129486,0.004593536058168384,0.00099297265066415,0.0036005634075042337
LL-37,aa_L,0.10810811072587967,0.0011248868453231924,-0.0021036524578498987,0.003228539303173091
LL-37,aa_M,0.0,-0.0004220172105236225,-0.001828956011797015,0.0014069388012733926
LL-37,aa_N,0.027027027681469917,0.0009517747283585261,0.0013191131935478089,-0.00036733846518928275
LL-37,aa_P,0.027027027681469917,0.0021233694258860503,-0.0005726746403253647,0.002696044066211415
LL-37,aa_Q,0.027027027681469917,0.0033495667825904334,0.00028865810109104375,0.0030609086814993897
LL-37,aa_R,0.13513512909412384,0.0020192188514909235,-0.023880054372373307,0.02589927322386423
LL-37,aa_S,0.054054055362939835,0.004233978292671754,0.001403419643283254,0.0028305586493885
LL-37,aa_T,0.027027027681469917,0.0001753676377871362,-0.005825288287227105,0.006000655925014241
LL-37,aa_V,0.054054055362939835,0.00012486537082924501,-0.003335165328049997,0.003460030698879242
LL-37,aa_W,0.0,-0.004114818264988519,-0.005746621243303684,0.001631802978315165
LL-37,aa_Y,0.0,-0.002155782765187732,-0.0013258420894496237,-0.0008299406757381082
LL-37,acidic_frac,0.13513512909412384,0.0007330132518236338,-0.009828788514180465,0.0105618017660041
LL-37,alpha,1.076216220855713,0.007725016115701646,0.004644888912951301,0.0030801272027503445
LL-37,apv,0.23275676369667053,0.009371163548680578,0.0040272274361205325,0.005343936112560046
LL-37,aromatic_frac,0.10810811072587967,0.006796463778768403,-0.0007240725073873866,0.00752053628615579
LL-37,basic_frac,0.29729729890823364,-0.002380872931647969,-0.012905996954090244,0.010525124022442274
LL-37,boman,3.0,-0.010519944445064395,-0.035601218353033114,0.02508127390796872
LL-37,charge,5.980287551879883,0.001184338348108457,-0.002267787102018183,0.00345212545012664
LL-37,dipep_AA,0.0,-0.0005496175427526837,-0.002679142673364952,0.0021295251306122686
LL-37,dipep_AC,0.0,1.9352356478249768e-05,-1.296430703568538e-05,3.231666351393515e-05
LL-37,dipep_AD,0.0,-5.458983945755926e-06,-7.6287641173888075e-06,2.169780171632881e-06
LL-37,dipep_AE,0.0,0.00012762910383129226,1.1940180532561723e-05,0.00011568892329873054
LL-37,dipep_AF,0.0,6.169804846847075e-06,6.472255016587017e-05,-5.85527453190231e-05
LL-37,dipep_AG,0.0,0.0002034571446168694,2.0331444736517198e-05,0.0001831256998803522
LL-37,dipep_AH,0.0,2.082338222206752e-05,-0.0002387113546748759,0.00025953473689694343
LL-37,dipep_AI,0.0,-0.004045379386577571,-0.005936371697724825,0.001890992311147254
LL-37,dipep_AK,0.0,-0.00035966942162860585,-0.001152523864683427,0.0007928544430548211
LL-37,dipep_AL,0.0,-0.002070697520329445,-0.0025780678183587673,0.0005073702980293222
LL-37,dipep_AM,0.0,4.208554436385675e-05,-0.0005691994508559861,0.0006112849952198428
LL-37,dipep_AN,0.0,-0.0001317589024215731,-0.0002201936026159475,8.84347001943744e-05
LL-37,dipep_AP,0.0,0.00025352412364727355,0.0004322808254046925,-0.00017875670175741896
LL-37,dipep_AQ,0.0,-0.00047377133772013495,-0.0008296714429245768,0.00035590010520444187
LL-37,dipep_AR,0.0,1.6462777796894443e-05,9.91638233550685e-05,-8.270104555817406e-05
LL-37,dipep_AS,0.0,-0.00017132193113472214,-0.00025399239897925705,8.267046784453492e-05
LL-37,dipep_AT,0.0,-5.069160425407393e-05,-0.00011099353719866752,6.030193294459359e-05
LL-37,dipep_AV,0.0,-0.002518680335894072,-0.00012505624621213712,-0.0023936240896819346
LL-37,dipep_AW,0.0,-1.5157130852301566e-05,-8.765562718873498e-05,7.24984963364334e-05
LL-37,dipep_AY,0.0,0.0,0.0,0.0
LL-37,dipep_CA,0.0,2.1575021717203844e-05,2.421688805092272e-05,-2.641866333718875e-06
LL-37,dipep_CC,0.0,-4.210747809973882e-05,-0.00017044332124794203,0.0001283358431482032
LL-37,dipep_CD,0.0,8.414032077648993e-06,-7.83154358087084e-05,8.672946788635739e-05
LL-37,dipep_CE,0.0,2.3716636606843336e-06,-1.809520994057834e-05,2.0466873601262677e-05
LL-37,dipep_CF,0.0,1.6513362741329296e-05,0.0,1.6513362741329296e-05
LL-37,dipep_CG,0.0,-0.004775978621421464,-0.006296813076228804,0.0015208344548073398
LL-37,dipep_CH,0.0,-1.195836495401757e-05,-1.1175220763452731e-05,-7.831441905648386e-07
LL-37,dipep_CI,0.0,3.5859226495043895e-05,-7.90974208001219e-05,0.00011495664729516579
LL-37,dipep_CK,0.0,2.4045675683930943e-05,-0.00015037508883505063,0.00017442076451898157
LL-37,dipep_CL,0.0,4.388662881682061e-05,0.0,4.388662881682061e-05
LL-37,dipep_CM,0.0,0.0,0.0,0.0
LL-37,dipep_CN,0.0,4.615345779730249e-05,5.9494566228270715e-05,-1.3341108430968224e-05
LL-37,dipep_CP,0.0,-4.068598692058985e-05,-0.00010099243248345215,6.03064455628623e-05
LL-37,dipep_CQ,0.0,0.0,0.00018948430341676878,-0.00018948430341676878
LL-37,dipep_CR,0.0,-5.977169995515926e-05,8.707463334198575e-05,-0.000146846333297145
LL-37,dipep_CS,0.0,1.3725334021967573e-06,-0.00013407627296364792,0.00013544880636584468
LL-37,dipep_CT,0.0,-5.009753684977924e-06,-2.9099391759312945e-05,2.408963807433502e-05
LL-37,dipep_CV,0.0,-2.493467764583661e-05,-0.00014074146669613966,0.00011580678905030305
LL-37,dipep_CW,0.0,-1.4908161674330748e-05,-1.851825844341346e-05,3.6100967690827128e-06
LL-37,dipep_CY,0.0,-0.00010588548361285117,-0.0003290866387367339,0.00022320115512388273
LL-37,dipep_DA,0.0,4.6538234717496965e-05,4.0379545251021865e-05,6.1586894664751005e-06
LL-37,dipep_DC,0.0,0.0,3.286353786939676e-05,-3.286353786939676e-05
LL-37,dipep_DD,0.0,2.0134333067599458e-05,-8.017350985256577e-07,2.0936068166125116e-05
LL-37,dipep_DE,0.0,-0.00012792987109732731,-0.0003043518109979081,0.0001764219399005808
LL-37,dipep_DF,0.0555555559694767,0.02056505683527566,0.0034468813371033072,0.017118175498172353
LL-37,dipep_DG,0.0,-0.0021251028166303443,-0.0013877182592141539,-0.0007373845574161905
LL-37,dipep_DH,0.0,-1.405068294761396e-05,-1.8397916026922487e-05,4.347233079308528e-06
LL-37,dipep_DI,0.0,-0.00010977527694112707,-0.00018591731372737564,7.614203678624857e-05
LL-37,dipep_DK,0.0,0.0003249942288622953,7.840056604836677e-05,0.00024659366281392855
LL-37,dipep_DL,0.0,3.0223815577139737e-05,-0.0002796088484059827,0.00030983266398312246
LL-37,dipep_DM,0.0,0.0,0.0,0.0
LL-37,dipep_DN,0.0,0.0,0.0,0.0
LL-37,dipep_DP,0.0,1.1915960779860481e-05,0.0,1.1915960779860481e-05
LL-37,dipep_DQ,0.0,-7.780864007816034e-05,-1.350451882549298e-05,-6.430412125266736e-05
LL-37,dipep_DR,0.0,-1.9511885807249915e-05,-9.1705644035339e-05,7.219375822808908e-05
LL-37,dipep_DS,0.0,0.0,0.0,0.0
LL-37,dipep_DT,0.0,1.5225124597030663e-05,-0.00014397158771210048,0.00015919671230913115
LL-37,dipep_DV,0.0,0.0002175361741954133,-5.585430852918526e-05,0.00027339048272459856
LL-37,dipep_DW,0.0,0.0,-0.00015953672148192287,0.00015953672148192287
LL-37,dipep_DY,0.0,7.243806931831717e-05,0.00010919707115642631,-3.675900183810914e-05
LL-37,dipep_EA,0.0,-0.0018959677755390407,-0.0023011966814359235,0.0004052289058968828
LL-37,dipep_EC,0.0,-5.7782737880403924e-05,-5.3627608208089625e-05,-4.155129672314299e-06
LL-37,dipep_ED,0.0,6.90908863149854e-05,-0.00019936820872904287,0.0002684590950440283
LL-37,dipep_EE,0.0,-0.000264183979520698,-6.862624993581251e-05,-0.00019555772958488546
LL-37,dipep_EF,0.02777777798473835,0.014810387264012173,0.0009131696679377642,0.013897217596074408
LL-37,dipep_EG,0.0,-0.008020168820030848,-0.009313451791081305,0.0012932829710504568
LL-37,dipep_EH,0.0,7.362882253699058e-05,2.8645135563045233e-05,4.4983686973945347e-05
LL-37,dipep_EI,0.0,1.2590249711320492e-05,-0.0012081113093075232,0.0012207015590188436
LL-37,dipep_EK,0.02777777798473835,-0.0032863031890395604,-0.01322924591079071,0.00994294272175115
LL-37,dipep_EL,0.0,6.8955606163635e-05,8.859344723133635e-05,-1.9637841067701354e-05
LL-37,dipep_EM,0.0,0.0,0.0,0.0
LL-37,dipep_EN,0.0,-0.002551335605257375,-0.005674083909509034,0.003122748304251659
LL-37,dipep_EP,0.0,-8.62271344444446e-06,0.0,-8.62271344444446e-06
LL-37,dipep_EQ,0.0,-4.556037795624158e-06,-1.841963621247032e-05,1.3863598416846162e-05
LL-37,dipep_ER,0.0,6.464787486617136e-05,-3.952600422966749e-05,0.00010417387909583886
LL-37,dipep_ES,0.02777777798473835,0.0079506502260606,-0.00047803730950301773,0.008428687535563617
LL-37,dipep_ET,0.0,-1.4747110815292082e-05,-1.7297988452686713e-05,2.5508776373946306e-06
LL-37,dipep_EV,0.0,6.670972775438859e-05,-9.939365940355867e-05,0.00016610338715794727
LL-37,dipep_EW,0.0,-2.4237116241818324e-05,2.4652260011073392e-05,-4.8889376252891716e-05
LL-37,dipep_EY,0.0,-7.821271511764955e-06,-1.893763689940542e-05,1.1116365387640464e-05
LL-37,dipep_FA,0.0,2.2289326692719077e-05,-0.0007411391776942373,0.0007634285043869564
LL-37,dipep_FC,0.0,-0.00018109485497968592,-0.0008780010314829842,0.0006969061765032983
LL-37,dipep_FD,0.0,-2.9870691334340066e-05,-0.00023728338228438888,0.0002074126909500488
LL-37,dipep_FE,0.0,-0.0020137698103395727,-0.0026867414925304963,0.0006729716821909236
LL-37,dipep_FF,0.02777777798473835,0.007150259195697104,-0.0010232228188513236,0.008173482014548428
LL-37,dipep_FG,0.0,-0.0004285248059841943,-0.000926035471621964,0.0004975106656377697
LL-37,dipep_FH,0.0,-6.94379957005605e-05,-0.00037435811950859116,0.00030492012380803064
LL-37,dipep_FI,0.0,-0.002645061620351907,-0.005346585985398595,0.002701524365046688
LL-37,dipep_FK,0.02777777798473835,0.00598316858980555,0.0010659857406329998,0.004917182849172551
LL-37,dipep_FL,0.02777777798473835,0.031978580768478045,0.014519172238718472,0.017459408529759572
LL-37,dipep_FM,0.0,-4.6525546251444366e-05,-0.00040645331297941846,0.0003599277667279741
LL-37,dipep_FN,0.0,0.0,2.670791028314283e-06,-2.670791028314283e-06
LL-37,dipep_FP,0.0,1.2070539248649604e-05,-0.00018345610889895813,0.00019552664814760773
LL-37,dipep_FQ,0.0,-5.746187071853241e-05,-7.250654736135039e-05,1.5044676642817982e-05
LL-37,dipep_FR,0.02777777798473835,0.0014065138071157302,-0.003184323798490876,0.004590837605606606
LL-37,dipep_FS,0.0,-0.00018894826081619637,-3.5449919774310737e-05,-0.00015349834104188564
LL-37,dipep_FT,0.0,-3.567728850957069e-05,-0.0002670548165591623,0.00023137752804959163
LL-37,dipep_FV,0.0,-0.00010681748317471941,0.0006716064720891049,-0.0007784239552638243
LL-37,dipep_FW,0.0,-6.877482600652705e-05,-8.918293325487459e-05,2.040810724834753e-05
LL-37,dipep_FY,0.0,-1.805501486884381e-05,-1.5504401848376056e-05,-2.5506130204677528e-06
LL-37,dipep_GA,0.0,-0.00011698999455216278,-0.0009368023610871512,0.0008198123665349884
LL-37,dipep_GC,0.0,-8.760051010946907e-05,-0.00023177115855640415,0.0001441706484469351
LL-37,dipep_GD,0.02777777798473835,0.00652611136695549,0.0007824109230635795,0.00574370044389191
LL-37,dipep_GE,0.0,5.757029494004461e-05,5.9947291094542196e-05,-2.3769961544975866e-06
LL-37,dipep_GF,0.0,-0.0036305842888175554,-0.0025351012350199307,-0.0010954830537976247
LL-37,dipep_GG,0.0,7.532586994081719e-05,0.0001485619689063084,-7.32360989654912e-05
LL-37,dipep_GH,0.0,-0.00011835135416703967,-0.00031448345759626714,0.0001961321034292275
LL-37,dipep_GI,0.0,0.00016129110091248522,0.0007185991033791751,-0.0005573080024666899
LL-37,dipep_GK,0.02777777798473835,0.0014096116892521446,-0.0025953865184544156,0.00400499820770656
LL-37,dipep_GL,0.0,-0.0015581978939767007,-0.0036583032847369297,0.002100105390760229
LL-37,dipep_GM,0.0,-0.0030702075766006853,-0.003564688910077728,0.0004944813334770426
LL-37,dipep_GN,0.0,-1.2665557093873111e-06,-9.223736348748384e-05,9.097080777809652e-05
LL-37,dipep_GP,0.0,0.0002509473885284551,-0.00015291514291747557,0.0004038625314459306
LL-37,dipep_GQ,0.0,0.000728856487779458,0.0018329591653744352,-0.0011041026775949771
LL-37,dipep_GR,0.0,-0.0021783575723079013,-0.003259750514642876,0.0010813929423349748
LL-37,dipep_GS,0.0,-0.00047793184028202085,-0.0006317639925984002,0.00015383215231637936
LL-37,dipep_GT,0.0,-8.891292833461113e-06,-0.00012950710742867902,0.00012061581459521791
LL-37,dipep_GV,0.0,-0.00023765636655208297,-0.0006570678077593295,0.0004194114412072465
LL-37,dipep_GW,0.0,-0.0033001957208866352,-0.005263880204264101,0.0019636844833774655
LL-37,dipep_GY,0.0,-0.0025337485086070147,-0.004475331507327364,0.0019415829987203493
LL-37,dipep_HA,0.0,-5.355619026526471e-05,-0.00023520773218885138,0.00018165154192358667
LL-37,dipep_HC,0.0,6.521167153298313e-05,0.0,6.521167153298313e-05
LL-37,dipep_HD,0.0,0.0,0.0,0.0
LL-37,dipep_HE,0.0,0.0,0.0,0.0
LL-37,dipep_HF,0.0,-6.212564844912463e-06,-6.845576696366548e-05,6.224320211875302e-05
LL-37,dipep_HG,0.0,-5.05709966717643e-05,-3.2526625013026475e-05,-1.804437165873782e-05
LL-37,dipep_HH,0.0,0.0,-6.630397243758923e-05,6.630397243758923e-05
LL-37,dipep_HI,0.0,-0.00013195110340346783,-0.0004340266671155868,0.00030207556371211893
LL-37,dipep_HK,0.0,-7.60336044768563e-05,-0.00013051779918341923,5.448419470656293e-05
LL-37,dipep_HL,0.0,1.7117452418991525e-06,-3.9755181329125416e-05,4.146692657102457e-05
LL-37,dipep_HM,0.0,9.202386221911003e-06,-2.2251708016541128e-05,3.145409423845213e-05
LL-37,dipep_HN,0.0,-5.709043244983512e-06,-5.9636427724883055e-05,5.3927384479899545e-05
LL-37,dipep_HP,0.0,2.3362008785464314e-05,7.125747797658139e-06,1.6236260987806174e-05
LL-37,dipep_HQ,0.0,-5.176073373269343e-06,-5.044209193194704e-05,4.52660185586777e-05
LL-37,dipep_HR,0.0,-3.243770656975749e-05,-0.00014737017872732116,0.00011493247215756366
LL-37,dipep_HS,0.0,0.00010660305385898991,-0.0001475820718627962,0.0002541851257217861
LL-37,dipep_HT,0.0,0.00016064404345712878,0.0,0.00016064404345712878
LL-37,dipep_HV,0.0,3.736914662238454e-05,0.0,3.736914662238454e-05
LL-37,dipep_HW,0.0,8.470252310015278e-06,0.0,8.470252310015278e-06
LL-37,dipep_HY,0.0,0.0,0.0,0.0
LL-37,dipep_IA,0.0,-0.0006619645975885696,-0.0016695622845854714,0.001007597686996902
LL-37,dipep_IC,0.0,0.0,-1.4458428102796517e-05,1.4458428102796517e-05
LL-37,dipep_ID,0.0,-0.002782149515650513,-0.0038717345602236946,0.0010895850445731816
LL-37,dipep_IE,0.0,-0.00619211296099833,-0.007907566916102239,0.0017154539551039088
LL-37,dipep_IF,0.0,-0.0002630878856443795,-0.0008106234729100403,0.0005475355872656608
LL-37,dipep_IG,0.02777777798473835,-0.0009567458572849885,-0.0036640537934120023,0.002707307936127014
LL-37,dipep_IH,0.0,8.819590430673337e-06,-0.0002820380081475918,0.00029085759857826513
LL-37,dipep_II,0.0,-0.00039037615221038444,-0.00116550314022396,0.0007751269880135756
LL-37,dipep_IK,0.02777777798473835,0.00177483767087871,-0.0030889368786722357,0.004863774549550946
LL-37,dipep_IL,0.0,-0.0012518366005460652,-0.002987364065819379,0.001735527465273314
LL-37,dipep_IM,0.0,0.0,-5.7578113238609783e-05,5.7578113238609783e-05
LL-37,dipep_IN,0.0,-0.00022361404641259414,-0.00043444128896403666,0.00021082724255144252
LL-37,dipep_IP,0.0,-0.00012355430645102276,-0.0011576348848489834,0.0010340805783979608
LL-37,dipep_IQ,0.0,0.00010478912808101025,-0.00013179058930702195,0.0002365797173880322
LL-37,dipep_IR,0.0,0.0001716506484274988,9.713997390832919e-05,7.451067451916962e-05
LL-37,dipep_IS,0.0,-0.001704038457087173,-0.002311153917766269,0.0006071154606790961
LL-37,dipep_IT,0.0,-8.081247154056118e-05,-0.0002136090431351757,0.00013279657159461454
LL-37,dipep_IV,0.02777777798473835,0.008215606392084237,4.789511418970014e-05,0.008167711277894537
LL-37,dipep_IW,0.0,-1.6944711688465e-05,-0.0005759523531571422,0.0005590076414686773
LL-37,dipep_IY,0.0,1.7651747547548736e-05,0.00017555332034724917,-0.00015790157279970042
LL-37,dipep_KA,0.0,-0.00022971975376399908,-0.0003612307198908079,0.00013151096612680884
LL-37,dipep_KC,0.0,-0.000712252388574547,-0.0013983949836712058,0.0006861425950966587
LL-37,dipep_KD,0.02777777798473835,0.008418045697134204,0.0005829973816884959,0.007835048315445708
LL-37,dipep_KE,0.0555555559694767,0.011266055947398988,-0.0054844905885950085,0.016750546535993997
LL-37,dipep_KF,0.0,0.0007836001322627314,-0.00017016966293900213,0.0009537697952017336
LL-37,dipep_KG,0.0,0.00029608811429762645,-0.0008353445484500384,0.0011314326627476648
LL-37,dipep_KH,0.0,5.814353219296031e-05,-0.00039489575005106274,0.00045303928224402305
LL-37,dipep_KI,0.02777777798473835,0.0039001633943134034,0.002487097879125806,0.0014130655151875973
LL-37,dipep_KK,0.0,-0.0011684272547457903,-0.005995307017618581,0.004826879762872791
LL-37,dipep_KL,0.0,-0.00036341752006951815,-0.0017107731971068394,0.0013473556770373213
LL-37,dipep_KM,0.0,0.00016955053061634844,0.0,0.00016955053061634844
LL-37,dipep_KN,0.0,0.00014946933056017255,-0.0001478086609788602,0.0002972779915390327
LL-37,dipep_KP,0.0,3.720759947338218e-05,-0.0002142940621719044,0.0002515016616452866
LL-37,dipep_KQ,0.0,-5.2664254675332156e-05,-0.0005141629235866897,0.0004614986689113576
LL-37,dipep_KR,0.02777777798473835,0.002241853326659395,-0.0027170655027522438,0.004958918829411639
LL-37,dipep_KS,0.02777777798473835,0.0028943834979350013,-0.002237201953971529,0.0051315854519065306
LL-37,dipep_KT,0.0,-6.429708510635142e-05,-0.0011893506408407115,0.00112505355573436
LL-37,dipep_KV,0.0,-0.0018927381193650638,-0.0016623937868576889,-0.00023034433250737488
LL-37,dipep_KW,0.0,-1.202053250527709e-05,-3.3996514442520556e-05,2.1975981937243466e-05
LL-37,dipep_KY,0.0,-0.00010105798377408453,-0.0005921279976034585,0.000491070013829374
LL-37,dipep_LA,0.0,-0.0004717356645822171,-0.00018683038463906279,-0.0002849052799431543
LL-37,dipep_LC,0.0,5.506885672336139e-05,3.4175261463335524e-05,2.0893595260025866e-05
LL-37,dipep_LD,0.0,-7.132197564128047e-05,-0.00032644069274516874,0.00025511871710388824
LL-37,dipep_LE,0.0,3.686812109336576e-05,0.0001934583422661082,-0.00015659022117274244
LL-37,dipep_LF,0.0,-0.008601180918841059,-0.017787782916466918,0.00918660199762586
LL-37,dipep_LG,0.02777777798473835,0.003428845583575333,-3.1984055263845364e-05,0.003460829638839178
LL-37,dipep_LH,0.0,0.00048056481082396976,0.00010745819523094446,0.0003731066155930253
LL-37,dipep_LI,0.0,-0.0027261436295267436,-0.0034644433090667364,0.0007382996795399928
LL-37,dipep_LK,0.0,-6.669410830346623e-05,-0.002066100562696268,0.0019994064543928016
LL-37,dipep_LL,0.02777777798473835,-0.00026056842742322705,-0.003048265013716992,0.002787696586293765
LL-37,dipep_LM,0.0,6.625500219235605e-05,8.151173725895594e-05,-1.5256735066599892e-05
LL-37,dipep_LN,0.0,0.00010983528349719727,-0.0003155378746621125,0.00042537315815930975
LL-37,dipep_LP,0.0,-0.0010133380593821458,-0.0017917944773602518,0.000778456417978106
LL-37,dipep_LQ,0.0,-4.978459994406437e-05,-0.00013226830960883182,8.248370966476745e-05
LL-37,dipep_LR,0.02777777798473835,-0.00025484417542923304,-0.003885334431497924,0.003630490256068691
LL-37,dipep_LS,0.0,-0.00011140563214578421,-0.0008770362984569191,0.0007656306663111348
LL-37,dipep_LT,0.0,-0.0003473384596679526,-0.0001961608879544915,-0.0001511775717134611
LL-37,dipep_LV,0.02777777798473835,0.004806521595892425,0.002940163170022284,0.001866358425870141
LL-37,dipep_LW,0.0,-0.00011057483007302289,-0.0005075850567512547,0.0003970102266782318
LL-37,dipep_LY,0.0,-1.4281803923808303e-05,-7.47621914489047e-05,6.04803875250964e-05
LL-37,dipep_MA,0.0,3.0042303569304624e-05,-4.658408395710194e-05,7.662638752640656e-05
LL-37,dipep_MC,0.0,0.0,-1.477488575259012e-05,1.477488575259012e-05
LL-37,dipep_MD,0.0,0.0,-6.509754769824329e-05,6.509754769824329e-05
LL-37,dipep_ME,0.0,-6.321986950911811e-06,0.0,-6.321986950911811e-06
LL-37,dipep_MF,0.0,7.099857946633357e-05,0.0,7.099857946633357e-05
LL-37,dipep_MG,0.0,-2.6811578978352957e-05,-0.00011723011731796082,9.041853833960786e-05
LL-37,dipep_MH,0.0,0.0,0.0,0.0
LL-37,dipep_MI,0.0,-0.0017662862565549554,-0.0028749118312147064,0.001108625574659751
LL-37,dipep_MK,0.0,4.577337819058965e-05,-9.123253685619107e-06,5.489663187620876e-05
LL-37,dipep_ML,0.0,-0.00020751411566523017,-4.2753274603815377e-05,-0.00016476084106141478
LL-37,dipep_MM,0.0,-5.707126438182497e-06,-0.00040322212572193775,0.00039751499928375526
LL-37,dipep_MN,0.0,2.42847784549955e-05,-4.678105077894421e-05,7.106582923393972e-05
LL-37,dipep_MP,0.0,0.0,0.0,0.0
LL-37,dipep_MQ,0.0,-4.009111172538919e-05,0.0003181483613975123,-0.00035823947312290153
LL-37,dipep_MR,0.0,-7.742135183163544e-05,-0.0003061135347283868,0.00022869218289675136
LL-37,dipep_MS,0.0,0.0,-0.00011436955272301437,0.00011436955272301437
LL-37,dipep_MT,0.0,-0.00012910561117846604,-0.00039219951200792676,0.0002630939008294607
LL-37,dipep_MV,0.0,0.0,-4.362891039325925e-05,4.362891039325925e-05
LL-37,dipep_MW,0.0,0.0,0.0,0.0
LL-37,dipep_MY,0.0,6.732926360432224e-06,-2.5017818716588805e-05,3.175074507702103e-05
LL-37,dipep_NA,0.0,-2.829107982212036e-05,-0.00035401756438538113,0.00032572648456326075
LL-37,dipep_NC,0.0,3.13614923968192e-05,-6.218360310397168e-05,9.354509550079088e-05
LL-37,dipep_ND,0.0,4.0550743893201544e-05,8.355128323941791e-05,-4.3000539346216365e-05
LL-37,dipep_NE,0.0,-1.022125157049545e-05,-7.722246013340371e-05,6.700120856290825e-05
LL-37,dipep_NF,0.0,0.0001310773584260966,-0.00035340768574397986,0.00048448504417007644
LL-37,dipep_NG,0.0,-0.004612694931895195,-0.0024031987421202264,-0.0022094961897749688
LL-37,dipep_NH,0.0,0.0,0.0,0.0
LL-37,dipep_NI,0.0,-2.1368043716444306e-05,-0.00011362084393752833,9.225280022108403e-05
LL-37,dipep_NK,0.0,0.0005039781577602545,0.0004956894714160931,8.288686344161368e-06
LL-37,dipep_NL,0.02777777798473835,0.004541723826076919,-0.00037115567401088727,0.0049128795000878064
LL-37,dipep_NM,0.0,-8.40291712725745e-06,-3.0436966242394582e-05,2.2034049115137134e-05
LL-37,dipep_NN,0.0,0.0,0.0,0.0
LL-37,dipep_NP,0.0,7.024388321584979e-05,-3.468574167458902e-05,0.00010492962489043882
LL-37,dipep_NQ,0.0,-0.00012555767706475814,-0.0007554450263479623,0.0006298873492832041
LL-37,dipep_NR,0.0,5.874744853655262e-05,9.400441685568486e-05,-3.5256968319132244e-05
LL-37,dipep_NS,0.0,0.00018059928865444866,-4.04964636529994e-05,0.00022109575230744806
LL-37,dipep_NT,0.0,-0.0022146274992728013,-0.0018119115412414,-0.0004027159580314013
LL-37,dipep_NV,0.0,-1.0939145071739562e-05,-8.580466898938312e-05,7.486552391764356e-05
LL-37,dipep_NW,0.0,6.761964924964133e-05,-0.00010884044363502109,0.00017646009288466242
LL-37,dipep_NY,0.0,-3.0837143620661423e-06,-5.021115688747058e-05,4.712744252540444e-05
LL-37,dipep_PA,0.0,-0.00018221831695550126,-0.00013600171766579847,-4.621659928970279e-05
LL-37,dipep_PC,0.0,-2.3899530268038856e-05,-5.718014448450661e-05,3.328061421646776e-05
LL-37,dipep_PD,0.0,0.0,0.0,0.0
LL-37,dipep_PE,0.0,4.6380311737269706e-05,-0.00017616477211594613,0.00022254508385321584
LL-37,dipep_PF,0.0,8.120975729055432e-05,0.00030994036182345805,-0.00022873060453290373
LL-37,dipep_PG,0.0,0.00026876263966096024,-0.0008415737428992216,0.0011103363825601818
LL-37,dipep_PH,0.0,-8.086131393854813e-05,-2.7710260170888242e-05,-5.315105376765989e-05
LL-37,dipep_PI,0.0,0.0002122205392447295,-1.4590792628028529e-05,0.00022681133187275803
LL-37,dipep_PK,0.0,-1.0269301159415727e-05,-0.00020310869314661809,0.00019283939198720237
LL-37,dipep_PL,0.0,6.6419086584943815e-06,-4.3367804827794436e-05,5.000971348628882e-05
LL-37,dipep_PM,0.0,0.0,0.0,0.0
LL-37,dipep_PN,0.0,6.910432375103347e-06,0.0,6.910432375103347e-06
LL-37,dipep_PP,0.0,3.691003973295137e-05,0.0,3.691003973295137e-05
LL-37,dipep_PQ,0.0,-1.6081260621838212e-05,-9.028735719188134e-05,7.420609657004313e-05
LL-37,dipep_PR,0.02777777798473835,-0.0020937987122303624,-0.015134135225006314,0.013040336512775952
LL-37,dipep_PS,0.0,-0.00022112309896483182,-0.0005751146536020931,0.00035399155463726125
LL-37,dipep_PT,0.0,-0.0005101274842589062,0.0,-0.0005101274842589062
LL-37,dipep_PV,0.0,0.00018801682760257937,0.00010738413229305081,8.063269530952856e-05
LL-37,dipep_PW,0.0,-7.085456209801472e-06,5.410515440029906e-05,-6.119061061010053e-05
LL-37,dipep_PY,0.0,0.0,0.0,0.0
LL-37,dipep_QA,0.0,-6.444657479779135e-05,-0.00021700480094879237,0.00015255822615100101
LL-37,dipep_QC,0.0,-1.711855205939196e-05,-2.1694203894378028e-05,4.575651834986069e-06
LL-37,dipep_QD,0.0,-4.1322503386879396e-05,-0.00043738124968928117,0.0003960587463024018
LL-37,dipep_QE,0.0,1.5755505222667664e-05,-7.606092192220526e-06,2.336159741488819e-05
LL-37,dipep_QF,0.0,-7.108787187675899e-05,-0.00031403908526750145,0.00024295121339074245
LL-37,dipep_QG,0.0,0.0001263971809687399,-8.677545923973957e-05,0.00021317264020847946
LL-37,dipep_QH,0.0,-0.0007143813595384189,-0.0013588034458327572,0.0006444220862943383
LL-37,dipep_QI,0.0,-1.0147902443015072e-05,-0.00012125679955237104,0.00011110889710935597
LL-37,dipep_QK,0.0,0.00048199216445122997,0.0008035297061750021,-0.00032153754172377217
LL-37,dipep_QL,0.0,-3.3098994352083495e-05,-0.00046363969338752357,0.0004305406990354401
LL-37,dipep_QM,0.0,0.0,0.0,0.0
LL-37,dipep_QN,0.0,2.4924310943756417e-05,0.0,2.4924310943756417e-05
LL-37,dipep_QP,0.0,-0.00018218295314037812,-0.000323306313731546,0.00014112336059116787
LL-37,dipep_QQ,0.0,-0.00031447734075621276,-5.401513435303889e-05,-0.0002604622064031739
LL-37,dipep_QR,0.02777777798473835,0.01445431766448201,0.001757250638805599,0.012697067025676412
LL-37,dipep_QS,0.0,-4.5123834174930304e-05,-0.0002994008881578025,0.00025427705398287223
LL-37,dipep_QT,0.0,0.0,0.0,0.0
LL-37,dipep_QV,0.0,9.234199880595484e-05,2.8052837905191596e-05,6.428916090076325e-05
LL-37,dipep_QW,0.0,-2.9917608142349326e-05,-0.00014496721403953785,0.00011504960589718853
LL-37,dipep_QY,0.0,0.0,0.0,0.0
LL-37,dipep_RA,0.0,-0.0003436292289155536,-0.0006358495200301763,0.00029222029111462274
LL-37,dipep_RC,0.0,-3.219586044268846e-05,8.20206849352426e-05,-0.00011421654537793107
LL-37,dipep_RD,0.0,0.0002748069780470859,-0.00015788102143201864,0.0004326879994791046
LL-37,dipep_RE,0.0,0.0002161942712311274,0.00011971456516844638,9.647970606268103e-05
LL-37,dipep_RF,0.0,0.0004238730286024611,-3.6634395458091467e-05,0.0004605074240605526
LL-37,dipep_RG,0.0,0.0003161465444045788,-0.000393631659939082,0.0007097782043436608
LL-37,dipep_RH,0.0,4.191808066921788e-06,-3.701139771032702e-05,4.120320577724881e-05
LL-37,dipep_RI,0.0555555559694767,0.006517808845002238,-0.0035352565470485593,0.010053065392050798
LL-37,dipep_RK,0.02777777798473835,0.011806013962642064,-0.0001591765980491825,0.011965190560691246
LL-37,dipep_RL,0.0,0.0014950134036561696,0.002277420686768921,-0.0007824072831127513
LL-37,dipep_RM,0.0,-0.0001449661534795903,-0.00022008434653960759,7.51181930600173e-05
LL-37,dipep_RN,0.02777777798473835,0.0015395755511970306,-0.00395889933195229,0.005498474883149321
LL-37,dipep_RP,0.0,7.623144240230275e-05,0.00028233620335093126,-0.00020610476094862852
LL-37,dipep_RQ,0.0,-0.0075432785643380455,-0.0077285556312288685,0.00018527706689082293
LL-37,dipep_RR,0.0,0.0007627947474718591,-0.0029152916620991463,0.0036780864095710053
LL-37,dipep_RS,0.0,-0.0003324976968012214,-0.00025697668055034385,-7.552101625087754e-05
LL-37,dipep_RT,0.02777777798473835,-0.0032580707370437542,-0.01089673001108975,0.007638659274045995
LL-37,dipep_RV,0.0,-8.542675760532585e-05,-0.00011252622701381795,2.7099469408492104e-05
LL-37,dipep_RW,0.0,3.9084947280317515e-05,-0.0007498575584994652,0.0007889425057797828
LL-37,dipep_RY,0.0,-5.264637692138388e-05,-3.495236198167614e-05,-1.769401493970774e-05
LL-37,dipep_SA,0.0,-5.3416029309434144e-05,-3.5161686763355275e-05,-1.825434254607887e-05
LL-37,dipep_SC,0.0,-0.00022134490845503624,2.5805935230702897e-05,-0.00024715084368573913
LL-37,dipep_SD,0.0,-4.28541263946407e-06,8.45702859372462e-06,-1.274244123318869e-05
LL-37,dipep_SE,0.0,7.40203398379459e-05,-0.00011059096559111014,0.00018461130542905604
LL-37,dipep_SF,0.0,-9.302966512762665e-05,0.00027980635600395896,-0.0003728360211315856
LL-37,dipep_SG,0.0,-3.5388110715537196e-05,-5.790350868751796e-05,2.2515397971980766e-05
LL-37,dipep_SH,0.0,0.0,2.7037346697434327e-05,-2.7037346697434327e-05
LL-37,dipep_SI,0.0,-0.0002412109313971442,-0.0007405477646431481,0.0004993368332460038
LL-37,dipep_SK,0.02777777798473835,0.02242391173274709,0.028409899797524625,-0.005985988064777535
LL-37,dipep_SL,0.0,-1.6100758278130504e-05,-0.00044255393087752506,0.00042645317259939455
LL-37,dipep_SM,0.0,0.0,0.0,0.0
LL-37,dipep_SN,0.0,-0.0009340720846907206,-0.00040403400875706376,-0.0005300380759336568
LL-37,dipep_SP,0.0,0.0001391147839499769,-0.0008207034971066097,0.0009598182810565865
LL-37,dipep_SQ,0.0,-1.3928450179004918e-05,0.0,-1.3928450179004918e-05
LL-37,dipep_SR,0.0,0.00034455990587065646,-0.0004376832682243227,0.0007822431740949792
LL-37,dipep_SS,0.0,-8.402111019538176e-05,-0.00011574436522373274,3.172325502835097e-05
LL-37,dipep_ST,0.0,-3.403696070239554e-05,-0.0006708978331586883,0.0006368608724562927
LL-37,dipep_SV,0.0,0.00016342377543046585,3.0195628964606463e-05,0.0001332281464658594
LL-37,dipep_SW,0.0,-0.0005964410063224691,-0.00019464187583926,-0.0004017991304832091
LL-37,dipep_SY,0.0,-6.974675386390559e-05,-5.9631558549808e-05,-1.0115195314097592e-05
LL-37,dipep_TA,0.0,-0.00032193854018768177,-0.0014716872355346213,0.0011497486953469394
LL-37,dipep_TC,0.0,8.602391428190995e-05,-3.91717668125538e-05,0.00012519568109446374
LL-37,dipep_TD,0.0,7.459658097426214e-05,0.00021174426267096623,-0.00013714768169670408
LL-37,dipep_TE,0.02777777798473835,0.013335823671340345,0.0,0.013335823671340345
LL-37,dipep_TF,0.0,-0.0005090055222128491,-0.0017592458186571494,0.0012502402964443002
LL-37,dipep_TG,0.0,-0.0006056703112258265,-0.00047069328088337174,-0.00013497703034245472
LL-37,dipep_TH,0.0,1.960947070382606e-05,-3.8570264144349085e-05,5.817973484817515e-05
LL-37,dipep_TI,0.0,-0.0005088162334835441,-0.002311043671590704,0.00180222743810716
LL-37,dipep_TK,0.0,-4.213980701493601e-05,-4.4415533509417783e-05,2.2757264944817752e-06
LL-37,dipep_TL,0.0,4.368442732524208e-05,-0.000350902736745823,0.00039458716407106507
LL-37,dipep_TM,0.0,0.0,0.0,0.0
LL-37,dipep_TN,0.0,5.192058477854624e-05,0.0001089612270579662,-5.704064227941995e-05
LL-37,dipep_TP,0.0,-0.00040261072518531514,-0.0002392297271113353,-0.00016338099807397985
LL-37,dipep_TQ,0.0,-8.24227912037109e-05,-0.0005496427909857376,0.00046721999978202664
LL-37,dipep_TR,0.0,0.00023600289543428328,-0.000226754215320935,0.0004627571107552183
LL-37,dipep_TS,0.0,-0.0009644630258584951,-0.00026853192526843746,-0.0006959311005900577
LL-37,dipep_TT,0.0,-0.0006000740765272286,-0.0003587063430591119,-0.00024136773346811668
LL-37,dipep_TV,0.0,-0.0001505394846389053,-0.0003208077817269107,0.00017026829708800538
LL-37,dipep_TW,0.0,6.233862047445829e-06,0.0,6.233862047445829e-06
LL-37,dipep_TY,0.0,1.222594222050626e-05,-2.9797604899304257e-05,4.202354711981052e-05
LL-37,dipep_VA,0.0,-0.002117521287696291,-0.0006713252579160953,-0.0014461960297801957
LL-37,dipep_VC,0.0,-7.227698029015207e-05,-0.0003521199436966596,0.0002798429634065075
LL-37,dipep_VD,0.0,1.7322671578358836e-05,2.1537691149970793e-05,-4.215019571611956e-06
LL-37,dipep_VE,0.0,-3.633174121038845e-05,-6.35894609647263e-05,2.725771975433785e-05
LL-37,dipep_VF,0.0,-0.0003883804278549428,-5.288841945843529e-05,-0.0003354920083965075
LL-37,dipep_VG,0.0,-5.674198477449633e-05,-0.0003425788710900731,0.00028583688631557674
LL-37,dipep_VH,0.0,-0.00019430217767428746,-0.00014169295184731775,-5.260922582696971e-05
LL-37,dipep_VI,0.0,2.711229879921935e-05,-0.00028763132164151604,0.0003147436204407354
LL-37,dipep_VK,0.0,0.0006261913903628651,0.00012716410731572117,0.0004990272830471439
LL-37,dipep_VL,0.0,-0.0009954495531278428,-0.0017635160976384099,0.000768066544510567
LL-37,dipep_VM,0.0,-1.0585602016739832e-05,-2.6892387596956144e-05,1.6306785580216312e-05
LL-37,dipep_VN,0.0,1.777250269032892e-05,-5.380744625768376e-05,7.157994894801268e-05
LL-37,dipep_VP,0.02777777798473835,0.010292066019692033,-0.0020482967971671715,0.012340362816859206
LL-37,dipep_VQ,0.02777777798473835,0.005452381235996303,-0.0004823093173832415,0.005934690553379545
LL-37,dipep_VR,0.0,0.000402472598808202,-0.0008984345621114603,0.0013009071609196622
LL-37,dipep_VS,0.0,3.18303474580953e-05,-2.2000463584410063e-05,5.383081104250536e-05
LL-37,dipep_VT,0.0,-6.69457418531258e-05,-0.00017558207362073516,0.00010863633176760936
LL-37,dipep_VV,0.0,0.00011324141000891335,3.360289938417241e-05,7.963851062474093e-05
LL-37,dipep_VW,0.0,8.373619452791692e-06,-3.193455644560807e-05,4.030817589839976e-05
LL-37,dipep_VY,0.0,-1.3408808724306628e-05,-0.00011259695041753835,9.918814169323172e-05
LL-37,dipep_WA,0.0,0.0,0.0,0.0
LL-37,dipep_WC,0.0,0.0,0.0,0.0
LL-37,dipep_WD,0.0,0.0,0.0,0.0
LL-37,dipep_WE,0.0,-0.0023464127361713175,-0.003270827404123463,0.0009244146679521456
LL-37,dipep_WF,0.0,-0.00033738657444747273,-0.00045432188749270247,0.00011693531304522974
LL-37,dipep_WG,0.0,-4.16523006406085e-05,-6.49738655562798e-05,2.33215649156713e-05
LL-37,dipep_WH,0.0,0.0,0.0,0.0
LL-37,dipep_WI,0.0,-0.0010006044802792948,-0.0009306842693929477,-6.992021088634713e-05
LL-37,dipep_WK,0.0,1.2802598661259299e-05,-0.00043097693960822837,0.0004437795382694877
LL-37,dipep_WL,0.0,-2.128397102519983e-05,-0.000269902457975598,0.0002486184869503982
LL-37,dipep_WM,0.0,0.0,0.0,0.0
LL-37,dipep_WN,0.0,-4.9361477162010354e-05,-0.00013595210311333992,8.659062595132956e-05
LL-37,dipep_WP,0.0,-7.26630419911838e-06,-8.391128913008604e-06,1.124824713890224e-06
LL-37,dipep_WQ,0.0,-2.2244620417891845e-05,-0.0001721703259248185,0.00014992570550692664
LL-37,dipep_WR,0.0,-0.00014250832848558228,-0.00012700208700508638,-1.5506241480495902e-05
LL-37,dipep_WS,0.0,-8.504066722961455e-05,-0.0001079426265551475,2.2901959325532956e-05
LL-37,dipep_WT,0.0,3.0402506078731257e-05,0.0,3.0402506078731257e-05
LL-37,dipep_WV,0.0,0.0,-2.397059400193655e-05,2.397059400193655e-05
LL-37,dipep_WW,0.0,-8.424744522234534e-05,-5.3262719393915524e-05,-3.098472582842982e-05
LL-37,dipep_WY,0.0,-0.00764811517900646,-0.010019780300423177,0.0023716651214167163
LL-37,dipep_YA,0.0,-4.580673724953859e-06,-0.00017172142098846163,0.00016714074726350777
LL-37,dipep_YC,0.0,0.0001565036821819609,0.0002769360486956193,-0.00012043236651365839
LL-37,dipep_YD,0.0,0.0,0.0,0.0
LL-37,dipep_YE,0.0,0.00011939763301233838,0.0,0.00011939763301233838
LL-37,dipep_YF,0.0,-6.694563825581245e-06,-2.2056460104407983e-05,1.5361896278826738e-05
LL-37,dipep_YG,0.0,-0.005524186858835845,-0.008341299370121326,0.002817112511285481
LL-37,dipep_YH,0.0,-1.075988342275629e-05,0.0,-1.075988342275629e-05
LL-37,dipep_YI,0.0,0.0,0.0,0.0
LL-37,dipep_YK,0.0,8.762097323182711e-05,-3.859612963096744e-06,9.148058619492386e-05
LL-37,dipep_YL,0.0,-0.00016105320062602518,-0.0004124669101387442,0.000251413709512719
LL-37,dipep_YM,0.0,0.0,0.0,0.0
LL-37,dipep_YN,0.0,0.0,0.0,0.0
LL-37,dipep_YP,0.0,0.0,0.0,0.0
LL-37,dipep_YQ,0.0,-0.00010579127711464634,-0.0003401070624030787,0.0002343157852884324
LL-37,dipep_YR,0.0,-0.0001658973782614644,-0.0004004207294393202,0.00023452335117785583
LL-37,dipep_YS,0.0,-1.9608554033365934e-05,-0.00024767532179346047,0.00022806676776009454
LL-37,dipep_YT,0.0,-0.00011030333722216833,-2.396604267368463e-05,-8.633729454848369e-05
LL-37,dipep_YV,0.0,-6.097297646814431e-05,-4.846325358284704e-05,-1.2509722885297268e-05
LL-37,dipep_YW,0.0,-4.269430790489996e-05,-0.00012969452665620437,8.700021875130441e-05
LL-37,dipep_YY,0.0,1.608824702198956e-05,0.0,1.608824702198956e-05
LL-37,glycine_frac,0.054054055362939835,0.0010506927360590288,-0.0053471800568079715,0.006397872792867
LL-37,hmoment,0.9663389325141907,0.015021710728068502,0.01280433522869276,0.0022173754993757427
LL-37,hydrophobic_frac,0.3513513505458832,-0.002186829807996142,-0.024271331585244096,0.022084501777247953
LL-37,length,37.0,0.030961056119230824,0.02392716986614478,0.007033886253086045
LL-37,proline_frac,0.027027027681469917,0.00291716158152829,-0.001848724660781269,0.004765886242309559
LRS-21,aa_A,0.0476190485060215,0.000674793638127571,0.0068156294577533865,-0.006140835819625816
LRS-21,aa_C,0.0,-0.0028028370310394513,-0.0034782133516715248,0.0006753763206320735
LRS-21,aa_D,0.0,-0.0016063596988264775,-6.733950309481094e-05,-0.0015390201957316667
LRS-21,aa_E,0.0,0.00012435264456815985,-0.0005849040150875041,0.000709256659655664
LRS-21,aa_F,0.0476190485060215,-0.0006851141030112234,0.0028562647107770373,-0.0035413788137882607
LRS-21,aa_G,0.0476190485060215,-0.0038758534670576142,-0.0020204394720617145,-0.0018554139949958997
LRS-21,aa_H,0.0,-0.0006208634459679759,-0.0023173291945147,0.001696465748546724
LRS-21,aa_I,0.1428571492433548,0.010518329779579423,0.011933215114275867,-0.0014148853346964436
LRS-21,aa_K,0.1428571492433548,-0.0006763576012614555,0.001162003583186515,-0.0018383611844479705
LRS-21,aa_L,0.095238097012043,-0.0033729877424149967,-0.004041851002601159,0.0006688632601861621
LRS-21,aa_M,0.0,-0.00021552169342785662,-0.001642213052574397,0.0014266913591465405
LRS-21,aa_N,0.0,-0.0005836552706779655,6.29444283995683e-06,-0.0005899497135179224
LRS-21,aa_P,0.0476190485060215,-0.0013588713843807364,0.000980654547458329,-0.0023395259318390654
LRS-21,aa_Q,0.0,-0.004675946152822749,-0.003591100432102662,-0.0010848457207200866
LRS-21,aa_R,0.2380952388048172,-0.03269601955199519,-0.0268561573670515,-0.0058398621849436935
LRS-21,aa_S,0.1428571492433548,-0.002220281304961011,0.004352968252290226,-0.006573249557251236
LRS-21,aa_T,0.0476190485060215,-0.00037479394457723354,0.000730897169439411,-0.0011056911140166444
LRS-21,aa_V,0.0,-0.0016679996760872798,-0.001476662390432851,-0.0001913372856544287
LRS-21,aa_W,0.0,-0.003782952487253591,-0.00444728309440131,0.0006643306071477196
LRS-21,aa_Y,0.0,-0.0011440282657472305,-0.0016428421483006335,0.000498813882553403
LRS-21,acidic_frac,0.0,0.0013142127773869302,-0.0005520677728247857,0.0018662805502117157
LRS-21,alpha,1.006666660308838,-0.0074401785554423444,-0.00016452186064439735,-0.007275656694797947
LRS-21,apv,0.19900000095367432,-0.012966184675066907,-0.006551756961920611,-0.006414427713146297
LRS-21,aromatic_frac,0.0476190485060215,-0.00898068499605994,-0.00496129923644748,-0.00401938575961246
LRS-21,basic_frac,0.380952388048172,-0.023884635414968252,-0.01861002126452314,-0.005274614150445112
LRS-21,boman,3.509047508239746,-0.03569950152776743,-0.033413680369518604,-0.002285821158248824
LRS-21,charge,7.975403308868408,-0.002030077296403207,0.004645719678396406,-0.006675796974799614
LRS-21,dipep_AA,0.0,-0.0012552181460401088,-0.00286275424259422,0.001607536096554111
LRS-21,dipep_AC,0.0,0.0,-0.0001032567632148084,0.0001032567632148084
LRS-21,dipep_AD,0.0,-1.57875136563606e-05,-3.1116903858643684e-05,1.5329390202283084e-05
LRS-21,dipep_AE,0.0,-1.2651732327180615e-05,1.1940180532561723e-05,-2.4591912859742338e-05
LRS-21,dipep_AF,0.0,-0.0001044047938761898,-4.111810009634345e-05,-6.328669377984636e-05
LRS-21,dipep_AG,0.0,-0.0007351309580600007,1.3888760483240206e-05,-0.0007490197185432408
LRS-21,dipep_AH,0.0,-3.4558611621647924e-05,-6.37048139053219e-05,2.914620228367397e-05
LRS-21,dipep_AI,0.0,-0.0036629975194792407,-0.005372500045048411,0.0017095025255691701
LRS-21,dipep_AK,0.05000000074505806,0.0002895608369136036,0.005274238091992726,-0.004984677255079122
LRS-21,dipep_AL,0.0,-0.002405712746412695,-0.003260112451488153,0.0008543997050754581
LRS-21,dipep_AM,0.0,-1.9102155061737038e-05,-0.00011210294008312558,9.300078502138854e-05
LRS-21,dipep_AN,0.0,-0.00030097555239793294,-0.0005485715712623204,0.0002475960188643875
LRS-21,dipep_AP,0.0,9.351134051774778e-05,0.0004643392041851605,-0.0003708278636674127
LRS-21,dipep_AQ,0.0,-0.0007390416709298509,-0.0008518118135148422,0.00011277014258499133
LRS-21,dipep_AR,0.0,-9.44368978568209e-05,0.0007141482304039645,-0.0008085851282607855
LRS-21,dipep_AS,0.0,-0.0006682928730733686,-0.000314004081091219,-0.0003542887919821496
LRS-21,dipep_AT,0.0,-0.00021436769129151503,-0.00020102837764613072,-1.3339313645384311e-05
LRS-21,dipep_AV,0.0,-0.002748533458631656,-0.0012826063715798074,-0.0014659270870518487
LRS-21,dipep_AW,0.0,-0.00024196284728958073,-0.0002649989590949095,2.303611180532879e-05
LRS-21,dipep_AY,0.0,-2.592911394007314e-05,-6.960009138741948e-05,4.3670977447346336e-05
LRS-21,dipep_CA,0.0,-2.002036757259528e-05,6.805688770790759e-05,-8.807725528050286e-05
LRS-21,dipep_CC,0.0,-0.00011616183937998928,-0.0001656977633908005,4.953592401081122e-05
LRS-21,dipep_CD,0.0,-1.8828945571395004e-05,-3.456356815635717e-05,1.5734622584962163e-05
LRS-21,dipep_CE,0.0,-8.786322673066198e-05,-2.4673655733336556e-05,-6.318957099732543e-05
LRS-21,dipep_CF,0.0,-3.131081236206219e-05,1.4573384433275538e-05,-4.5884196795337726e-05
LRS-21,dipep_CG,0.0,-0.0041192221663912685,-0.005896211279526221,0.0017769891131349524
LRS-21,dipep_CH,0.0,-8.301529146453693e-06,-1.3853137368959086e-05,5.551608222505392e-06
LRS-21,dipep_CI,0.0,-5.2537855799628946e-05,-0.00010853616545868169,5.599830965905274e-05
LRS-21,dipep_CK,0.0,-0.00011076382124788583,-0.00013648668035864852,2.5722859110762696e-05
LRS-21,dipep_CL,0.0,0.0,4.0781332456823154e-05,-4.0781332456823154e-05
LRS-21,dipep_CM,0.0,0.0,0.0,0.0
LRS-21,dipep_CN,0.0,-3.5303889264562876e-05,-0.0001041316545453643,6.882776528080143e-05
LRS-21,dipep_CP,0.0,-0.00017892730298743593,-0.0002555875960130688,7.666029302563288e-05
LRS-21,dipep_CQ,0.0,0.0,0.0,0.0
LRS-21,dipep_CR,0.0,-6.562044959276253e-05,5.603723419846821e-06,-7.122417301260935e-05
LRS-21,dipep_CS,0.0,-2.5930654337366914e-05,-0.00012301651682713,9.708586248976308e-05
LRS-21,dipep_CT,0.0,-7.656655165370001e-05,-0.00010725018072099305,3.068362906729304e-05
LRS-21,dipep_CV,0.0,0.0,-0.00022723992805995453,0.00022723992805995453
LRS-21,dipep_CW,0.0,-0.00017328242090346074,-0.00011906766903372584,-5.4214751869734895e-05
LRS-21,dipep_CY,0.0,-0.00038567255026139834,-0.0004691710268952654,8.349847663386708e-05
LRS-21,dipep_DA,0.0,-8.923402659478462e-06,4.247251887415966e-05,-5.139592153363812e-05
LRS-21,dipep_DC,0.0,0.0,0.0,0.0
LRS-21,dipep_DD,0.0,-7.553274125890598e-05,-1.5330389167887824e-05,-6.0202352091018156e-05
LRS-21,dipep_DE,0.0,-0.00014989763115899897,-0.00022925475196200224,7.935712080300327e-05
LRS-21,dipep_DF,0.0,-0.0010644922911334728,-9.240131532896091e-05,-0.0009720909758045118
LRS-21,dipep_DG,0.0,-0.0016271158744019228,-0.001774745952039699,0.00014763007763777614
LRS-21,dipep_DH,0.0,-3.647357389294446e-05,-2.173760268813924e-05,-1.4735971204805218e-05
LRS-21,dipep_DI,0.0,4.331107410608659e-05,-8.013484053042365e-05,0.00012344591463651024
LRS-21,dipep_DK,0.0,5.839077279302675e-05,-0.00028968319137447995,0.0003480739641675067
LRS-21,dipep_DL,0.0,-5.808419506530058e-05,-7.521899989028924e-05,1.7134804824988666e-05
LRS-21,dipep_DM,0.0,0.0,0.0,0.0
LRS-21,dipep_DN,0.0,-3.675308843816297e-05,0.0,-3.675308843816297e-05
LRS-21,dipep_DP,0.0,0.0,0.0,0.0
LRS-21,dipep_DQ,0.0,-3.0284242440531958e-05,0.0,-3.0284242440531958e-05
LRS-21,dipep_DR,0.0,-4.952127767466468e-05,-2.6184367608317625e-05,-2.333691006634705e-05
LRS-21,dipep_DS,0.0,-1.189118044893254e-05,0.0,-1.189118044893254e-05
LRS-21,dipep_DT,0.0,-3.952053163569545e-05,-1.5444878007127784e-05,-2.4075653628567665e-05
LRS-21,dipep_DV,0.0,0.00010948947361783935,-5.635875866776659e-05,0.00016584823228560594
LRS-21,dipep_DW,0.0,-1.2141082779279575e-05,-6.561145094717301e-05,5.347036816789344e-05
LRS-21,dipep_DY,0.0,3.8456799128904775e-06,4.607128350620708e-05,-4.222560359331661e-05
LRS-21,dipep_EA,0.0,-0.002551093122116837,-0.002333781568825523,-0.0002173115532913138
LRS-21,dipep_EC,0.0,-0.00021031172505545087,-0.00011945106563046328,-9.086065942498759e-05
LRS-21,dipep_ED,0.0,-1.5160465229416074e-05,-4.289866179311401e-05,2.7738196563697937e-05
LRS-21,dipep_EE,0.0,-9.914071964519957e-05,-4.94679903732526e-05,-4.967272927194697e-05
LRS-21,dipep_EF,0.0,-0.0010474226370461046,-5.438106892912491e-05,-0.0009930415681169797
LRS-21,dipep_EG,0.0,-0.006473867742007882,-0.008311015496972706,0.001837147754964824
LRS-21,dipep_EH,0.0,2.426454300833682e-05,4.04440275882169e-05,-1.6179484579880083e-05
LRS-21,dipep_EI,0.0,8.375685620726067e-05,-8.874281767004911e-05,0.00017249967387730978
LRS-21,dipep_EK,0.0,0.0006646378015109042,0.0016445293160674134,-0.000979891514556509
LRS-21,dipep_EL,0.0,-9.305068361478399e-06,-0.00013477836509626236,0.00012547329673478396
LRS-21,dipep_EM,0.0,0.0,0.0,0.0
LRS-21,dipep_EN,0.0,-0.00225626106752878,-0.0050797533824513815,0.0028234923149226014
LRS-21,dipep_EP,0.0,-8.62271344444446e-06,0.0,-8.62271344444446e-06
LRS-21,dipep_EQ,0.0,-4.519660086984422e-05,-9.996666525924586e-06,-3.519993434391964e-05
LRS-21,dipep_ER,0.0,-2.66725342521448e-06,-8.955858545616289e-05,8.689133203094841e-05
LRS-21,dipep_ES,0.0,-0.0005216453005778772,-5.447759148446536e-05,-0.00046716770909341186
LRS-21,dipep_ET,0.0,-1.1894597009614437e-05,0.0,-1.1894597009614437e-05
LRS-21,dipep_EV,0.0,0.0,0.0,0.0
LRS-21,dipep_EW,0.0,0.0,-3.463611512081918e-05,3.463611512081918e-05
LRS-21,dipep_EY,0.0,1.3747983433408446e-05,0.0,1.3747983433408446e-05
LRS-21,dipep_FA,0.0,-0.000171173969137835,0.00045192275795288633,-0.0006230967270907214
LRS-21,dipep_FC,0.0,-0.00037106377550758093,-0.0010227963430344887,0.0006517325675269078
LRS-21,dipep_FD,0.0,-4.30815449639338e-05,-6.688820740126394e-05,2.3806662437330144e-05
LRS-21,dipep_FE,0.0,-0.0019983842105942744,-0.0026305735652063385,0.0006321893546120641
LRS-21,dipep_FF,0.0,-0.0009594967233557068,0.0001445566931930097,-0.0011040534165487165
LRS-21,dipep_FG,0.0,-0.0009172898999984827,-0.0014729746068815107,0.000555684706883028
LRS-21,dipep_FH,0.0,-0.00034335707634112746,-0.000739222138005898,0.0003958650616647706
LRS-21,dipep_FI,0.0,-0.0016014206667846367,-0.003534809412180394,0.0019333887453957571
LRS-21,dipep_FK,0.0,-0.0007882387279333564,-9.395712037310158e-05,-0.0006942816075602549
LRS-21,dipep_FL,0.0,-0.008374538866035921,-0.006326927888414511,-0.00204761097762141
LRS-21,dipep_FM,0.0,-0.0002006841814706024,-0.00019868466096365636,-1.9995205069460356e-06
LRS-21,dipep_FN,0.0,-1.2502520455023715e-05,-7.346715197681981e-05,6.0964631521796094e-05
LRS-21,dipep_FP,0.0,-0.000234170071696206,-0.00035250520553539873,0.00011833513383919272
LRS-21,dipep_FQ,0.0,-0.00015711978045068915,-0.00017136474043140686,1.4244959980717702e-05
LRS-21,dipep_FR,0.05000000074505806,-0.003351628548243604,-0.0024366057984639947,-0.0009150227497796092
LRS-21,dipep_FS,0.0,1.0756034682914564e-05,-4.8652165047084135e-05,5.94081997299987e-05
LRS-21,dipep_FT,0.0,-0.00010346724744517815,-0.0002591341239299613,0.00015566687648478313
LRS-21,dipep_FV,0.0,-7.637245399579443e-05,6.752027259525327e-05,-0.0001438927265910477
LRS-21,dipep_FW,0.0,-6.530610132654469e-05,3.090602129037501e-06,-6.83967034555822e-05
LRS-21,dipep_FY,0.0,0.0,-1.5504401848376056e-05,1.5504401848376056e-05
LRS-21,dipep_GA,0.0,-0.0006853588612951906,-0.0011863982677908687,0.000501039406495678
LRS-21,dipep_GC,0.0,-9.388057540993101e-05,-8.375702518048765e-05,-1.0123550229443359e-05
LRS-21,dipep_GD,0.0,-0.0002698135995051239,-4.426512434451492e-05,-0.000225548475160609
LRS-21,dipep_GE,0.0,9.738100642798632e-06,-0.00010985287219340088,0.00011959097283619951
LRS-21,dipep_GF,0.0,-0.0036105994048216254,-0.0025849350962276916,-0.0010256643085939337
LRS-21,dipep_GG,0.0,-4.565091297491624e-05,0.00037245461890232526,-0.0004181055318772415
LRS-21,dipep_GH,0.0,-0.0004172891714047575,-0.0003883939963092159,-2.889517509554161e-05
LRS-21,dipep_GI,0.05000000074505806,3.508846092756405e-05,-0.0002737732578588181,0.00030886171878638215
LRS-21,dipep_GK,0.0,-0.0006704432518450054,-0.0007571495776417515,8.670632579674611e-05
LRS-21,dipep_GL,0.0,-0.003110411400735254,-0.0035006348776981332,0.0003902234769628792
LRS-21,dipep_GM,0.0,-0.0030637703691329295,-0.0035663284110922736,0.0005025580419593442
LRS-21,dipep_GN,0.0,-5.358551893482744e-05,-0.00012558141603309495,7.199589709826752e-05
LRS-21,dipep_GP,0.0,-4.6305596462103834e-05,-0.00014834262622812186,0.00010203702976601802
LRS-21,dipep_GQ,0.0,0.0001804688837504299,0.0013690994059151736,-0.0011886305221647437
LRS-21,dipep_GR,0.0,-0.0016388814131672487,-0.004450204625371054,0.002811323212203805
LRS-21,dipep_GS,0.0,-0.001049355512620078,-0.0002784135307738736,-0.0007709419818462044
LRS-21,dipep_GT,0.0,-5.2063600717855944e-05,4.354796162443426e-05,-9.56115623422902e-05
LRS-21,dipep_GV,0.0,-0.00029056408128936455,-0.000845780699816767,0.0005552166185274025
LRS-21,dipep_GW,0.0,-0.0036472976471825804,-0.00457494602377521,0.0009276483765926296
LRS-21,dipep_GY,0.0,-0.002217624714179027,-0.0038052592452954637,0.0015876345311164365
LRS-21,dipep_HA,0.0,-0.0004760761980302415,-0.00041391955166592464,-6.215664636431684e-05
LRS-21,dipep_HC,0.0,0.0,0.0,0.0
LRS-21,dipep_HD,0.0,0.0,0.0,0.0
LRS-21,dipep_HE,0.0,0.0,0.0,0.0
LRS-21,dipep_HF,0.0,-9.998472005541055e-06,-1.6874582516491686e-05,6.8761105109506305e-06
LRS-21,dipep_HG,0.0,-1.2321112967994355e-05,-4.223570329676612e-05,2.9914590328771765e-05
LRS-21,dipep_HH,0.0,-4.465657065587216e-05,-0.00010088370837657259,5.6227137720700426e-05
LRS-21,dipep_HI,0.0,-0.0007743773255968628,-0.0005310986634287069,-0.0002432786621681559
LRS-21,dipep_HK,0.0,-0.0001798939982757426,-0.00017274899350288393,-7.145004772858663e-06
LRS-21,dipep_HL,0.0,-0.00020970658599133867,-8.954712097165303e-05,-0.00012015946501968564
LRS-21,dipep_HM,0.0,-1.707865238327561e-05,0.0,-1.707865238327561e-05
LRS-21,dipep_HN,0.0,-3.7598381334475615e-05,-1.1397357249559196e-05,-2.620102408491642e-05
LRS-21,dipep_HP,0.0,0.0,0.0,0.0
LRS-21,dipep_HQ,0.0,-6.696198660648409e-05,-3.724618177358819e-05,-2.97158048328959e-05
LRS-21,dipep_HR,0.0,-0.00011436578449215591,-9.868160847297283e-05,-1.5684176019183083e-05
LRS-21,dipep_HS,0.0,-3.747743828290164e-05,5.206183623774355e-05,-8.953927452064519e-05
LRS-21,dipep_HT,0.0,5.419298266955074e-05,0.0,5.419298266955074e-05
LRS-21,dipep_HV,0.0,-5.222186480914562e-05,-4.2231344539528665e-05,-9.990520269616957e-06
LRS-21,dipep_HW,0.0,0.0,0.0,0.0
LRS-21,dipep_HY,0.0,0.0,0.0,0.0
LRS-21,dipep_IA,0.05000000074505806,0.0030815666033659596,0.00903266659592115,-0.00595109999255519
LRS-21,dipep_IC,0.0,-2.6545481363686945e-05,-4.632511907721971e-05,1.9779637713532766e-05
LRS-21,dipep_ID,0.0,-0.0025685437091429457,-0.0034641049907853183,0.0008955612816423726
LRS-21,dipep_IE,0.0,-0.006078585960193369,-0.008243717927886354,0.0021651319676929846
LRS-21,dipep_IF,0.0,-0.0009243931250754598,-0.0017797904898563413,0.0008553973647808815
LRS-21,dipep_IG,0.0,-0.0005138897842414302,-0.00037987941190720546,-0.0001340103723342247
LRS-21,dipep_IH,0.0,-0.000823602278540674,-8.042019993601461e-05,-0.0007431820786046595
LRS-21,dipep_II,0.0,-0.0008347301028355665,-0.0027994266151575315,0.001964696512321965
LRS-21,dipep_IK,0.05000000074505806,0.009749195847303781,0.008431926190306614,0.0013172696569971679
LRS-21,dipep_IL,0.0,-0.0017180182185025335,-0.0031752584236949583,0.0014572402051924247
LRS-21,dipep_IM,0.0,-1.022880612779365e-05,-1.3106013161897327e-05,2.877207034103677e-06
LRS-21,dipep_IN,0.0,-0.0002904464409412092,-0.0005131047396488733,0.0002226582987076641
LRS-21,dipep_IP,0.0,-0.000626247091466186,-0.0013313125910584893,0.0007050654995923033
LRS-21,dipep_IQ,0.0,-0.0001227566421658743,-0.0001765170861321137,5.3760443966239396e-05
LRS-21,dipep_IR,0.0,-0.0004685468141378707,-0.0001742034072596353,-0.0002943434068782354
LRS-21,dipep_IS,0.05000000074505806,0.005970767756672749,0.03129658898358232,-0.025325821226909573
LRS-21,dipep_IT,0.0,-9.909560319735639e-05,-0.0002354577243744702,0.00013636212117711381
LRS-21,dipep_IV,0.0,-0.0019329706747893973,-0.0009700671634103413,-0.000962903511379056
LRS-21,dipep_IW,0.0,-0.00034654827845524987,-0.0005654077188673904,0.00021885944041214053
LRS-21,dipep_IY,0.0,-0.0001394797322474236,3.7488548150609393e-05,-0.000176968280398033
LRS-21,dipep_KA,0.0,8.503605425891381e-05,-0.00035046737237427104,0.00043550342663318484
LRS-21,dipep_KC,0.0,-0.0009367984321388538,-0.0015483106785684215,0.0006115122464295678
LRS-21,dipep_KD,0.0,-0.0009601054878457275,-0.00013873809614542312,-0.0008213673917003044
LRS-21,dipep_KE,0.0,-0.0003519221650928775,0.0001974505674913299,-0.0005493727325842074
LRS-21,dipep_KF,0.0,-0.0004978649292764232,2.1229772838474734e-05,-0.0005190947021148979
LRS-21,dipep_KG,0.0,0.0001398310636240955,-0.0008742951785481584,0.001014126242172254
LRS-21,dipep_KH,0.0,-0.00016004303157258272,-0.0003941835794129248,0.00023414054784034208
LRS-21,dipep_KI,0.05000000074505806,0.004212261129369194,0.0035131474483792186,0.0006991136809899757
LRS-21,dipep_KK,0.0,-0.003430096258237159,-0.004018080382525462,0.0005879841242883029
LRS-21,dipep_KL,0.0,-0.000855998265152055,-0.0017785614352190207,0.0009225631700669657
LRS-21,dipep_KM,0.0,2.7922853597267784e-05,-1.4065101994074624e-05,4.198795559134241e-05
LRS-21,dipep_KN,0.0,-0.0005510223544146073,-0.00035962193362409743,-0.0001914004207905099
LRS-21,dipep_KP,0.0,-9.937715187557767e-05,-8.399732725896414e-05,-1.5379824616613535e-05
LRS-21,dipep_KQ,0.0,-0.00022182810334295554,-0.0003317520490522557,0.00010992394570930015
LRS-21,dipep_KR,0.05000000074505806,-0.017408178787693813,-0.013375183177302146,-0.004032995610391667
LRS-21,dipep_KS,0.0,-0.00042898127742591665,-0.00034895899294725395,-8.00222844786627e-05
LRS-21,dipep_KT,0.05000000074505806,0.0020140970879073657,0.006269819989717276,-0.004255722901809911
LRS-21,dipep_KV,0.0,-0.0034977094618364388,-0.002189934919236582,-0.0013077745425998568
LRS-21,dipep_KW,0.0,-0.00017126334095343246,-0.00012358829008446545,-4.7675050868967005e-05
LRS-21,dipep_KY,0.0,-0.00020409397150225839,-0.0003036801091848203,9.958613768256189e-05
LRS-21,dipep_LA,0.0,-0.00044018213048972906,-0.0006697610472062156,0.0002295789167164865
LRS-21,dipep_LC,0.0,5.258771012110712e-05,-1.9203198976251446e-05,7.179090909735857e-05
LRS-21,dipep_LD,0.0,-0.00011849862583619049,-0.0013810493254470693,0.0012625506996108789
LRS-21,dipep_LE,0.0,-6.962072845957099e-05,-4.136631151806245e-05,-2.8254416941508538e-05
LRS-21,dipep_LF,0.0,-0.009746002898803265,-0.0161047893597396,0.006358786460936336
LRS-21,dipep_LG,0.0,-0.0007746232013400867,-0.00028482807194094435,-0.0004897951293991423
LRS-21,dipep_LH,0.0,0.00015143206337501057,1.6380774287691945e-05,0.00013505128908731864
LRS-21,dipep_LI,0.0,-0.0037067770715797565,-0.0038019479348302665,9.517086325051003e-05
LRS-21,dipep_LK,0.0,-0.0026999199111467087,-0.0030317025370144497,0.00033178262586774096
LRS-21,dipep_LL,0.0,-0.0007318726960760954,-0.0007317886642027255,-8.403187336985043e-08
LRS-21,dipep_LM,0.0,-0.0001815402063413681,0.00034481641614418927,-0.0005263566224855574
LRS-21,dipep_LN,0.0,-6.161609190530433e-05,-8.287462957092728e-05,2.1258537665622953e-05
LRS-21,dipep_LP,0.0,-0.0019516704315275704,-0.0032436063056885825,0.0012919358741610122
LRS-21,dipep_LQ,0.0,-0.00019615312370920563,-0.00021128278201406226,1.5129658304856628e-05
LRS-21,dipep_LR,0.05000000074505806,-0.006483971147597251,-0.007205949997905413,0.0007219788503081623
LRS-21,dipep_LS,0.0,-0.001155185165106311,-0.001276084378263158,0.00012089921315684704
LRS-21,dipep_LT,0.0,-0.0004278533012683423,-0.00018930457708569404,-0.00023854872418264828
LRS-21,dipep_LV,0.0,-0.0012210663887527254,-0.0014201767519131507,0.0001991103631604253
LRS-21,dipep_LW,0.0,-0.0002843793962507088,-0.0005387789644567591,0.0002543995682060503
LRS-21,dipep_LY,0.0,-2.3488170633662205e-05,-8.542596305806322e-05,6.193779242440101e-05
LRS-21,dipep_MA,0.0,-8.631335729611712e-05,-6.884821696973932e-05,-1.7465140326377793e-05
LRS-21,dipep_MC,0.0,0.0,-2.3402739614345352e-05,2.3402739614345352e-05
LRS-21,dipep_MD,0.0,-1.8116900492472314e-05,-6.509754769824329e-05,4.698064720577098e-05
LRS-21,dipep_ME,0.0,0.0,-6.917005373451004e-06,6.917005373451004e-06
LRS-21,dipep_MF,0.0,7.099857946633357e-05,0.0,7.099857946633357e-05
LRS-21,dipep_MG,0.0,-0.00010130501830783139,-0.00016278098919452033,6.147597088668895e-05
LRS-21,dipep_MH,0.0,0.0,0.0,0.0
LRS-21,dipep_MI,0.0,-0.0018863487763070565,-0.0027232451622043368,0.0008368963858972802
LRS-21,dipep_MK,0.0,6.346377455343322e-06,2.5456475762419026e-05,-1.9110098307075705e-05
LRS-21,dipep_ML,0.0,-0.0002259930682798713,-0.0002440714512542657,1.8078382974394397e-05
LRS-21,dipep_MM,0.0,-3.876601185531725e-05,-1.1127184567745117e-05,-2.7638827287572135e-05
LRS-21,dipep_MN,0.0,0.0,-2.909843712260138e-05,2.909843712260138e-05
LRS-21,dipep_MP,0.0,0.0,0.0,0.0
LRS-21,dipep_MQ,0.0,-1.492917632523897e-05,-9.694188237588309e-05,8.201270605064411e-05
LRS-21,dipep_MR,0.0,-8.049177972720554e-06,-0.00026391998956783245,0.0002558708115951119
LRS-21,dipep_MS,0.0,-2.2338976616208516e-05,-6.902657094402729e-05,4.6687594327818766e-05
LRS-21,dipep_MT,0.0,-0.00019250001125375036,-0.0002652199775960507,7.271996634230032e-05
LRS-21,dipep_MV,0.0,0.0,-1.3537805701448885e-05,1.3537805701448885e-05
LRS-21,dipep_MW,0.0,-1.402357196104132e-05,-2.6426295813000588e-05,1.2402723851959267e-05
LRS-21,dipep_MY,0.0,0.0,-2.9022103086912e-05,2.9022103086912e-05
LRS-21,dipep_NA,0.0,-0.0003498259961674765,-0.0006107855587280922,0.0002609595625606157
LRS-21,dipep_NC,0.0,-3.3733457735027464e-05,-4.006089044763142e-05,6.327432712603957e-06
LRS-21,dipep_ND,0.0,0.0,0.0,0.0
LRS-21,dipep_NE,0.0,-4.708326914904555e-05,-7.722246013340371e-05,3.013919098435816e-05
LRS-21,dipep_NF,0.0,-0.00022145895543828053,-0.00020761378282067693,-1.3845172617603602e-05
LRS-21,dipep_NG,0.0,-0.004037442143768021,-0.0020933188764680234,-0.001944123267299998
LRS-21,dipep_NH,0.0,0.0,0.0,0.0
LRS-21,dipep_NI,0.0,-5.622620514529433e-05,-1.9581151846573077e-05,-3.664505329872125e-05
LRS-21,dipep_NK,0.0,3.148132837755796e-05,2.13963647033083e-05,1.0084963674249659e-05
LRS-21,dipep_NL,0.0,-0.0002634431903997728,-3.711161006592098e-05,-0.00022633158033385183
LRS-21,dipep_NM,0.0,0.0,-2.8192184251340283e-05,2.8192184251340283e-05
LRS-21,dipep_NN,0.0,4.57383032226104e-05,0.0,4.57383032226104e-05
LRS-21,dipep_NP,0.0,0.0,-3.468574167458902e-05,3.468574167458902e-05
LRS-21,dipep_NQ,0.0,-0.00014739774279092614,-0.0006077985906436218,0.0004604008478526956
LRS-21,dipep_NR,0.0,-0.00021626530142141887,-0.0001757907828582405,-4.047451856317838e-05
LRS-21,dipep_NS,0.0,-1.9034787424838516e-05,4.6458974259261693e-05,-6.549376168410021e-05
LRS-21,dipep_NT,0.0,-0.0018626474887679587,-0.0017196852297993279,-0.00014296225896863078
LRS-21,dipep_NV,0.0,0.0,-0.00022989466686162543,0.00022989466686162543
LRS-21,dipep_NW,0.0,-7.827544088624271e-05,-5.72793859608644e-05,-2.0996054925378306e-05
LRS-21,dipep_NY,0.0,-4.955905198924156e-05,-7.165681751846565e-05,2.2097765529224093e-05
LRS-21,dipep_PA,0.0,-0.0006537819818923715,-0.00012916575949195572,-0.0005246162224004158
LRS-21,dipep_PC,0.0,-7.234582446968714e-05,-8.998590626830774e-05,1.76400817986206e-05
LRS-21,dipep_PD,0.0,0.0,0.0,0.0
LRS-21,dipep_PE,0.0,2.525487641952071e-05,-8.380731145048757e-05,0.00010906218787000828
LRS-21,dipep_PF,0.0,-0.00012251837706021975,-0.00034550117606928015,0.0002229827990090604
LRS-21,dipep_PG,0.05000000074505806,-0.002959315259235376,0.0006968541676589823,-0.0036561694268943583
LRS-21,dipep_PH,0.0,-1.1324914723131586e-05,-4.129794867556309e-05,2.9973033952431503e-05
LRS-21,dipep_PI,0.0,-5.9450248941694524e-05,-7.526526664327218e-05,1.5815017701577654e-05
LRS-21,dipep_PK,0.0,-0.0002445994957603477,-0.0006746240443598998,0.0004300245485995521
LRS-21,dipep_PL,0.0,-2.522138815579028e-05,-0.0001568122137430986,0.00013159082558730832
LRS-21,dipep_PM,0.0,0.0,0.0,0.0
LRS-21,dipep_PN,0.0,0.0,0.0,0.0
LRS-21,dipep_PP,0.0,0.0,5.1021490159091445e-06,-5.1021490159091445e-06
LRS-21,dipep_PQ,0.0,-4.953990280623971e-06,-8.565757046313532e-05,8.070358018251134e-05
LRS-21,dipep_PR,0.0,5.4465400431813455e-05,0.0009526453097436568,-0.0008981799093118434
LRS-21,dipep_PS,0.0,-0.00016702235083405304,-0.0004219027285207029,0.00025488037768664983
LRS-21,dipep_PT,0.0,-0.0007944034445017431,0.0,-0.0007944034445017431
LRS-21,dipep_PV,0.0,-7.22686291986784e-05,-6.695442895939545e-05,-5.3142002392829425e-06
LRS-21,dipep_PW,0.0,-8.054307100778241e-06,-1.1936414043003663e-05,3.882106942225421e-06
LRS-21,dipep_PY,0.0,0.0,0.0,0.0
LRS-21,dipep_QA,0.0,-6.159045111414029e-05,-0.00010817779731935211,4.658734620521182e-05
LRS-21,dipep_QC,0.0,-6.699264272327618e-05,0.0,-6.699264272327618e-05
LRS-21,dipep_QD,0.0,-4.52030779083828e-05,-0.00018339591657373942,0.00013819283866535662
LRS-21,dipep_QE,0.0,0.0,-7.606092192220526e-06,7.606092192220526e-06
LRS-21,dipep_QF,0.0,-7.741136294122652e-05,-0.00010160315441218507,2.4191791470958555e-05
LRS-21,dipep_QG,0.0,-0.0003851103427876503,-0.00027230980122907905,-0.00011280054155857124
LRS-21,dipep_QH,0.0,-0.0005300391406233828,-0.000903646575052028,0.00037360743442864527
LRS-21,dipep_QI,0.0,-9.77570758361264e-05,-9.17526993673926e-05,-6.00437646873381e-06
LRS-21,dipep_QK,0.0,0.00019471383551017193,0.0003460443331041881,-0.00015133049759401618
LRS-21,dipep_QL,0.0,-0.00018279400988990133,-0.00032145249358345754,0.0001386584836935562
LRS-21,dipep_QM,0.0,-1.79637070422556e-05,0.0,-1.79637070422556e-05
LRS-21,dipep_QN,0.0,-0.00020057105332416033,4.0613231400265146e-05,-0.0002411842847244255
LRS-21,dipep_QP,0.0,-0.0004844858093539499,-0.001135913826591555,0.0006514280172376051
LRS-21,dipep_QQ,0.0,-0.000518252623995685,-9.684231229492198e-05,-0.00042141031170076296
LRS-21,dipep_QR,0.0,-0.004020304896793277,-0.0025200445652278185,-0.001500260331565459
LRS-21,dipep_QS,0.0,-0.00024689773602987034,-0.00021234942979942006,-3.454830623045028e-05
LRS-21,dipep_QT,0.0,0.0,0.0,0.0
LRS-21,dipep_QV,0.0,-8.255623452859649e-06,1.1122631855654878e-05,-1.9378255308514526e-05
LRS-21,dipep_QW,0.0,-6.219746704255688e-05,-0.00020069494780202142,0.00013849748075946453
LRS-21,dipep_QY,0.0,0.0,0.0,0.0
LRS-21,dipep_RA,0.0,-0.00016567198811238897,-0.00019121669399368773,2.5544705881298764e-05
LRS-21,dipep_RC,0.0,-7.534169546368604e-05,0.00021020455833168578,-0.00028554625379537184
LRS-21,dipep_RD,0.0,-0.000153585319956362,-0.0001835566628337901,2.9971342877428112e-05
LRS-21,dipep_RE,0.0,0.0002471981057582969,2.5633721939138614e-05,0.00022156438381915825
LRS-21,dipep_RF,0.05000000074505806,-0.004036947279572753,-0.0035416148091461444,-0.0004953324704266085
LRS-21,dipep_RG,0.0,0.00024637269089841895,0.00020373836989543684,4.2634321002982115e-05
LRS-21,dipep_RH,0.0,-9.701497640384049e-05,-1.9330961986404655e-05,-7.768401441743583e-05
LRS-21,dipep_RI,0.0,-0.00016964819966683404,6.603041346850267e-05,-0.0002356786131353367
LRS-21,dipep_RK,0.05000000074505806,-0.002411709643367132,-0.0025067208723353785,9.501122896824659e-05
LRS-21,dipep_RL,0.0,0.00036960463697728027,0.0009271193019736049,-0.0005575146649963246
LRS-21,dipep_RM,0.0,-0.00037589225520381464,-0.0002639226749175409,-0.00011196958028627374
LRS-21,dipep_RN,0.0,-0.0007651611086022408,0.00019996316361168794,-0.0009651242722139287
LRS-21,dipep_RP,0.0,0.00020643825497404495,0.0003199496240700077,-0.00011351136909596273
LRS-21,dipep_RQ,0.0,-0.007057661538306843,-0.006376621351691484,-0.0006810401866153594
LRS-21,dipep_RR,0.05000000074505806,0.0006222859614593417,0.0028200386801707127,-0.002197752718711371
LRS-21,dipep_RS,0.10000000149011612,-0.002187908381154597,0.0005569466435464153,-0.0027448550247010125
LRS-21,dipep_RT,0.0,0.0005002571238641749,0.00022751015975612686,0.0002727469641080481
LRS-21,dipep_RV,0.0,4.4981856458499846e-05,-4.425009549256487e-05,8.923195195106472e-05
LRS-21,dipep_RW,0.0,-0.00034457241083636094,-0.0009423810517217404,0.0005978086408853795
LRS-21,dipep_RY,0.0,-0.00011727547559277286,-2.0779327420381517e-05,-9.649614817239135e-05
LRS-21,dipep_SA,0.0,-0.00022306067149336552,-6.337297377542148e-05,-0.00015968769771794404
LRS-21,dipep_SC,0.0,-0.00015151231608593683,-3.3239362400142425e-05,-0.0001182729536857944
LRS-21,dipep_SD,0.0,-3.634032019660173e-05,-8.083731605178053e-05,4.44969958551788e-05
LRS-21,dipep_SE,0.0,0.0,0.0,0.0
LRS-21,dipep_SF,0.0,-0.000169362796493759,-2.1993638055625737e-05,-0.00014736915843813325
LRS-21,dipep_SG,0.0,-0.00016889716370166132,-4.0060661544751534e-05,-0.0001288365021569098
LRS-21,dipep_SH,0.0,-2.915979876132591e-05,-6.36138465231063e-05,3.445404776178038e-05
LRS-21,dipep_SI,0.05000000074505806,0.0054302057312002215,0.015102405629641031,-0.00967219989844081
LRS-21,dipep_SK,0.0,-0.003880909910380033,-0.006314871839766452,0.002433961929386419
LRS-21,dipep_SL,0.0,-0.00045133350456546504,-0.0009317744719404926,0.0004804409673750275
LRS-21,dipep_SM,0.0,0.0,-1.582667835150034e-05,1.582667835150034e-05
LRS-21,dipep_SN,0.0,-0.0010444917709768273,-0.00022514235967062733,-0.0008193494113062001
LRS-21,dipep_SP,0.05000000074505806,-0.005553601262479681,0.004479563877016211,-0.010033165139495892
LRS-21,dipep_SQ,0.0,0.0,-1.6208235395344264e-05,1.6208235395344264e-05
LRS-21,dipep_SR,0.05000000074505806,-0.005011444028967077,0.001462477014748723,-0.006473921043715801
LRS-21,dipep_SS,0.0,-0.00016276612108335356,-3.5697584604911586e-05,-0.00012706853647844198
LRS-21,dipep_ST,0.0,-0.0006996341655407741,-0.0004361505219962907,-0.0002634836435444834
LRS-21,dipep_SV,0.0,-8.389998007126102e-05,2.990597666148068e-05,-0.0001138059567327417
LRS-21,dipep_SW,0.0,-0.0006730823491578705,-0.00036481841973202826,-0.0003082639294258422
LRS-21,dipep_SY,0.0,0.00015968900214865747,-6.854172636769561e-05,0.0002282307285163531
LRS-21,dipep_TA,0.0,-0.0003350948469714111,-0.0009887500413968023,0.0006536551944253911
LRS-21,dipep_TC,0.0,-1.0478236378108151e-05,0.0,-1.0478236378108151e-05
LRS-21,dipep_TD,0.0,0.0002662948465061031,2.4191913353668802e-05,0.0002421029331524343
LRS-21,dipep_TE,0.0,-0.0006478409517785814,0.0,-0.0006478409517785814
LRS-21,dipep_TF,0.0,-0.0009587527243816404,-0.0006466290150920763,-0.00031212370928956413
LRS-21,dipep_TG,0.0,-0.0017037209954589485,-0.0013068981911744746,-0.0003968228042844739
LRS-21,dipep_TH,0.0,0.0,-3.051667720237697e-05,3.051667720237697e-05
LRS-21,dipep_TI,0.0,-0.00103749148452222,-0.0027410552056475698,0.0017035637211253497
LRS-21,dipep_TK,0.0,-0.00028509227168354407,-6.448659131680347e-05,-0.00022060568036674061
LRS-21,dipep_TL,0.05000000074505806,-0.0011960604256524988,0.004010378054851412,-0.005206438480503911
LRS-21,dipep_TM,0.0,0.0,0.0,0.0
LRS-21,dipep_TN,0.0,-8.114394886072309e-05,2.3447241964135307e-05,-0.0001045911908248584
LRS-21,dipep_TP,0.0,-0.0004333535360452178,2.291234218340559e-05,-0.00045626587822862337
LRS-21,dipep_TQ,0.0,-9.554748326070875e-05,-0.00029066255553324643,0.00019511507227253766
LRS-21,dipep_TR,0.0,0.0008039976436741387,2.168535983459107e-05,0.0007823122838395476
LRS-21,dipep_TS,0.0,-0.00015541420303113293,-0.00016705487548089205,1.1640672449759115e-05
LRS-21,dipep_TT,0.0,-0.0016901712491983413,-0.00043954337438216804,-0.0012506278748161733
LRS-21,dipep_TV,0.0,-0.0008515170935205996,-0.00031717238739779646,-0.0005343447061228031
LRS-21,dipep_TW,0.0,0.0,0.0,0.0
LRS-21,dipep_TY,0.0,0.0,-2.9797604899304257e-05,2.9797604899304257e-05
LRS-21,dipep_VA,0.0,-0.0015524328020668215,-0.0010852040319816792,-0.0004672287700851422
LRS-21,dipep_VC,0.0,-0.00028977636562791374,-0.0003836170940089981,9.384072838108438e-05
LRS-21,dipep_VD,0.0,0.0,0.0,0.0
LRS-21,dipep_VE,0.0,-0.00014779368412249632,-0.00012415293628136276,-2.3640747841133567e-05
LRS-21,dipep_VF,0.0,-0.00028772668056256185,-0.00023632672262156504,-5.1399957940996804e-05
LRS-21,dipep_VG,0.0,-0.0004072367828772257,-0.00044571920603354186,3.848242315631614e-05
LRS-21,dipep_VH,0.0,-0.0006343904159162446,-0.00013518436611720437,-0.0004992060497990402
LRS-21,dipep_VI,0.0,-7.622107695004691e-05,-0.00014260621969538874,6.638514274534183e-05
LRS-21,dipep_VK,0.0,-7.911035225857715e-06,0.00012715994404469878,-0.0001350709792705565
LRS-21,dipep_VL,0.0,-0.003882047682999776,-0.0020932412284166736,-0.0017888064545831025
LRS-21,dipep_VM,0.0,0.0,0.0,0.0
LRS-21,dipep_VN,0.0,-1.0268570814185208e-05,-3.7230590831529935e-05,2.6962020017344726e-05
LRS-21,dipep_VP,0.0,-0.0004483436634675248,-0.00013124164572324092,-0.0003171020177442839
LRS-21,dipep_VQ,0.0,-0.0010398609438994986,-0.00032999729875285113,-0.0007098636451466475
LRS-21,dipep_VR,0.0,0.00039252840509385295,0.0007032064819690237,-0.0003106780768751707
LRS-21,dipep_VS,0.0,-0.0011649163076109157,-0.00015687522267145466,-0.001008041084939461
LRS-21,dipep_VT,0.0,-0.00018998683144225132,-9.768423517348206e-05,-9.230259626876926e-05
LRS-21,dipep_VV,0.0,0.0,-5.4189660866688046e-05,5.4189660866688046e-05
LRS-21,dipep_VW,0.0,-4.330136425892605e-05,-0.00012975748433472802,8.645612007580196e-05
LRS-21,dipep_VY,0.0,-8.04241749470955e-05,-8.07367473070856e-05,3.125723599901116e-07
LRS-21,dipep_WA,0.0,0.0,-0.00024521682736507573,0.00024521682736507573
LRS-21,dipep_WC,0.0,-1.1362626459247501e-05,-8.364865849588176e-05,7.228603203663426e-05
LRS-21,dipep_WD,0.0,0.0,0.0,0.0
LRS-21,dipep_WE,0.0,-0.002077021955320121,-0.002866529402324081,0.0007895074470039604
LRS-21,dipep_WF,0.0,-0.0002582139399051856,-0.00037791305782729846,0.00011969911792211285
LRS-21,dipep_WG,0.0,-7.33431679023762e-06,-9.878876183538775e-05,9.145444504515013e-05
LRS-21,dipep_WH,0.0,-1.6047560054288645e-05,0.0,-1.6047560054288645e-05
LRS-21,dipep_WI,0.0,-0.0013421141773969282,-0.0009744176145518603,-0.0003676965628450679
LRS-21,dipep_WK,0.0,-0.00019397796984703687,-0.0011525875138377842,0.0009586095439907473
LRS-21,dipep_WL,0.0,-0.0004678152544092558,-0.0001634653162002994,-0.0003043499382089564
LRS-21,dipep_WM,0.0,0.0,0.0,0.0
LRS-21,dipep_WN,0.0,-8.781242126858491e-05,-6.756050868575394e-05,-2.0251912582830965e-05
LRS-21,dipep_WP,0.0,-1.7076736475426065e-05,0.0,-1.7076736475426065e-05
LRS-21,dipep_WQ,0.0,-0.00022849391953462175,-0.00040341650304035945,0.0001749225835057377
LRS-21,dipep_WR,0.0,-0.000866568351212108,-0.0004005373154811816,-0.00046603103573092635
LRS-21,dipep_WS,0.0,-0.00020236261857237476,-9.627708077157159e-05,-0.00010608553780080317
LRS-21,dipep_WT,0.0,0.0,0.0,0.0
LRS-21,dipep_WV,0.0,-1.3383870169170737e-05,-2.397059400193655e-05,1.0586723832765812e-05
LRS-21,dipep_WW,0.0,-0.00019641120847787064,-0.00020657727484914154,1.0166066371270903e-05
LRS-21,dipep_WY,0.0,-0.007003635641781612,-0.008857102650360243,0.0018534670085786319
LRS-21,dipep_YA,0.0,-3.371825367287129e-05,-7.689298103564842e-05,4.3174727362777136e-05
LRS-21,dipep_YC,0.0,0.00012401406477548644,1.6007886968429548e-05,0.0001080061778070569
LRS-21,dipep_YD,0.0,0.0,0.0,0.0
LRS-21,dipep_YE,0.0,0.0,0.0,0.0
LRS-21,dipep_YF,0.0,-2.695277496363356e-05,0.0,-2.695277496363356e-05
LRS-21,dipep_YG,0.0,-0.00559234838593456,-0.005364966682787362,-0.00022738170314719804
LRS-21,dipep_YH,0.0,0.0,0.0,0.0
LRS-21,dipep_YI,0.0,0.0,-6.638151652367298e-05,6.638151652367298e-05
LRS-21,dipep_YK,0.0,-7.041609200008177e-05,-6.279242590325692e-05,-7.623666096824851e-06
LRS-21,dipep_YL,0.0,-0.0004104756874870099,-0.00042313413232918063,1.2658444842170722e-05
LRS-21,dipep_YM,0.0,0.0,0.0,0.0
LRS-21,dipep_YN,0.0,0.0,0.0,0.0
LRS-21,dipep_YP,0.0,0.0,0.0,0.0
LRS-21,dipep_YQ,0.0,-0.0003957870343496864,-0.0002943340948669603,-0.00010145293948272607
LRS-21,dipep_YR,0.0,-0.00039354430171153543,-0.00035100228529494386,-4.254201641659157e-05
LRS-21,dipep_YS,0.0,-8.394673400616482e-05,-0.00011374621936591946,2.9799485359754643e-05
LRS-21,dipep_YT,0.0,-7.037625228502895e-05,0.0,-7.037625228502895e-05
LRS-21,dipep_YV,0.0,-9.789336659008997e-05,-0.00025161218204249573,0.00015371881545240575
LRS-21,dipep_YW,0.0,-1.5289053825414726e-05,-0.00012148425831879812,0.00010619520449338339
LRS-21,dipep_YY,0.0,0.0,0.0,0.0
LRS-21,glycine_frac,0.0476190485060215,-0.0027533848178275056,-0.0005300257153064585,-0.002223359102521047
LRS-21,hmoment,0.7616627812385559,0.0020273831554031493,0.007001089615793306,-0.004973706460390157
LRS-21,hydrophobic_frac,0.3333333432674408,-0.030576058729371722,-0.03246332846857176,0.001887269739200035
LRS-21,length,21.0,-0.018859993883602454,-0.015555895082208983,-0.003304098801393471
LRS-21,proline_frac,0.0476190485060215,-5.198690289952525e-05,0.005292953142795397,-0.005344940045694922
REI-26,aa_A,0.07692307978868484,0.003082976807354523,0.005034803549197438,-0.0019518267418429155
REI-26,aa_C,0.0,-0.002763524451446778,-0.003756749144332251,0.0009932246928854734
REI-26,aa_D,0.0,-0.00022770681164889766,0.0009824350559780198,-0.0012101418676269174
REI-26,aa_E,0.03846153989434242,-0.005776561611588163,-0.01562586790831839,0.009849306296730228
REI-26,aa_F,0.07692307978868484,0.004926589195523734,0.006291725451564659,-0.0013651362560409249
REI-26,aa_G,0.07692307978868484,-0.0021315146929175802,-0.0046319426556006614,0.002500427962683081
REI-26,aa_H,0.03846153989434242,-0.003436188920755625,-0.0016496995866801059,-0.0017864893340755192
REI-26,aa_I,0.07692307978868484,-0.001407532856742614,0.0008251239021430228,-0.002232656758885637
REI-26,aa_K,0.07692307978868484,0.0021005845045663223,1.1474174444645443e-05,0.002089110330121677
REI-26,aa_L,0.03846153989434242,-0.003578655231845235,-0.0024973992651836645,-0.0010812559666615704
REI-26,aa_M,0.03846153989434242,-0.00015470473557476535,0.006272103974527433,-0.006426808710102198
REI-26,aa_N,0.03846153989434242,-0.000736679213101745,0.0008202256319609529,-0.0015569048450626978
REI-26,aa_P,0.03846153989434242,0.0004143655688859762,0.006333541569536971,-0.005919176000650995
REI-26,aa_Q,0.0,-0.00726553972571385,-0.009649718589452821,0.0023841788637389717
REI-26,aa_R,0.23076923191547394,-0.03328777692266466,-0.03208141592528576,-0.0012063609973788983
REI-26,aa_S,0.03846153989434242,-0.0005496940955028591,0.001647685522581591,-0.00219737961808445
REI-26,aa_T,0.07692307978868484,0.0032475182857092414,0.008788356723244297,-0.005540838437535055
REI-26,aa_V,0.03846153989434242,-0.003023096045835149,0.0038399055170708755,-0.006863001562906024
REI-26,aa_W,0.0,-0.007436487330410829,-0.006719119996587273,-0.0007173673338235565
REI-26,aa_Y,0.0,-0.0031010865796636286,-0.0017204097124029578,-0.0013806768672606708
REI-26,acidic_frac,0.03846153989434242,-0.002100780064110486,-0.002386191196715659,0.0002854111326051731
REI-26,alpha,1.0273077487945557,-0.0009805902307173642,0.003125563017802539,-0.004106153248519903
REI-26,apv,0.21476922929286957,-0.0045766179428247365,-0.0005131846407098735,-0.004063433302114863
REI-26,aromatic_frac,0.07692307978868484,-0.0035733472282882994,-0.0007139562603458762,-0.002859390967942423
REI-26,basic_frac,0.3461538553237915,-0.025897219335421412,-0.015406891620565905,-0.010490327714855507
REI-26,boman,3.6407692432403564,-0.0353278195449225,-0.043727775738671634,0.008399956193749135
REI-26,charge,7.217069149017334,-0.0063063093578386445,-0.0026053289808398924,-0.003700980376998752
REI-26,dipep_AA,0.0,-0.0016064814497157626,-0.0024473734264021958,0.0008408919766864332
REI-26,dipep_AC,0.0,-2.9354333499773408e-05,7.129471259472704e-05,-0.00010064904609450044
REI-26,dipep_AD,0.0,-1.57875136563606e-05,-3.1116903858643684e-05,1.5329390202283084e-05
REI-26,dipep_AE,0.0,-4.411022955808393e-05,1.1940180532561723e-05,-5.605041009064565e-05
REI-26,dipep_AF,0.0,-0.00014592008509030854,-0.00012343756207257986,-2.2482523017728674e-05
REI-26,dipep_AG,0.0,-0.000386710540936748,0.000537137514318552,-0.0009238480552553
REI-26,dipep_AH,0.03999999910593033,0.0010537774373173842,0.00428205919561376,-0.0032282817582963757
REI-26,dipep_AI,0.0,-0.004181578466296276,-0.005642699061075862,0.0014611205947795865
REI-26,dipep_AK,0.0,-0.0005718156768592528,-0.0022493476618076205,0.0016775319849483676
REI-26,dipep_AL,0.0,-0.002335405865891817,-0.003705879814754206,0.001370473948862389
REI-26,dipep_AM,0.03999999910593033,-0.0028186167052133035,0.0012047895684130377,-0.004023406273626341
REI-26,dipep_AN,0.0,-0.00039279524609616887,-0.00024296090750069955,-0.00014983433859546932
REI-26,dipep_AP,0.0,0.00024267838485477446,0.0005136112050269819,-0.0002709328201722075
REI-26,dipep_AQ,0.0,-0.0007531388924951071,-0.0006908600411551485,-6.227885133995863e-05
REI-26,dipep_AR,0.0,-0.0002258995365437002,0.0003172904339321109,-0.0005431899704758112
REI-26,dipep_AS,0.0,-0.0005541213422037808,0.00021931782612928603,-0.0007734391683330668
REI-26,dipep_AT,0.0,-0.00018587205347659548,-0.00016515863185807727,-2.0713421618518205e-05
REI-26,dipep_AV,0.0,-0.0029090268872924143,-0.0003919100675790861,-0.0025171168197133283
REI-26,dipep_AW,0.0,-9.93941007099716e-05,-0.00024261251885177146,0.00014321841814179985
REI-26,dipep_AY,0.0,-2.5364821181337163e-05,-2.7149333276937478e-05,1.784512095600315e-06
REI-26,dipep_CA,0.0,5.642787047401124e-05,2.2198950198883087e-05,3.4228920275128155e-05
REI-26,dipep_CC,0.0,-0.00014108179628807832,-6.87422495299043e-05,-7.233954675817403e-05
REI-26,dipep_CD,0.0,-2.034812514965453e-05,-3.456356815635717e-05,1.4215443006702637e-05
REI-26,dipep_CE,0.0,-2.0458858375278306e-05,8.558152586428242e-06,-2.901701096170655e-05
REI-26,dipep_CF,0.0,-1.4264646592867154e-06,0.0,-1.4264646592867154e-06
REI-26,dipep_CG,0.0,-0.0040424343438860925,-0.005785071444323366,0.001742637100437274
REI-26,dipep_CH,0.0,-2.2378699772633006e-05,0.0,-2.2378699772633006e-05
REI-26,dipep_CI,0.0,-4.763672981225587e-05,-0.00011173568363526557,6.40989538230097e-05
REI-26,dipep_CK,0.0,-0.0001616153389103602,0.00022646606741608176,-0.000388081406326442
REI-26,dipep_CL,0.0,3.458340646553679e-05,-0.0003304166520398221,0.00036500005850535885
REI-26,dipep_CM,0.0,0.0,0.0,0.0
REI-26,dipep_CN,0.0,-3.9142299589812586e-05,-0.00012139132134053825,8.224902175072566e-05
REI-26,dipep_CP,0.0,-0.00023390967240414031,-0.00019406682870270244,-3.984284370143787e-05
REI-26,dipep_CQ,0.0,0.0,0.0,0.0
REI-26,dipep_CR,0.0,-0.0003268070489355793,-6.831313851500317e-05,-0.0002584939104205761
REI-26,dipep_CS,0.0,-6.889045387894743e-05,-0.00010021663796063448,3.1326184081687046e-05
REI-26,dipep_CT,0.0,-5.5873238018920334e-05,-2.8413121554204647e-05,-2.7460116464715687e-05
REI-26,dipep_CV,0.0,-1.3421837645494838e-05,-0.00017556273828210072,0.0001621409006366059
REI-26,dipep_CW,0.0,-7.792074162976708e-05,-0.00013269802509614724,5.4777283466380164e-05
REI-26,dipep_CY,0.0,-0.0003615797375192072,-0.00038856751610830305,2.698777858909583e-05
REI-26,dipep_DA,0.0,2.0111806174077928e-05,0.00025447754848412235,-0.00023436574231004443
REI-26,dipep_DC,0.0,0.0,0.0,0.0
REI-26,dipep_DD,0.0,-0.00010642395797636434,-5.015420590582163e-05,-5.626975207054271e-05
REI-26,dipep_DE,0.0,-0.00028274128334155436,-0.00015558424935665501,-0.00012715703398489934
REI-26,dipep_DF,0.0,-0.0013805684097524884,-0.0004265661238091397,-0.0009540022859433487
REI-26,dipep_DG,0.0,-0.0019464303442937587,-0.0019087862206310809,-3.764412366267784e-05
REI-26,dipep_DH,0.0,-9.015098975074731e-05,-2.173760268813924e-05,-6.841338706260806e-05
REI-26,dipep_DI,0.0,0.0,-0.00011854213859411935,0.00011854213859411935
REI-26,dipep_DK,0.0,9.532459998588171e-05,-0.00021765693372557764,0.00031298153371145935
REI-26,dipep_DL,0.0,-3.612106759451411e-05,-1.562610820845681e-06,-3.4558456773668426e-05
REI-26,dipep_DM,0.0,-1.0340471784025144e-05,0.0,-1.0340471784025144e-05
REI-26,dipep_DN,0.0,-2.5294779505142474e-05,0.0,-2.5294779505142474e-05
REI-26,dipep_DP,0.0,0.0,0.0,0.0
REI-26,dipep_DQ,0.0,-5.028686885030182e-05,-2.9028306534893243e-05,-2.1258562315408574e-05
REI-26,dipep_DR,0.0,-4.510350771074518e-05,-0.00011920356841211657,7.410006070137139e-05
REI-26,dipep_DS,0.0,-1.122637484985031e-05,0.0,-1.122637484985031e-05
REI-26,dipep_DT,0.0,-2.8902056259650105e-05,1.2293560622767169e-05,-4.1195616882417274e-05
REI-26,dipep_DV,0.0,7.680761201924745e-05,-0.00011393969267965975,0.0001907473046989072
REI-26,dipep_DW,0.0,0.0,-0.00088917625205315,0.00088917625205315
REI-26,dipep_DY,0.0,-4.411358076660345e-05,-1.8305890133043175e-06,-4.228299175329913e-05
REI-26,dipep_EA,0.0,-0.0027879056858826795,-0.002393569013788915,-0.00039433667209376466
REI-26,dipep_EC,0.0,-0.00017244952421339196,-9.954985587121387e-05,-7.289966834217809e-05
REI-26,dipep_ED,0.0,-2.3516248147814234e-05,-1.606052935133598e-05,-7.455718796478253e-06
REI-26,dipep_EE,0.0,-5.26921875234664e-05,-4.497176816083572e-05,-7.720419362630682e-06
REI-26,dipep_EF,0.0,-0.0007618310348390163,9.006520829996827e-05,-0.0008518962431389845
REI-26,dipep_EG,0.0,-0.007401621105543182,-0.011267530693981063,0.0038659095884378807
REI-26,dipep_EH,0.0,0.0,0.0,0.0
REI-26,dipep_EI,0.03999999910593033,-0.0023838268766198717,0.0012144469498902488,-0.0035982738265101207
REI-26,dipep_EK,0.0,0.00048230524542109115,0.0011377590138815505,-0.0006554537684604594
REI-26,dipep_EL,0.0,0.00014123686068516763,-0.00013892130139936965,0.0002801581620845373
REI-26,dipep_EM,0.0,0.0,0.0,0.0
REI-26,dipep_EN,0.0,-0.0023710737458218097,-0.006132900256646508,0.0037618265108246983
REI-26,dipep_EP,0.0,-8.62271344444446e-06,0.0,-8.62271344444446e-06
REI-26,dipep_EQ,0.0,-4.556037795624158e-06,-2.8416302738394907e-05,2.3860264942770748e-05
REI-26,dipep_ER,0.0,-1.6905136187739788e-05,-7.04187602397877e-05,5.351362405204791e-05
REI-26,dipep_ES,0.0,-0.0004564810551912004,3.317099923084385e-05,-0.0004896520544220443
REI-26,dipep_ET,0.0,-1.1894597009614437e-05,-1.7297988452686713e-05,5.403391443072276e-06
REI-26,dipep_EV,0.0,3.72812693999875e-05,1.804152054464484e-05,1.923974885534266e-05
REI-26,dipep_EW,0.0,0.0,-3.463611512081918e-05,3.463611512081918e-05
REI-26,dipep_EY,0.0,-5.3068884815077077e-05,0.0,-5.3068884815077077e-05
REI-26,dipep_FA,0.0,-2.469601736441567e-05,-0.0002565292227685757,0.00023183320540416002
REI-26,dipep_FC,0.0,-0.00022995645681729774,-0.0011651707240685398,0.000935214267251242
REI-26,dipep_FD,0.0,-3.358934669397341e-05,-1.2427872756004355e-05,-2.1161473937969053e-05
REI-26,dipep_FE,0.0,-0.0020127849351499155,-0.002803578070149631,0.0007907931349997155
REI-26,dipep_FF,0.0,-0.0009207173940478948,-0.00023253056553241416,-0.0006881868285154806
REI-26,dipep_FG,0.0,-0.001369250207133895,-0.001028918533093489,-0.0003403316740404059
REI-26,dipep_FH,0.0,-0.0004379309321480208,-0.0007292024065474811,0.0002912714743994603
REI-26,dipep_FI,0.03999999910593033,0.009263442691405813,0.017567142973651594,-0.008303700282245781
REI-26,dipep_FK,0.03999999910593033,0.0038936347188824804,0.0019155892001330118,0.0019780455187494686
REI-26,dipep_FL,0.0,-0.009580555922488958,-0.006829184192191314,-0.0027513717302976434
REI-26,dipep_FM,0.0,-0.0002101075292137933,-0.00048275410878178415,0.00027264657956799085
REI-26,dipep_FN,0.0,-1.2502520455023715e-05,0.0,-1.2502520455023715e-05
REI-26,dipep_FP,0.0,-0.00012417909081058483,-0.00011678247565048781,-7.396615160097024e-06
REI-26,dipep_FQ,0.0,-0.0002820582331320106,-4.6826267310350926e-05,-0.0002352319658216597
REI-26,dipep_FR,0.0,0.0004104717541864266,0.0006569938006915915,-0.0002465220465051649
REI-26,dipep_FS,0.0,-0.0002334417675128559,1.872420259355977e-05,-0.00025216597010641566
REI-26,dipep_FT,0.0,-8.429385440027281e-05,-0.00024268081838509767,0.00015838696398482485
REI-26,dipep_FV,0.0,-0.0006175441528991353,0.0004898497309642659,-0.0011073938838634012
REI-26,dipep_FW,0.0,-1.8891800800477995e-05,-0.0004814985377522967,0.0004626067369518187
REI-26,dipep_FY,0.0,-1.0783889241610228e-05,-0.00017779295659308604,0.00016700906735147582
REI-26,dipep_GA,0.03999999910593033,0.0015142179155744956,0.006697389276662394,-0.005183171361087899
REI-26,dipep_GC,0.0,-0.0001810538706438064,-0.00011656960266198027,-6.448426798182613e-05
REI-26,dipep_GD,0.0,-0.000233982988854823,-5.546870098159779e-05,-0.0001785142878732252
REI-26,dipep_GE,0.0,-1.1422673557499997e-05,-3.212754726841464e-05,2.0704873710914643e-05
REI-26,dipep_GF,0.0,-0.004381886124842263,-0.00250626441215432,-0.001875621712687943
REI-26,dipep_GG,0.0,-7.393764379978232e-05,0.000428680227348473,-0.0005026178711482553
REI-26,dipep_GH,0.0,-0.0002581189840777719,-0.00029331764944706175,3.519866536928984e-05
REI-26,dipep_GI,0.0,-0.0003909030373911835,0.0006795514888794334,-0.001070454526270617
REI-26,dipep_GK,0.0,-0.0009581587623741908,-0.0010726969851877811,0.00011453822281359035
REI-26,dipep_GL,0.0,-0.002682062307970831,-0.0034667439243398425,0.0007846816163690116
REI-26,dipep_GM,0.0,-0.003391023991495412,-0.0044963557987050115,0.0011053318072095993
REI-26,dipep_GN,0.0,-4.302013577228351e-05,-3.596431576178036e-05,-7.05582001050315e-06
REI-26,dipep_GP,0.0,-1.0358806625302666e-05,5.248970154759778e-05,-6.284850817290044e-05
REI-26,dipep_GQ,0.0,0.00041521299559478834,0.00176045150455866,-0.0013452385089638716
REI-26,dipep_GR,0.03999999910593033,0.0027241458131851857,0.013354279918186983,-0.010630134105001798
REI-26,dipep_GS,0.0,-0.0010043103331059166,-0.00028060297920630797,-0.0007237073538996086
REI-26,dipep_GT,0.0,-0.00012154549927228742,0.00022285967103196602,-0.00034440517030425344
REI-26,dipep_GV,0.0,-0.0005022774964140995,-0.000765151454507998,0.00026287395809389854
REI-26,dipep_GW,0.0,-0.00394172849973049,-0.0055488748712140745,0.0016071463714835846
REI-26,dipep_GY,0.0,-0.0031217640278263996,-0.005654040803112933,0.0025322767752865333
REI-26,dipep_HA,0.0,-0.00028907132848729255,-0.00033330153671263683,4.423020822534428e-05
REI-26,dipep_HC,0.0,2.638844530550916e-05,0.0,2.638844530550916e-05
REI-26,dipep_HD,0.0,0.0,0.0,0.0
REI-26,dipep_HE,0.0,0.0,0.0,0.0
REI-26,dipep_HF,0.0,-9.998472005541055e-06,-1.6874582516491686e-05,6.8761105109506305e-06
REI-26,dipep_HG,0.0,-5.785374757582149e-05,-0.00010293112382455138,4.5077376248729894e-05
REI-26,dipep_HH,0.0,-8.260622048303279e-05,-0.00023528126102754433,0.00015267504054451155
REI-26,dipep_HI,0.0,-0.0007138444193424345,-0.0006337008809661517,-8.014353837628287e-05
REI-26,dipep_HK,0.0,-0.0001295071818103298,-8.393196277186163e-05,-4.557521903846816e-05
REI-26,dipep_HL,0.0,-9.4832345431585e-05,-0.00017920853931662528,8.437619388504027e-05
REI-26,dipep_HM,0.0,6.159046762810575e-05,-2.2251708016541128e-05,8.384217564464687e-05
REI-26,dipep_HN,0.0,-3.985566894596587e-05,-4.6720267452626906e-05,6.8645985066610344e-06
REI-26,dipep_HP,0.0,0.0,9.8267861567792e-05,-9.8267861567792e-05
REI-26,dipep_HQ,0.0,-8.662251681858326e-05,-7.3092416956227085e-06,-7.931327512296055e-05
REI-26,dipep_HR,0.0,1.6355908127228434e-05,-0.0006635258366047017,0.0006798817447319302
REI-26,dipep_HS,0.0,1.5372453702832073e-05,6.884282381761513e-05,-5.347037011478306e-05
REI-26,dipep_HT,0.03999999910593033,-0.0013782816615220848,0.0,-0.0013782816615220848
REI-26,dipep_HV,0.0,-0.00018136135741097904,-3.0337269614071013e-05,-0.00015102408779690802
REI-26,dipep_HW,0.0,0.0,-1.983043405209903e-05,1.983043405209903e-05
REI-26,dipep_HY,0.0,0.0,0.0,0.0
REI-26,dipep_IA,0.0,-0.00023297519214813867,3.337099757257723e-05,-0.0002663461897207159
REI-26,dipep_IC,0.0,1.7249075831145854e-05,-1.3212999017819805e-06,1.8570375732927834e-05
REI-26,dipep_ID,0.0,-0.002319037932748867,-0.004097868088810792,0.001778830156061925
REI-26,dipep_IE,0.0,-0.006228659219371,-0.010600912649662559,0.004372253430291559
REI-26,dipep_IF,0.0,-0.001069729665237592,-0.0013401141088643432,0.00027038444362675125
REI-26,dipep_IG,0.03999999910593033,-0.0005282014317982192,-0.002458656334410217,0.0019304549026119978
REI-26,dipep_IH,0.0,-0.0003378514877982491,-0.00016880860308594525,-0.00016904288471230382
REI-26,dipep_II,0.0,-0.0009436507821676767,-0.0009660878510281789,2.2437068860502196e-05
REI-26,dipep_IK,0.0,-0.0029508937244143428,-0.0028238227220171858,-0.000127071002397157
REI-26,dipep_IL,0.0,-0.001328346919239085,-0.0025257385259941124,0.0011973916067550274
REI-26,dipep_IM,0.0,1.576748799410539e-05,3.2908784252642764e-05,-1.7141296258537373e-05
REI-26,dipep_IN,0.0,-0.0007161473318668465,-0.00011429072901679892,-0.0006018566028500476
REI-26,dipep_IP,0.0,-0.0004030346131765552,-0.0010451636308908808,0.0006421290177143256
REI-26,dipep_IQ,0.0,-0.0004038312031267767,-0.0002948590554209204,-0.00010897214770585627
REI-26,dipep_IR,0.0,-0.00033335236956189555,0.0003056533718570056,-0.0006390057414189011
REI-26,dipep_IS,0.03999999910593033,0.004701125526313918,0.03496104304364854,-0.030259917517334624
REI-26,dipep_IT,0.0,-0.0001416685843816093,-0.0003187827095109124,0.0001771141251293031
REI-26,dipep_IV,0.0,-0.001201140997805283,-0.000464638836841667,-0.0007365021609636159
REI-26,dipep_IW,0.0,-0.00018707186212497864,-0.00030822852191132586,0.00012115665978634722
REI-26,dipep_IY,0.0,-5.0475927338374093e-05,1.2541289798915936e-05,-6.301721713729002e-05
REI-26,dipep_KA,0.0,-0.00017707235135503652,0.0005350380168222229,-0.0007121103681772595
REI-26,dipep_KC,0.0,-0.0007516607031702337,-0.001820619784528318,0.0010689590813580843
REI-26,dipep_KD,0.0,-0.0010295958143875083,-0.00020783222538421314,-0.0008217635890032951
REI-26,dipep_KE,0.0,-0.000581543404753996,1.8027666098675646e-05,-0.0005995710708526716
REI-26,dipep_KF,0.0,-0.0005174293045467332,0.0004160959753815851,-0.0009335252799283183
REI-26,dipep_KG,0.0,-0.0006537554005963857,-7.503738597924593e-05,-0.0005787180146171397
REI-26,dipep_KH,0.0,-0.00018626625727112932,-0.00033791165205137647,0.00015164539478024715
REI-26,dipep_KI,0.0,-0.0017624123723668096,-0.0012850357155960597,-0.0004773766567707498
REI-26,dipep_KK,0.0,-0.003091086545453511,-0.003475228184409576,0.0003841416389560649
REI-26,dipep_KL,0.0,-0.0003993473732063075,-0.001251489459734051,0.0008521420865277435
REI-26,dipep_KM,0.0,0.0001048249809262455,-7.87440639936896e-05,0.00018356904491993508
REI-26,dipep_KN,0.0,-0.0001570578936456838,-1.9195173262558863e-05,-0.00013786272038312494
REI-26,dipep_KP,0.0,-4.4715550879468845e-06,-0.0002665979355779733,0.0002621263804900264
REI-26,dipep_KQ,0.0,-0.00017854825952046618,-0.0006118442873196697,0.0004332960277992036
REI-26,dipep_KR,0.03999999910593033,-0.012106941630547341,-0.0031837605661615928,-0.008923181064385749
REI-26,dipep_KS,0.0,-0.000257861626152101,0.0004975978153952333,-0.0007554594415473343
REI-26,dipep_KT,0.0,-0.0006109514601357159,-0.0010723896720274907,0.00046143821189177485
REI-26,dipep_KV,0.0,-0.0032056187998869548,-0.0020828174678696127,-0.001122801332017342
REI-26,dipep_KW,0.0,-0.00017602347187079253,-3.925635198504743e-05,-0.0001367671198857451
REI-26,dipep_KY,0.0,-0.00039069717044369346,-0.00037195785566229814,-1.8739314781395324e-05
REI-26,dipep_LA,0.0,-0.0008652198195531811,-0.0008890213947529723,2.380157519979117e-05
REI-26,dipep_LC,0.0,5.258771012110712e-05,3.272461001638241e-05,1.986310010472471e-05
REI-26,dipep_LD,0.0,-1.1103965205043237e-05,-0.0004110518201386253,0.0003999478549335821
REI-26,dipep_LE,0.0,-1.9442428951162592e-05,-4.191622259215839e-05,2.24737936409958e-05
REI-26,dipep_LF,0.0,-0.010447565917284636,-0.018510275109881742,0.008062709192597106
REI-26,dipep_LG,0.0,-0.0005764290911421271,-0.0003781197510660046,-0.0001983093400761225
REI-26,dipep_LH,0.0,0.00021455374106428286,0.00015065597223977518,6.389776882450768e-05
REI-26,dipep_LI,0.0,-0.0035250754792373615,-0.0034638780066982545,-6.119747253910705e-05
REI-26,dipep_LK,0.0,-0.0024193593419155448,-0.0024056083570300948,-1.3750984885449978e-05
REI-26,dipep_LL,0.0,-0.0006827411049900714,3.327816929288716e-05,-0.0007160192742829586
REI-26,dipep_LM,0.0,-0.00011776199006591193,0.000279820760801389,-0.00039758275086730096
REI-26,dipep_LN,0.0,-0.0001216537753252518,0.00016943278030166582,-0.0002910865556269176
REI-26,dipep_LP,0.03999999910593033,0.009601538037832164,0.019771105161577342,-0.010169567123745178
REI-26,dipep_LQ,0.0,-0.00018278387534799963,-0.00015753437195968563,-2.5249503388314e-05
REI-26,dipep_LR,0.0,-6.841683005594472e-05,-0.00029271621983299246,0.00022429938977704773
REI-26,dipep_LS,0.0,-0.00035865180419762037,-0.0005938980093078282,0.00023524620511020783
REI-26,dipep_LT,0.0,-0.00037189995038851574,-9.29287203076467e-05,-0.00027897123008086905
REI-26,dipep_LV,0.0,-0.0012846715507907518,-0.001747066821406105,0.00046239527061535325
REI-26,dipep_LW,0.0,-0.0004329854942688815,-0.0006979445333228194,0.0002649590390539379
REI-26,dipep_LY,0.0,-1.3113743907405135e-05,-5.8845899448915396e-05,4.573215554151026e-05
REI-26,dipep_MA,0.0,-5.4387622920781695e-05,-0.0003309253713031227,0.000276537748382341
REI-26,dipep_MC,0.0,0.0,-4.088093751341379e-05,4.088093751341379e-05
REI-26,dipep_MD,0.0,-1.8116900492472314e-05,-1.0272195642174454e-05,-7.84470485029786e-06
REI-26,dipep_ME,0.0,-3.993029970629135e-05,0.0,-3.993029970629135e-05
REI-26,dipep_MF,0.0,4.7527141401617866e-05,0.0,4.7527141401617866e-05
REI-26,dipep_MG,0.0,-8.512859906219811e-05,-0.00014104154888198094,5.591294981978283e-05
REI-26,dipep_MH,0.0,0.0,0.0,0.0
REI-26,dipep_MI,0.0,-0.0020213376249910704,-0.0033913903639988174,0.001370052739007747
REI-26,dipep_MK,0.0,7.957494406023798e-05,0.0002304226457967838,-0.0001508477017365458
REI-26,dipep_ML,0.0,-3.723254861928863e-05,0.00013527923280301786,-0.0001725117814223065
REI-26,dipep_MM,0.0,-5.784589724264487e-05,-0.00033197481557599494,0.00027412891833335007
REI-26,dipep_MN,0.0,-2.0532253310130852e-05,-2.1669295313500235e-05,1.137042003369383e-06
REI-26,dipep_MP,0.0,0.0,0.0,0.0
REI-26,dipep_MQ,0.0,6.573464839366237e-05,5.3498073162139224e-05,1.223657523152315e-05
REI-26,dipep_MR,0.03999999910593033,0.0012777362842791365,0.007046625555436193,-0.005768889271157056
REI-26,dipep_MS,0.0,-3.3167525333114835e-05,-9.089159090797397e-05,5.772406557485913e-05
REI-26,dipep_MT,0.0,-0.0003048824242176624,-0.0003976047615650425,9.272233734738012e-05
REI-26,dipep_MV,0.0,-1.4948666002836613e-05,-1.3537805701448885e-05,-1.4108603013877287e-06
REI-26,dipep_MW,0.0,-1.853355217333477e-05,1.7729908058237946e-05,-3.6263460231572716e-05
REI-26,dipep_MY,0.0,0.0,-2.5017818716588805e-05,2.5017818716588805e-05
REI-26,dipep_NA,0.0,-0.0003336780214657638,-0.0004221269129937929,8.844889152802911e-05
REI-26,dipep_NC,0.0,-2.9493895491862873e-05,-8.452863888288896e-05,5.503474339102609e-05
REI-26,dipep_ND,0.0,4.0550743893201544e-05,0.0,4.0550743893201544e-05
REI-26,dipep_NE,0.0,-2.3523474769428895e-05,-7.722246013340371e-05,5.3698985363974815e-05
REI-26,dipep_NF,0.0,-0.00023771701488683997,3.7096350980942084e-06,-0.0002414266499849342
REI-26,dipep_NG,0.0,-0.005425995171796859,-0.002475220918293051,-0.002950774253503808
REI-26,dipep_NH,0.0,0.0,0.0,0.0
REI-26,dipep_NI,0.0,-4.092098678003512e-05,-8.87575878606324e-05,4.783660108059728e-05
REI-26,dipep_NK,0.0,5.199353818160742e-05,0.00031746709433658687,-0.00026547355615497945
REI-26,dipep_NL,0.0,-4.389620469375746e-05,-0.00013608800015037518,9.219179545661771e-05
REI-26,dipep_NM,0.0,0.0,-3.0436966242394582e-05,3.0436966242394582e-05
REI-26,dipep_NN,0.0,0.0,2.3824573891427464e-05,-2.3824573891427464e-05
REI-26,dipep_NP,0.0,6.619875397839718e-06,-3.468574167458902e-05,4.1305617072428737e-05
REI-26,dipep_NQ,0.0,-0.00027081236913423587,-0.0007992404206038759,0.00052842805146964
REI-26,dipep_NR,0.0,-0.0001295788075674193,-0.00011231133659803649,-1.726747096938282e-05
REI-26,dipep_NS,0.0,-2.732829102492175e-06,0.00010686658177860012,-0.0001095994108810923
REI-26,dipep_NT,0.0,-0.0023119006890924996,-0.001556949111150624,-0.0007549515779418756
REI-26,dipep_NV,0.03999999910593033,-0.00043465650458091005,0.0005654875620261962,-0.0010001440666071062
REI-26,dipep_NW,0.0,-6.172960185021622e-06,-3.705945251832922e-05,3.0886492333307595e-05
REI-26,dipep_NY,0.0,-4.955905198924156e-05,-5.8927383688769694e-05,9.368331699528137e-06
REI-26,dipep_PA,0.0,-0.0004233805441893868,-1.0992271398796715e-05,-0.0004123882727905901
REI-26,dipep_PC,0.0,-6.800571499486656e-05,-0.0003528364342375328,0.0002848307192426662
REI-26,dipep_PD,0.0,2.608382290578421e-05,0.0,2.608382290578421e-05
REI-26,dipep_PE,0.0,3.230055504492477e-05,-0.0006099691974533899,0.0006422697524983147
REI-26,dipep_PF,0.0,2.625194721852633e-05,8.931162937096821e-05,-6.305968215244188e-05
REI-26,dipep_PG,0.03999999910593033,-0.0050690210509879196,-0.00047812993777378673,-0.004590891113214133
REI-26,dipep_PH,0.0,-7.993808620789596e-05,-3.5089042203042624e-05,-4.4849044004853334e-05
REI-26,dipep_PI,0.0,7.801658918396878e-06,7.658814601997739e-05,-6.878648710158052e-05
REI-26,dipep_PK,0.0,-0.00022006048001555883,-0.00010211442628257065,-0.00011794605373298818
REI-26,dipep_PL,0.0,7.262421824255585e-05,0.00032081969357506567,-0.00024819547533250983
REI-26,dipep_PM,0.0,4.1415804422773655e-05,0.0,4.1415804422773655e-05
REI-26,dipep_PN,0.0,0.0,0.0,0.0
REI-26,dipep_PP,0.0,4.6314972339149955e-05,-4.876522005098632e-05,9.508019239013628e-05
REI-26,dipep_PQ,0.0,-1.9985246753488308e-05,9.185717689613222e-05,-0.00011184242364962053
REI-26,dipep_PR,0.0,0.00021369312171032434,0.0011763837894780654,-0.000962690667767741
REI-26,dipep_PS,0.0,-0.0005289961905384556,-0.0006623679612411771,0.00013337177070272155
REI-26,dipep_PT,0.0,-0.0006280321920429061,4.3497417150127565e-05,-0.0006715296091930337
REI-26,dipep_PV,0.0,-1.5531132491175208e-05,-1.2799959580199372e-06,-1.425113653315527e-05
REI-26,dipep_PW,0.0,0.0,5.410515440029906e-05,-5.410515440029906e-05
REI-26,dipep_PY,0.0,0.0,0.0,0.0
REI-26,dipep_QA,0.0,-0.00013401252037293702,-0.00013496790922182773,9.553888488907157e-07
REI-26,dipep_QC,0.0,-6.160371395685411e-05,4.617128555012066e-05,-0.00010777499950697477
REI-26,dipep_QD,0.0,-5.825320316940458e-05,-0.0003997314297416256,0.00034147822657222104
REI-26,dipep_QE,0.0,0.0,-7.606092192220526e-06,7.606092192220526e-06
REI-26,dipep_QF,0.0,-5.218508470485532e-05,-1.903198984866804e-05,-3.315309485618728e-05
REI-26,dipep_QG,0.0,-0.0003105790512211343,-0.000496409587603108,0.00018583053638197378
REI-26,dipep_QH,0.0,-0.00046650518707479606,-0.0011421297252714939,0.0006756245381966978
REI-26,dipep_QI,0.0,-3.8480543064297413e-05,-4.6886541219972144e-05,8.40599815567473e-06
REI-26,dipep_QK,0.0,6.679784688464343e-07,0.0003131193544292508,-0.00031245137596040435
REI-26,dipep_QL,0.0,-0.00013045652677996013,-0.00012686251419511421,-3.594012584845919e-06
REI-26,dipep_QM,0.0,-1.79637070422556e-05,0.0,-1.79637070422556e-05
REI-26,dipep_QN,0.0,-0.00017429464167847757,7.789915220053345e-05,-0.00025219379387901103
REI-26,dipep_QP,0.0,-0.0003703512582919654,-0.0006771774999910955,0.00030682624169913006
REI-26,dipep_QQ,0.0,-0.0005260144759472002,-0.0001619486701800699,-0.00036406580576713027
REI-26,dipep_QR,0.0,-0.0046976106728052495,-0.004224444834069395,-0.0004731658387358544
REI-26,dipep_QS,0.0,-0.0003808541440411052,-0.0003918178101930763,1.0963666151971106e-05
REI-26,dipep_QT,0.0,0.0,0.0,0.0
REI-26,dipep_QV,0.0,1.9992830604820144e-05,3.483982573105464e-05,-1.4846995126234497e-05
REI-26,dipep_QW,0.0,-0.00012124030637218582,-0.00015888066933593216,3.764036296374634e-05
REI-26,dipep_QY,0.0,0.0,0.0,0.0
REI-26,dipep_RA,0.03999999910593033,-0.0018782213275274956,0.0010690582544921772,-0.0029472795820196726
REI-26,dipep_RC,0.0,2.9510176980718553e-05,0.00032819868042479016,-0.0002986885034440716
REI-26,dipep_RD,0.0,-0.0002426860354100614,-3.538248179059854e-05,-0.00020730355361946287
REI-26,dipep_RE,0.03999999910593033,-0.003995950854784854,-0.0039504586427792825,-4.549221200557136e-05
REI-26,dipep_RF,0.03999999910593033,-0.007008876675665896,-0.005164832141166926,-0.0018440445344989707
REI-26,dipep_RG,0.0,0.0004260298673718923,0.0009149363238669217,-0.0004889064564950294
REI-26,dipep_RH,0.0,-7.634751261530228e-05,0.0,-7.634751261530228e-05
REI-26,dipep_RI,0.0,-0.00011378572681086305,0.0003047598112718143,-0.00041854553808267736
REI-26,dipep_RK,0.03999999910593033,0.0047618865663245045,0.003340394556443624,0.0014214920098808807
REI-26,dipep_RL,0.0,-0.0001418040932912377,-0.000323359306917288,0.00018155521362605027
REI-26,dipep_RM,0.0,-0.0003551733256518958,-7.798751952228279e-05,-0.00027718580612961304
REI-26,dipep_RN,0.03999999910593033,-0.0010517100749883861,-0.003382315495396109,0.002330605420407723
REI-26,dipep_RP,0.0,6.872819577242798e-05,0.00035124143475482905,-0.00028251323898240106
REI-26,dipep_RQ,0.0,-0.007899067545257843,-0.007020035078890151,-0.0008790324663676919
REI-26,dipep_RR,0.0,0.0005399155567240973,-0.0006214326547265288,0.001161348211450626
REI-26,dipep_RS,0.0,6.989913516946583e-05,-0.0020051457076093807,0.0020750448427788466
REI-26,dipep_RT,0.03999999910593033,-0.008920077645152041,-0.004645999018171972,-0.004274078626980069
REI-26,dipep_RV,0.0,0.00025373932845449516,-0.00015655142914360571,0.0004102907575981009
REI-26,dipep_RW,0.0,-0.0005315273405865264,-0.0004516078100973438,-7.99195304891826e-05
REI-26,dipep_RY,0.0,-0.00019156090825038814,3.109360182960947e-05,-0.0002226545100799976
REI-26,dipep_SA,0.0,-0.0003552119853644452,0.0004937913385778479,-0.000849003323942293
REI-26,dipep_SC,0.0,-0.00021237269926709633,-1.0751344205068847e-05,-0.00020162135506202747
REI-26,dipep_SD,0.0,-2.9749599402175727e-05,-0.0001671320386178193,0.00013738243921564356
REI-26,dipep_SE,0.0,-5.550463426212173e-06,0.0,-5.550463426212173e-06
REI-26,dipep_SF,0.0,-0.00017473920810627858,5.090210386723619e-05,-0.0002256413119735148
REI-26,dipep_SG,0.0,-3.550647290472861e-06,-0.00016264709687186576,0.0001590964495813929
REI-26,dipep_SH,0.0,-3.9636886387782364e-05,2.7416249657248792e-05,-6.705313604503115e-05
REI-26,dipep_SI,0.0,-0.0004261369434227686,-0.000416501821654317,-9.635121768451576e-06
REI-26,dipep_SK,0.0,-0.004062540398898151,-0.005135498546070006,0.0010729581471718543
REI-26,dipep_SL,0.0,-0.0002944227859703914,-0.00038923982091451523,9.481703494412384e-05
REI-26,dipep_SM,0.0,0.0,0.0,0.0
REI-26,dipep_SN,0.0,-0.0012058928152451844,-0.00021563444199877274,-0.0009902583732464116
REI-26,dipep_SP,0.0,0.00026138954284453603,-0.00024099740700610014,0.0005023869498506361
REI-26,dipep_SQ,0.0,-4.204557050326261e-05,-1.6208235395344264e-05,-2.5837335107918343e-05
REI-26,dipep_SR,0.03999999910593033,-0.004807591870990246,-0.0005811868927414183,-0.004226404978248828
REI-26,dipep_SS,0.0,-0.00016549596795738003,-1.5696099875734016e-05,-0.00014979986808164603
REI-26,dipep_ST,0.0,-0.00045326478414725596,-0.0002990867094278955,-0.00015417807471936046
REI-26,dipep_SV,0.0,-0.00017361618865277564,9.023505139633156e-06,-0.0001826396937924088
REI-26,dipep_SW,0.0,-0.0009110269446597326,-0.00041013766998294763,-0.000500889274676785
REI-26,dipep_SY,0.0,-0.000229958499913908,-5.9631558549808e-05,-0.0001703269413641
REI-26,dipep_TA,0.0,-0.00034935335829114095,-0.0005026660525941479,0.00015331269430300697
REI-26,dipep_TC,0.0,7.927891775379633e-06,1.9067975101186535e-05,-1.1140083325806902e-05
REI-26,dipep_TD,0.0,0.0,0.00013105839350171876,-0.00013105839350171876
REI-26,dipep_TE,0.0,-0.0004230182105200434,0.0,-0.0004230182105200434
REI-26,dipep_TF,0.0,-0.0010446357890323444,-0.0015177969146623405,0.00047316112562999614
REI-26,dipep_TG,0.0,-0.0012575816677027538,-0.0007611133309214506,-0.0004964683367813032
REI-26,dipep_TH,0.0,-5.798283428780803e-06,-2.4001333377462425e-05,1.8203049948681623e-05
REI-26,dipep_TI,0.0,-0.0010173335720515327,-0.0023331666899651855,0.0013158331179136528
REI-26,dipep_TK,0.0,-0.0004588823064093577,5.777620613229954e-05,-0.0005166585125416573
REI-26,dipep_TL,0.03999999910593033,-0.0029640955124330716,0.00269631190075635,-0.005660407413189421
REI-26,dipep_TM,0.0,0.0,0.0,0.0
REI-26,dipep_TN,0.0,-6.666040625915223e-05,-1.973244793846349e-05,-4.692795832068874e-05
REI-26,dipep_TP,0.0,-0.00048289519690972085,7.017779212046636e-05,-0.0005530729890301872
REI-26,dipep_TQ,0.0,-7.848098312084849e-05,-0.000311562040712542,0.0002330810575916935
REI-26,dipep_TR,0.03999999910593033,-0.006724549430514902,0.0009500427260940434,-0.0076745921566089455
REI-26,dipep_TS,0.0,-0.00010428495052235263,-0.0006294736096173096,0.000525188659094957
REI-26,dipep_TT,0.0,-0.0019395886221744883,-0.0005215915465898379,-0.0014179970755846504
REI-26,dipep_TV,0.0,-0.00020980261996522736,-0.00032502272944308065,0.0001152201094778533
REI-26,dipep_TW,0.0,0.0,7.199279738796242e-05,-7.199279738796242e-05
REI-26,dipep_TY,0.0,5.32490579150175e-05,-2.9797604899304257e-05,8.304666281432176e-05
REI-26,dipep_VA,0.0,-0.002090337766142005,-0.0006392634938983268,-0.0014510742722436782
REI-26,dipep_VC,0.0,-0.00019099793754479239,-0.00040491205764305656,0.00021391412009826418
REI-26,dipep_VD,0.0,0.0,0.0,0.0
REI-26,dipep_VE,0.0,-5.7108524558847256e-05,-0.0003214368920940555,0.00026432836753520825
REI-26,dipep_VF,0.03999999910593033,0.0018649320217903336,0.0013872715920636958,0.0004776604297266377
REI-26,dipep_VG,0.0,-0.00023540217825809457,4.584504530397997e-05,-0.00028124722356207455
REI-26,dipep_VH,0.0,-0.0004926854767096669,-0.000406231474030327,-8.645400267933995e-05
REI-26,dipep_VI,0.0,-0.00012019104979039723,4.290412088771454e-05,-0.00016309517067811176
REI-26,dipep_VK,0.0,0.00018060317216673225,0.001067822756056914,-0.0008872195838901818
REI-26,dipep_VL,0.0,-0.002794267072847053,-0.0018439735684620496,-0.0009502935043850034
REI-26,dipep_VM,0.0,-1.0585602016739832e-05,0.0,-1.0585602016739832e-05
REI-26,dipep_VN,0.0,-0.0002834952584932976,-0.00030646820294433246,2.2972944451034858e-05
REI-26,dipep_VP,0.0,-0.00038279827667080893,-0.00013757299681050936,-0.0002452252798602996
REI-26,dipep_VQ,0.0,-0.00037753868682352494,1.0357850065788886e-05,-0.0003878965368893138
REI-26,dipep_VR,0.0,0.0004608989294499942,0.0006460633563600604,-0.0001851644269100662
REI-26,dipep_VS,0.0,0.00023576386518549313,-1.1089699495228506e-05,0.0002468535646807216
REI-26,dipep_VT,0.0,-0.0002854780546345399,-0.00017246623497106577,-0.0001130118196634741
REI-26,dipep_VV,0.0,7.545332937272008e-05,0.00012239607373252406,-4.694274435980398e-05
REI-26,dipep_VW,0.0,-2.4732952625195388e-05,-7.589903927496471e-05,5.116608664976932e-05
REI-26,dipep_VY,0.0,-0.00014794493076466888,-0.00011259695041753835,-3.534798034713053e-05
REI-26,dipep_WA,0.0,0.0,0.0,0.0
REI-26,dipep_WC,0.0,0.0,0.0,0.0
REI-26,dipep_WD,0.0,0.0,0.0,0.0
REI-26,dipep_WE,0.0,-0.0020576298011652796,-0.0031273565255960823,0.0010697267244308027
REI-26,dipep_WF,0.0,-0.00045072246609551903,-0.0004780553091058445,2.7332843010325475e-05
REI-26,dipep_WG,0.0,-3.5364654771919486e-05,-6.364785726454143e-05,2.828320249262194e-05
REI-26,dipep_WH,0.0,-1.6047560054288645e-05,0.0,-1.6047560054288645e-05
REI-26,dipep_WI,0.0,-0.0012068675693679349,-0.0010988724067424042,-0.00010799516262553072
REI-26,dipep_WK,0.0,-0.00028013959440952355,-2.832903974722961e-05,-0.00025181055466229395
REI-26,dipep_WL,0.0,-0.00022918559274398437,-0.00015287837647293403,-7.630721627105034e-05
REI-26,dipep_WM,0.0,0.0,-1.3909980568982484e-05,1.3909980568982484e-05
REI-26,dipep_WN,0.0,-5.384855151690395e-05,-7.504184965530028e-06,-4.634436655137392e-05
REI-26,dipep_WP,0.0,-9.810432276307685e-06,0.0,-9.810432276307685e-06
REI-26,dipep_WQ,0.0,-0.00014748786452867195,-0.00012022547263847359,-2.7262391890198363e-05
REI-26,dipep_WR,0.0,-0.000417155232523945,-0.0004372215043219131,2.0066271797968146e-05
REI-26,dipep_WS,0.0,-0.00010560009871905914,-7.637019935461561e-05,-2.922989936444353e-05
REI-26,dipep_WT,0.0,0.0,0.0,0.0
REI-26,dipep_WV,0.0,-1.9125637194734037e-05,-2.397059400193655e-05,4.844956807202512e-06
REI-26,dipep_WW,0.0,-0.00016418036721447838,-0.00012915935949099622,-3.502100772348216e-05
REI-26,dipep_WY,0.0,-0.006893416666692548,-0.010879497076554844,0.003986080409862296
REI-26,dipep_YA,0.0,-5.117893228099054e-05,-0.00014505486234089963,9.387593005990908e-05
REI-26,dipep_YC,0.0,0.00021990886342024513,0.00024897127037383813,-2.9062406953593003e-05
REI-26,dipep_YD,0.0,0.0,0.0,0.0
REI-26,dipep_YE,0.0,2.9478587852095772e-05,2.131114926049687e-05,8.167438591598903e-06
REI-26,dipep_YF,0.0,-6.694563825581245e-06,0.0,-6.694563825581245e-06
REI-26,dipep_YG,0.0,-0.007311077702284445,-0.006530372539434627,-0.0007807051628498183
REI-26,dipep_YH,0.0,-1.075988342275629e-05,0.0,-1.075988342275629e-05
REI-26,dipep_YI,0.0,0.0,-6.907203566054685e-05,6.907203566054685e-05
REI-26,dipep_YK,0.0,-9.785062132449522e-05,0.0007109463741178054,-0.0008087969954423006
REI-26,dipep_YL,0.0,-0.00035458692976152406,-0.00042580048482033096,7.12135550588069e-05
REI-26,dipep_YM,0.0,0.0,0.0,0.0
REI-26,dipep_YN,0.0,0.0,0.0,0.0
REI-26,dipep_YP,0.0,0.0,5.61505307687785e-05,-5.61505307687785e-05
REI-26,dipep_YQ,0.0,-0.00042902591805008634,-0.0009096037745154398,0.00048057785646535343
REI-26,dipep_YR,0.0,-0.0003561450436245509,-0.00026381317483454984,-9.233186879000106e-05
REI-26,dipep_YS,0.0,-0.0003137358501564716,-0.00014223056470925795,-0.00017150528544721363
REI-26,dipep_YT,0.0,-0.00010991475347394062,-0.00021481050674093552,0.0001048957532669949
REI-26,dipep_YV,0.0,-0.00013501019821797312,-5.6494688444039025e-05,-7.851550977393409e-05
REI-26,dipep_YW,0.0,-1.8721984066541632e-05,-0.00011660704529643922,9.788506122989759e-05
REI-26,dipep_YY,0.0,0.0,0.0,0.0
REI-26,glycine_frac,0.07692307978868484,-0.005714343006597009,-0.004480092304052672,-0.001234250702544337
REI-26,hmoment,0.8949819207191467,0.00605801791404233,0.013836165686840502,-0.007778147772798172
REI-26,hydrophobic_frac,0.3461538553237915,-0.031083175981850897,-0.030963405297927626,-0.0001197706839232704
REI-26,length,26.0,0.009377037067892247,0.03378139864619629,-0.024404361578304043
REI-26,proline_frac,0.03846153989434242,-0.00018288246587498596,0.003070477037987794,-0.00325335950386278
SPE-22,aa_A,0.04545454680919647,-0.0015448525468058256,0.005113336718678902,-0.006658189265484728
SPE-22,aa_C,0.0,-0.004729437873942474,-0.005985388603349919,0.0012559507294074446
SPE-22,aa_D,0.0,-0.0005309138930603542,-4.4638000072902935e-05,-0.0004862758929874513
SPE-22,aa_E,0.09090909361839294,0.0006686439233565569,0.006567073772453313,-0.005898429849096756
SPE-22,aa_F,0.0,-0.006655950084688349,-0.011220259307237551,0.004564309222549202
SPE-22,aa_G,0.0,-0.0027770366835970545,-0.005195457220021788,0.0024184205364247333
SPE-22,aa_H,0.04545454680919647,-0.0025847647333086393,-0.0010317355446055562,-0.0015530291887030831
SPE-22,aa_I,0.0,-0.015269674173848552,-0.01747317645391302,0.002203502280064466
SPE-22,aa_K,0.1818181872367859,-0.0045524052972244254,-0.003473525933166668,-0.0010788793640577575
SPE-22,aa_L,0.04545454680919647,-0.005398595989098139,-0.004269293455891563,-0.0011293025332065765
SPE-22,aa_M,0.04545454680919647,-0.0017648941300720065,0.00402348881124129,-0.005788382941313296
SPE-22,aa_N,0.0,-0.0013053544896022928,-0.0005228479857353258,-0.000782506503866967
SPE-22,aa_P,0.13636364042758942,-0.008072208894793174,-0.008751160616638649,0.0006789517218454746
SPE-22,aa_Q,0.0,-0.006134500905147625,-0.0069840648207842625,0.0008495639156366379
SPE-22,aa_R,0.1818181872367859,-0.029917194741522563,-0.024223960814911863,-0.0056932339266107
SPE-22,aa_S,0.13636364042758942,-0.0009412868370621692,0.0031789533397399974,-0.0041202401768021665
SPE-22,aa_T,0.0,-0.0013135166092197383,-0.0024221402640489374,0.001108623654829199
SPE-22,aa_V,0.0,-0.00018975364126931372,0.00108481096125278,-0.0012745646025220936
SPE-22,aa_W,0.04545454680919647,0.0036790286946539463,0.004676460621098086,-0.0009974319264441393
SPE-22,aa_Y,0.04545454680919647,-0.0021329980043051414,-0.0002150749742591479,-0.0019179230300459935
SPE-22,acidic_frac,0.09090909361839294,-0.011370828449530128,-0.009246225714477753,-0.0021246027350523746
SPE-22,alpha,1.0218181610107422,-0.0023778551058933096,0.00017545492208557412,-0.0025533100279788836
SPE-22,apv,0.22577272355556488,0.002311890823482895,-0.0004364968153083664,0.0027483876387912618
SPE-22,aromatic_frac,0.09090909361839294,-0.006250958777305468,0.0009078553230395473,-0.007158814100345016
SPE-22,basic_frac,0.40909090638160706,-0.02387118442956014,-0.013395993679106172,-0.010475190750453969
SPE-22,boman,4.504090785980225,-0.029391162693625926,-0.02718041260190254,-0.0022107500917233867
SPE-22,charge,6.217222213745117,-0.005321050606484365,-0.0036038257915669194,-0.0017172248149174459
SPE-22,dipep_AA,0.0,-0.001612432096200697,-0.002225138457211189,0.0006127063610104919
SPE-22,dipep_AC,0.0,-4.982703032379017e-05,-3.80273182776782e-05,-1.1799712046111973e-05
SPE-22,dipep_AD,0.0,-1.6184771050043193e-05,-1.5564957873331125e-05,-6.198131767120683e-07
SPE-22,dipep_AE,0.0,-1.1635131182193774e-06,-2.4321828811339563e-05,2.3158315693120185e-05
SPE-22,dipep_AF,0.0,-0.00012670862929930435,-0.00024362868630410642,0.00011692005700480207
SPE-22,dipep_AG,0.0,-0.00048545967941214144,-0.0003512530407902837,-0.00013420663862185776
SPE-22,dipep_AH,0.0,-7.9125357426271e-05,-0.00021601418993181878,0.00013688883250554778
SPE-22,dipep_AI,0.0,-0.004160947130388145,-0.005297077632127433,0.001136130501739288
SPE-22,dipep_AK,0.0476190485060215,-1.568755065389048e-05,0.006692443494803082,-0.006708131045456973
SPE-22,dipep_AL,0.0,-0.00349061590086745,-0.003814548409472671,0.00032393250860522117
SPE-22,dipep_AM,0.0,-1.1324425994420944e-05,-0.0003899698676902062,0.00037864544169578524
SPE-22,dipep_AN,0.0,-0.000311906585643852,-0.0005478636143895636,0.0002359570287457116
SPE-22,dipep_AP,0.0,7.481752187678424e-05,0.00027610385064548936,-0.00020128632876870511
SPE-22,dipep_AQ,0.0,-0.0014726288546238048,-0.0015146063999832001,4.1977545359395347e-05
SPE-22,dipep_AR,0.0,-1.3160578125006571e-05,0.0002442476370771988,-0.0002574082152022054
SPE-22,dipep_AS,0.0,-0.0005810863761851777,-0.0005969591335797058,1.5872757394528062e-05
SPE-22,dipep_AT,0.0,-0.00021262634497914103,-0.00016605332070701478,-4.657302427212625e-05
SPE-22,dipep_AV,0.0,-0.0025185315027695014,-0.0007176373946012537,-0.0018008941081682477
SPE-22,dipep_AW,0.0,-0.00015543649065554184,-0.0005013306086134478,0.00034589411795790594
SPE-22,dipep_AY,0.0,-6.948818135989648e-05,-0.00012425370187425018,5.47655205143537e-05
SPE-22,dipep_CA,0.0,-3.628123202350416e-05,-0.00015731969051154603,0.00012103845848804187
SPE-22,dipep_CC,0.0,-0.00015211599421078182,-0.00014910419197458394,-3.0118022361978844e-06
SPE-22,dipep_CD,0.0,-0.00011215867923325164,-7.296940666373173e-05,-3.918927256951991e-05
SPE-22,dipep_CE,0.0,-0.00013434267346299508,-0.0004253458774144262,0.0002910032039514311
SPE-22,dipep_CF,0.0,-1.940809558568352e-05,0.0,-1.940809558568352e-05
SPE-22,dipep_CG,0.0,-0.00399409551760383,-0.005928736085482919,0.0019346405678790889
SPE-22,dipep_CH,0.0,-3.5981248642557146e-05,-1.3727634326863946e-05,-2.22536143156932e-05
SPE-22,dipep_CI,0.0,-3.514859479636381e-05,-0.00010793351492663541,7.27849201302716e-05
SPE-22,dipep_CK,0.0,-0.00020086641480827587,-0.0002421304752148214,4.126406040654552e-05
SPE-22,dipep_CL,0.0,-1.8316724100462583e-05,-4.8833699427051186e-05,3.0516975326588604e-05
SPE-22,dipep_CM,0.0,0.0,0.0,0.0
SPE-22,dipep_CN,0.0,-4.180392838482475e-05,-7.126650003456583e-05,2.9462571649741076e-05
SPE-22,dipep_CP,0.0,-0.00018907215838223352,-0.00031975657462854964,0.0001306844162463161
SPE-22,dipep_CQ,0.0,0.0,0.0,0.0
SPE-22,dipep_CR,0.0,-0.00014934792894093045,-0.00039452264570132836,0.0002451747167603979
SPE-22,dipep_CS,0.0,-4.373573404139179e-05,-0.00013369628052743582,8.996054648604404e-05
SPE-22,dipep_CT,0.0,-8.144460424375142e-05,-9.116066563504376e-05,9.716061391292345e-06
SPE-22,dipep_CV,0.0,-7.67647152971507e-05,-0.00042552427233807336,0.00034875955704092264
SPE-22,dipep_CW,0.0,-0.00017744916828581696,-0.00016099400407626986,-1.64551642095471e-05
SPE-22,dipep_CY,0.0,-0.0003603188018732775,-0.0006344723609826214,0.00027415355910934385
SPE-22,dipep_DA,0.0,-8.923402659478462e-06,-1.993680474174616e-05,1.1013402082267696e-05
SPE-22,dipep_DC,0.0,0.0,0.0,0.0
SPE-22,dipep_DD,0.0,-7.690838563846816e-05,-2.184251451119715e-05,-5.5065871127271e-05
SPE-22,dipep_DE,0.0,-0.00015420734730650892,-0.0003151062209490078,0.00016089887364249887
SPE-22,dipep_DF,0.0,-0.0009058404807959334,-7.432138184154177e-05,-0.0008315190989543916
SPE-22,dipep_DG,0.0,-0.0022404263456085086,-0.0019282094774122603,-0.0003122168681962483
SPE-22,dipep_DH,0.0,-8.500555582031816e-05,0.0,-8.500555582031816e-05
SPE-22,dipep_DI,0.0,-2.465380005073444e-05,-0.00039381549426159535,0.0003691616942108609
SPE-22,dipep_DK,0.0,0.00015154830257132882,-0.00017327254062771805,0.0003248208431990469
SPE-22,dipep_DL,0.0,-0.00022615075064250036,-0.00018507651767816311,-4.107423296433724e-05
SPE-22,dipep_DM,0.0,0.0,0.0,0.0
SPE-22,dipep_DN,0.0,-9.539571646409397e-06,0.0,-9.539571646409397e-06
SPE-22,dipep_DP,0.0,0.0,0.0,0.0
SPE-22,dipep_DQ,0.0,-2.3508683498526663e-05,-4.662072838307383e-05,2.3112044884547168e-05
SPE-22,dipep_DR,0.0,-7.103657993601433e-05,-0.0001921300182906971,0.00012109343835468277
SPE-22,dipep_DS,0.0,-4.255592130109623e-05,-4.477807514986816e-05,2.222153848771925e-06
SPE-22,dipep_DT,0.0,-2.457676268457351e-05,-0.00012877703772972871,0.0001042002750451552
SPE-22,dipep_DV,0.0,0.00010612764466139742,-4.818124809352288e-05,0.0001543088927549203
SPE-22,dipep_DW,0.0,-1.2141082779279575e-05,-0.00020099268232601843,0.00018885159954673886
SPE-22,dipep_DY,0.0,-5.140651055699809e-05,-5.7371453452456766e-05,5.964942895458677e-06
SPE-22,dipep_EA,0.0,-0.0023278624955435524,-0.0018597979108755736,-0.00046806458466797877
SPE-22,dipep_EC,0.0,-0.0003000154532650034,-0.0002199154586612003,-8.009999460380308e-05
SPE-22,dipep_ED,0.0,-0.00019503049440378092,-0.00022139388133545773,2.6363386931676808e-05
SPE-22,dipep_EE,0.0,-0.00016834311413132014,-9.713257474331628e-05,-7.121053938800386e-05
SPE-22,dipep_EF,0.0,-0.000765486028133504,-0.0003406204602499292,-0.0004248655678835748
SPE-22,dipep_EG,0.0,-0.005984498390857421,-0.008377534682047178,0.0023930362911897575
SPE-22,dipep_EH,0.0476190485060215,-0.0008407314547338928,-0.0024045403417213103,0.0015638088869874174
SPE-22,dipep_EI,0.0,-8.778223479398809e-05,-1.1195563600921482e-05,-7.658667119306661e-05
SPE-22,dipep_EK,0.0,0.00037052939355036827,0.0013188232510313947,-0.0009482938574810264
SPE-22,dipep_EL,0.0,-2.183328964636241e-06,-9.975396412622279e-05,9.757063516158655e-05
SPE-22,dipep_EM,0.0,0.0,0.0,0.0
SPE-22,dipep_EN,0.0,-0.0022775424583784793,-0.00549955919722842,0.0032220167388499403
SPE-22,dipep_EP,0.0,-8.62271344444446e-06,0.0,-8.62271344444446e-06
SPE-22,dipep_EQ,0.0,-8.371437231771799e-05,-2.8416302738394907e-05,-5.529806957932308e-05
SPE-22,dipep_ER,0.0,7.021648611000683e-06,-4.3144663948795864e-05,5.016631255979655e-05
SPE-22,dipep_ES,0.0,-0.00046444972950658944,-3.109539067283806e-05,-0.00043335433883375137
SPE-22,dipep_ET,0.0,-1.1894597009614437e-05,0.0,-1.1894597009614437e-05
SPE-22,dipep_EV,0.0,-1.251987526191665e-05,0.0,-1.251987526191665e-05
SPE-22,dipep_EW,0.0,-2.4237116241818324e-05,0.00048949845338235,-0.0005137355696241683
SPE-22,dipep_EY,0.0476190485060215,0.0006035532537816277,0.0,0.0006035532537816277
SPE-22,dipep_FA,0.0,-0.00014282930574577497,-2.4656108607555907e-05,-0.00011817319713821906
SPE-22,dipep_FC,0.0,-0.0002664479614389686,-0.0005103277385498376,0.000243879777110869
SPE-22,dipep_FD,0.0,-1.874532372131325e-05,-0.00011204951461888552,9.330419089757227e-05
SPE-22,dipep_FE,0.0,-0.0018994362802848468,-0.0025887487599498458,0.000689312479664999
SPE-22,dipep_FF,0.0,-0.0010884035341911234,0.00023429321733456219,-0.0013226967515256856
SPE-22,dipep_FG,0.0,-0.0008487477138500195,-0.0011218523535766753,0.0002731046397266558
SPE-22,dipep_FH,0.0,-0.000241972634727494,-0.0006251256913990174,0.0003831530566715234
SPE-22,dipep_FI,0.0,-0.00232177400635096,-0.003857829142467041,0.0015360551361160808
SPE-22,dipep_FK,0.0,-0.0008460236045878641,-0.0004512591322847209,-0.00039476447230314324
SPE-22,dipep_FL,0.0,-0.006842643357261049,-0.005329097035427162,-0.001513546321833887
SPE-22,dipep_FM,0.0,-0.00022808207276897545,-0.0003485514009959952,0.00012046932822701976
SPE-22,dipep_FN,0.0,-2.268489259709103e-05,-7.346715197681981e-05,5.078225937972878e-05
SPE-22,dipep_FP,0.0,-0.00014956946166988836,-0.00021836084164876527,6.879137997887691e-05
SPE-22,dipep_FQ,0.0,-9.924798981359686e-05,-0.00010994696930156304,1.0698979487966184e-05
SPE-22,dipep_FR,0.0,0.0001335071348858439,0.0005741359960595897,-0.0004406288611737458
SPE-22,dipep_FS,0.0,-0.00012310429779150144,-0.00018750118555220177,6.439688776070033e-05
SPE-22,dipep_FT,0.0,-0.00017430448726545687,-0.0003205056659326489,0.000146201178667192
SPE-22,dipep_FV,0.0,-0.00022848799789669842,8.616963684024293e-05,-0.00031465763473694137
SPE-22,dipep_FW,0.0,-4.759078360779859e-05,-3.6241331772824106e-05,-1.1349451834974488e-05
SPE-22,dipep_FY,0.0,-2.6459346244695474e-05,-1.5504401848376056e-05,-1.0954944396319417e-05
SPE-22,dipep_GA,0.0,-0.0006157651517519845,-0.0012401965923184272,0.0006244314405664428
SPE-22,dipep_GC,0.0,-0.00012352195445276408,-0.00022118623182809343,9.766427737532935e-05
SPE-22,dipep_GD,0.0,-0.0002701572521893879,-0.00015002805488869043,-0.00012012919730069747
SPE-22,dipep_GE,0.0,9.738100642798632e-06,-4.080269999131378e-05,5.0540800634112414e-05
SPE-22,dipep_GF,0.0,-0.0034331290615917027,-0.0023575329186013004,-0.0010755961429904023
SPE-22,dipep_GG,0.0,-4.381700561894754e-05,4.715025662228604e-05,-9.096726224123357e-05
SPE-22,dipep_GH,0.0,-0.00042587638741779977,-0.00042968710479657294,3.8107173787731716e-06
SPE-22,dipep_GI,0.0,-0.0008552195195021201,-8.524088326681935e-05,-0.0007699786362353007
SPE-22,dipep_GK,0.0,-0.0006650877427836265,-0.0005714258793715664,-9.366186341206004e-05
SPE-22,dipep_GL,0.0,-0.0024628091001340988,-0.0026151419122383327,0.00015233281210423394
SPE-22,dipep_GM,0.0,-0.0032856892880687234,-0.004070508964558639,0.0007848196764899157
SPE-22,dipep_GN,0.0,3.9833584137381535e-05,-7.602129639013696e-05,0.0001158548805275185
SPE-22,dipep_GP,0.0,4.0286085740979306e-05,-0.0001303007099877396,0.00017058679572871892
SPE-22,dipep_GQ,0.0,0.00010868981136120769,0.0008749364504838132,-0.0007662466391226055
SPE-22,dipep_GR,0.0,-0.0019434847780148777,-0.004572971981762238,0.00262948720374736
SPE-22,dipep_GS,0.0,-0.0011210602896435697,-0.0009315923732803932,-0.00018946791636317644
SPE-22,dipep_GT,0.0,-7.343435118799976e-05,-1.0631742696549333e-05,-6.280260849145042e-05
SPE-22,dipep_GV,0.0,-0.0007790674947503012,-0.00083896505362505,5.989755887474883e-05
SPE-22,dipep_GW,0.0,-0.003692340911248782,-0.0052700538591116805,0.0015777129478628986
SPE-22,dipep_GY,0.0,-0.0020804239862053453,-0.004461177346831377,0.002380753360626032
SPE-22,dipep_HA,0.0,-0.00033515406657614764,-0.00020193730616638507,-0.00013321676040976258
SPE-22,dipep_HC,0.0,0.0,0.0,0.0
SPE-22,dipep_HD,0.0,0.0,0.0,0.0
SPE-22,dipep_HE,0.0,0.0,0.0,0.0
SPE-22,dipep_HF,0.0,-9.998472005541055e-06,-7.473380013849102e-06,-2.525091991691953e-06
SPE-22,dipep_HG,0.0,-5.05709966717643e-05,-0.00011976769386861123,6.919669719684693e-05
SPE-22,dipep_HH,0.0,-7.838297588301499e-05,-0.00014731996455916602,6.893698867615103e-05
SPE-22,dipep_HI,0.0,-0.0007415557461113117,-0.0005578224004504297,-0.00018373334566088202
SPE-22,dipep_HK,0.0,-0.000340563516029789,-0.00043322398132283614,9.266046529304714e-05
SPE-22,dipep_HL,0.0,-0.00013317898241293474,-0.00016793432672123468,3.4755344308299945e-05
SPE-22,dipep_HM,0.0476190485060215,0.0009144247077209272,0.0026098036769185403,-0.0016953789691976132
SPE-22,dipep_HN,0.0,-3.985566894596587e-05,-4.225565835018926e-05,2.399989404223388e-06
SPE-22,dipep_HP,0.0,0.0,7.125747797658139e-06,-7.125747797658139e-06
SPE-22,dipep_HQ,0.0,-5.129782770075017e-05,-6.999404534897373e-05,1.869621764822356e-05
SPE-22,dipep_HR,0.0,-0.00015081475181804064,-0.0003598088822540034,0.00020899413043596276
SPE-22,dipep_HS,0.0,-3.241947666521005e-05,-5.584279346806462e-05,2.342331680285457e-05
SPE-22,dipep_HT,0.0,2.9893536392128095e-05,0.0,2.9893536392128095e-05
SPE-22,dipep_HV,0.0,-0.00010733508723259378,0.0,-0.00010733508723259378
SPE-22,dipep_HW,0.0,0.0,-1.983043405209903e-05,1.983043405209903e-05
SPE-22,dipep_HY,0.0,0.0,0.0,0.0
SPE-22,dipep_IA,0.0,-0.0005185668517828343,-0.0009089856494179461,0.00039041879763511184
SPE-22,dipep_IC,0.0,-5.5840324625513246e-05,-0.00022952972826307904,0.0001736894036375658
SPE-22,dipep_ID,0.0,-0.0024401438719928396,-0.004525446857669863,0.0020853029856770233
SPE-22,dipep_IE,0.0,-0.005853783744397495,-0.009766952789307556,0.003913169044910061
SPE-22,dipep_IF,0.0,-0.0005933524478353499,-0.0014781294521804894,0.0008847770043451395
SPE-22,dipep_IG,0.0,-0.000569278034801872,-9.15951708467763e-05,-0.0004776828639550957
SPE-22,dipep_IH,0.0,-0.0004128714087019356,-0.00038030900240272034,-3.256240629921528e-05
SPE-22,dipep_II,0.0,-0.0008456322043243557,-0.0011558076239474276,0.00031017541962307185
SPE-22,dipep_IK,0.0,-0.00273417872765788,-0.0023029542704506266,-0.0004312244572072534
SPE-22,dipep_IL,0.0,-0.0012264917717773852,-0.0026103430662941687,0.0013838512945167835
SPE-22,dipep_IM,0.0,-3.706358146577145e-05,-5.7578113238609783e-05,2.0514531772838336e-05
SPE-22,dipep_IN,0.0,-0.0005983276930239635,-0.0002356519897627574,-0.00036267570326120607
SPE-22,dipep_IP,0.0,-0.0005782848858595773,-0.0008093019425722327,0.00023101705671265543
SPE-22,dipep_IQ,0.0,-9.68197736924753e-05,-0.00020744462228201597,0.00011062484858954067
SPE-22,dipep_IR,0.0,-0.0002325400544243122,-0.00022359316369536205,-8.946890728950144e-06
SPE-22,dipep_IS,0.0,-0.0009532967969170304,-0.0025730870654863823,0.001619790268569352
SPE-22,dipep_IT,0.0,-0.00015513492534598102,-0.00019597294978628745,4.083802444030643e-05
SPE-22,dipep_IV,0.0,-0.0011640224070435612,-0.0004993111389005772,-0.000664711268142984
SPE-22,dipep_IW,0.0,-0.00039535845587008187,-0.0005098034570575252,0.00011444500118744328
SPE-22,dipep_IY,0.0,-3.0058909074845958e-05,1.2541289798915936e-05,-4.260019887376189e-05
SPE-22,dipep_KA,0.0476190485060215,-0.0011677401047538193,-0.0012764514641937542,0.0001087113594399349
SPE-22,dipep_KC,0.0,-0.0005847527280317949,-0.0010451787235239835,0.00046042599549218856
SPE-22,dipep_KD,0.0,-0.0007711316740532133,-0.0003332164068784751,-0.0004379152671747382
SPE-22,dipep_KE,0.0,-0.000608964711955204,0.00025060771699833,-0.000859572428953534
SPE-22,dipep_KF,0.0,-9.218402912989668e-05,-0.0003506374579308925,0.0002584534288009958
SPE-22,dipep_KG,0.0,-8.996538463716257e-05,-0.0007439950592133072,0.0006540296745761447
SPE-22,dipep_KH,0.0,-0.00017983371875729932,-0.00034679074386453717,0.00016695702510723784
SPE-22,dipep_KI,0.0,-0.00204672542602846,-0.0018397030485960534,-0.00020702237743240657
SPE-22,dipep_KK,0.0,-0.002726061205894709,-0.003795537455239915,0.0010694762493452061
SPE-22,dipep_KL,0.0,-0.0005202354289551471,-0.0009836600815391035,0.0004634246525839564
SPE-22,dipep_KM,0.0,5.5416036937231464e-05,-1.4065101994074624e-05,6.948113893130608e-05
SPE-22,dipep_KN,0.0,-0.0001085337366787023,-0.0002834354580385589,0.0001749017213598566
SPE-22,dipep_KP,0.0476190485060215,-0.0005563088787984668,-0.0016396901075197657,0.0010833812287212989
SPE-22,dipep_KQ,0.0,-9.411549871244794e-05,-0.00047927336870669674,0.0003851578699942488
SPE-22,dipep_KR,0.095238097012043,-0.009030636478162395,-0.011533589234916848,0.0025029527567544535
SPE-22,dipep_KS,0.0,0.0001369338128957601,8.309431576634793e-05,5.3839497129412164e-05
SPE-22,dipep_KT,0.0,-0.000627092713548322,-0.0014608403496222842,0.0008337476360739622
SPE-22,dipep_KV,0.0,-0.002669632695194826,-0.0021365574598697186,-0.0005330752353251075
SPE-22,dipep_KW,0.0,-0.0001226886932031004,-0.00013233011528660709,9.641422083506694e-06
SPE-22,dipep_KY,0.0,-0.0002823821236810088,-0.00023025718322275212,-5.21249404582567e-05
SPE-22,dipep_LA,0.0,-0.0006621381354108967,-0.001107394181785284,0.0004452560463743872
SPE-22,dipep_LC,0.0,-6.0650024450712814e-05,-1.9203198976251446e-05,-4.1446825474461364e-05
SPE-22,dipep_LD,0.0,-3.5721278706561714e-05,-0.00025797716676070155,0.00022225588805413983
SPE-22,dipep_LE,0.0,-0.0001835071436443792,1.2746942454585254e-05,-0.00019625408609896445
SPE-22,dipep_LF,0.0,-0.00988335521211096,-0.016030645892024523,0.006147290679913563
SPE-22,dipep_LG,0.0,-0.0009392509859568309,-9.323005335099112e-05,-0.0008460209326058398
SPE-22,dipep_LH,0.0,5.198056218086019e-05,-7.562275097288978e-05,0.00012760331315374995
SPE-22,dipep_LI,0.0,-0.0034615119931147922,-0.003248537597877907,-0.0002129743952368852
SPE-22,dipep_LK,0.0,-0.0017578171769515036,-0.0028159171996577966,0.001058100022706293
SPE-22,dipep_LL,0.0,-0.0010365447218924709,-0.001711637985949428,0.0006750932640569572
SPE-22,dipep_LM,0.0,-0.0001929044980598447,3.2830010250965355e-05,-0.00022573450831081006
SPE-22,dipep_LN,0.0,-4.1692906719535256e-05,3.740330569902721e-05,-7.909621241856247e-05
SPE-22,dipep_LP,0.0,-0.0017104252711248721,-0.0023915108842551868,0.0006810856131303146
SPE-22,dipep_LQ,0.0,-0.00012098159312124306,-0.00022173130571879644,0.00010074971259755337
SPE-22,dipep_LR,0.0,0.00012589988844869524,0.00036487373040645617,-0.00023897384195776093
SPE-22,dipep_LS,0.0476190485060215,-0.0010385045298049048,0.003865402594075862,-0.004903907123880767
SPE-22,dipep_LT,0.0,-0.0005116486937133893,-0.0002018547573476463,-0.000309793936365743
SPE-22,dipep_LV,0.0,-0.0010363820210803644,-0.0014009353263115492,0.00036455330523118483
SPE-22,dipep_LW,0.0,-0.0008180251121086133,-0.0006329199205658251,-0.00018510519154278822
SPE-22,dipep_LY,0.0,-0.00011686282320093947,-9.389034090943536e-05,-2.2972482291504107e-05
SPE-22,dipep_MA,0.0,-0.00011413361444670623,-0.0001284747288645384,1.434111441783216e-05
SPE-22,dipep_MC,0.0,0.0,-3.817762536693547e-05,3.817762536693547e-05
SPE-22,dipep_MD,0.0,-4.6109613602655685e-06,-1.1016788933336519e-05,6.4058275730709506e-06
SPE-22,dipep_ME,0.0,-1.4870064384531355e-05,-0.00014211640968062308,0.0001272463452960917
SPE-22,dipep_MF,0.0,7.099857946633357e-05,0.0,7.099857946633357e-05
SPE-22,dipep_MG,0.0,-0.0002628182953626538,-0.00019918183213830947,-6.363646322434435e-05
SPE-22,dipep_MH,0.0,0.0,0.0,0.0
SPE-22,dipep_MI,0.0,-0.0019441045233310028,-0.002726402416288047,0.0007822978929570444
SPE-22,dipep_MK,0.0,5.8403818355109944e-05,0.0001799871779770436,-0.00012158335962193366
SPE-22,dipep_ML,0.0,-6.875020273246228e-05,0.00011330971947525938,-0.00018205992220772166
SPE-22,dipep_MM,0.0,-6.121336345827911e-05,-1.1127184567745117e-05,-5.008617889053399e-05
SPE-22,dipep_MN,0.0,-2.0532253310130852e-05,-4.603433886942994e-05,2.5502085559299087e-05
SPE-22,dipep_MP,0.0,0.0,0.0,0.0
SPE-22,dipep_MQ,0.0,-4.982940232804895e-05,-2.857782462540858e-05,-2.1251577702640368e-05
SPE-22,dipep_MR,0.0476190485060215,-0.0005850708834556616,0.005892022372477423,-0.006477093255933085
SPE-22,dipep_MS,0.0,-3.346530166603505e-05,-9.014499081786365e-05,5.66796891518286e-05
SPE-22,dipep_MT,0.0,-0.000251213582364205,-0.0006321484356363353,0.0003809348532721303
SPE-22,dipep_MV,0.0,0.0,0.0002265153449658768,-0.0002265153449658768
SPE-22,dipep_MW,0.0,-1.853355217333477e-05,-3.6010015520114215e-05,1.7476463346779446e-05
SPE-22,dipep_MY,0.0,0.0,-2.9022103086912e-05,2.9022103086912e-05
SPE-22,dipep_NA,0.0,-0.000430212563619284,-0.0005482970176392318,0.00011808445401994774
SPE-22,dipep_NC,0.0,-4.614732365967717e-05,-6.005216517504266e-05,1.3904841515365489e-05
SPE-22,dipep_ND,0.0,0.0,0.0,0.0
SPE-22,dipep_NE,0.0,-8.016382332354172e-05,-7.722246013340371e-05,-2.9413631901380096e-06
SPE-22,dipep_NF,0.0,-0.00026864380777917644,-0.0005507988887568292,0.0002821550809776528
SPE-22,dipep_NG,0.0,-0.0046692421476179,-0.0020426934230811595,-0.0026265487245367408
SPE-22,dipep_NH,0.0,0.0,0.0,0.0
SPE-22,dipep_NI,0.0,-9.57877781477226e-05,-3.5320131693021126e-05,-6.046764645470148e-05
SPE-22,dipep_NK,0.0,3.301307517318447e-05,0.00017409706079319097,-0.0001410839856200065
SPE-22,dipep_NL,0.0,-8.67282305729911e-05,-7.647126917833303e-05,-1.0256961394658061e-05
SPE-22,dipep_NM,0.0,-1.67849948123094e-05,-3.114944244077528e-05,1.4364447628465876e-05
SPE-22,dipep_NN,0.0,-5.5225475399782055e-05,0.0,-5.5225475399782055e-05
SPE-22,dipep_NP,0.0,7.024388321584979e-05,0.0,7.024388321584979e-05
SPE-22,dipep_NQ,0.0,-0.00022677442094035235,-0.00047708786101671,0.0002503134400763576
SPE-22,dipep_NR,0.0,-0.00013682586947232924,-0.00014773745880450526,1.0911589332176028e-05
SPE-22,dipep_NS,0.0,-0.00011421684229188955,1.6838095575749152e-05,-0.0001310549378676387
SPE-22,dipep_NT,0.0,-0.002059471436084574,-0.001135229016008452,-0.0009242424200761221
SPE-22,dipep_NV,0.0,4.7703527702745485e-06,-0.0002566245385122045,0.00026139489128247905
SPE-22,dipep_NW,0.0,-7.144412367043079e-05,-0.00010157633432714406,3.0132210656713267e-05
SPE-22,dipep_NY,0.0,-7.635320412566017e-05,-0.00014811262495610395,7.175942083044378e-05
SPE-22,dipep_PA,0.0,-0.0005304792225985098,-0.00045442620336533923,-7.605301923317053e-05
SPE-22,dipep_PC,0.0,-9.460525229111251e-05,-8.18751089836148e-05,-1.2730143307497713e-05
SPE-22,dipep_PD,0.0,0.0,0.0,0.0
SPE-22,dipep_PE,0.095238097012043,-0.0008010576777237355,0.007792961225058996,-0.00859401890278273
SPE-22,dipep_PF,0.0,-3.05909341669604e-05,1.7795125245395555e-05,-4.8386059412355956e-05
SPE-22,dipep_PG,0.0,0.00033599982827671937,8.241977075794938e-06,0.00032775785120092444
SPE-22,dipep_PH,0.0,-2.8539235734921017e-05,-5.0624779773231684e-05,2.2085544038310668e-05
SPE-22,dipep_PI,0.0,-0.00013329723931929907,-0.0002405200401620568,0.00010722280084275772
SPE-22,dipep_PK,0.0,-0.00010905254327784074,-0.00019502457877037312,8.597203549253238e-05
SPE-22,dipep_PL,0.0,-7.06293006038205e-05,-0.00014581391918653871,7.518461858271821e-05
SPE-22,dipep_PM,0.0,0.0,0.0,0.0
SPE-22,dipep_PN,0.0,0.0,0.0,0.0
SPE-22,dipep_PP,0.0,0.0,-2.808460649210285e-05,2.808460649210285e-05
SPE-22,dipep_PQ,0.0,-2.295763377976811e-05,1.732721032624121e-05,-4.028484410600932e-05
SPE-22,dipep_PR,0.0,0.0004207109705589499,0.0006774198012903105,-0.0002567088307313606
SPE-22,dipep_PS,0.0,-0.00023666044143695427,-0.00022788023217148114,-8.780209265473122e-06
SPE-22,dipep_PT,0.0,-0.0004137229549193013,-9.146199916430661e-05,-0.00032226095575499467
SPE-22,dipep_PV,0.0,-5.9788833097314046e-05,-0.00012312868599785235,6.333985290053829e-05
SPE-22,dipep_PW,0.0,-3.0822147453954616e-05,-1.1936414043003663e-05,-1.8885733410950955e-05
SPE-22,dipep_PY,0.0,0.0,0.0,0.0
SPE-22,dipep_QA,0.0,-0.00021864234505033405,-0.0001476739891235024,-7.096835592683166e-05
SPE-22,dipep_QC,0.0,-7.631374323316635e-05,-0.0001033441442064064,2.7030400973240048e-05
SPE-22,dipep_QD,0.0,-7.245326708391415e-05,-0.00033842761277250014,0.000265974345688586
SPE-22,dipep_QE,0.0,0.0,-7.606092192220526e-06,7.606092192220526e-06
SPE-22,dipep_QF,0.0,-5.6393285178497143e-05,-0.00012676792227932796,7.03746371008308e-05
SPE-22,dipep_QG,0.0,-0.00038012287640537605,-0.0002887014341856821,-9.142144221969397e-05
SPE-22,dipep_QH,0.0,-0.0005539685375791619,-0.0014960980061744726,0.0009421294685953107
SPE-22,dipep_QI,0.0,-8.153602617477036e-05,-0.0001274105082627194,4.5874482087949044e-05
SPE-22,dipep_QK,0.0,7.41319135115105e-05,0.00018755942101274735,-0.00011342750750123686
SPE-22,dipep_QL,0.0,-8.778468694919186e-05,-0.00025929434148413646,0.0001715096545349446
SPE-22,dipep_QM,0.0,-4.608591252584759e-06,-1.7570555751425006e-05,1.2961964498840248e-05
SPE-22,dipep_QN,0.0,-0.00012189299191925687,-8.646075554995659e-06,-0.00011324691636426121
SPE-22,dipep_QP,0.0,-0.0008301451046352258,-0.0013390661120367413,0.0005089210074015155
SPE-22,dipep_QQ,0.0,-0.0007393656937099664,-0.00012173012581385058,-0.0006176355678961158
SPE-22,dipep_QR,0.0,-0.0040296015786801314,-0.0033452545064874975,-0.0006843470721926339
SPE-22,dipep_QS,0.0,-0.0004032738008189662,-0.0003172985235232945,-8.597527729567168e-05
SPE-22,dipep_QT,0.0,0.0,0.0,0.0
SPE-22,dipep_QV,0.0,-1.1358294541588712e-05,1.1122631855654878e-05,-2.248092639724359e-05
SPE-22,dipep_QW,0.0,-0.00012287888352731634,-0.00027776365320482675,0.0001548847696775104
SPE-22,dipep_QY,0.0,0.0,0.0,0.0
SPE-22,dipep_RA,0.0,-0.00034685785874023425,-0.0008184882786299944,0.0004716304198897602
SPE-22,dipep_RC,0.0,-5.637265709760729e-05,0.000174997525254049,-0.0002313701823516563
SPE-22,dipep_RD,0.0,-0.0002958134492587928,-9.418389972954806e-05,-0.00020162954952924474
SPE-22,dipep_RE,0.0,0.0002949118586848436,5.033881859434137e-05,0.0002445730400905022
SPE-22,dipep_RF,0.0,0.0007530695601555471,4.806242517888596e-05,0.0007050071349766611
SPE-22,dipep_RG,0.0,0.0001748639942838309,0.00014918625629781087,2.5677737986020023e-05
SPE-22,dipep_RH,0.0,-7.192899775360908e-05,-5.040568605206059e-05,-2.1523311701548494e-05
SPE-22,dipep_RI,0.0,-0.0007799335670699247,-0.00030801857534100326,-0.0004719149917289214
SPE-22,dipep_RK,0.095238097012043,0.002572031390582554,0.00028491373259491315,0.002287117657987641
SPE-22,dipep_RL,0.0,-9.417582670315156e-05,0.0005592510511773046,-0.0006534268778804561
SPE-22,dipep_RM,0.0,-0.00044091918742151034,-5.243755441886833e-05,-0.00038848163300264204
SPE-22,dipep_RN,0.0,-0.0007036776552916891,-0.0003619690055091548,-0.0003417086497825343
SPE-22,dipep_RP,0.0,0.00010623031669562043,0.00028836683711028584,-0.00018213652041466541
SPE-22,dipep_RQ,0.0,-0.007046943968045881,-0.0073382321150491986,0.0002912881470033173
SPE-22,dipep_RR,0.0,0.0007756028754786256,-0.00178378071740441,0.0025593835928830353
SPE-22,dipep_RS,0.0476190485060215,-0.0017074463090823997,0.002092587683923675,-0.0038000339930060745
SPE-22,dipep_RT,0.0,0.00036225979887676864,9.127287740607595e-05,0.0002709869214706927
SPE-22,dipep_RV,0.0,-7.706137809458384e-05,-0.0001240817534286505,4.702037533406666e-05
SPE-22,dipep_RW,0.0476190485060215,-0.0016875670808582535,0.0024018159172302903,-0.004089382998088544
SPE-22,dipep_RY,0.0,-0.00022608914778905235,-8.655720470698666e-05,-0.0001395319430820657
SPE-22,dipep_SA,0.0,-0.00012941594537633605,-0.0002106612854756171,8.124534009928107e-05
SPE-22,dipep_SC,0.0,-0.00010065140647908719,-0.00013971658028636032,3.906517380727313e-05
SPE-22,dipep_SD,0.0,-8.65208590306449e-05,-0.00010914641732305362,2.262555829240873e-05
SPE-22,dipep_SE,0.0,9.702656973710832e-06,0.0,9.702656973710832e-06
SPE-22,dipep_SF,0.0,-6.488092091376453e-05,-4.485645537673582e-05,-2.002446553702871e-05
SPE-22,dipep_SG,0.0,-0.00015489818494661718,-1.231955048854927e-05,-0.0001425786344580679
SPE-22,dipep_SH,0.0,-4.775217951977191e-05,-9.012260269119879e-05,4.237042317142688e-05
SPE-22,dipep_SI,0.0,-0.0003883182676147296,-0.0009910201309732086,0.0006027018633584791
SPE-22,dipep_SK,0.0,-0.003128885145979038,-0.004930375523177759,0.0018014903771987208
SPE-22,dipep_SL,0.0476190485060215,0.0009607730498311461,0.009600146224663287,-0.00863937317483214
SPE-22,dipep_SM,0.0,0.0,0.0,0.0
SPE-22,dipep_SN,0.0,-0.0010909261422244786,-0.0001962220906113356,-0.000894704051613143
SPE-22,dipep_SP,0.0476190485060215,-0.0063832052717318405,0.005453366077848301,-0.011836571349580141
SPE-22,dipep_SQ,0.0,-4.204557050326261e-05,-4.922495485507264e-05,7.179384351810036e-06
SPE-22,dipep_SR,0.0476190485060215,-0.0062342848120624135,0.0031408698077081258,-0.009375154619770539
SPE-22,dipep_SS,0.0,-0.0001644278580390916,-0.0002836539188013082,0.00011922606076221657
SPE-22,dipep_ST,0.0,-0.000178694901515197,-0.00017702336796377016,-1.671533551426827e-06
SPE-22,dipep_SV,0.0,-5.9622737241530315e-05,6.876157003875174e-05,-0.00012838430728028205
SPE-22,dipep_SW,0.0,-0.0006398734038742606,-0.00041636039734704384,-0.0002235130065272168
SPE-22,dipep_SY,0.0,-8.391455460866434e-05,-2.232517037872058e-05,-6.158938422994376e-05
SPE-22,dipep_TA,0.0,-0.00042134903485684837,-0.0007225130671620465,0.0003011640323051981
SPE-22,dipep_TC,0.0,0.0,0.0,0.0
SPE-22,dipep_TD,0.0,4.078073890635803e-05,6.275113872229797e-05,-2.197039981593994e-05
SPE-22,dipep_TE,0.0,-0.0004881154562156161,0.0,-0.0004881154562156161
SPE-22,dipep_TF,0.0,-0.0010384367212547905,-0.0014831403803611451,0.00044470365910635463
SPE-22,dipep_TG,0.0,-0.0009401621940909061,-0.0005605619221183991,-0.000379600271972507
SPE-22,dipep_TH,0.0,-0.00013433481383587448,-1.9278578082018954e-05,-0.00011505623575385553
SPE-22,dipep_TI,0.0,-0.0007883801487309205,-0.0015251763797547526,0.0007367962310238322
SPE-22,dipep_TK,0.0,-0.0002607141038164987,-0.0003781985633460317,0.00011748445952953303
SPE-22,dipep_TL,0.0,-8.255148558508572e-05,-0.0004969550199289203,0.0004144035343438345
SPE-22,dipep_TM,0.0,0.0,0.0,0.0
SPE-22,dipep_TN,0.0,-0.00010212238923463361,-7.716065309497164e-05,-2.496173613966197e-05
SPE-22,dipep_TP,0.0,-0.00039584701088580984,0.0,-0.00039584701088580984
SPE-22,dipep_TQ,0.0,-0.00013948526745995524,-0.00023609094882883248,9.660568136887724e-05
SPE-22,dipep_TR,0.0,0.0004728570750931255,-1.6933257585642607e-05,0.0004897903326787681
SPE-22,dipep_TS,0.0,-0.00010662671656160304,-0.00012050236310768791,1.387564654608487e-05
SPE-22,dipep_TT,0.0,-0.0006685588464982237,-0.00034358146477326607,-0.00032497738172495764
SPE-22,dipep_TV,0.0,-0.00025997555222333,-0.00037755507441955717,0.00011757952219622716
SPE-22,dipep_TW,0.0,0.0,0.0,0.0
SPE-22,dipep_TY,0.0,-1.712244370911055e-05,-4.474532686499125e-05,2.76228831558807e-05
SPE-22,dipep_VA,0.0,-0.001355411214116283,-0.0010354404714777948,-0.0003199707426384882
SPE-22,dipep_VC,0.0,-0.0005106702542608685,-0.0005660397843830065,5.536953012213802e-05
SPE-22,dipep_VD,0.0,0.0,2.1537691149970793e-05,-2.1537691149970793e-05
SPE-22,dipep_VE,0.0,-0.0001293157187821648,-2.1874371866455913e-05,-0.00010744134691570889
SPE-22,dipep_VF,0.0,-0.00031270238169198644,-0.00024145159945161774,-7.12507822403687e-05
SPE-22,dipep_VG,0.0,-0.0003065854275817727,-0.0002238862557151702,-8.269917186660248e-05
SPE-22,dipep_VH,0.0,-0.0002002963808349785,-0.00019022642618328955,-1.0069954651688946e-05
SPE-22,dipep_VI,0.0,-0.0002606812042692246,-6.847979109071889e-05,-0.0001922014131785057
SPE-22,dipep_VK,0.0,0.00014558011735250586,0.00028219402341299126,-0.0001366139060604854
SPE-22,dipep_VL,0.0,-0.002433266508153747,-0.002213668138723309,-0.00021959836943043773
SPE-22,dipep_VM,0.0,-1.0585602016739832e-05,0.0,-1.0585602016739832e-05
SPE-22,dipep_VN,0.0,-5.5026487864928304e-05,-0.00028268155314785013,0.0002276550652829218
SPE-22,dipep_VP,0.0,-0.0003889702423111981,-0.0002088201299814647,-0.00018015011232973342
SPE-22,dipep_VQ,0.0,-0.00032933472377096805,-0.0001817155907578692,-0.00014761913301309884
SPE-22,dipep_VR,0.0,0.0004746415747517388,0.00027909707653369243,0.00019554449821804638
SPE-22,dipep_VS,0.0,-4.025048979208958e-05,-0.0005071731176781726,0.00046692262788608306
SPE-22,dipep_VT,0.0,-9.718059226185741e-05,-8.883150316847407e-05,-8.349089093383344e-06
SPE-22,dipep_VV,0.0,-7.90881917568866e-06,2.8294421240012612e-05,-3.620324041570127e-05
SPE-22,dipep_VW,0.0,-6.7898252919962015e-06,-9.532926391916631e-05,8.853943862717011e-05
SPE-22,dipep_VY,0.0,-7.26707138592201e-05,-0.0001283165241557066,5.5645810296486484e-05
SPE-22,dipep_WA,0.0,0.0,-0.00024521682736507573,0.00024521682736507573
SPE-22,dipep_WC,0.0,-5.132755666151688e-05,-7.874499511271969e-05,2.7417438451202806e-05
SPE-22,dipep_WD,0.0,-8.454438614514315e-06,0.0,-8.454438614514315e-06
SPE-22,dipep_WE,0.0,-0.002358869443652249,-0.0030820491801701777,0.0007231797365179287
SPE-22,dipep_WF,0.0,-0.00029426204323347105,-0.00038002929901987916,8.576725578640811e-05
SPE-22,dipep_WG,0.0,-4.8137801635377054e-05,-0.00012787942037427327,7.974161873889623e-05
SPE-22,dipep_WH,0.0,-1.6047560054288645e-05,0.0,-1.6047560054288645e-05
SPE-22,dipep_WI,0.0,-0.001426677534138372,-0.0012529719274424031,-0.00017370560669596898
SPE-22,dipep_WK,0.0476190485060215,-4.101119137051663e-05,0.002997090663421652,-0.0030381018547921686
SPE-22,dipep_WL,0.0,-0.00027959483656748286,-0.00045989184143630576,0.0001802970048688229
SPE-22,dipep_WM,0.0,-1.1323358413618642e-05,-1.3909980568982484e-05,2.586622155363842e-06
SPE-22,dipep_WN,0.0,-4.2849443740782145e-05,-3.648450126748884e-05,-6.3649424732933055e-06
SPE-22,dipep_WP,0.0,-2.6668400913923187e-05,0.0,-2.6668400913923187e-05
SPE-22,dipep_WQ,0.0,-0.0002164574182134875,-0.00028487767715973936,6.842025894625186e-05
SPE-22,dipep_WR,0.0,-0.0007478394451079913,-0.0005483740340673311,-0.00019946541104066018
SPE-22,dipep_WS,0.0,-0.00016408928934235397,-8.011308962309751e-05,-8.397619971925646e-05
SPE-22,dipep_WT,0.0,0.0,6.399844078278086e-05,-6.399844078278086e-05
SPE-22,dipep_WV,0.0,-1.9125637194734037e-05,-5.770368888133973e-05,3.857805168660569e-05
SPE-22,dipep_WW,0.0,-0.0002612164424594737,-0.0002591431428917618,-2.0732995677118964e-06
SPE-22,dipep_WY,0.0,-0.0070774837392153355,-0.010001227227312856,0.00292374348809752
SPE-22,dipep_YA,0.0,-3.442472984932965e-05,-9.99653368320446e-05,6.554060698271496e-05
SPE-22,dipep_YC,0.0,0.00012401406477548644,6.367321243695587e-05,6.0340852338530574e-05
SPE-22,dipep_YD,0.0,0.0,0.0,0.0
SPE-22,dipep_YE,0.0,0.0,0.0,0.0
SPE-22,dipep_YF,0.0,-3.4347707318063754e-05,-2.2056460104407983e-05,-1.229124721365577e-05
SPE-22,dipep_YG,0.0,-0.005213852886547552,-0.00586604158287624,0.000652188696328688
SPE-22,dipep_YH,0.0,0.0,0.0,0.0
SPE-22,dipep_YI,0.0,-1.7775458270048674e-05,-0.00010576254751865123,8.798708924860256e-05
SPE-22,dipep_YK,0.0,-4.856696023105416e-05,0.0005148640214672602,-0.0005634309816983144
SPE-22,dipep_YL,0.0,-0.0005345524341875995,-0.0004514517431790964,-8.310069100850309e-05
SPE-22,dipep_YM,0.0,0.0,0.0,0.0
SPE-22,dipep_YN,0.0,0.0,0.0,0.0
SPE-22,dipep_YP,0.0476190485060215,0.0,-0.0008855315940944384,0.0008855315940944384
SPE-22,dipep_YQ,0.0,-0.00043224669449221353,-0.000871703346552596,0.0004394566520603825
SPE-22,dipep_YR,0.0,-0.0003932898631417339,-0.0003668098014651406,-2.6480061676593253e-05
SPE-22,dipep_YS,0.0,-0.00014157656725690614,-0.00013424479656020234,-7.331770696703791e-06
SPE-22,dipep_YT,0.0,-0.00022060111742041517,-2.396604267368463e-05,-0.00019663507474673055
SPE-22,dipep_YV,0.0,-9.041787034486706e-05,-0.0001009301774208463,1.0512307075979238e-05
SPE-22,dipep_YW,0.0,-1.8721984066541632e-05,-0.00010365912861797484,8.49371445514332e-05
SPE-22,dipep_YY,0.0,0.0,0.0,0.0
SPE-22,glycine_frac,0.0,-0.0028528783534663466,-0.005751476712559434,0.002898598359093088
SPE-22,hmoment,0.7797247767448425,-2.7240566562149043e-05,0.005351770108664589,-0.005379010675226738
SPE-22,hydrophobic_frac,0.22727273404598236,-0.02908574551961663,-0.02803582461969575,-0.0010499208999208802
SPE-22,length,22.0,-0.01887615480365619,-0.016801926085738016,-0.0020742287179181737
SPE-22,proline_frac,0.13636364042758942,-0.0050166199692868235,-0.00919332185177858,0.004176701882491757
TFK-18,aa_A,0.09090909361839294,0.007973594126653029,0.007600895634627038,0.00037269849202599056
TFK-18,aa_C,0.0,-0.0018422338313582149,-0.005958025196084318,0.004115791364726102
TFK-18,aa_D,0.0,0.0003819892638068927,-0.002003456406967079,0.002385445670773972
TFK-18,aa_E,0.0,-0.0018175672550592677,-0.0013766766880178194,-0.0004408905670414483
TFK-18,aa_F,0.1515151560306549,0.009626281432396428,0.0053126386007183385,0.00431364283167809
TFK-18,aa_G,0.03030303120613098,-0.0005461434319880108,-0.004147239956847923,0.0036010965248599127
TFK-18,aa_H,0.0,0.0005352586871784792,0.00026066334839153373,0.0002745953387869455
TFK-18,aa_I,0.0,-0.012188508920026628,-0.02521590540957859,0.013027396489551962
TFK-18,aa_K,0.06060606241226196,0.002641362751857968,0.003853395794281436,-0.001212033042423468
TFK-18,aa_L,0.03030303120613098,-0.0009021834280603217,-0.00947096148898707,0.008568778060926747
TFK-18,aa_M,0.03030303120613098,0.004215911789582547,0.00726503127843512,-0.0030491194888525733
TFK-18,aa_N,0.09090909361839294,0.0003645577506632423,0.0005804515716409302,-0.0002158938209776879
TFK-18,aa_P,0.06060606241226196,0.001564301374254992,-0.0008308416269689773,0.0023951430012239695
TFK-18,aa_Q,0.0,-0.005803412361792825,-0.012433359354819366,0.0066299469930265415
TFK-18,aa_R,0.1515151560306549,-0.0031210705486498912,-0.028644655729964538,0.025523585181314645
TFK-18,aa_S,0.09090909361839294,0.004302308146331587,0.003203271877811416,0.0010990362685201708
TFK-18,aa_T,0.09090909361839294,0.005521357156244402,0.0020178628119542764,0.0035034943442901257
TFK-18,aa_V,0.12121212482452393,8.372369454663082e-05,-0.0018417723631161365,0.0019254960576627674
TFK-18,aa_W,0.0,-0.005335565660205194,-0.006367680973725405,0.0010321153135202108
TFK-18,aa_Y,0.0,-0.0005075596666637509,-0.0031927691981773355,0.0026852095315135845
TFK-18,acidic_frac,0.0,0.0015934238917412766,-0.00012181580510790807,0.0017152396968491846
TFK-18,alpha,1.006969690322876,-0.00021075594805896092,-0.00037189865179969496,0.00016114270374073403
TFK-18,apv,0.22490909695625305,0.006717055283305964,0.0029477711483838994,0.0037692841349220648
TFK-18,aromatic_frac,0.1515151560306549,0.007273984174350723,0.004609446310142936,0.0026645378642077867
TFK-18,basic_frac,0.21212121844291687,0.014101021642705441,3.864300376010107e-06,0.014097157342329431
TFK-18,boman,2.3887879848480225,-0.005117383792258521,-0.02763704564886573,0.022519661856607212
TFK-18,charge,6.975561618804932,0.002310625356235891,-0.0007164845512951068,0.0030271099075309974
TFK-18,dipep_AA,0.0,-0.0009986296853685764,-0.002952046542977464,0.001953416857608888
TFK-18,dipep_AC,0.0,0.00013427769456913417,0.00010906588759553177,2.5211806973602402e-05
TFK-18,dipep_AD,0.0,0.0,-4.403382815893616e-05,4.403382815893616e-05
TFK-18,dipep_AE,0.0,8.160699950348386e-05,-5.7681008791169126e-05,0.000139288008294653
TFK-18,dipep_AF,0.0,2.5509817480385616e-05,0.00011660243336651434,-9.109261588612872e-05
TFK-18,dipep_AG,0.0,3.1981682127927017e-05,8.753103909325332e-05,-5.55493569653263e-05
TFK-18,dipep_AH,0.0,3.9125877353356655e-05,-6.644798528151272e-05,0.00010557386263486938
TFK-18,dipep_AI,0.0,-0.004246541410226406,-0.006093294835887116,0.0018467534256607094
TFK-18,dipep_AK,0.0,-0.0005505163981161408,-0.0018373246991250432,0.0012868083010089024
TFK-18,dipep_AL,0.0,-0.0023821003912987285,-0.0025003980901691547,0.00011829769887042622
TFK-18,dipep_AM,0.0,0.00011034365193885836,-0.0008664193419227932,0.0009767629938616516
TFK-18,dipep_AN,0.0,-0.0001251508967035506,-0.0002905727070317378,0.0001654218103281872
TFK-18,dipep_AP,0.0,0.00027066758520440744,0.0003336226230038128,-6.295503779940538e-05
TFK-18,dipep_AQ,0.0,-0.00021449947956278444,-0.0007501275583872591,0.0005356280788244747
TFK-18,dipep_AR,0.03125,0.0032073930292697587,-0.003083118959316815,0.006290511988586574
TFK-18,dipep_AS,0.03125,0.007804884447868058,-0.0014051159486740035,0.009210000396542063
TFK-18,dipep_AT,0.0,0.0001138326867644798,-0.00011449802969190764,0.00022833071645638744
TFK-18,dipep_AV,0.03125,0.014402394721514692,0.003325926094482229,0.011076468627032463
TFK-18,dipep_AW,0.0,-4.649759409121902e-06,4.351554121083087e-05,-4.816530061995277e-05
TFK-18,dipep_AY,0.0,-8.334175331594147e-05,-9.136306049215888e-05,8.021307176217402e-06
TFK-18,dipep_CA,0.0,1.6683695241042443e-05,-7.400608036024982e-05,9.068977560129227e-05
TFK-18,dipep_CC,0.0,-9.735657091866415e-05,-0.00014991397305709188,5.255740213842773e-05
TFK-18,dipep_CD,0.0,-7.597522908742237e-06,0.0,-7.597522908742237e-06
TFK-18,dipep_CE,0.0,0.0,-2.425235119585611e-05,2.425235119585611e-05
TFK-18,dipep_CF,0.0,0.0,0.0,0.0
TFK-18,dipep_CG,0.0,-0.0041369616689847085,-0.006498678217531637,0.002361716548546928
TFK-18,dipep_CH,0.0,1.7139050833544124e-05,0.0,1.7139050833544124e-05
TFK-18,dipep_CI,0.0,8.408856545915308e-05,-6.39048677176709e-05,0.00014799343317682396
TFK-18,dipep_CK,0.0,-6.737758891368434e-05,2.4193095698286333e-07,-6.76195198706672e-05
TFK-18,dipep_CL,0.0,0.00010052882017475635,-0.0002535008601776741,0.00035402968035243043
TFK-18,dipep_CM,0.0,0.0,0.0,0.0
TFK-18,dipep_CN,0.0,0.00010210822323461389,-2.4326388930442327e-06,0.00010454086212765812
TFK-18,dipep_CP,0.0,-3.9173096745189916e-05,-0.00019577595117245702,0.0001566028544272671
TFK-18,dipep_CQ,0.0,0.0,0.0,0.0
TFK-18,dipep_CR,0.0,7.916272275208768e-05,-3.546236987649296e-05,0.00011462509262858065
TFK-18,dipep_CS,0.0,-8.117265840065058e-06,-7.161545578077355e-05,6.34981899407085e-05
TFK-18,dipep_CT,0.0,-3.2310232799700464e-05,-5.045588847141214e-05,1.8145655671711678e-05
TFK-18,dipep_CV,0.0,1.4283107001085935e-05,-7.167725825840958e-05,8.596036525949553e-05
TFK-18,dipep_CW,0.0,-1.1612297838634508e-05,-0.00021989366184139555,0.00020828136400276103
TFK-18,dipep_CY,0.0,-7.167696782464806e-05,-0.00034579407052644863,0.00027411710270180056
TFK-18,dipep_DA,0.0,7.84079397023955e-05,0.00013094696691476711,-5.253902721237162e-05
TFK-18,dipep_DC,0.0,0.0,2.009031298685079e-05,-2.009031298685079e-05
TFK-18,dipep_DD,0.0,-7.523897430283276e-06,-2.932313071988665e-05,2.1799233289603373e-05
TFK-18,dipep_DE,0.0,-0.00010836604339503978,-0.0001521382840242429,4.377224062920313e-05
TFK-18,dipep_DF,0.0,-0.0004596994240984727,-9.955937385373315e-06,-0.00044974348671309936
TFK-18,dipep_DG,0.0,-0.0022523801742651475,-0.0022240266552590406,-2.8353519006106814e-05
TFK-18,dipep_DH,0.0,0.0,-2.173760268813924e-05,2.173760268813924e-05
TFK-18,dipep_DI,0.0,1.8846725624481998e-05,-7.844930250205606e-05,9.729602812653806e-05
TFK-18,dipep_DK,0.0,0.0002452626178743889,-8.666298874959922e-05,0.00033192560662398813
TFK-18,dipep_DL,0.0,0.0001623780586013254,2.6627949103979633e-06,0.00015971526369092744
TFK-18,dipep_DM,0.0,0.0,0.0,0.0
TFK-18,dipep_DN,0.0,0.0,0.0,0.0
TFK-18,dipep_DP,0.0,1.1915960779860481e-05,0.0,1.1915960779860481e-05
TFK-18,dipep_DQ,0.0,-1.0573042126245163e-05,-4.662072838307383e-05,3.604768625682867e-05
TFK-18,dipep_DR,0.0,-1.2003906214274916e-05,-0.00022392251640910403,0.0002119186101948291
TFK-18,dipep_DS,0.0,6.33856486701455e-05,-2.0873737430829083e-05,8.425938610097459e-05
TFK-18,dipep_DT,0.0,9.221871887378651e-05,0.00012119975080753797,-2.898103193375146e-05
TFK-18,dipep_DV,0.0,0.00029616343487201,-8.860982490024912e-05,0.0003847732597722591
TFK-18,dipep_DW,0.0,0.0,-6.561145094717301e-05,6.561145094717301e-05
TFK-18,dipep_DY,0.0,-2.389287508438425e-05,0.0,-2.389287508438425e-05
TFK-18,dipep_EA,0.0,-0.002059564386370591,-0.0023701715234351844,0.00031060713706459325
TFK-18,dipep_EC,0.0,-2.1688725565842423e-05,-9.487546396289213e-05,7.318673839704971e-05
TFK-18,dipep_ED,0.0,-2.815039281343642e-07,-7.717448838202212e-06,7.435944910067847e-06
TFK-18,dipep_EE,0.0,-4.293647265784075e-05,-3.7667254665369146e-05,-5.269217992471601e-06
TFK-18,dipep_EF,0.0,-0.0005819461351857099,-0.00018951874127716702,-0.0003924273939085429
TFK-18,dipep_EG,0.0,-0.0072620332393232906,-0.010714666891419106,0.003452633652095816
TFK-18,dipep_EH,0.0,1.7958197467191565e-05,4.04440275882169e-05,-2.2485830121025338e-05
TFK-18,dipep_EI,0.0,6.503873545563042e-05,-5.094866113506791e-05,0.00011598739659069834
TFK-18,dipep_EK,0.0,0.0005710872934832689,0.0008460583707826252,-0.0002749710772993563
TFK-18,dipep_EL,0.0,0.00011182633592084893,-1.7291584635420344e-05,0.00012911792055626928
TFK-18,dipep_EM,0.0,1.1717581729202688e-05,0.0,1.1717581729202688e-05
TFK-18,dipep_EN,0.0,-0.002085123264948141,-0.006736513092268797,0.004651389827320656
TFK-18,dipep_EP,0.0,1.992764706650576e-05,0.0,1.992764706650576e-05
TFK-18,dipep_EQ,0.0,0.0,0.0,0.0
TFK-18,dipep_ER,0.0,0.00010078687830546329,-3.952600422966749e-05,0.00014031288253513077
TFK-18,dipep_ES,0.0,-0.0003311264910271076,-2.1829798532177876e-06,-0.0003289435111738898
TFK-18,dipep_ET,0.0,0.0,0.0,0.0
TFK-18,dipep_EV,0.0,3.72812693999875e-05,1.804152054464484e-05,1.923974885534266e-05
TFK-18,dipep_EW,0.0,0.0,5.9288375131892576e-05,-5.9288375131892576e-05
TFK-18,dipep_EY,0.0,-8.700514592571747e-05,0.0,-8.700514592571747e-05
TFK-18,dipep_FA,0.0,3.921359566129356e-05,6.195327979342722e-05,-2.2739684132133655e-05
TFK-18,dipep_FC,0.0,-0.0001646663947684349,-0.000912049514678529,0.0007473831199100941
TFK-18,dipep_FD,0.0,-2.9337177077351813e-06,-2.6132609354074185e-06,-3.2045677232776283e-07
TFK-18,dipep_FE,0.0,-0.0018798378732074552,-0.0030771374526352576,0.0011972995794278024
TFK-18,dipep_FF,0.03125,0.005056556190304633,-0.0006090922461602796,0.005665648436464913
TFK-18,dipep_FG,0.0,-0.0009732826652586389,-0.0013400325317455726,0.0003667498664869337
TFK-18,dipep_FH,0.0,-0.00019258646829779934,-0.00034109007216892096,0.00014850360387112162
TFK-18,dipep_FI,0.0,-0.0018544104146313537,-0.0043425777240174695,0.002488167309386116
TFK-18,dipep_FK,0.03125,0.006708840953597878,0.0003669166115546872,0.006341924342043191
TFK-18,dipep_FL,0.03125,0.032909077297481826,0.019441482374366426,0.0134675949231154
TFK-18,dipep_FM,0.0,-2.6800972712287786e-05,-0.0003199691250137048,0.00029316815230141704
TFK-18,dipep_FN,0.0,1.2550102340462863e-05,0.0,1.2550102340462863e-05
TFK-18,dipep_FP,0.0,0.00016655484338166967,-0.00016755663253695545,0.00033411147591862515
TFK-18,dipep_FQ,0.0,-7.120228200817639e-05,-0.0001374125616253136,6.62102796171372e-05
TFK-18,dipep_FR,0.0,0.0002870046257427673,0.0009163078403615553,-0.0006293032146187879
TFK-18,dipep_FS,0.03125,0.004672278758880387,0.0021208277528175,0.002551451006062887
TFK-18,dipep_FT,0.0,6.358812908459843e-05,-0.0005408877998889378,0.0006044759289735363
TFK-18,dipep_FV,0.03125,0.0015698068339689585,-0.013574446813429595,0.015144253647398553
TFK-18,dipep_FW,0.0,-1.234582228209292e-05,-4.706313997465084e-05,3.471731769255792e-05
TFK-18,dipep_FY,0.0,-0.00023355774854710848,-0.0002496963650086601,1.6138616461551633e-05
TFK-18,dipep_GA,0.0,-0.00010902181363505649,-0.0012231623350583906,0.0011141405214233342
TFK-18,dipep_GC,0.0,-5.042241096721916e-05,-0.0006431045957043435,0.0005926821847371243
TFK-18,dipep_GD,0.0,-0.00029599043754315106,-0.00013247823867563733,-0.00016351219886751373
TFK-18,dipep_GE,0.0,3.737988238929655e-05,2.2820239837926288e-05,1.455964255137026e-05
TFK-18,dipep_GF,0.03125,0.014999637792653328,0.010209493882709643,0.004790143909943685
TFK-18,dipep_GG,0.0,0.00024596746567600333,-7.648114386105396e-05,0.0003224486095370573
TFK-18,dipep_GH,0.0,-4.3026700175901326e-05,-0.0001880923049780066,0.00014506560480210528
TFK-18,dipep_GI,0.0,0.00010088368930916963,-0.00032461716121083643,0.0004255008505200061
TFK-18,dipep_GK,0.0,0.001351632085486219,0.0005423132125712504,0.0008093188729149686
TFK-18,dipep_GL,0.0,-0.0022263396895361117,-0.0029030086653059886,0.0006766689757698769
TFK-18,dipep_GM,0.0,-0.003152905231778766,-0.003928053845708852,0.0007751486139300858
TFK-18,dipep_GN,0.0,5.5017447885787945e-05,0.0002439657548620242,-0.00018894830697623624
TFK-18,dipep_GP,0.0,0.0003494443756067352,-4.2176457911337596e-05,0.0003916208335180728
TFK-18,dipep_GQ,0.0,0.0008105663962072482,0.001460557064449726,-0.0006499906682424779
TFK-18,dipep_GR,0.0,-0.0016430810370094886,-0.002479346432067702,0.0008362653950582132
TFK-18,dipep_GS,0.0,-0.0004128706538969575,-0.0006642378008120872,0.00025136714691512975
TFK-18,dipep_GT,0.0,6.900870363430234e-05,0.00012241417733113466,-5.340547369683232e-05
TFK-18,dipep_GV,0.0,5.1563066893809794e-05,-7.025826920395954e-05,0.00012182133609776934
TFK-18,dipep_GW,0.0,-0.004224336593387137,-0.006345199987567588,0.002120863394180451
TFK-18,dipep_GY,0.0,-0.0024567526032877505,-0.004281404051238877,0.0018246514479511263
TFK-18,dipep_HA,0.0,-6.475002759643505e-05,-0.00029078520038927863,0.0002260351727928436
TFK-18,dipep_HC,0.0,2.638844530550916e-05,1.0638415995526236e-05,1.5750029309982924e-05
TFK-18,dipep_HD,0.0,0.0,0.0,0.0
TFK-18,dipep_HE,0.0,0.0,0.0,0.0
TFK-18,dipep_HF,0.0,-9.998472005541055e-06,-9.401202502642584e-06,-5.972695028984706e-07
TFK-18,dipep_HG,0.0,0.0,-6.2921409588194e-05,6.2921409588194e-05
TFK-18,dipep_HH,0.0,0.0,-5.931094068701828e-05,5.931094068701828e-05
TFK-18,dipep_HI,0.0,-0.0005286315885302886,-0.0004917774268904961,-3.685416163979249e-05
TFK-18,dipep_HK,0.0,-0.00011733984345916847,-0.0001878181355580569,7.047829209888844e-05
TFK-18,dipep_HL,0.0,-3.379616566032244e-05,-0.0001816809852134391,0.00014788481955311665
TFK-18,dipep_HM,0.0,9.202386221911003e-06,-2.2251708016541128e-05,3.145409423845213e-05
TFK-18,dipep_HN,0.0,6.182634654000272e-06,-4.225565835018926e-05,4.8438293004189534e-05
TFK-18,dipep_HP,0.0,7.338961522716983e-05,0.0003895147739446091,-0.0003161251587174393
TFK-18,dipep_HQ,0.0,0.0,-7.3092416956227085e-06,7.3092416956227085e-06
TFK-18,dipep_HR,0.0,5.975231706720079e-05,-0.00014710099809094328,0.00020685331515814405
TFK-18,dipep_HS,0.0,9.411392645581277e-05,3.997937049077602e-05,5.4134555965036745e-05
TFK-18,dipep_HT,0.0,2.4299446277422642e-05,0.0,2.4299446277422642e-05
TFK-18,dipep_HV,0.0,-0.00015064656529521664,-1.8325419379530853e-05,-0.00013232114591568578
TFK-18,dipep_HW,0.0,0.0,0.0,0.0
TFK-18,dipep_HY,0.0,0.0,-1.3465383722586984e-05,1.3465383722586984e-05
TFK-18,dipep_IA,0.0,3.6200425938303267e-07,-0.001366543622762301,0.001366905627021684
TFK-18,dipep_IC,0.0,9.726040126473389e-06,-8.484357960208704e-05,9.456961972856043e-05
TFK-18,dipep_ID,0.0,-0.003143975124560633,-0.0044060923007443065,0.0012621171761836737
TFK-18,dipep_IE,0.0,-0.0059295311197352174,-0.009841566233961827,0.003912035114226609
TFK-18,dipep_IF,0.0,-0.0003104706090086881,-0.001573938111200795,0.001263467502192107
TFK-18,dipep_IG,0.0,-0.0004353722212384891,0.00017762208595571198,-0.0006129943071942011
TFK-18,dipep_IH,0.0,5.064647070864073e-05,-0.00012371839971532807,0.00017436487042396878
TFK-18,dipep_II,0.0,-0.0007982167768732614,-0.0012404417311844588,0.0004422249543111974
TFK-18,dipep_IK,0.0,-0.0015621971216566788,-0.0021910489040738628,0.0006288517824171839
TFK-18,dipep_IL,0.0,-0.0003220265823232208,-0.0028120294999058157,0.002490002917582595
TFK-18,dipep_IM,0.0,-8.517070327100451e-06,3.481477033555524e-05,-4.3331840662655694e-05
TFK-18,dipep_IN,0.0,-0.00043077919891655196,-0.0001881295837936159,-0.00024264961512293607
TFK-18,dipep_IP,0.0,-0.00048460618781019264,-0.0017215710388870336,0.001236964851076841
TFK-18,dipep_IQ,0.0,6.866907521645781e-06,-0.0006455844138359379,0.0006524513213575836
TFK-18,dipep_IR,0.0,9.511830511756028e-05,2.1159244250436306e-06,9.300238069251664e-05
TFK-18,dipep_IS,0.0,-0.0012498341553978788,-0.003045720596433078,0.001795886441035199
TFK-18,dipep_IT,0.0,6.347079609645358e-05,-0.0005318195403479862,0.0005952903364444397
TFK-18,dipep_IV,0.0,-0.0005796815462142507,-0.00033449720403020425,-0.0002451843421840464
TFK-18,dipep_IW,0.0,-4.773926388042258e-05,-0.00011873077865185863,7.099151477143605e-05
TFK-18,dipep_IY,0.0,-1.116780262826989e-05,6.493075722038126e-05,-7.609855984865115e-05
TFK-18,dipep_KA,0.0,0.0006094108734434626,-0.00037700073458811576,0.0009864116080315784
TFK-18,dipep_KC,0.0,-0.0009402689313134584,-0.0014687954598195342,0.0005285265285060758
TFK-18,dipep_KD,0.0,-0.0007438599781078234,-0.00021107269513037378,-0.0005327872829774496
TFK-18,dipep_KE,0.0,-0.00024298200198349557,0.00021042635918061678,-0.0004534083611641124
TFK-18,dipep_KF,0.0,0.0007259745170497481,3.299906980232109e-06,0.0007226746100695159
TFK-18,dipep_KG,0.0,0.0004707498510962421,0.00020296640615301246,0.0002677834449432297
TFK-18,dipep_KH,0.0,3.224025381810411e-05,-0.00025855822641178216,0.0002907984802298863
TFK-18,dipep_KI,0.0,-0.0016325310118973338,-0.0015949190636477756,-3.7611948249558196e-05
TFK-18,dipep_KK,0.0,-0.0025568988233953416,-0.004009269173585702,0.00145237035019036
TFK-18,dipep_KL,0.0,0.00028453536119826193,-0.0004269146709328713,0.0007114500321311332
TFK-18,dipep_KM,0.0,0.00019713431901128143,-1.4065101994074624e-05,0.00021119942100535606
TFK-18,dipep_KN,0.0,0.0002730080841308141,7.390584751321136e-05,0.00019910223661760275
TFK-18,dipep_KP,0.0,3.170128484183633e-05,6.408288124433606e-06,2.5292996717402722e-05
TFK-18,dipep_KQ,0.0,-0.00017611527828069465,-0.0002461089329444192,6.999365466372454e-05
TFK-18,dipep_KR,0.03125,0.008297917506764807,0.000811745501156354,0.007486172005608453
TFK-18,dipep_KS,0.0,-0.0001681706289142481,0.0004536806866300831,-0.0006218513155443312
TFK-18,dipep_KT,0.0,-8.594109520494439e-05,-0.0017490874819550987,0.0016631463867501544
TFK-18,dipep_KV,0.03125,0.008152408229367743,0.006005112011528486,0.002147296217839258
TFK-18,dipep_KW,0.0,-5.267333980880627e-05,-1.1242656504934818e-05,-4.1430683303871453e-05
TFK-18,dipep_KY,0.0,-0.00010251380104378619,-0.0002942524882626515,0.0001917386872188653
TFK-18,dipep_LA,0.0,-0.00017263380688259408,-0.0002363986474064381,6.376484052384403e-05
TFK-18,dipep_LC,0.0,3.5057255209674635e-05,0.000147760726827948,-0.00011270347161827335
TFK-18,dipep_LD,0.0,7.316175985083674e-05,-0.00042512190566254554,0.0004982836655133822
TFK-18,dipep_LE,0.0,0.00011888930624099138,4.4633403587113407e-05,7.425590265387798e-05
TFK-18,dipep_LF,0.0,-0.010005587908501538,-0.019471803760329698,0.00946621585182816
TFK-18,dipep_LG,0.0,-0.0002409629125038873,0.000267766117111592,-0.0005087290296154793
TFK-18,dipep_LH,0.0,0.0003796700657010176,-0.00013094332200705612,0.0005106133877080738
TFK-18,dipep_LI,0.0,-0.0036160198325891012,-0.004870544731695555,0.0012545248991064537
TFK-18,dipep_LK,0.0,-6.74742721742411e-06,-0.0009453251007419419,0.0009385776735245179
TFK-18,dipep_LL,0.0,8.074932572093988e-05,-0.00037176269761712513,0.000452512023338065
TFK-18,dipep_LM,0.03125,0.0003774988065189068,-0.005757018107047377,0.006134516913566284
TFK-18,dipep_LN,0.0,0.00015414089871053848,0.0002564292383636636,-0.00010228833965312514
TFK-18,dipep_LP,0.0,-0.0016397703721752735,-0.0028463682060074656,0.001206597833832192
TFK-18,dipep_LQ,0.0,-0.00018220100697091777,-0.0001439697214197469,-3.823128555117088e-05
TFK-18,dipep_LR,0.0,0.0009823020381647214,0.0008041849906243592,0.00017811704754036215
TFK-18,dipep_LS,0.0,-0.0005898356058924419,-0.0008654679416560503,0.00027563233576360837
TFK-18,dipep_LT,0.0,-0.00019436520570910936,-0.00014360427279709538,-5.076093291201398e-05
TFK-18,dipep_LV,0.0,-0.0005718007892861047,-0.0011996617467539882,0.0006278609574678835
TFK-18,dipep_LW,0.0,-0.00020558116346238218,-0.00048417214829329615,0.000278590984830914
TFK-18,dipep_LY,0.0,6.440307281809755e-05,-2.9590386607685115e-05,9.399345942578266e-05
TFK-18,dipep_MA,0.0,5.9080729415260285e-05,0.0002463423274660641,-0.00018726159805080385
TFK-18,dipep_MC,0.0,0.0,0.0,0.0
TFK-18,dipep_MD,0.0,0.0,6.437610946666549e-05,-6.437610946666549e-05
TFK-18,dipep_ME,0.0,-2.506023532176e-05,-0.00012174342721583826,9.668319189407826e-05
TFK-18,dipep_MF,0.0,4.7527141401617866e-05,0.0,4.7527141401617866e-05
TFK-18,dipep_MG,0.0,2.582215719331681e-05,-0.00013451281255283796,0.00016033496974615478
TFK-18,dipep_MH,0.0,0.0,0.0,0.0
TFK-18,dipep_MI,0.0,-0.0023052688595513755,-0.0028647011350075077,0.0005594322754561322
TFK-18,dipep_MK,0.0,0.00013813895665532134,0.0001712853429839139,-3.3146386328592554e-05
TFK-18,dipep_ML,0.0,3.7501952442689454e-05,-0.0006537448827914243,0.0006912468352341138
TFK-18,dipep_MM,0.0,-1.9079885387327624e-05,-0.00018607601941819687,0.00016699613403086923
TFK-18,dipep_MN,0.0,4.807955407473018e-05,-4.2585619917720184e-05,9.066517399245036e-05
TFK-18,dipep_MP,0.0,0.0,0.0,0.0
TFK-18,dipep_MQ,0.0,0.0,0.0,0.0
TFK-18,dipep_MR,0.03125,0.00426883955735261,0.0035760815914460714,0.0006927579659065388
TFK-18,dipep_MS,0.0,-1.4607944570786733e-05,-7.192549773004826e-05,5.7317553159261526e-05
TFK-18,dipep_MT,0.0,-5.389202985766603e-05,-0.00040515141174605806,0.00035125938188839204
TFK-18,dipep_MV,0.0,0.0,0.0,0.0
TFK-18,dipep_MW,0.0,0.0,-0.00013625620019459947,0.00013625620019459947
TFK-18,dipep_MY,0.0,6.732926360432224e-06,-1.5706210389622087e-05,2.243913675005431e-05
TFK-18,dipep_NA,0.0,-0.00011137682535612326,-0.0009698518292837376,0.0008584750039276143
TFK-18,dipep_NC,0.0,-5.8421224473006325e-06,-0.00010893569970248696,0.00010309357725518633
TFK-18,dipep_ND,0.0,4.0550743893201544e-05,0.0,4.0550743893201544e-05
TFK-18,dipep_NE,0.0,1.9804144915460798e-05,-7.849933933923342e-05,9.830348425469423e-05
TFK-18,dipep_NF,0.0,1.3048108096858975e-05,1.4804715821951146e-05,-1.7566077250921718e-06
TFK-18,dipep_NG,0.03125,0.029338181298475766,0.009266998164139999,0.020071183134335768
TFK-18,dipep_NH,0.0,6.658883689790087e-05,0.0,6.658883689790087e-05
TFK-18,dipep_NI,0.0,5.433199177177254e-05,-0.00016081713769542153,0.00021514912946719406
TFK-18,dipep_NK,0.0,0.00012361724957617992,0.00017311699109766066,-4.949974152148074e-05
TFK-18,dipep_NL,0.0,0.0001273157639608502,0.0003140509202609758,-0.00018673515630012559
TFK-18,dipep_NM,0.0,-9.047727503272737e-06,-5.249604712433095e-05,4.344831962105821e-05
TFK-18,dipep_NN,0.0,8.609828303524328e-06,-1.7799942802756587e-05,2.6409771106280917e-05
TFK-18,dipep_NP,0.0,5.980800354743724e-05,-2.9827324636295982e-05,8.963532818373322e-05
TFK-18,dipep_NQ,0.0,-5.491897930359555e-05,-0.001605940077237485,0.0015510210979338894
TFK-18,dipep_NR,0.0,8.7055110884073e-05,-9.221495721391685e-05,0.00017927006809798985
TFK-18,dipep_NS,0.0,0.00013328197876582507,-2.032971532025653e-05,0.0001536116940860816
TFK-18,dipep_NT,0.0625,0.031824511879192253,0.025708242524861334,0.006116269354330919
TFK-18,dipep_NV,0.0,4.369308466302965e-05,-0.0001058984901045367,0.00014959157476756636
TFK-18,dipep_NW,0.0,0.0,-2.004330168212947e-05,2.004330168212947e-05
TFK-18,dipep_NY,0.0,-9.788870938750313e-05,-4.987662095770487e-05,-4.801208842979827e-05
TFK-18,dipep_PA,0.0,-0.0003119890147264918,0.00015953442312683887,-0.0004715234378533307
TFK-18,dipep_PC,0.0,0.0,-9.518382079082062e-05,9.518382079082062e-05
TFK-18,dipep_PD,0.0,2.608382290578421e-05,0.0,2.608382290578421e-05
TFK-18,dipep_PE,0.0,9.161366137419056e-06,-0.00017096977419520375,0.00018013114033262281
TFK-18,dipep_PF,0.0,0.00030064950789505907,-6.929706701390014e-05,0.0003699465749089592
TFK-18,dipep_PG,0.0,0.0002962672935333377,7.800764150203904e-05,0.00021825965203129864
TFK-18,dipep_PH,0.0,-1.1324914723131586e-05,-5.0624779773231684e-05,3.92998650501001e-05
TFK-18,dipep_PI,0.0,-6.056415376777951e-05,9.980174641395731e-05,-0.0001603659001817368
TFK-18,dipep_PK,0.0,-0.0011289153496944048,-0.0006440736368829382,-0.0004848417128114666
TFK-18,dipep_PL,0.0,0.00011018767141136297,-1.5536347339844825e-05,0.0001257240187512078
TFK-18,dipep_PM,0.0,0.0,0.0,0.0
TFK-18,dipep_PN,0.0,2.7717347234834655e-05,0.0,2.7717347234834655e-05
TFK-18,dipep_PP,0.0,3.691003973295137e-05,5.61820477841904e-05,-1.9272008051239032e-05
TFK-18,dipep_PQ,0.0,-2.47506665250526e-05,-0.00025739257187895614,0.00023264190535390354
TFK-18,dipep_PR,0.0,0.00017811337529908704,0.0007225186766208287,-0.0005444053013217416
TFK-18,dipep_PS,0.0,5.255863243171066e-05,-0.0003238617571781038,0.00037642038960981444
TFK-18,dipep_PT,0.03125,0.013580265678074615,0.0004844706929629978,0.013095794985111616
TFK-18,dipep_PV,0.0,5.3393786836271053e-05,6.73577805588834e-05,-1.3963993722612343e-05
TFK-18,dipep_PW,0.0,0.0,0.0,0.0
TFK-18,dipep_PY,0.0,0.0,0.0,0.0
TFK-18,dipep_QA,0.0,-1.7785317768376404e-05,-0.00010607135482145474,8.828603705307833e-05
TFK-18,dipep_QC,0.0,-3.1389767125280845e-06,5.747860061844832e-05,-6.061757733097641e-05
TFK-18,dipep_QD,0.0,-2.469785384958402e-05,-0.0001521611373230924,0.0001274632834735084
TFK-18,dipep_QE,0.0,0.0,0.0,0.0
TFK-18,dipep_QF,0.0,-9.090457376326059e-05,-0.0009447893932713398,0.0008538848195080792
TFK-18,dipep_QG,0.0,3.2471863087288936e-05,-0.0003695060210619732,0.00040197788414926214
TFK-18,dipep_QH,0.0,-0.0004572421058859714,-0.0015982384789346245,0.0011409963730486532
TFK-18,dipep_QI,0.0,-1.5209759749463128e-05,-5.19795391339744e-05,3.6769779384511275e-05
TFK-18,dipep_QK,0.0,0.0001364235683843092,0.00023767398114395743,-0.00010125041275964823
TFK-18,dipep_QL,0.0,-3.229727876025188e-06,-0.00030781606408558746,0.0003045863362095623
TFK-18,dipep_QM,0.0,-5.12339678650711e-06,-1.7570555751425006e-05,1.2447158964917896e-05
TFK-18,dipep_QN,0.0,8.12576004290002e-07,-0.00023261321757435085,0.00023342579357864084
TFK-18,dipep_QP,0.0,-0.00011429990330900142,-0.0011150913688784856,0.0010007914655694842
TFK-18,dipep_QQ,0.0,-0.00048432025641020806,-0.00022255126207926623,-0.0002617689943309418
TFK-18,dipep_QR,0.0,-0.004231751503490076,-0.004889934597038518,0.0006581830935484421
TFK-18,dipep_QS,0.0,-8.585563235626415e-05,-0.00021691067214627856,0.00013105503979001442
TFK-18,dipep_QT,0.0,0.0,0.0,0.0
TFK-18,dipep_QV,0.0,0.0,3.483982573105464e-05,-3.483982573105464e-05
TFK-18,dipep_QW,0.0,-0.00019068234909037953,-0.00036492889545137124,0.0001742465463609917
TFK-18,dipep_QY,0.0,0.0,0.0,0.0
TFK-18,dipep_RA,0.03125,0.0007409310075657147,-0.0006675851398173046,0.0014085161473830193
TFK-18,dipep_RC,0.0,0.00012248426308364768,-8.519885473168188e-05,0.00020768311781532955
TFK-18,dipep_RD,0.0,1.7455916622313145e-05,0.00016901782068285337,-0.00015156190406054022
TFK-18,dipep_RE,0.0,0.0001368686132146427,5.709540647800953e-05,7.977320673663317e-05
TFK-18,dipep_RF,0.0,0.0003322308381749119,-0.00032865580406066084,0.0006608866422355727
TFK-18,dipep_RG,0.0,0.00023492857990631491,0.00034548341890375023,-0.00011055483899743531
TFK-18,dipep_RH,0.0,-8.29967430236467e-06,-1.9273446889218297e-07,-8.106939833472487e-06
TFK-18,dipep_RI,0.0,-0.00015325215865180116,0.0001521392359274269,-0.00030539139457922803
TFK-18,dipep_RK,0.03125,0.013749977250844496,0.0032668789391510737,0.010483098311693423
TFK-18,dipep_RL,0.0,0.0016911444979547466,0.00036171814797649393,0.0013294263499782526
TFK-18,dipep_RM,0.0,-4.563217413927078e-05,2.783496781236092e-05,-7.34671419516317e-05
TFK-18,dipep_RN,0.0625,0.014705040494392743,-0.0036552516549105104,0.018360292149303254
TFK-18,dipep_RP,0.0,0.00016823474122551918,0.00031559801676889275,-0.00014736327554337356
TFK-18,dipep_RQ,0.0,-0.008282877897892395,-0.007441667826125584,-0.0008412100717668115
TFK-18,dipep_RR,0.0,0.0003759658554248436,-0.0005281113048261618,0.0009040771602510054
TFK-18,dipep_RS,0.0,-6.76009672385483e-05,-0.0010315842841439327,0.0009639833169053844
TFK-18,dipep_RT,0.0,0.0004208653497174591,0.00027257363823686773,0.0001482917114805914
TFK-18,dipep_RV,0.03125,0.0006598282113281203,0.0010855206552235351,-0.00042569244389541487
TFK-18,dipep_RW,0.0,-3.0151427757954583e-05,-0.0003190190213049641,0.00028886759354700955
TFK-18,dipep_RY,0.0,-0.0004349999144302033,-0.0002343155668334427,-0.0002006843475967606
TFK-18,dipep_SA,0.0,0.0005261267750293906,0.0003681107871141816,0.00015801598791520901
TFK-18,dipep_SC,0.0,1.6580028103674038e-05,-5.348772866289462e-05,7.006775676656866e-05
TFK-18,dipep_SD,0.0,3.273552792640121e-05,7.738914094188388e-06,2.4996613832212818e-05
TFK-18,dipep_SE,0.0,5.7873366973958396e-05,0.0,5.7873366973958396e-05
TFK-18,dipep_SF,0.03125,0.0037183534070783382,0.0004787998814987049,0.0032395535255796333
TFK-18,dipep_SG,0.0,2.9844313136499305e-07,8.676388968252758e-05,-8.646544655116259e-05
TFK-18,dipep_SH,0.0,-6.102967769147017e-06,4.648957734403899e-05,-5.259254511318601e-05
TFK-18,dipep_SI,0.0,-0.000171209441087524,-0.0008216242713439037,0.0006504148302563797
TFK-18,dipep_SK,0.0,-0.003310902575268878,-0.00857208057892355,0.005261178003654673
TFK-18,dipep_SL,0.0,-0.00033055672676405776,-0.0010287279014042318,0.000698171174640174
TFK-18,dipep_SM,0.0,0.0,-1.4132647888449232e-05,1.4132647888449232e-05
TFK-18,dipep_SN,0.03125,0.017400439669557084,0.0053763817836746065,0.012024057885882476
TFK-18,dipep_SP,0.03125,0.002377231340160779,0.003545935471366502,-0.001168704131205723
TFK-18,dipep_SQ,0.0,0.0,-0.0002001943054969895,0.0002001943054969895
TFK-18,dipep_SR,0.0,-0.0001535487540067077,-0.000452497171734898,0.0002989484177281903
TFK-18,dipep_SS,0.0,-5.32838327641973e-06,-0.00014925754219932322,0.0001439291589229035
TFK-18,dipep_ST,0.0,0.0001445350352298601,-0.0011856777351944379,0.001330212770424298
TFK-18,dipep_SV,0.0,0.00021028711920807993,0.00015087087949244805,5.941623971563188e-05
TFK-18,dipep_SW,0.0,-0.0006385731175501753,-0.00028297539007412316,-0.0003555977274760522
TFK-18,dipep_SY,0.0,7.352621089099879e-06,-2.6431612581700834e-05,3.378423367080071e-05
TFK-18,dipep_TA,0.0,3.8002130303050515e-05,-0.0007476074172497693,0.0007856095475528199
TFK-18,dipep_TC,0.0,6.176708024160445e-05,5.214935854367005e-05,9.617721697934398e-06
TFK-18,dipep_TD,0.0,0.0,0.0001858666927582269,-0.0001858666927582269
TFK-18,dipep_TE,0.0,-0.0004464392754843034,0.0,-0.0004464392754843034
TFK-18,dipep_TF,0.03125,0.0062841539540898555,0.008830477686034855,-0.002546323731945
TFK-18,dipep_TG,0.0,-0.0005893959973896644,-0.0005929447520322683,3.5487546426038593e-06
TFK-18,dipep_TH,0.0,1.9192755093796183e-07,0.0001495920357107872,-0.00014940010815984924
TFK-18,dipep_TI,0.0,-0.001266168522111912,-0.0025003664261402147,0.0012341979040283025
TFK-18,dipep_TK,0.0,-5.781313005350169e-05,-0.0005533192066534113,0.0004955060765999096
TFK-18,dipep_TL,0.0,0.00031077598218368384,-0.00040034736482708007,0.0007111233470107639
TFK-18,dipep_TM,0.0,0.0,0.0,0.0
TFK-18,dipep_TN,0.0,0.00016608162549695544,0.00048792469930003204,-0.0003218430738030766
TFK-18,dipep_TP,0.03125,0.009223697545552141,-0.0015144919140205038,0.010738189459572644
TFK-18,dipep_TQ,0.0,-3.600241936004253e-05,-0.0002830657868187222,0.00024706336745867964
TFK-18,dipep_TR,0.03125,0.001350530869763329,-0.0009712461439296029,0.002321777013692932
TFK-18,dipep_TS,0.0,-5.645474367618004e-05,2.8225663200019372e-05,-8.468040687619941e-05
TFK-18,dipep_TT,0.0,-0.000661262657590731,-0.000388888033586551,-0.00027237462400418
TFK-18,dipep_TV,0.0,-0.00016710813295730853,-0.0003155760802603865,0.00014846794730307794
TFK-18,dipep_TW,0.0,-5.204028660366374e-05,7.199279738796242e-05,-0.00012403308399162616
TFK-18,dipep_TY,0.0,2.055407280076681e-05,-4.474532686499125e-05,6.529939966575806e-05
TFK-18,dipep_VA,0.0625,0.015760599916060485,0.009701467389564124,0.0060591325264963605
TFK-18,dipep_VC,0.0,-7.132788648638761e-05,-0.0005228765876429874,0.00045154870115659976
TFK-18,dipep_VD,0.0,1.7322671578358836e-05,2.1537691149970793e-05,-4.215019571611956e-06
TFK-18,dipep_VE,0.0,2.363732122507288e-05,-5.563846250934134e-05,7.927578373441422e-05
TFK-18,dipep_VF,0.03125,0.0037319478727774373,0.0003414740049704486,0.0033904738678069888
TFK-18,dipep_VG,0.0,3.4602358220561644e-05,-0.00027380191061122217,0.00030840426883178384
TFK-18,dipep_VH,0.0,-7.857512920498734e-05,-0.00015828725130905626,7.971212210406892e-05
TFK-18,dipep_VI,0.0,0.00010741920849563041,3.3967259724937095e-05,7.345194877069332e-05
TFK-18,dipep_VK,0.0,0.0012095663568953525,0.0009111673402550962,0.0002983990166402563
TFK-18,dipep_VL,0.0,-0.0012021870197032971,-0.0017075167240110096,0.0005053297043077125
TFK-18,dipep_VM,0.0,0.0,0.0,0.0
TFK-18,dipep_VN,0.0,9.40024153280093e-05,-0.0001754034119011788,0.0002694058272291881
TFK-18,dipep_VP,0.0,-0.0006112661695717548,-0.00022368417687164093,-0.00038758199270011386
TFK-18,dipep_VQ,0.0,-0.00022743912078684972,2.5139195158091647e-05,-0.00025257831594494137
TFK-18,dipep_VR,0.03125,-0.0024393685539434093,-0.01073513107005129,0.00829576251610788
TFK-18,dipep_VS,0.0,0.0001367168383150042,-0.0004405945626088833,0.0005773114009238875
TFK-18,dipep_VT,0.0,4.6349870285053535e-05,-0.00020006423628085666,0.0002464141065659102
TFK-18,dipep_VV,0.0,0.00017127083921427878,8.879317434835166e-05,8.247766486592711e-05
TFK-18,dipep_VW,0.0,-4.0705810968859646e-07,-4.623368497013138e-05,4.5826626860442784e-05
TFK-18,dipep_VY,0.0,5.31167458498563e-06,-0.0003893757575943876,0.0003946874321793732
TFK-18,dipep_WA,0.0,0.0,-2.4404840064033133e-05,2.4404840064033133e-05
TFK-18,dipep_WC,0.0,-1.7033206375445376e-05,-0.00010797388458573787,9.09406782102925e-05
TFK-18,dipep_WD,0.0,0.0,-3.864830044630091e-05,3.864830044630091e-05
TFK-18,dipep_WE,0.0,-0.0024552955076550145,-0.0037058206008640303,0.0012505250932090158
TFK-18,dipep_WF,0.0,-0.0007068440829631371,-0.00039302544700305363,-0.0003138186359600835
TFK-18,dipep_WG,0.0,-3.1940481458782004e-05,-0.00028677816932000627,0.00025483768786122425
TFK-18,dipep_WH,0.0,0.0,0.0,0.0
TFK-18,dipep_WI,0.0,-0.0009128204685249488,-0.0006652832306952076,-0.0002475372378297412
TFK-18,dipep_WK,0.0,0.00014182467106427783,-1.5055051685393395e-06,0.00014333017623281716
TFK-18,dipep_WL,0.0,5.5060289861781724e-05,-0.0002971328019916471,0.00035219309185342883
TFK-18,dipep_WM,0.0,0.0,-1.3909980568982484e-05,1.3909980568982484e-05
TFK-18,dipep_WN,0.0,0.00012990800894557966,-7.504184965530028e-06,0.0001374121939111097
TFK-18,dipep_WP,0.0,-7.26630419911838e-06,0.0,-7.26630419911838e-06
TFK-18,dipep_WQ,0.0,-2.2244620417891845e-05,-0.0002395278788965269,0.00021728325847863506
TFK-18,dipep_WR,0.0,-0.00012991520415075094,-0.00021751484385537856,8.759963970462762e-05
TFK-18,dipep_WS,0.0,-3.855330262244015e-05,-0.000143070109826009,0.00010451680720356884
TFK-18,dipep_WT,0.0,3.0402506078731257e-05,0.0,3.0402506078731257e-05
TFK-18,dipep_WV,0.0,-1.2211751899551321e-05,-3.659977875544257e-05,2.438802685589125e-05
TFK-18,dipep_WW,0.0,-2.054833282023342e-05,-0.00012899976682192687,0.00010845143400169345
TFK-18,dipep_WY,0.0,-0.007242729498046066,-0.011502900294986981,0.004260170796940915
TFK-18,dipep_YA,0.0,0.0,-0.0002825557349822481,0.0002825557349822481
TFK-18,dipep_YC,0.0,0.00014149189839702362,0.0002629490837547127,-0.00012145718535768908
TFK-18,dipep_YD,0.0,0.0,0.0,0.0
TFK-18,dipep_YE,0.0,0.0001203212732893759,0.0,0.0001203212732893759
TFK-18,dipep_YF,0.0,6.902572264174412e-05,-2.2056460104407983e-05,9.10821827461521e-05
TFK-18,dipep_YG,0.0,-0.0048564781031475305,-0.006588387010212716,0.0017319089070651859
TFK-18,dipep_YH,0.0,0.0,0.0,0.0
TFK-18,dipep_YI,0.0,0.0,-6.907203566054685e-05,6.907203566054685e-05
TFK-18,dipep_YK,0.0,9.798184014513662e-05,-0.00011420830469137928,0.0002121901448365159
TFK-18,dipep_YL,0.0,-9.510114751417893e-05,-0.00027223619315756674,0.0001771350456433878
TFK-18,dipep_YM,0.0,0.0,0.0,0.0
TFK-18,dipep_YN,0.0,0.0,0.0,0.0
TFK-18,dipep_YP,0.0,7.98481094057562e-05,8.307731061404524e-05,-3.2292012082890496e-06
TFK-18,dipep_YQ,0.0,-0.0001996404939124806,-0.0002953891321315384,9.574863821905781e-05
TFK-18,dipep_YR,0.0,3.9455287628596804e-05,-0.0005458994404513438,0.0005853547280799406
TFK-18,dipep_YS,0.0,-8.839367794486639e-05,-0.00011020684470633348,2.1813166761467092e-05
TFK-18,dipep_YT,0.0,-2.015657575890762e-05,-1.3208477208229727e-05,-6.948098550677893e-06
TFK-18,dipep_YV,0.0,-0.0001267681228788086,-0.0001403036565936305,1.3535533714821888e-05
TFK-18,dipep_YW,0.0,-2.8617318967423133e-05,-0.00011701384561597852,8.839652664855538e-05
TFK-18,dipep_YY,0.0,3.0647194764832354e-05,2.4558664183040392e-05,6.088530581791962e-06
TFK-18,glycine_frac,0.03030303120613098,-0.0016701541546637361,-0.004484552221293012,0.002814398066629276
TFK-18,hmoment,0.6990761160850525,0.004502698770096911,0.005675850506449989,-0.0011731517363530782
TFK-18,hydrophobic_frac,0.42424243688583374,0.0065718603903615475,-0.013785094160132676,0.020356954550494223
TFK-18,length,33.0,0.031040309393617543,0.029595651903989183,0.0014446574896283607
TFK-18,proline_frac,0.06060606241226196,0.0033186377965972926,0.000610665500938994,0.0027079722956582985
TRR-26,aa_A,0.07692307978868484,0.002722938279715366,0.0044793788240916135,-0.0017564405443762474
TRR-26,aa_C,0.07692307978868484,0.0023231088723191405,0.001986171246842996,0.00033693762547614466
TRR-26,aa_D,0.0,0.0003182801048359868,-0.0004649705990542609,0.0007832507038902476
TRR-26,aa_E,0.0,8.91569559455198e-05,0.0012921765734317805,-0.0012030196174862607
TRR-26,aa_F,0.0,-0.010646537238788476,-0.01688033025316204,0.006233793014373563
TRR-26,aa_G,0.0,-0.0033889736212500106,-0.0028164990511396486,-0.000572474570110362
TRR-26,aa_H,0.0,-7.646473522717087e-05,0.0007228491647857882,-0.0007993139000129591
TRR-26,aa_I,0.03846153989434242,-0.008737617792666378,-0.002204602585823895,-0.006533015206842484
TRR-26,aa_K,0.03846153989434242,-0.003630272779469331,0.0018419881656836674,-0.005472260945152999
TRR-26,aa_L,0.23076923191547394,0.0023923433170584306,0.011390562954544834,-0.008998219637486402
TRR-26,aa_M,0.0,-0.0007395575600515311,-0.0019046798335304001,0.001165122273478869
TRR-26,aa_N,0.0,0.0003671341270801206,0.00041545556011741655,-4.832143303729595e-05
TRR-26,aa_P,0.0,0.0006806929434503526,-0.0011616522523852297,0.0018423451958355821
TRR-26,aa_Q,0.0,-0.005157633478439175,-0.004837568630125933,-0.0003200648483132418
TRR-26,aa_R,0.26923078298568726,-0.036532442218962735,-0.032973969382968024,-0.003558472835994711
TRR-26,aa_S,0.03846153989434242,-0.0016213237860216493,0.002356210212974994,-0.003977533998996643
TRR-26,aa_T,0.11538461595773697,0.003966919899437361,0.008914850996277349,-0.004947931096839988
TRR-26,aa_V,0.07692307978868484,-0.0031251104207837845,-0.003460027049446378,0.00033491662866259354
TRR-26,aa_W,0.0,-0.005603370834143541,-0.005764982181351115,0.0001616113472075742
TRR-26,aa_Y,0.03846153989434242,-0.005726483184304357,-0.0035608088470295003,-0.0021656743372748563
TRR-26,acidic_frac,0.0,0.0023555905539194657,0.002914516918844233,-0.0005589263649247674
TRR-26,alpha,1.0549999475479126,7.2888108514457105e-06,0.0068675926170001225,-0.006860303806148676
TRR-26,apv,0.19473077356815338,-0.014830825463672493,-0.010949345830814175,-0.003881479632858318
TRR-26,aromatic_frac,0.03846153989434242,-0.010997519132552775,-0.010926561456460798,-7.09576760919775e-05
TRR-26,basic_frac,0.3076923191547394,-0.024040440488787417,-0.014007204822009895,-0.010033235666777522
TRR-26,boman,2.7899999618530273,-0.022868943690434906,-0.040491199908794864,0.017622256218359958
TRR-26,charge,7.913613319396973,-0.003571434956437521,-0.0007797791350923108,-0.0027916558213452103
TRR-26,dipep_AA,0.0,-0.002313432434518355,-0.0029982025096861285,0.0006847700751677734
TRR-26,dipep_AC,0.0,-0.00017024757248146658,-0.00016862738590398989,-1.6201865774766958e-06
TRR-26,dipep_AD,0.0,-1.57875136563606e-05,-7.6287641173888075e-06,-8.158749538971792e-06
TRR-26,dipep_AE,0.0,0.0,4.633377753871721e-05,-4.633377753871721e-05
TRR-26,dipep_AF,0.0,-0.00012844978229093582,-0.00031699615258132393,0.0001885463702903881
TRR-26,dipep_AG,0.0,-0.00022949989082596275,-0.00023100378118741057,1.5038903614478206e-06
TRR-26,dipep_AH,0.0,4.0226353571402324e-05,-8.282546587930179e-05,0.00012305181945070412
TRR-26,dipep_AI,0.0,-0.003239949410021861,-0.0058641585171758225,0.0026242091071539617
TRR-26,dipep_AK,0.03999999910593033,0.0015051310718266829,0.00771807978896852,-0.006212948717141837
TRR-26,dipep_AL,0.03999999910593033,0.00890965822598778,0.019128550493668763,-0.010218892267680984
TRR-26,dipep_AM,0.0,1.9321773653506673e-05,-1.7492510475901612e-05,3.6814284129408285e-05
TRR-26,dipep_AN,0.0,-0.0005770841891095976,-0.0008017650673840882,0.00022468087827449057
TRR-26,dipep_AP,0.0,0.00023351061946879224,0.0003739494008083919,-0.00014043878133959965
TRR-26,dipep_AQ,0.0,-0.0004836191752472657,-0.0006181934885830079,0.00013457431333574216
TRR-26,dipep_AR,0.0,-0.00014925921596027335,0.0002982937156722507,-0.0004475529316325241
TRR-26,dipep_AS,0.0,-0.000659982722182591,5.08432950392017e-05,-0.0007108260172217927
TRR-26,dipep_AT,0.0,-9.142780350346518e-05,7.4849033811747696e-06,-9.891270688463995e-05
TRR-26,dipep_AV,0.0,-0.0033238573079790354,-0.0007498911574885409,-0.0025739661504904946
TRR-26,dipep_AW,0.0,-0.00010393308187567956,-0.00014558489185805101,4.1651809982371456e-05
TRR-26,dipep_AY,0.0,-0.00014861023170830722,-9.130859448808882e-05,-5.7301637220218404e-05
TRR-26,dipep_CA,0.0,-3.2799219503942747e-06,1.6534678214442537e-06,-4.933389771838528e-06
TRR-26,dipep_CC,0.0,-4.710333162204128e-05,-5.202413248562145e-05,4.920800863580165e-06
TRR-26,dipep_CD,0.0,-4.14279361680497e-05,-1.9608672503896794e-05,-2.1819263664152905e-05
TRR-26,dipep_CE,0.0,-4.361611852626692e-05,-2.3835524962346635e-05,-1.9780593563920288e-05
TRR-26,dipep_CF,0.0,-2.3613187180773108e-05,0.0,-2.3613187180773108e-05
TRR-26,dipep_CG,0.0,-0.004183818617889539,-0.006064860206384201,0.0018810415884946618
TRR-26,dipep_CH,0.0,-3.8647823247994836e-06,0.0,-3.8647823247994836e-06
TRR-26,dipep_CI,0.03999999910593033,-0.0024774533064748244,0.0033801232528285516,-0.005857576559303376
TRR-26,dipep_CK,0.0,-0.00017421827434451555,-7.618026304652111e-05,-9.803801129799444e-05
TRR-26,dipep_CL,0.0,1.901441386310922e-05,0.0001452454984837754,-0.0001262310846206662
TRR-26,dipep_CM,0.0,0.0,0.0,0.0
TRR-26,dipep_CN,0.0,-9.652864985560183e-05,-7.994224799581268e-06,-8.853442505602056e-05
TRR-26,dipep_CP,0.0,-0.00012078495888043362,-0.00017766558740200432,5.68806285215707e-05
TRR-26,dipep_CQ,0.0,0.0,0.0,0.0
TRR-26,dipep_CR,0.0,-0.0002518119779983921,-0.0002195770927571394,-3.223488524125269e-05
TRR-26,dipep_CS,0.0,-6.892256935763295e-05,-0.00015125291745582208,8.233034809818913e-05
TRR-26,dipep_CT,0.03999999910593033,-0.0002615588821085583,0.002801767047951074,-0.003063325930059632
TRR-26,dipep_CV,0.0,-0.00020722895521399468,-9.435370164838399e-05,-0.0001128752535656107
TRR-26,dipep_CW,0.0,-0.0003094136318696167,-0.0002768056493702236,-3.260798249939313e-05
TRR-26,dipep_CY,0.0,-0.00046896257938759515,-0.00034981055771250496,-0.00011915202167509019
TRR-26,dipep_DA,0.0,2.6293849699833593e-05,0.00016471202090424653,-0.00013841817120441294
TRR-26,dipep_DC,0.0,0.0,0.0,0.0
TRR-26,dipep_DD,0.0,-2.2690776371507825e-05,-8.017350985256577e-07,-2.1889041272982167e-05
TRR-26,dipep_DE,0.0,-0.0001156902740936407,-0.000499320707794611,0.00038363043370097036
TRR-26,dipep_DF,0.0,-0.0008529486002481359,-7.291266512252114e-05,-0.0007800359351256147
TRR-26,dipep_DG,0.0,-0.0016694201499455365,-0.0017856797494267625,0.00011625959948122601
TRR-26,dipep_DH,0.0,-4.873911997686146e-05,-2.763138419081395e-05,-2.1107735786047514e-05
TRR-26,dipep_DI,0.0,4.9379196920180665e-05,-3.8904753626406796e-05,8.828395054658747e-05
TRR-26,dipep_DK,0.0,8.530244451146532e-05,-6.885347845821914e-05,0.00015415592296968446
TRR-26,dipep_DL,0.0,-2.9911285451487167e-05,-7.896090459458335e-05,4.9049619143096185e-05
TRR-26,dipep_DM,0.0,0.0,0.0,0.0
TRR-26,dipep_DN,0.0,0.0,0.0,0.0
TRR-26,dipep_DP,0.0,0.0,0.0,0.0
TRR-26,dipep_DQ,0.0,-6.669428028701626e-05,-4.387114979375713e-05,-2.282313049325913e-05
TRR-26,dipep_DR,0.0,-3.394556774223606e-05,-5.1333658465962444e-05,1.7388090723726387e-05
TRR-26,dipep_DS,0.0,-2.105960647942304e-05,0.0,-2.105960647942304e-05
TRR-26,dipep_DT,0.0,-4.205608071342699e-05,-0.00011322071613946026,7.116463542603327e-05
TRR-26,dipep_DV,0.0,7.926711003001526e-05,0.0001233595854290575,-4.409247539904223e-05
TRR-26,dipep_DW,0.0,-4.995703894046454e-05,-3.504386724190805e-05,-1.4913171698556486e-05
TRR-26,dipep_DY,0.0,-4.153914355124059e-05,3.286290014121919e-05,-7.440204369245978e-05
TRR-26,dipep_EA,0.0,-0.0024187311650415463,-0.0025588696163938857,0.00014013845135233934
TRR-26,dipep_EC,0.0,-0.00010623735760923033,-0.00013139878651841487,2.5161428909184535e-05
TRR-26,dipep_ED,0.0,-1.3493168806481625e-05,-3.621528836791751e-05,2.2722119561435883e-05
TRR-26,dipep_EE,0.0,-4.3135854630836884e-05,-1.032216309981071e-05,-3.2813691531026174e-05
TRR-26,dipep_EF,0.0,-0.0006634259921171231,-3.3063063761552426e-05,-0.0006303629283555707
TRR-26,dipep_EG,0.0,-0.0060804289883357645,-0.009291563141972296,0.0032111341536365315
TRR-26,dipep_EH,0.0,0.0,4.04440275882169e-05,-4.04440275882169e-05
TRR-26,dipep_EI,0.0,2.4992851110492e-05,-2.8896760853550718e-05,5.388961196404272e-05
TRR-26,dipep_EK,0.0,0.00047064907521968233,0.00136692705464575,-0.0008962779794260676
TRR-26,dipep_EL,0.0,0.00028445091027447077,5.553615968734773e-05,0.00022891475058712304
TRR-26,dipep_EM,0.0,0.0,0.0,0.0
TRR-26,dipep_EN,0.0,-0.00238457070207505,-0.005058205407028688,0.0026736347049536383
TRR-26,dipep_EP,0.0,1.1304933622061302e-05,0.0,1.1304933622061302e-05
TRR-26,dipep_EQ,0.0,-4.393996434220826e-06,-2.8416302738394907e-05,2.402230630417408e-05
TRR-26,dipep_ER,0.0,3.921365628398821e-06,-2.4004838732420667e-05,2.792620436081949e-05
TRR-26,dipep_ES,0.0,-0.00048778891496225696,-1.1588961506861467e-05,-0.0004761999534553955
TRR-26,dipep_ET,0.0,0.0,-1.7297988452686713e-05,1.7297988452686713e-05
TRR-26,dipep_EV,0.0,6.719868783861657e-05,0.0,6.719868783861657e-05
TRR-26,dipep_EW,0.0,-4.856081131163842e-05,-3.463611512081918e-05,-1.3924696190819238e-05
TRR-26,dipep_EY,0.0,-1.2893794402698662e-05,0.0,-1.2893794402698662e-05
TRR-26,dipep_FA,0.0,-0.00017059792154226958,-2.9332084179141525e-05,-0.00014126583736312807
TRR-26,dipep_FC,0.0,-0.0003524627047519036,-0.0009074362216154528,0.0005549735168635492
TRR-26,dipep_FD,0.0,-1.4844022972660162e-05,-2.6874056280606905e-05,1.2030033307946743e-05
TRR-26,dipep_FE,0.0,-0.0017100342398978527,-0.003000386101202372,0.0012903518613045192
TRR-26,dipep_FF,0.0,-0.001262561440499704,-0.0005966206139162373,-0.0006659408265834667
TRR-26,dipep_FG,0.0,-0.0005467139145688494,-0.000849348440727591,0.00030263452615874166
TRR-26,dipep_FH,0.0,-0.0004366575839583869,-0.000402824350989707,-3.3833232968679924e-05
TRR-26,dipep_FI,0.0,-0.0017100600912578956,-0.003636497987146086,0.0019264378958881905
TRR-26,dipep_FK,0.0,-0.0013650044489185017,-0.0009382823350527501,-0.0004267221138657516
TRR-26,dipep_FL,0.0,-0.008220884466787063,-0.006662746826701785,-0.0015581376400852784
TRR-26,dipep_FM,0.0,-0.00029798998829430465,-0.0002614342201045194,-3.655576818978524e-05
TRR-26,dipep_FN,0.0,-1.0182372142067316e-05,0.0,-1.0182372142067316e-05
TRR-26,dipep_FP,0.0,-0.00020586059177121006,-0.00026066370711201847,5.480311534080841e-05
TRR-26,dipep_FQ,0.0,-3.9966170701751816e-05,2.6628920894765354e-05,-6.659509159651718e-05
TRR-26,dipep_FR,0.0,-0.0001291121601834621,0.0015411888647364326,-0.0016703010249198946
TRR-26,dipep_FS,0.0,-0.0003549166590473275,-3.2220742666614187e-07,-0.00035459445162066135
TRR-26,dipep_FT,0.0,-6.754629317193694e-05,-0.00010875025590148147,4.120396272954453e-05
TRR-26,dipep_FV,0.0,-7.586330622636831e-05,8.153418297585331e-05,-0.00015739748920222163
TRR-26,dipep_FW,0.0,-0.0001722425865448049,4.6245279955658175e-06,-0.00017686711454037072
TRR-26,dipep_FY,0.0,-1.5675457003085245e-05,0.0,-1.5675457003085245e-05
TRR-26,dipep_GA,0.0,-0.0005979046338094163,-0.000574560805399315,-2.3343828410101364e-05
TRR-26,dipep_GC,0.0,-7.191273826769775e-05,4.8779357922340246e-05,-0.00012069209619003799
TRR-26,dipep_GD,0.0,-0.00020897486609631547,-1.9631932337451382e-05,-0.0001893429337588641
TRR-26,dipep_GE,0.0,-3.4171400297542924e-05,-5.4474055580396846e-05,2.030265528285392e-05
TRR-26,dipep_GF,0.0,-0.003926478311048953,-0.0024541461156824453,-0.0014723321953665075
TRR-26,dipep_GG,0.0,-3.3797932926402367e-06,0.0002262470835372378,-0.00022962687682987802
TRR-26,dipep_GH,0.0,-0.00017359805630993137,-0.0004078089838109887,0.00023421092750105732
TRR-26,dipep_GI,0.0,-0.0010308072259556384,-0.00016140818637098482,-0.0008693990395846536
TRR-26,dipep_GK,0.0,-0.0006702041298625522,-0.0005602376170799172,-0.00010996651278263501
TRR-26,dipep_GL,0.0,-0.002920005926135172,-0.003041210349798803,0.00012120442366363128
TRR-26,dipep_GM,0.0,-0.003253077987308808,-0.003254964966638761,1.8869793299530584e-06
TRR-26,dipep_GN,0.0,-2.571075185789451e-05,-8.194573140182995e-05,5.6234979543935436e-05
TRR-26,dipep_GP,0.0,5.1936767668500517e-05,-0.00025187321607229233,0.00030380998374079286
TRR-26,dipep_GQ,0.0,0.00016529389608741348,0.0014454697587699297,-0.0012801758626825163
TRR-26,dipep_GR,0.0,-0.0017214719628476226,-0.002040760940486989,0.0003192889776393664
TRR-26,dipep_GS,0.0,-7.525630860065756e-05,-6.336191388309483e-05,-1.189439471756273e-05
TRR-26,dipep_GT,0.0,-6.360093035336865e-06,-9.239298664912742e-05,8.603289361379055e-05
TRR-26,dipep_GV,0.0,-0.0003234059550902419,-0.0010093107394945635,0.0006859047844043216
TRR-26,dipep_GW,0.0,-0.004135583147345324,-0.0051081332918670765,0.0009725501445217522
TRR-26,dipep_GY,0.0,-0.001847943934224747,-0.0036346932511843477,0.0017867493169596007
TRR-26,dipep_HA,0.0,-0.0005492813458373811,-0.00035322273622678894,-0.00019605860961059213
TRR-26,dipep_HC,0.0,2.638844530550916e-05,0.0,2.638844530550916e-05
TRR-26,dipep_HD,0.0,0.0,0.0,0.0
TRR-26,dipep_HE,0.0,0.0,0.0,0.0
TRR-26,dipep_HF,0.0,-9.998472005541055e-06,-1.6874582516491686e-05,6.8761105109506305e-06
TRR-26,dipep_HG,0.0,0.00014507096828180838,-7.305096982874403e-05,0.0002181219381105524
TRR-26,dipep_HH,0.0,-0.00020471601836972813,3.3938958729252975e-05,-0.0002386549770989811
TRR-26,dipep_HI,0.0,-0.0006597134412139777,-0.0008567220132362336,0.00019700857202225588
TRR-26,dipep_HK,0.0,-0.00010207620639197631,-0.00011840614326229709,1.6329936870320783e-05
TRR-26,dipep_HL,0.0,-4.743392220745458e-05,-0.00030944960235076546,0.00026201568014331086
TRR-26,dipep_HM,0.0,0.0,-2.2251708016541128e-05,2.2251708016541128e-05
TRR-26,dipep_HN,0.0,-3.2680223243318436e-05,-1.1397357249559196e-05,-2.128286599375924e-05
TRR-26,dipep_HP,0.0,1.3998183524250862e-05,0.0,1.3998183524250862e-05
TRR-26,dipep_HQ,0.0,-7.95481556261967e-06,-2.0336606932333398e-05,1.2381791369713728e-05
TRR-26,dipep_HR,0.0,-0.0003139499604234967,-0.0002583134652315393,-5.563649519195739e-05
TRR-26,dipep_HS,0.0,-7.597810456727036e-06,0.00031527249743267905,-0.0003228703078894061
TRR-26,dipep_HT,0.0,5.419298266955074e-05,0.0,5.419298266955074e-05
TRR-26,dipep_HV,0.0,-0.0001034325578919207,-0.00038586796884608265,0.00028243541095416196
TRR-26,dipep_HW,0.0,0.0,0.0,0.0
TRR-26,dipep_HY,0.0,0.0,0.0,0.0
TRR-26,dipep_IA,0.0,-0.0004945743496916269,-0.0017228572884497417,0.0012282829387581149
TRR-26,dipep_IC,0.0,-7.523035704672464e-06,-8.510786007319528e-05,7.758482436852281e-05
TRR-26,dipep_ID,0.0,-0.0028459013511156453,-0.004573993551981249,0.0017280922008656037
TRR-26,dipep_IE,0.0,-0.005693877715305969,-0.008485726912446149,0.00279184919714018
TRR-26,dipep_IF,0.0,-0.0007613080194661364,-0.0015235277165379824,0.000762219697071846
TRR-26,dipep_IG,0.0,-0.0006194433154289655,0.0002487754692290375,-0.000868218784658003
TRR-26,dipep_IH,0.0,-0.0003717230482857692,-0.00013329713615295663,-0.00023842591213281254
TRR-26,dipep_II,0.0,-0.0007439267200335098,-0.0016269253193363705,0.0008829985993028607
TRR-26,dipep_IK,0.0,-0.003700881940800943,-0.004501752512034836,0.000800870571233893
TRR-26,dipep_IL,0.03999999910593033,0.0008323646482823103,0.01162386340941737,-0.01079149876113506
TRR-26,dipep_IM,0.0,-3.706358146577145e-05,-2.343065307052056e-05,-1.3632928395250889e-05
TRR-26,dipep_IN,0.0,-0.00017346512644728098,-5.456129692221356e-05,-0.00011890382952506743
TRR-26,dipep_IP,0.0,-0.0008177961253161179,-0.0006907573061028092,-0.00012703881921330873
TRR-26,dipep_IQ,0.0,-0.00017918261323014636,-0.0001311186533703206,-4.8063959859825754e-05
TRR-26,dipep_IR,0.0,-0.0001287544575771353,0.0003935722110770761,-0.0005223266686542114
TRR-26,dipep_IS,0.0,-0.0014085876525074944,-0.003175868476426657,0.0017672808239191625
TRR-26,dipep_IT,0.0,-0.00010169653628989938,-0.0004978064547947521,0.00039610991850485275
TRR-26,dipep_IV,0.0,-0.0014181800495176376,-0.0008199298020761828,-0.0005982502474414548
TRR-26,dipep_IW,0.0,-0.00031974638626234214,-0.0002518050998875824,-6.794128637475975e-05
TRR-26,dipep_IY,0.0,-9.933453410781781e-05,1.2541289798915936e-05,-0.00011187582390673374
TRR-26,dipep_KA,0.0,-0.00012586682712315375,0.0005543301915876147,-0.0006801970187107684
TRR-26,dipep_KC,0.0,-0.0009854761081917074,-0.0014085542924809774,0.00042307818428926995
TRR-26,dipep_KD,0.0,-0.0007402122077742126,-3.940885676819084e-05,-0.0007008033510060218
TRR-26,dipep_KE,0.0,-0.0004894082145323211,0.0002133630196197854,-0.0007027712341521066
TRR-26,dipep_KF,0.0,-6.76147026608426e-05,8.738079274076108e-05,-0.0001549954954016037
TRR-26,dipep_KG,0.0,7.045832110243999e-05,0.0008354966108609288,-0.0007650382897584888
TRR-26,dipep_KH,0.0,-0.00014724803033979033,-0.00032134948460862375,0.00017410145426883343
TRR-26,dipep_KI,0.0,-0.002158685399802729,-0.0017073155265146377,-0.00045136987328809144
TRR-26,dipep_KK,0.0,-0.00458979772256868,-0.004168871024269969,-0.0004209266982987108
TRR-26,dipep_KL,0.0,-0.0012389894591686194,-0.001645325533253873,0.00040633607408525354
TRR-26,dipep_KM,0.0,5.5416036937231464e-05,-3.995194720648469e-05,9.536798414371616e-05
TRR-26,dipep_KN,0.0,-0.0001840397161373626,-8.972983576498767e-05,-9.430988037237492e-05
TRR-26,dipep_KP,0.0,-9.719115582488392e-06,5.8755450648207955e-05,-6.847456623069635e-05
TRR-26,dipep_KQ,0.0,-0.0004311457518161953,-0.0007215477285598734,0.00029040197674367804
TRR-26,dipep_KR,0.03999999910593033,-0.014373549417261634,-0.0010420035247699442,-0.01333154589249169
TRR-26,dipep_KS,0.0,-0.00041147945352754985,-1.409921154226045e-06,-0.0004100695323733238
TRR-26,dipep_KT,0.0,-0.0007208283552780979,-0.002694373197189352,0.001973544841911254
TRR-26,dipep_KV,0.0,-0.0035079307440691555,-0.0017178265953663163,-0.0017901041487028391
TRR-26,dipep_KW,0.0,-0.00022091090608161834,-7.870233113528393e-05,-0.00014220857494633442
TRR-26,dipep_KY,0.0,-0.0003338063993705572,-0.00016130519594217293,-0.00017250120342838428
TRR-26,dipep_LA,0.0,-0.0005197193930544906,0.00038378474689734846,-0.000903504139951839
TRR-26,dipep_LC,0.03999999910593033,-0.0005069578388150037,-0.0008360134690192611,0.00032905563020425735
TRR-26,dipep_LD,0.0,-0.00026866554548729776,-0.0005206303320469785,0.0002519647865596807
TRR-26,dipep_LE,0.0,4.964074031630585e-05,0.0002468741911304135,-0.00019723345081410762
TRR-26,dipep_LF,0.0,-0.011947191017587391,-0.018449920301033432,0.0065027292834460414
TRR-26,dipep_LG,0.0,-0.0013085726252104874,0.0004010711163660467,-0.001709643741576534
TRR-26,dipep_LH,0.0,0.0001310179144705921,0.00013657210918774295,-5.554194717150859e-06
TRR-26,dipep_LI,0.0,-0.004305670119197916,-0.00490332316732166,0.0005976530481237446
TRR-26,dipep_LK,0.0,-0.0029492709913446565,-0.0034897478132614548,0.0005404768219167983
TRR-26,dipep_LL,0.11999999731779099,-0.003417634506236702,0.000750221275845201,-0.0041678557820819025
TRR-26,dipep_LM,0.0,0.00012054525413035709,0.00017892329428703224,-5.837804015667515e-05
TRR-26,dipep_LN,0.0,-0.00018457843005937583,8.517870671354263e-05,-0.00026975713677291843
TRR-26,dipep_LP,0.0,-0.002794760722686101,-0.0040682794482920165,0.0012735187256059156
TRR-26,dipep_LQ,0.0,-0.0002896495517219852,-8.145574663084729e-05,-0.00020819380509113793
TRR-26,dipep_LR,0.0,-0.0001885856431215624,0.0007724694290744186,-0.000961055072195981
TRR-26,dipep_LS,0.0,-0.0008698800170017315,-0.0005444604289042473,-0.0003254195880974842
TRR-26,dipep_LT,0.0,-0.0005282943984804492,-0.00014417136606844334,-0.0003841230324120058
TRR-26,dipep_LV,0.03999999910593033,0.007857231313678612,0.016944058951591297,-0.009086827637912685
TRR-26,dipep_LW,0.0,-0.000715871975022877,-0.0008740044987482553,0.00015813252372537834
TRR-26,dipep_LY,0.03999999910593033,-0.0004656673382227261,0.00026682295624160034,-0.0007324902944643264
TRR-26,dipep_MA,0.0,-0.00011313616228689393,-0.000247476357707772,0.00013434019542087804
TRR-26,dipep_MC,0.0,0.0,0.0,0.0
TRR-26,dipep_MD,0.0,-4.6109613602655685e-06,-1.1016788933336519e-05,6.4058275730709506e-06
TRR-26,dipep_ME,0.0,-8.646661027493236e-05,0.0,-8.646661027493236e-05
TRR-26,dipep_MF,0.0,0.0,0.0,0.0
TRR-26,dipep_MG,0.0,-3.884320208331864e-05,-9.269034690497521e-05,5.3847144821656574e-05
TRR-26,dipep_MH,0.0,0.0,0.0,0.0
TRR-26,dipep_MI,0.0,-0.0019194228408506385,-0.00272367073650241,0.0008042478956517714
TRR-26,dipep_MK,0.0,0.00013045454952168478,4.843588087812077e-05,8.201866864356402e-05
TRR-26,dipep_ML,0.0,-5.922756229978737e-05,-1.333923749999359e-06,-5.7893638549788007e-05
TRR-26,dipep_MM,0.0,-5.707126438182497e-06,-0.0001425739503537238,0.00013686682391554132
TRR-26,dipep_MN,0.0,0.0,0.0,0.0
TRR-26,dipep_MP,0.0,0.0,0.0,0.0
TRR-26,dipep_MQ,0.0,-2.361461524723661e-05,5.719222596100494e-05,-8.080684120824154e-05
TRR-26,dipep_MR,0.0,4.868703836140944e-05,-0.0005894113389587109,0.0006380983773201204
TRR-26,dipep_MS,0.0,-4.923435073011776e-05,-0.00010089471845862468,5.1660367728506916e-05
TRR-26,dipep_MT,0.0,-0.00024627030607289314,-0.00023087752180661074,-1.53927842662824e-05
TRR-26,dipep_MV,0.0,0.0,-4.272911791915565e-05,4.272911791915565e-05
TRR-26,dipep_MW,0.0,-1.402357196104132e-05,0.0,-1.402357196104132e-05
TRR-26,dipep_MY,0.0,0.0,-2.6015059008336517e-05,2.6015059008336517e-05
TRR-26,dipep_NA,0.0,-0.0004173308841269869,-0.0006721761104122464,0.00025484522628525954
TRR-26,dipep_NC,0.0,-3.5955980583953775e-05,-6.005216517504266e-05,2.4096184591088882e-05
TRR-26,dipep_ND,0.0,0.0,0.0,0.0
TRR-26,dipep_NE,0.0,-9.151544294738693e-05,0.0,-9.151544294738693e-05
TRR-26,dipep_NF,0.0,-0.00034962830886493866,-0.0006208980120708036,0.00027126970320586494
TRR-26,dipep_NG,0.0,-0.0046831360507105626,-0.002085149476612593,-0.0025979865740979697
TRR-26,dipep_NH,0.0,0.0,0.0,0.0
TRR-26,dipep_NI,0.0,-4.0856148182291954e-05,-0.00012742475433235255,8.65686061500606e-05
TRR-26,dipep_NK,0.0,7.118163282323709e-05,0.0004646891744597004,-0.0003935075416364633
TRR-26,dipep_NL,0.0,-5.634605953118475e-05,0.0004179810567345072,-0.000474327116265692
TRR-26,dipep_NM,0.0,-7.737267309036663e-06,-1.5935941126623524e-05,8.198673817586861e-06
TRR-26,dipep_NN,0.0,0.0,2.3824573891427464e-05,-2.3824573891427464e-05
TRR-26,dipep_NP,0.0,-5.7915855705097726e-05,0.0,-5.7915855705097726e-05
TRR-26,dipep_NQ,0.0,-0.00027096996017567185,-0.0005294798476563121,0.0002585098874806403
TRR-26,dipep_NR,0.0,-0.00030699245093811553,-0.00013406598380396125,-0.00017292646713415428
TRR-26,dipep_NS,0.0,1.630195832234634e-05,4.9818386090951476e-05,-3.3516427768605134e-05
TRR-26,dipep_NT,0.0,-0.0016804254992996732,-0.0008788121327447426,-0.0008016133665549306
TRR-26,dipep_NV,0.0,-2.9126685988031315e-05,-0.00024982737085241984,0.00022070068486438853
TRR-26,dipep_NW,0.0,-2.66342883714421e-05,-5.8906001277822874e-05,3.227171290638077e-05
TRR-26,dipep_NY,0.0,0.0,2.7111008545538384e-05,-2.7111008545538384e-05
TRR-26,dipep_PA,0.0,-0.0005062357775807762,-4.85681040276683e-05,-0.0004576676735531079
TRR-26,dipep_PC,0.0,-6.905201853358583e-05,-3.1700079012184793e-05,-3.7351939521401035e-05
TRR-26,dipep_PD,0.0,0.0,0.0,0.0
TRR-26,dipep_PE,0.0,3.9189820906200066e-05,-0.00024155105209448517,0.0002807408730006852
TRR-26,dipep_PF,0.0,-1.7640887790040126e-05,0.00022127969677491184,-0.00023892058456495197
TRR-26,dipep_PG,0.0,0.0002554924784785913,5.543882828793637e-06,0.00024994859564979766
TRR-26,dipep_PH,0.0,-1.1324914723131586e-05,-3.5089042203042624e-05,2.376412747991104e-05
TRR-26,dipep_PI,0.0,4.796603740650175e-05,-4.1266853782220914e-05,8.923289118872266e-05
TRR-26,dipep_PK,0.0,-0.00030525033714756314,-0.00042484541439514366,0.00011959507724758052
TRR-26,dipep_PL,0.0,-9.967273576442936e-06,0.00016107699837840503,-0.00017104427195484796
TRR-26,dipep_PM,0.0,0.0,0.0,0.0
TRR-26,dipep_PN,0.0,0.0,0.0,0.0
TRR-26,dipep_PP,0.0,0.0,0.00011519170360497298,-0.00011519170360497298
TRR-26,dipep_PQ,0.0,-4.526841065659633e-05,-5.368734459873276e-06,-3.989967619672305e-05
TRR-26,dipep_PR,0.0,1.7282667798946503e-05,0.0005687651711589353,-0.0005514825033599887
TRR-26,dipep_PS,0.0,-0.00020165948213384346,-0.00033010446353945596,0.0001284449814056125
TRR-26,dipep_PT,0.0,-0.0006489477358051262,0.0,-0.0006489477358051262
TRR-26,dipep_PV,0.0,-6.317025056096788e-05,3.219459690879317e-05,-9.536484746976105e-05
TRR-26,dipep_PW,0.0,-7.2143554133248675e-06,0.0,-7.2143554133248675e-06
TRR-26,dipep_PY,0.0,0.0,0.0,0.0
TRR-26,dipep_QA,0.0,-6.278674075885733e-05,-4.1550697411589816e-05,-2.123604334726752e-05
TRR-26,dipep_QC,0.0,-0.00011473574284670055,-1.9839232024384295e-05,-9.489651082231626e-05
TRR-26,dipep_QD,0.0,-6.639049115134113e-05,-8.31510050023421e-05,1.676051385100097e-05
TRR-26,dipep_QE,0.0,0.0,-7.606092192220526e-06,7.606092192220526e-06
TRR-26,dipep_QF,0.0,-0.00011841039052580663,-0.00020250814702102524,8.409775649521862e-05
TRR-26,dipep_QG,0.0,-0.000237102431513525,-0.0003522541335339771,0.0001151517020204521
TRR-26,dipep_QH,0.0,-0.0004897312285173388,-0.000620124139013169,0.00013039291049583021
TRR-26,dipep_QI,0.0,-8.491004727601543e-05,-1.2732350571089798e-05,-7.217769670492563e-05
TRR-26,dipep_QK,0.0,-1.2698439850346527e-05,1.0956464383388675e-05,-2.36549042337352e-05
TRR-26,dipep_QL,0.0,-0.00021517786081867582,-0.0005131606500861889,0.0002979827892675131
TRR-26,dipep_QM,0.0,-4.608591252584759e-06,0.0,-4.608591252584759e-06
TRR-26,dipep_QN,0.0,-6.910428132028209e-05,0.0,-6.910428132028209e-05
TRR-26,dipep_QP,0.0,-0.0001983143244402728,-0.00034551099677081204,0.00014719667233053924
TRR-26,dipep_QQ,0.0,-0.0007751113877500923,-0.0003504614270256567,-0.00042464996072443564
TRR-26,dipep_QR,0.0,-0.003327402816838196,-0.0034523064097306514,0.00012490359289245518
TRR-26,dipep_QS,0.0,-0.00035070492585071106,-0.0004144469065135127,6.374198066280164e-05
TRR-26,dipep_QT,0.0,0.0,0.0,0.0
TRR-26,dipep_QV,0.0,-1.961391799444836e-05,9.054577132479004e-05,-0.00011015968931923841
TRR-26,dipep_QW,0.0,-0.00011138528080771109,-0.00020356557608846123,9.218029528075014e-05
TRR-26,dipep_QY,0.0,0.0,0.0,0.0
TRR-26,dipep_RA,0.03999999910593033,-0.0018356775925343202,0.0008753312425226553,-0.0027110088350569754
TRR-26,dipep_RC,0.0,-0.00011002282120089683,0.00017017504157673538,-0.0002801978627776322
TRR-26,dipep_RD,0.0,-0.0003756860678154401,-0.00027156918492519494,-0.00010411688289024514
TRR-26,dipep_RE,0.0,0.00022878154832789232,3.672949488013047e-05,0.00019205205344776185
TRR-26,dipep_RF,0.0,0.0003027740465550239,0.000287358581656429,1.5415464898594895e-05
TRR-26,dipep_RG,0.0,5.818668162982748e-05,0.0003509148368505825,-0.000292728155220755
TRR-26,dipep_RH,0.0,-9.410822013023483e-05,-5.040568605206059e-05,-4.370253407817424e-05
TRR-26,dipep_RI,0.0,-0.00041655583032009034,-0.0001305425309479476,-0.00028601329937214274
TRR-26,dipep_RK,0.0,-0.00272080868525657,0.0005729106780426916,-0.003293719363299262
TRR-26,dipep_RL,0.03999999910593033,-0.010337720938242112,-0.013721000104359588,0.003383279166117475
TRR-26,dipep_RM,0.0,-0.0002755090549323552,-7.903258177552897e-05,-0.00019647647315682625
TRR-26,dipep_RN,0.0,-0.0010311907922946452,0.00041508428593198645,-0.0014462750782266317
TRR-26,dipep_RP,0.0,-1.3124116428124027e-05,0.0004339148530156176,-0.0004470389694437416
TRR-26,dipep_RQ,0.0,-0.007339569562589033,-0.006745217168557276,-0.0005943523940317571
TRR-26,dipep_RR,0.11999999731779099,-0.012577490135110586,-0.006991675311929378,-0.005585814823181208
TRR-26,dipep_RS,0.0,5.735888114559306e-05,-0.0008460127917093492,0.0009033716728549423
TRR-26,dipep_RT,0.03999999910593033,-0.00800640273862889,0.0014512550643862225,-0.009457657803015112
TRR-26,dipep_RV,0.03999999910593033,-0.003199109818554591,0.000716160691631981,-0.003915270510186572
TRR-26,dipep_RW,0.0,-0.0008297625379149311,-0.0007952068963351728,-3.455564157975831e-05
TRR-26,dipep_RY,0.0,-4.926149733396504e-05,-0.00026619203286905237,0.00021693053553508733
TRR-26,dipep_SA,0.0,-6.259491589646179e-05,5.5461309144823235e-05,-0.00011805622504128501
TRR-26,dipep_SC,0.0,-0.0001146134761149449,-0.00013267381802965452,1.8060341914709625e-05
TRR-26,dipep_SD,0.0,-4.610136843101e-05,7.307902582327572e-05,-0.00011918039425428572
TRR-26,dipep_SE,0.0,-5.550463426212173e-06,0.0,-5.550463426212173e-06
TRR-26,dipep_SF,0.0,-0.00024420000282395063,-7.604019661645223e-06,-0.0002365959831623054
TRR-26,dipep_SG,0.0,-6.665810485516683e-06,-1.4489640079811782e-05,7.823829594295098e-06
TRR-26,dipep_SH,0.0,-8.817724857127899e-05,-7.088831897676e-05,-1.7288929594518984e-05
TRR-26,dipep_SI,0.0,-0.0004739932946819627,-0.0011196415109107909,0.0006456482162288282
TRR-26,dipep_SK,0.0,-0.004373248326925372,-0.005911143851565714,0.0015378955246403425
TRR-26,dipep_SL,0.0,-0.0006086883976659654,-0.0004828137319992955,-0.0001258746656666699
TRR-26,dipep_SM,0.0,0.0,-1.4132647888449232e-05,1.4132647888449232e-05
TRR-26,dipep_SN,0.0,-0.0011667442385862846,-0.0005559823884850625,-0.0006107618501012221
TRR-26,dipep_SP,0.0,0.0002962415876186311,-5.302694313194927e-05,0.0003492685307505804
TRR-26,dipep_SQ,0.0,-9.626923625421502e-06,-4.922495485507264e-05,3.9598031229651145e-05
TRR-26,dipep_SR,0.03999999910593033,-0.004436127893660267,0.00019553219240091453,-0.004631660086061182
TRR-26,dipep_SS,0.0,-7.554780881642987e-05,-0.00011574436522373274,4.019655640730286e-05
TRR-26,dipep_ST,0.0,-7.991316704540045e-05,-0.00044179146871960965,0.0003618783016742092
TRR-26,dipep_SV,0.0,-1.3140569103102139e-05,3.563189661081785e-05,-4.877246571391999e-05
TRR-26,dipep_SW,0.0,-0.001141705121019114,-0.00031602769569844327,-0.0008256774253206707
TRR-26,dipep_SY,0.0,-2.1295237666867793e-05,-2.648901271112673e-05,5.193775044258938e-06
TRR-26,dipep_TA,0.0,-0.00017814127598638293,-0.0003221384153507332,0.00014399713936435028
TRR-26,dipep_TC,0.0,-4.594111337848292e-05,1.9067975101186535e-05,-6.500908847966946e-05
TRR-26,dipep_TD,0.0,3.092125823047729e-05,0.00023503356677287494,-0.00020411230854239766
TRR-26,dipep_TE,0.0,-0.0004554125067786819,0.0,-0.0004554125067786819
TRR-26,dipep_TF,0.0,-0.0006822977258877621,-0.00016645603428288552,-0.0005158416916048766
TRR-26,dipep_TG,0.0,-0.0017191572568474919,-0.0009817058631522893,-0.0007374513936952026
TRR-26,dipep_TH,0.0,-5.918473527451856e-06,-6.515343824914544e-06,5.968702974626878e-07
TRR-26,dipep_TI,0.0,-0.0014792148647068343,-0.002686751077192276,0.0012075362124854415
TRR-26,dipep_TK,0.0,-0.00020017442194950904,-0.0001550358466884073,-4.5138575261101735e-05
TRR-26,dipep_TL,0.0,0.00012321225299213008,-0.000735970945022036,0.0008591831980141661
TRR-26,dipep_TM,0.0,0.0,0.0,0.0
TRR-26,dipep_TN,0.0,-2.155635420003518e-05,-9.983123244257113e-05,7.827487824253595e-05
TRR-26,dipep_TP,0.0,-0.0004755902033438164,-5.2974965765241905e-05,-0.00042261523757857453
TRR-26,dipep_TQ,0.0,-8.141800592136847e-05,-0.00028763313091253903,0.00020621512499117056
TRR-26,dipep_TR,0.03999999910593033,-0.00565327579269865,0.0014945337733796862,-0.007147809566078336
TRR-26,dipep_TS,0.03999999910593033,0.0005463763912167723,0.0016417356880733178,-0.0010953592968565456
TRR-26,dipep_TT,0.0,-0.0010878326310661062,-0.0005692558912439652,-0.000518576739822141
TRR-26,dipep_TV,0.0,-0.0002733893072819285,-0.0006219238892863813,0.00034853458200445283
TRR-26,dipep_TW,0.0,-1.2293308002521183e-05,0.0,-1.2293308002521183e-05
TRR-26,dipep_TY,0.0,5.32490579150175e-05,-2.9797604899304257e-05,8.304666281432176e-05
TRR-26,dipep_VA,0.03999999910593033,0.0038197544779926353,0.006447749502786972,-0.0026279950247943364
TRR-26,dipep_VC,0.0,-0.0004124966363471848,-0.0005907309481094522,0.0001782343117622674
TRR-26,dipep_VD,0.0,0.0,0.0,0.0
TRR-26,dipep_VE,0.0,-4.394220436570816e-05,-0.0002992467885535586,0.0002553045841878504
TRR-26,dipep_VF,0.0,-0.00028191668263549696,-0.00013762805465406428,-0.00014428862798143268
TRR-26,dipep_VG,0.0,-0.00029816304810943717,-0.0003947210801658304,9.655803205639324e-05
TRR-26,dipep_VH,0.0,-0.00043978114786130754,-0.00022050304685291934,-0.0002192781010083882
TRR-26,dipep_VI,0.0,-8.549054813798138e-05,0.0001318145904306985,-0.0002173051385686799
TRR-26,dipep_VK,0.0,0.00027254712173751893,0.0009476113214171395,-0.0006750641996796207
TRR-26,dipep_VL,0.0,-0.004103585792876022,-0.0033108110440186202,-0.0007927747488574014
TRR-26,dipep_VM,0.0,-1.0585602016739832e-05,0.0,-1.0585602016739832e-05
TRR-26,dipep_VN,0.0,-5.695518240292168e-05,-3.7230590831529935e-05,-1.9724591571391743e-05
TRR-26,dipep_VP,0.0,-0.0005813791545582151,-6.0305650139421804e-05,-0.0005210735044187933
TRR-26,dipep_VQ,0.0,-0.00025258956980814625,1.9992640768469105e-05,-0.00027258221057661534
TRR-26,dipep_VR,0.03999999910593033,-0.00805041026147092,-0.016341890146437974,0.008291479884967054
TRR-26,dipep_VS,0.0,1.150180840699813e-05,2.9703483541187972e-05,-1.8201675134189843e-05
TRR-26,dipep_VT,0.0,-0.0002525741562198126,-0.00020437353338726924,-4.8200622832543386e-05
TRR-26,dipep_VV,0.0,8.814888941311407e-06,0.0001903918475289168,-0.0001815769585876054
TRR-26,dipep_VW,0.0,-9.750541497713268e-05,-3.844069589218029e-05,-5.9064719084952386e-05
TRR-26,dipep_VY,0.0,-0.0001239263560718083,-0.00011259695041753835,-1.1329405654269954e-05
TRR-26,dipep_WA,0.0,0.0,2.7380553941129656e-05,-2.7380553941129656e-05
TRR-26,dipep_WC,0.0,0.0001878346159185456,-5.233946289931132e-05,0.00024017407881785693
TRR-26,dipep_WD,0.0,-7.701640949786756e-05,0.0,-7.701640949786756e-05
TRR-26,dipep_WE,0.0,-0.0020046717154453123,-0.0030511074315478937,0.0010464357161025814
TRR-26,dipep_WF,0.0,-9.670550551491804e-05,-0.00017756293589023942,8.085743037532137e-05
TRR-26,dipep_WG,0.0,-3.039124412108093e-05,-9.855422228354665e-05,6.816297816246571e-05
TRR-26,dipep_WH,0.0,-4.0825829692735715e-05,0.0,-4.0825829692735715e-05
TRR-26,dipep_WI,0.0,-0.0012467252186467697,-0.000949534122230287,-0.0002971910964164827
TRR-26,dipep_WK,0.0,-0.0001355333985572255,-0.0008375407562972893,0.0007020073577400639
TRR-26,dipep_WL,0.0,-0.0005359534263169004,-0.00026717698531128156,-0.0002687764410056189
TRR-26,dipep_WM,0.0,-1.1323358413618642e-05,-1.3909980568982484e-05,2.586622155363842e-06
TRR-26,dipep_WN,0.0,-8.479278449220652e-05,-8.949320320052473e-05,4.700418708318213e-06
TRR-26,dipep_WP,0.0,-2.6668400913923187e-05,0.0,-2.6668400913923187e-05
TRR-26,dipep_WQ,0.0,-0.00014303733889797185,-0.00028653214369900293,0.00014349480480103108
TRR-26,dipep_WR,0.0,-0.000794771855335732,-0.0002920370392509022,-0.0005027348160848298
TRR-26,dipep_WS,0.0,-0.00010050999242244942,-0.00011717587531414589,1.666588289169647e-05
TRR-26,dipep_WT,0.0,0.0,0.0,0.0
TRR-26,dipep_WV,0.0,-9.063412267631068e-05,2.7935623430779585e-06,-9.342768501938864e-05
TRR-26,dipep_WW,0.0,-0.0001887430002295798,-0.00026448175074378805,7.573875051420826e-05
TRR-26,dipep_WY,0.0,-0.007333934993727881,-0.010417242728767118,0.0030833077350392374
TRR-26,dipep_YA,0.0,-0.00010865870586045173,-0.00020234367819342791,9.368497233297619e-05
TRR-26,dipep_YC,0.03999999910593033,-0.0042746625157318655,-0.004981472701155523,0.0007068101854236578
TRR-26,dipep_YD,0.0,0.0,0.0,0.0
TRR-26,dipep_YE,0.0,2.9478587852095772e-05,0.0,2.9478587852095772e-05
TRR-26,dipep_YF,0.0,-6.694563825581245e-06,-2.2056460104407983e-05,1.5361896278826738e-05
TRR-26,dipep_YG,0.0,-0.004545377205997171,-0.005991120517677256,0.0014457433116800847
TRR-26,dipep_YH,0.0,-1.075988342275629e-05,0.0,-1.075988342275629e-05
TRR-26,dipep_YI,0.0,0.0,-6.907203566054685e-05,6.907203566054685e-05
TRR-26,dipep_YK,0.0,-4.697791235888088e-05,8.187102357124813e-05,-0.000128848935930129
TRR-26,dipep_YL,0.0,-0.0006963309332698581,-0.00037706984815191904,-0.00031926108511793906
TRR-26,dipep_YM,0.0,0.0,0.0,0.0
TRR-26,dipep_YN,0.0,0.0,0.0,0.0
TRR-26,dipep_YP,0.0,0.0,0.0,0.0
TRR-26,dipep_YQ,0.0,-0.0003626922732502271,-0.0002115077224302875,-0.0001511845508199396
TRR-26,dipep_YR,0.0,-0.0005656743249176557,-0.0005586798182295641,-6.994506688091516e-06
TRR-26,dipep_YS,0.0,-7.817400543866905e-05,-6.821178228343322e-05,-9.962223155235824e-06
TRR-26,dipep_YT,0.0,0.0,0.0,0.0
TRR-26,dipep_YV,0.0,-9.899044012547241e-06,-0.0001178520074750638,0.00010795296346251657
TRR-26,dipep_YW,0.0,-4.114811759352691e-05,-8.694185769687498e-05,4.579374010334807e-05
TRR-26,dipep_YY,0.0,0.0,2.4558664183040392e-05,-2.4558664183040392e-05
TRR-26,glycine_frac,0.0,-0.0022068701503609447,-0.00286325613889724,0.0006563859885362951
TRR-26,hmoment,0.8533435463905334,0.00260230724935849,0.017936100970810984,-0.015333793721452493
TRR-26,hydrophobic_frac,0.4615384638309479,0.009713722077730911,0.006812860339600857,0.002900861738130054
TRR-26,length,26.0,0.012754495945197121,0.03601263285370071,-0.02325813690850359
TRR-26,proline_frac,0.0,0.0003579322683159218,0.0011600273133970807,-0.0008020950450811589
melittin,aa_A,0.07692307978868484,0.008226732065498003,0.00909764665868334,-0.0008709145931853363
melittin,aa_C,0.0,-0.004694876379544854,-0.0037453046937296814,-0.0009495716858151722
melittin,aa_D,0.0,0.0021585786583349395,0.0020432648481607187,0.00011531381017422081
melittin,aa_E,0.0,-0.0004444752084693154,0.001937533988901506,-0.0023820091973708215
melittin,aa_F,0.0,-0.007477788474761933,-0.017109758969086498,0.009631970494324564
melittin,aa_G,0.11538461595773697,0.005817897057190724,0.006246346468582454,-0.00042844941139172973
melittin,aa_H,0.0,0.0024242165086056783,0.0014316934467114531,0.0009925230618942251
melittin,aa_I,0.11538461595773697,0.009234527435496739,0.011731146693711782,-0.0024966192582150434
melittin,aa_K,0.11538461595773697,0.006097935319068485,0.006763905233204436,-0.0006659699141359516
melittin,aa_L,0.1538461595773697,0.006465818229407209,0.007075960343455694,-0.0006101421140484843
melittin,aa_M,0.0,0.0009205904695843969,-0.0003107599465584869,0.0012313504161428838
melittin,aa_N,0.0,0.0004382141770464705,0.0016579057228101155,-0.001219691545763645
melittin,aa_P,0.03846153989434242,0.0030663899124780563,0.006960243882519835,-0.0038938539700417783
melittin,aa_Q,0.07692307978868484,0.010979571781266547,0.007583076668477411,0.003396495112789136
melittin,aa_R,0.07692307978868484,0.007672243416025817,0.0009573964966616723,0.006714846919364145
melittin,aa_S,0.03846153989434242,0.006524727520932458,0.007896483154844059,-0.0013717556339116008
melittin,aa_T,0.07692307978868484,0.00891931714671281,0.008675535085679548,0.00024378206103326146
melittin,aa_V,0.07692307978868484,0.0010784018759012863,-0.0003848634364989308,0.001463265312400217
melittin,aa_W,0.03846153989434242,0.011146327817796807,0.009317871163193705,0.0018284566546031018
melittin,aa_Y,0.0,-0.001267274013869082,-0.00018966250144432134,-0.0010776115124247606
melittin,acidic_frac,0.0,0.002505527586126249,0.004512237759895844,-0.0020067101737695947
melittin,alpha,1.043461561203003,0.0061305698243087885,0.009248430151107873,-0.0031178603267990844
melittin,apv,0.21892307698726654,0.006955282275209152,0.00430549097090718,0.002649791304301972
melittin,aromatic_frac,0.03846153989434242,-0.0032994660404457496,-0.0013637553423684662,-0.0019357106980772835
melittin,basic_frac,0.19230769574642181,0.021362202467040407,0.01755636487412817,0.003805837592912236
melittin,boman,0.5699999928474426,0.019849674408821696,0.019103204738091434,0.0007464696707302626
melittin,charge,4.975412845611572,0.0029742198705896357,0.006084935280427874,-0.0031107154098382384
melittin,dipep_AA,0.0,-0.0008839548199190588,-0.00195805438660836,0.0010740995666893014
melittin,dipep_AC,0.0,3.883186864897772e-05,-7.256627997070655e-05,0.00011139814861968427
melittin,dipep_AD,0.0,0.0,5.423475492203059e-05,-5.423475492203059e-05
melittin,dipep_AE,0.0,5.392802727607559e-05,4.633377753871721e-05,7.594249737358386e-06
melittin,dipep_AF,0.0,0.00011414093711520113,0.00023844040107645785,-0.00012429946396125673
melittin,dipep_AG,0.0,0.00046361285856978923,0.0015460151318982672,-0.001082402273328478
melittin,dipep_AH,0.0,-3.9154804242122414e-05,-2.0298931961267308e-05,-1.8855872280855106e-05
melittin,dipep_AI,0.0,-0.0026080525882280024,-0.003805552826236174,0.0011975002380081715
melittin,dipep_AK,0.0,-0.0002638771601052206,-0.001257647974403297,0.0009937708142980764
melittin,dipep_AL,0.03999999910593033,0.016614898846895564,0.022767532589283556,-0.0061526337423879925
melittin,dipep_AM,0.0,0.00012760299550056907,0.0003889470324708377,-0.00026134403697026864
melittin,dipep_AN,0.0,4.522269538508421e-05,-9.51053256750609e-05,0.0001403280210601451
melittin,dipep_AP,0.0,0.000411430233108273,0.0003806620703640716,3.076816274420139e-05
melittin,dipep_AQ,0.0,-4.5331820846401155e-05,-7.352417056153143e-05,2.8192349715130278e-05
melittin,dipep_AR,0.0,0.00017519740375517186,0.00027209384449202606,-9.68964407368542e-05
melittin,dipep_AS,0.0,-0.0003939832630617668,0.0007215741343000061,-0.001115557397361773
melittin,dipep_AT,0.0,0.000209858994983938,0.0,0.000209858994983938
melittin,dipep_AV,0.03999999910593033,0.022834906247869168,0.008470128243160749,0.01436477800470842
melittin,dipep_AW,0.0,1.3586149476953283e-05,0.0,1.3586149476953283e-05
melittin,dipep_AY,0.0,0.0,0.0,0.0
melittin,dipep_CA,0.0,0.00017603551013092066,0.00019915789487578726,-2.3122384744866595e-05
melittin,dipep_CC,0.0,2.3930844795111303e-05,-3.08513408986542e-05,5.4782185693765504e-05
melittin,dipep_CD,0.0,0.0,0.0,0.0
melittin,dipep_CE,0.0,0.0,5.132701826034314e-05,-5.132701826034314e-05
melittin,dipep_CF,0.0,0.0,0.0,0.0
melittin,dipep_CG,0.0,-0.004212056176785365,-0.005560057743185002,0.001348001566399637
melittin,dipep_CH,0.0,0.0,0.0,0.0
melittin,dipep_CI,0.0,7.768445230667272e-05,-0.00026121924924931827,0.00033890370155599097
melittin,dipep_CK,0.0,6.979630579251722e-05,0.0003373036148010703,-0.00026750730900855306
melittin,dipep_CL,0.0,5.70636667481867e-06,3.567380880104855e-05,-2.996744212622988e-05
melittin,dipep_CM,0.0,0.0,0.0,0.0
melittin,dipep_CN,0.0,5.7381366599910854e-05,0.0001596897803050463,-0.00010230841370513544
melittin,dipep_CP,0.0,5.909435725588219e-05,2.5728590240376833e-05,3.336576701550536e-05
melittin,dipep_CQ,0.0,0.0,0.0,0.0
melittin,dipep_CR,0.0,0.00013034528355947644,-6.945841755201976e-05,0.0001998037011114962
melittin,dipep_CS,0.0,3.613360912995405e-05,6.029662011604994e-05,-2.416301098609589e-05
melittin,dipep_CT,0.0,-1.704942877448064e-05,-9.611549606428936e-05,7.906606728980871e-05
melittin,dipep_CV,0.0,0.0,-4.2386108721783885e-05,4.2386108721783885e-05
melittin,dipep_CW,0.0,0.0,0.0,0.0
melittin,dipep_CY,0.0,-2.355785341035859e-05,-5.652685210668452e-05,3.296899869632593e-05
melittin,dipep_DA,0.0,4.6946104148121416e-05,0.0003153937067913009,-0.0002684476026431795
melittin,dipep_DC,0.0,0.0,2.009031298685079e-05,-2.009031298685079e-05
melittin,dipep_DD,0.0,0.0,0.0,0.0
melittin,dipep_DE,0.0,0.0,-4.8767557185773115e-05,4.8767557185773115e-05
melittin,dipep_DF,0.0,-0.000474403072755924,2.8256940886067942e-05,-0.0005026600136419919
melittin,dipep_DG,0.0,-0.0020564873395999142,-0.0016267161858661624,-0.0004297711537337519
melittin,dipep_DH,0.0,0.0,0.0,0.0
melittin,dipep_DI,0.0,4.1605012365130884e-05,1.6542803690587597e-05,2.5062208674543287e-05
melittin,dipep_DK,0.0,0.00026073778631691304,-2.1907727163904783e-05,0.0002826455134808178
melittin,dipep_DL,0.0,-5.220286041662849e-05,0.000371339968184779,-0.0004235428286014075
melittin,dipep_DM,0.0,0.0,0.0,0.0
melittin,dipep_DN,0.0,0.0,0.0,0.0
melittin,dipep_DP,0.0,1.1915960779860481e-05,7.053915241609222e-05,-5.862319163623174e-05
melittin,dipep_DQ,0.0,0.0,0.0,0.0
melittin,dipep_DR,0.0,0.0,0.0,0.0
melittin,dipep_DS,0.0,2.172441207850527e-05,0.0,2.172441207850527e-05
melittin,dipep_DT,0.0,9.298169776707567e-05,8.941644973138866e-05,3.5652480356870115e-06
melittin,dipep_DV,0.0,0.00020475767472362703,0.0001035881901413027,0.00010116948458232433
melittin,dipep_DW,0.0,0.0,5.879812067121404e-05,-5.879812067121404e-05
melittin,dipep_DY,0.0,0.0,0.0,0.0
melittin,dipep_EA,0.0,-0.0017865030162748316,-0.0023193422514401272,0.0005328392351652957
melittin,dipep_EC,0.0,0.0,0.0,0.0
melittin,dipep_ED,0.0,1.8932724550021115e-06,1.4856443730379024e-05,-1.2963171275376912e-05
melittin,dipep_EE,0.0,0.0,0.0,0.0
melittin,dipep_EF,0.0,-0.000665074819281,-9.374197497239849e-05,-0.0005713328443086015
melittin,dipep_EG,0.0,-0.007081385067889911,-0.008801690477589252,0.0017203054096993414
melittin,dipep_EH,0.0,2.71849336845919e-05,2.8645135563045233e-05,-1.4602018784533323e-06
melittin,dipep_EI,0.0,0.00010944453173287097,-8.8197410905009e-06,0.00011826427282337186
melittin,dipep_EK,0.0,0.0006332394796027532,0.0007038906767461228,-7.065119714336958e-05
melittin,dipep_EL,0.0,0.0005208478101740727,0.0004042604113416881,0.00011658739883238463
melittin,dipep_EM,0.0,0.0,0.0,0.0
melittin,dipep_EN,0.0,-0.002092978972359249,-0.005269534110280736,0.0031765551379214873
melittin,dipep_EP,0.0,1.992764706650576e-05,0.0,1.992764706650576e-05
melittin,dipep_EQ,0.0,0.0,-9.996666525924586e-06,9.996666525924586e-06
melittin,dipep_ER,0.0,0.0,8.25691559275335e-05,-8.25691559275335e-05
melittin,dipep_ES,0.0,-0.00035870454773692624,5.708449052140693e-05,-0.00041578903825833315
melittin,dipep_ET,0.0,0.0,5.005794336561358e-05,-5.005794336561358e-05
melittin,dipep_EV,0.0,1.9078370153631107e-05,2.1446665750725545e-05,-2.368295597094438e-06
melittin,dipep_EW,0.0,0.0,0.0,0.0
melittin,dipep_EY,0.0,0.0,0.0,0.0
melittin,dipep_FA,0.0,7.408455066673579e-05,0.00036026712407860324,-0.0002861825734118674
melittin,dipep_FC,0.0,-0.0002734711099486571,-0.0005532983367600425,0.0002798272268113854
melittin,dipep_FD,0.0,0.0,0.0,0.0
melittin,dipep_FE,0.0,-0.0017529217967194972,-0.002728249134543732,0.0009753273378242347
melittin,dipep_FF,0.0,-0.0002539505941070068,0.000517661998176394,-0.0007716125922834008
melittin,dipep_FG,0.0,-3.8887274294151807e-05,-5.18573596257238e-05,1.2970085331571995e-05
melittin,dipep_FH,0.0,-4.226597395836529e-05,-0.00011245687464641758,7.01909006880523e-05
melittin,dipep_FI,0.0,-0.002194465866666948,-0.0033701378009171113,0.0011756719342501634
melittin,dipep_FK,0.0,1.237081943430603e-05,0.0007598108073282649,-0.0007474399878939588
melittin,dipep_FL,0.0,-0.005951580596287716,-0.0060324808527949724,8.090025650725648e-05
melittin,dipep_FM,0.0,0.0,-5.119316496700312e-06,5.119316496700312e-06
melittin,dipep_FN,0.0,3.378248250136983e-05,0.0,3.378248250136983e-05
melittin,dipep_FP,0.0,-3.0592319088949675e-05,6.967789248255907e-05,-0.00010027021157150874
melittin,dipep_FQ,0.0,5.618564645232743e-06,5.185543091109603e-05,-4.6236866265863284e-05
melittin,dipep_FR,0.0,0.00027275383468103174,0.0005487989693340321,-0.00027604513465300033
melittin,dipep_FS,0.0,-6.115885024764154e-05,-4.375740224997914e-05,-1.7401447997662396e-05
melittin,dipep_FT,0.0,8.716261989604672e-06,0.00021327317859914675,-0.00020455691660954206
melittin,dipep_FV,0.0,0.00010073163735456327,0.00030310129758994245,-0.00020236966023537916
melittin,dipep_FW,0.0,0.0,6.428802355620853e-05,-6.428802355620853e-05
melittin,dipep_FY,0.0,0.0,0.0,0.0
melittin,dipep_GA,0.03999999910593033,0.007828286648035122,0.012885063882791167,-0.005056777234756045
melittin,dipep_GC,0.0,9.523161631314688e-05,-1.8395498936871282e-05,0.00011362711525001816
melittin,dipep_GD,0.0,-0.00015123043647015136,0.0,-0.00015123043647015136
melittin,dipep_GE,0.0,2.1160774200298628e-05,9.906906682901618e-06,1.125386751739701e-05
melittin,dipep_GF,0.0,-0.0035180810265786583,-0.0026472971142664655,-0.0008707839123121928
melittin,dipep_GG,0.0,0.0002728074038972815,0.00019160792409574895,8.119947980153258e-05
melittin,dipep_GH,0.0,-2.0494690808970927e-05,5.8631362878803735e-05,-7.912605368777466e-05
melittin,dipep_GI,0.03999999910593033,0.003254620214312869,0.002501514207956171,0.0007531060063566976
melittin,dipep_GK,0.0,0.0006458064039260896,0.0016786052020036706,-0.0010327987980775812
melittin,dipep_GL,0.03999999910593033,0.010342370649526828,0.00982678478107698,0.0005155858684498475
melittin,dipep_GM,0.0,-0.0031791072771660666,-0.0034435820608722835,0.0002644747837062169
melittin,dipep_GN,0.0,8.59752861227551e-05,8.541176248656991e-05,5.635236361851948e-07
melittin,dipep_GP,0.0,0.00019563378282869205,0.00011492706572356665,8.07067171051254e-05
melittin,dipep_GQ,0.0,0.0005572559465377814,0.0012314391395729328,-0.0006741831930351514
melittin,dipep_GR,0.0,-0.0021446684169696374,-0.002426065933761115,0.00028139751679147774
melittin,dipep_GS,0.0,9.462867261276116e-05,-4.893217438267491e-06,9.952189005102865e-05
melittin,dipep_GT,0.0,3.523224539082233e-06,8.711422740380813e-06,-5.188198201298579e-06
melittin,dipep_GV,0.0,0.00013499021969948775,-0.0004233939557784127,0.0005583841754779004
melittin,dipep_GW,0.0,-0.003986744503977672,-0.005739505971515974,0.0017527614675383026
melittin,dipep_GY,0.0,-0.0028991466041309315,-0.004127062948010278,0.0012279163438793463
melittin,dipep_HA,0.0,0.00011624456347676504,9.073360986535185e-05,2.5510953611413187e-05
melittin,dipep_HC,0.0,2.638844530550916e-05,3.8760342010714733e-05,-1.2371896705205573e-05
melittin,dipep_HD,0.0,0.0,0.0,0.0
melittin,dipep_HE,0.0,0.0,0.0,0.0
melittin,dipep_HF,0.0,0.0,0.0,0.0
melittin,dipep_HG,0.0,2.8783790448911145e-05,7.584904942910261e-05,-4.706525898019147e-05
melittin,dipep_HH,0.0,-9.016384766677802e-05,2.5901871809028382e-05,-0.0001160657194758064
melittin,dipep_HI,0.0,-1.3107125445577423e-05,-3.845359295808291e-05,2.5346467512505486e-05
melittin,dipep_HK,0.0,0.0,0.0,0.0
melittin,dipep_HL,0.0,0.00012982340480180606,-9.349177024093443e-05,0.00022331517504274047
melittin,dipep_HM,0.0,0.0,0.0,0.0
melittin,dipep_HN,0.0,2.411976430414563e-05,-1.1422566282606639e-05,3.554233058675227e-05
melittin,dipep_HP,0.0,5.540788401338241e-05,8.742605588314714e-05,-3.201817186976473e-05
melittin,dipep_HQ,0.0,0.0,0.0,0.0
melittin,dipep_HR,0.0,5.743229430931233e-05,0.0002690624854219113,-0.00021163019111259898
melittin,dipep_HS,0.0,0.00016924007443073764,3.402922285392423e-05,0.0001352108515768134
melittin,dipep_HT,0.0,2.4299446277422642e-05,0.0,2.4299446277422642e-05
melittin,dipep_HV,0.0,0.0004364784201068334,0.0005829236708171221,-0.00014644525071028867
melittin,dipep_HW,0.0,0.0,0.0,0.0
melittin,dipep_HY,0.0,0.0,0.0,0.0
melittin,dipep_IA,0.0,-4.6383741720036186e-05,0.0006310725675456195,-0.0006774563092656557
melittin,dipep_IC,0.0,2.1724256742873012e-05,6.203362088032199e-05,-4.030936413744898e-05
melittin,dipep_ID,0.0,-0.003416619801368677,-0.0041413133657908635,0.0007246935644221867
melittin,dipep_IE,0.0,-0.005667698868171908,-0.008156828826317929,0.0024891299581460205
melittin,dipep_IF,0.0,0.00023281683601953903,0.00024809730450649177,-1.528046848695274e-05
melittin,dipep_IG,0.03999999910593033,0.007470498025812643,0.007656353990721592,-0.00018585596490894914
melittin,dipep_IH,0.0,5.578230770627258e-05,0.0005906722289871018,-0.0005348899212808293
melittin,dipep_II,0.0,-0.00019220971865223634,-0.00016037747282775502,-3.1832245824481325e-05
melittin,dipep_IK,0.03999999910593033,0.010006401881898967,0.010001716488347308,4.6853935516590756e-06
melittin,dipep_IL,0.0,-0.00017063714551031562,-0.0014236522135472314,0.0012530150680369158
melittin,dipep_IM,0.0,-1.1067287343872406e-05,7.972643301137973e-06,-1.903993064501038e-05
melittin,dipep_IN,0.0,1.3292495709101479e-05,0.00015729760682527136,-0.00014400511111616987
melittin,dipep_IP,0.0,-0.0005721045492275722,-0.0011395195517294088,0.0005674150025018366
melittin,dipep_IQ,0.0,0.0002931091801051463,0.0002828486731948786,1.0260506910267668e-05
melittin,dipep_IR,0.0,0.0003366329053312239,0.00011490105653848726,0.00022173184879273664
melittin,dipep_IS,0.03999999910593033,0.01881620294816879,0.04102011157599219,-0.0222039086278234
melittin,dipep_IT,0.0,3.8083860260895194e-05,6.68968496416779e-05,-2.8812989380782706e-05
melittin,dipep_IV,0.0,-0.00027873790476011707,1.3715038911074022e-05,-0.0002924529436711911
melittin,dipep_IW,0.0,-2.1990685252057725e-05,5.5212001338294987e-05,-7.720268659035271e-05
melittin,dipep_IY,0.0,1.0334115559103266e-05,0.00021815004383979154,-0.00020781592828068827
melittin,dipep_KA,0.0,0.00020882134885820652,0.0005022743932239215,-0.00029345304436571493
melittin,dipep_KC,0.0,-0.0002606141243331307,-0.0013246605097459593,0.0010640463854128285
melittin,dipep_KD,0.0,-0.0002406444929622611,0.00020245499715948088,-0.000443099490121742
melittin,dipep_KE,0.0,-0.00019925618976075852,0.0001281851581305294,-0.0003274413478912879
melittin,dipep_KF,0.0,0.0005700973598597916,0.0009471624790935409,-0.0003770651192337493
melittin,dipep_KG,0.0,0.0007071716735792939,0.0019165908216141523,-0.0012094191480348584
melittin,dipep_KH,0.0,0.0,0.0,0.0
melittin,dipep_KI,0.0,-0.0004028610667556586,-0.0007329891471406842,0.0003301280803850256
melittin,dipep_KK,0.0,-0.0015699448972254072,-0.003332010345889437,0.00176206544866403
melittin,dipep_KL,0.0,3.377151390153957e-05,0.0001403550621105828,-0.00010658354820904324
melittin,dipep_KM,0.0,8.147592794176767e-05,3.194298158375543e-05,4.953294635801224e-05
melittin,dipep_KN,0.0,0.00023654075114828594,0.0003535192054972445,-0.00011697845434895855
melittin,dipep_KP,0.0,0.00015591867669947738,0.00043209947156272466,-0.00027618079486324727
melittin,dipep_KQ,0.0,3.996935773181338e-05,-0.00014029647327082933,0.0001802658310026427
melittin,dipep_KR,0.07999999821186066,0.00529554844197453,-0.000752072201079234,0.006047620643053764
melittin,dipep_KS,0.0,0.00012080619294286363,0.000134669176812821,-1.3862983869957372e-05
melittin,dipep_KT,0.0,4.064752705256491e-05,-0.0004745860019005452,0.0005152335289531101
melittin,dipep_KV,0.03999999910593033,0.01631817895127988,0.007559139172834555,0.008759039778445325
melittin,dipep_KW,0.0,8.416200335969552e-05,-7.805256440865708e-05,0.0001622145677683526
melittin,dipep_KY,0.0,5.302849364935907e-06,-3.613672984869484e-05,4.143957921363075e-05
melittin,dipep_LA,0.0,0.00032878006406404273,2.2699386036481424e-05,0.0003060806780275613
melittin,dipep_LC,0.0,0.00011457551449411247,8.90484652466558e-06,0.00010567066796944688
melittin,dipep_LD,0.0,9.878035951719606e-05,-0.00021528477803076738,0.00031406513754796345
melittin,dipep_LE,0.0,0.0006314444034023053,0.00029353909943220037,0.0003379053039701049
melittin,dipep_LF,0.0,-0.008266357824877536,-0.014920404273199782,0.006654046448322246
melittin,dipep_LG,0.0,0.00029082454951991755,0.0011104754733650467,-0.0008196509238451292
melittin,dipep_LH,0.0,0.0001509239043248018,0.0002139605204601385,-6.303661613533669e-05
melittin,dipep_LI,0.03999999910593033,0.02849589637779344,0.030131970769448933,-0.001636074391655494
melittin,dipep_LK,0.03999999910593033,0.007154291933834316,0.007547916809549173,-0.00039362487571485694
melittin,dipep_LL,0.0,0.0016247099597331814,0.001768198748420598,-0.00014348878868741658
melittin,dipep_LM,0.0,1.6148005684629337e-05,0.0003974659384454241,-0.00038131793276079476
melittin,dipep_LN,0.0,4.5857342842770265e-05,0.00029677391822053033,-0.0002509165753777601
melittin,dipep_LP,0.03999999910593033,0.01884148555687414,0.02925541674430829,-0.010413931187434153
melittin,dipep_LQ,0.0,8.474729649785474e-05,4.978172491244548e-06,7.97691240066102e-05
melittin,dipep_LR,0.0,0.0009848388638413921,0.001369614655774279,-0.00038477579193288685
melittin,dipep_LS,0.0,0.0003508772087625042,-7.489117708726904e-05,0.0004257683858497733
melittin,dipep_LT,0.03999999910593033,0.009771738840864533,0.004501352949162784,0.005270385891701749
melittin,dipep_LV,0.0,0.00012840524176998825,3.726849969598398e-05,9.113674207400427e-05
melittin,dipep_LW,0.0,-0.00011183706878941444,-0.0006630354762277654,0.000551198407438351
melittin,dipep_LY,0.0,0.0,0.0,0.0
melittin,dipep_MA,0.0,1.1434959313743176e-05,-6.987394248614276e-07,1.2133698738604603e-05
melittin,dipep_MC,0.0,0.0,0.0,0.0
melittin,dipep_MD,0.0,7.427563603522579e-05,2.7021253593616037e-05,4.725438244160976e-05
melittin,dipep_ME,0.0,0.0,0.0,0.0
melittin,dipep_MF,0.0,7.568476448439135e-05,0.0,7.568476448439135e-05
melittin,dipep_MG,0.0,0.0,-2.3485218404087726e-05,2.3485218404087726e-05
melittin,dipep_MH,0.0,0.0,0.0,0.0
melittin,dipep_MI,0.0,-0.0016083759886970927,-0.0027469266484590523,0.0011385506597619596
melittin,dipep_MK,0.0,0.00025393537015446356,9.841343464355294e-05,0.00015552193551091062
melittin,dipep_ML,0.0,2.7061828116319422e-05,0.0003164751750415245,-0.00028941334692520506
melittin,dipep_MM,0.0,0.0,-4.350206906447305e-05,4.350206906447305e-05
melittin,dipep_MN,0.0,0.0,3.713848806547507e-05,-3.713848806547507e-05
melittin,dipep_MP,0.0,0.0,0.0,0.0
melittin,dipep_MQ,0.0,1.3866343787662938e-05,0.0,1.3866343787662938e-05
melittin,dipep_MR,0.0,-0.00010495721264269694,2.655164581554562e-05,-0.00013150885845824255
melittin,dipep_MS,0.0,0.0,-3.0791619790122806e-05,3.0791619790122806e-05
melittin,dipep_MT,0.0,0.0,-0.00010742262436237192,0.00010742262436237192
melittin,dipep_MV,0.0,8.903109576102741e-06,0.0,8.903109576102741e-06
melittin,dipep_MW,0.0,0.0,0.0,0.0
melittin,dipep_MY,0.0,6.732926360432224e-06,0.0,6.732926360432224e-06
melittin,dipep_NA,0.0,-1.2031109364615853e-05,-0.0004262382638545259,0.00041420715448991005
melittin,dipep_NC,0.0,0.0,0.0,0.0
melittin,dipep_ND,0.0,0.0,0.0,0.0
melittin,dipep_NE,0.0,-1.1208860206830571e-05,-1.4774393475600294e-05,3.5655332687697225e-06
melittin,dipep_NF,0.0,4.491170508088153e-05,0.00010137991721011803,-5.64682121292365e-05
melittin,dipep_NG,0.0,-0.004863306978268938,-0.002257266191775155,-0.0026060407864937824
melittin,dipep_NH,0.0,0.0,7.699418492306107e-06,-7.699418492306107e-06
melittin,dipep_NI,0.0,3.813515732071535e-05,1.0015749594061073e-05,2.8119407726654274e-05
melittin,dipep_NK,0.0,0.0004927199048345719,0.0003024435251119821,0.00019027637972258982
melittin,dipep_NL,0.0,0.00021042691634909184,0.0010121838301865532,-0.0008017569138374614
melittin,dipep_NM,0.0,0.0,0.0,0.0
melittin,dipep_NN,0.0,0.0,2.3824573891427464e-05,-2.3824573891427464e-05
melittin,dipep_NP,0.0,4.0226212666101394e-05,0.0,4.0226212666101394e-05
melittin,dipep_NQ,0.0,-5.953404993104893e-05,-0.00010664493894855183,4.7110889017502906e-05
melittin,dipep_NR,0.0,1.2193374449935106e-05,0.0001470152481248415,-0.00013482187367490638
melittin,dipep_NS,0.0,0.00015573551368614638,6.461431414310214e-05,9.112119954304424e-05
melittin,dipep_NT,0.0,-0.0014983666599042995,-0.00041736073059734735,-0.001081005929306952
melittin,dipep_NV,0.0,8.457052833734848e-05,0.0,8.457052833734848e-05
melittin,dipep_NW,0.0,5.438285352402156e-06,0.0,5.438285352402156e-06
melittin,dipep_NY,0.0,3.387742531567595e-05,9.37695685879877e-05,-5.9892143272311755e-05
melittin,dipep_PA,0.03999999910593033,0.004817845933673819,0.0042660396281572945,0.0005518063055165246
melittin,dipep_PC,0.0,0.0,0.0,0.0
melittin,dipep_PD,0.0,2.608382290578421e-05,0.0,2.608382290578421e-05
melittin,dipep_PE,0.0,9.95437658239713e-05,-1.6433792157261675e-05,0.00011597755798123297
melittin,dipep_PF,0.0,1.091953493899616e-05,6.223167898219639e-05,-5.131214404320023e-05
melittin,dipep_PG,0.0,0.0003159955755431867,-4.6241298856460134e-05,0.0003622368743996468
melittin,dipep_PH,0.0,-7.46901633113253e-05,-4.6675022763847545e-05,-2.801514054747775e-05
melittin,dipep_PI,0.0,0.0001634131603336522,3.1416454438779446e-05,0.00013199670589487275
melittin,dipep_PK,0.0,-0.00012932165114034203,-0.0009022581448890155,0.0007729364937486735
melittin,dipep_PL,0.0,0.0010316302849973894,0.0009142591006360662,0.0001173711843613232
melittin,dipep_PM,0.0,4.1415804422773655e-05,0.0,4.1415804422773655e-05
melittin,dipep_PN,0.0,6.910432375103347e-06,0.0,6.910432375103347e-06
melittin,dipep_PP,0.0,3.2918723041956235e-05,5.2460584261879955e-05,-1.954186121992372e-05
melittin,dipep_PQ,0.0,8.559089313225823e-05,2.400076217025125e-05,6.159013096200698e-05
melittin,dipep_PR,0.0,0.00020261453112531956,0.0008964433465480802,-0.0006938288154227606
melittin,dipep_PS,0.0,3.7610963416292565e-05,-9.4409743854496e-05,0.00013202070727078857
melittin,dipep_PT,0.0,-0.0006281427666398564,3.6279005831543354e-05,-0.0006644217724713997
melittin,dipep_PV,0.0,5.3049742752371225e-05,0.00018939650862408023,-0.00013634676587170901
melittin,dipep_PW,0.0,0.0,0.0,0.0
melittin,dipep_PY,0.0,3.0903320270952254e-05,6.229756766390958e-05,-3.139424739295732e-05
melittin,dipep_QA,0.0,0.00012156315075492147,9.305241867203907e-05,2.8510732082882403e-05
melittin,dipep_QC,0.0,-2.5319557212999397e-05,-0.00013588388372687578,0.00011056432651387638
melittin,dipep_QD,0.0,0.0,-3.123477925064701e-05,3.123477925064701e-05
melittin,dipep_QE,0.0,0.0,0.0,0.0
melittin,dipep_QF,0.0,0.0,2.015726624716068e-05,-2.015726624716068e-05
melittin,dipep_QG,0.0,0.00024993792889827345,-4.2629061541792714e-05,0.0002925669904400662
melittin,dipep_QH,0.0,-6.605999224919686e-05,-0.0002965561315334207,0.00023049613928422387
melittin,dipep_QI,0.0,0.0,5.478227533148321e-05,-5.478227533148321e-05
melittin,dipep_QK,0.0,0.00017177248186491838,0.00037069111144928224,-0.00019891862958436386
melittin,dipep_QL,0.0,0.00012012965441557272,-6.504479390593212e-05,0.00018517444832150484
melittin,dipep_QM,0.0,0.0,0.0,0.0
melittin,dipep_QN,0.0,8.315759880431428e-05,0.00011614324216184167,-3.298564335752739e-05
melittin,dipep_QP,0.0,2.013301083727517e-05,-0.00010708577387511926,0.00012721878471239442
melittin,dipep_QQ,0.03999999910593033,0.016667545500548445,0.007084571631233543,0.009582973869314903
melittin,dipep_QR,0.0,-0.003745063021862711,-0.0024898961448937707,-0.0012551668769689404
melittin,dipep_QS,0.0,0.0,-0.00011332845239178217,0.00011332845239178217
melittin,dipep_QT,0.0,0.0,0.0,0.0
melittin,dipep_QV,0.0,9.232194655697061e-05,3.483982573105464e-05,5.7482120825915966e-05
melittin,dipep_QW,0.0,-1.2198892615372905e-05,-7.663319784355479e-06,-4.535572831017426e-06
melittin,dipep_QY,0.0,0.0,0.0,0.0
melittin,dipep_RA,0.0,6.220272425888683e-05,0.00018603131659856482,-0.000123828592339678
melittin,dipep_RC,0.0,8.857498804912452e-06,9.825151705570713e-05,-8.939401825079468e-05
melittin,dipep_RD,0.0,0.00010604913284834735,0.00011397076123256126,-7.921628384213906e-06
melittin,dipep_RE,0.0,0.0002554459268528,6.754635392727534e-05,0.00018789957292552467
melittin,dipep_RF,0.0,0.00035936010066552006,0.0002878671948504744,7.149290581504568e-05
melittin,dipep_RG,0.0,0.00033612436233339255,0.0007084959911248069,-0.0003723716287914143
melittin,dipep_RH,0.0,5.33928038469574e-05,0.00014254342982167813,-8.915062597472073e-05
melittin,dipep_RI,0.0,4.3351022903953635e-05,0.00046677156261048895,-0.0004234205397065353
melittin,dipep_RK,0.03999999910593033,0.01417743267762697,0.007725411739171367,0.006452020938455603
melittin,dipep_RL,0.0,0.0018065523044766096,0.001880138681257513,-7.35863767809034e-05
melittin,dipep_RM,0.0,-1.0877235541345904e-05,0.0,-1.0877235541345904e-05
melittin,dipep_RN,0.0,-0.0004643490807680374,0.0003122049756729753,-0.0007765540564410127
melittin,dipep_RP,0.0,9.692403832097105e-05,0.00021559543017002787,-0.00011867139184905681
melittin,dipep_RQ,0.03999999910593033,0.041522181299095115,0.035848578635413644,0.005673602663681471
melittin,dipep_RR,0.0,0.0003046527082709386,-0.0011694214039667395,0.001474074112237678
melittin,dipep_RS,0.0,7.178553104021274e-05,0.00010640892583690814,-3.46233947966954e-05
melittin,dipep_RT,0.0,0.0007005915925144332,0.00029746954214293506,0.00040312205037149816
melittin,dipep_RV,0.0,0.0001861771599278479,0.0007229138489244107,-0.0005367366889965628
melittin,dipep_RW,0.0,6.494959175717126e-05,0.0001421011617224622,-7.715156996529093e-05
melittin,dipep_RY,0.0,7.84737770097848e-06,-3.495236198167614e-05,4.279973968265462e-05
melittin,dipep_SA,0.0,0.0005264007712735129,0.00048159466548589253,4.480610578762041e-05
melittin,dipep_SC,0.0,3.623523472614459e-05,7.053860519801693e-05,-3.4303370471872337e-05
melittin,dipep_SD,0.0,6.750312074757009e-05,5.2690233641813354e-05,1.4812887105756732e-05
melittin,dipep_SE,0.0,3.450666171857174e-05,1.0697866255154898e-05,2.3808795463416843e-05
melittin,dipep_SF,0.0,-1.0653976700376661e-05,0.0,-1.0653976700376661e-05
melittin,dipep_SG,0.0,0.00021634956850847005,0.0001227211352636028,9.362843324486726e-05
melittin,dipep_SH,0.0,2.3349823245130286e-05,3.2838409390470844e-05,-9.488586145340558e-06
melittin,dipep_SI,0.0,6.196685219255911e-05,2.9680618281899315e-05,3.22862339106598e-05
melittin,dipep_SK,0.0,-0.0020945147625882755,-0.0037960105725669034,0.001701495809978628
melittin,dipep_SL,0.0,-1.3969139225790359e-05,-6.450194583655906e-05,5.0532806610768694e-05
melittin,dipep_SM,0.0,5.1080339792594444e-05,0.0,5.1080339792594444e-05
melittin,dipep_SN,0.0,-0.0004043726979461294,5.1914478260825594e-05,-0.000456287176206955
melittin,dipep_SP,0.0,0.00015837629199808614,3.386541700226992e-05,0.0001245108749958162
melittin,dipep_SQ,0.0,0.0,-4.922495485507264e-05,4.922495485507264e-05
melittin,dipep_SR,0.0,0.00021833976405581993,9.51937903429878e-05,0.0001231459737128321
melittin,dipep_SS,0.0,-7.219088860885971e-06,0.00015122644790786002,-0.000158445536768746
melittin,dipep_ST,0.0,-4.8375040257027655e-05,-0.00010779167932375281,5.941663906672515e-05
melittin,dipep_SV,0.0,0.0002374124646920256,0.0005722437185525684,-0.0003348312538605428
melittin,dipep_SW,0.03999999910593033,0.01995020792274707,0.014284747863249285,0.005665460059497786
melittin,dipep_SY,0.0,-1.1453588028902969e-05,0.0,-1.1453588028902969e-05
melittin,dipep_TA,0.0,8.730945628281793e-05,-3.610339640878412e-05,0.00012341285269160205
melittin,dipep_TC,0.0,7.491618577291254e-05,6.807314196212135e-05,6.843043810791192e-06
melittin,dipep_TD,0.0,4.078073890635803e-05,0.00010686648014804996,-6.608574124169193e-05
melittin,dipep_TE,0.0,-0.00028634258978606816,0.0,-0.00028634258978606816
melittin,dipep_TF,0.0,-7.76456970165361e-05,5.058747378057298e-05,-0.0001282331707971091
melittin,dipep_TG,0.03999999910593033,0.013346920509883873,0.010096299467508988,0.0032506210423748853
melittin,dipep_TH,0.0,2.5407754132606862e-05,0.0,2.5407754132606862e-05
melittin,dipep_TI,0.0,-0.00042034772002643437,-0.0012486651015940805,0.0008283173815676461
melittin,dipep_TK,0.0,0.00015634323840423735,0.00018086113312132613,-2.451789471708877e-05
melittin,dipep_TL,0.0,0.0002629137201601698,-0.0004895478750236203,0.0007524615951837901
melittin,dipep_TM,0.0,0.0,-1.5387197142865248e-05,1.5387197142865248e-05
melittin,dipep_TN,0.0,-3.510810884042071e-05,0.0,-3.510810884042071e-05
melittin,dipep_TP,0.0,-0.00011355558109625814,0.00011377781813495977,-0.0002273333992312179
melittin,dipep_TQ,0.0,2.3203969463288325e-05,6.105917134803347e-05,-3.785520188474515e-05
melittin,dipep_TR,0.0,0.0009439749040525647,0.0,0.0009439749040525647
melittin,dipep_TS,0.0,5.28562461655825e-05,0.00014548047739379393,-9.262423122821142e-05
melittin,dipep_TT,0.03999999910593033,0.022659373595647687,0.013744908557081872,0.008914465038565815
melittin,dipep_TV,0.0,-1.8611782485731194e-05,-0.0001876039168083394,0.0001689921343226082
melittin,dipep_TW,0.0,3.277344051525207e-05,7.199279738796242e-05,-3.921935687271035e-05
melittin,dipep_TY,0.0,2.055407280076681e-05,0.0,2.055407280076681e-05
melittin,dipep_VA,0.0,-0.0006697558502365107,0.00034733395918210095,-0.0010170898094186117
melittin,dipep_VC,0.0,4.105105484691914e-05,5.655871071092087e-06,3.539518377582705e-05
melittin,dipep_VD,0.0,4.696051545779888e-05,0.0,4.696051545779888e-05
melittin,dipep_VE,0.0,0.00013487968906416607,0.00019343303728379778,-5.855334821963171e-05
melittin,dipep_VF,0.0,4.8057448248785675e-05,4.880464700844566e-05,-7.471987596599874e-07
melittin,dipep_VG,0.0,0.00024213023607019872,5.467249074315799e-05,0.00018745774532704073
melittin,dipep_VH,0.0,-3.625028017732503e-05,0.0,-3.625028017732503e-05
melittin,dipep_VI,0.0,0.00041843666965905244,0.00040201955134072393,1.6417118318328512e-05
melittin,dipep_VK,0.0,0.0011461574745061328,0.0019813283787958624,-0.0008351709042897296
melittin,dipep_VL,0.07999999821186066,0.0210179702120837,0.020787237187878803,0.00023073302420489883
melittin,dipep_VM,0.0,0.0,0.0,0.0
melittin,dipep_VN,0.0,8.159444117632265e-05,-2.092858073943192e-05,0.00010252302191575456
melittin,dipep_VP,0.0,-0.00047897442206126664,0.00012331912676682036,-0.000602293548828087
melittin,dipep_VQ,0.0,0.00011359269365485092,0.0002281832684790959,-0.00011459057482424499
melittin,dipep_VR,0.0,0.0008800527398931862,0.0010609936331599365,-0.00018094089326675027
melittin,dipep_VS,0.0,0.00014318000753306835,-8.06174972887592e-05,0.00022379750482182754
melittin,dipep_VT,0.0,9.826673413373374e-05,9.612545021776896e-05,2.141283915964786e-06
melittin,dipep_VV,0.0,0.00022778516380577977,0.00034146953352381796,-0.00011368436971803819
melittin,dipep_VW,0.0,0.0,-2.519550892204831e-05,2.519550892204831e-05
melittin,dipep_VY,0.0,4.481605073713337e-05,0.0,4.481605073713337e-05
melittin,dipep_WA,0.0,-0.00015986843192797355,7.329747524356905e-05,-0.0002331659071715426
melittin,dipep_WC,0.0,0.0,4.971024509543311e-05,-4.971024509543311e-05
melittin,dipep_WD,0.0,0.0,0.0,0.0
melittin,dipep_WE,0.0,-0.0020112557190827,-0.003032521121833784,0.0010212654027510842
melittin,dipep_WF,0.0,-1.3433919253635907e-05,-0.00011329095542223507,9.985703616859917e-05
melittin,dipep_WG,0.0,1.332103002866119e-05,-1.9561312975270484e-05,3.2882343003931676e-05
melittin,dipep_WH,0.0,0.0,0.0,0.0
melittin,dipep_WI,0.03999999910593033,0.02140609571203419,0.01775308275968433,0.0036530129523498593
melittin,dipep_WK,0.0,6.457899986638988e-05,0.0002817993010321098,-0.0002172203011657199
melittin,dipep_WL,0.0,0.0004423563444561091,0.0003174226041429334,0.0001249337403131757
melittin,dipep_WM,0.0,0.0,0.0,0.0
melittin,dipep_WN,0.0,5.60324335067302e-06,-2.3930932453541466e-05,2.9534175804214487e-05
melittin,dipep_WP,0.0,0.0,0.0,0.0
melittin,dipep_WQ,0.0,0.0,0.0,0.0
melittin,dipep_WR,0.0,1.8589365604643657e-05,-2.3393771625767216e-05,4.1983137230410874e-05
melittin,dipep_WS,0.0,-9.790390479761287e-06,-0.00014255499621553948,0.0001327646057357782
melittin,dipep_WT,0.0,0.0,0.0,0.0
melittin,dipep_WV,0.0,0.0,-1.8532531011501627e-05,1.8532531011501627e-05
melittin,dipep_WW,0.0,-4.484927853280668e-05,1.6987836728672594e-05,-6.183711526147927e-05
melittin,dipep_WY,0.0,-0.007383290081483185,-0.010110464718605633,0.0027271746371224483
melittin,dipep_YA,0.0,-3.346668766734919e-05,0.0,-3.346668766734919e-05
melittin,dipep_YC,0.0,0.0003117078170738132,0.00011212160816244877,0.00019958620891136447
melittin,dipep_YD,0.0,0.0,0.0,0.0
melittin,dipep_YE,0.0,9.084268543728013e-05,0.0,9.084268543728013e-05
melittin,dipep_YF,0.0,0.0,0.0,0.0
melittin,dipep_YG,0.0,-0.004262567561871626,-0.005974176585252919,0.0017116090233812936
melittin,dipep_YH,0.0,0.0,0.0,0.0
melittin,dipep_YI,0.0,6.19233173465535e-05,3.0417987608891694e-05,3.150532973766181e-05
melittin,dipep_YK,0.0,6.517195622796574e-05,0.00010133722872575444,-3.61652724977887e-05
melittin,dipep_YL,0.0,9.624821560233131e-05,-0.00020709888475458515,0.00030334710035691644
melittin,dipep_YM,0.0,0.0,0.0,0.0
melittin,dipep_YN,0.0,0.0,0.0,0.0
melittin,dipep_YP,0.0,0.0,0.0,0.0
melittin,dipep_YQ,0.0,-7.499500983774844e-05,-8.113402984539958e-05,6.139020007651138e-06
melittin,dipep_YR,0.0,0.00011669114254640995,1.5391071471056015e-05,0.00010130007107535393
melittin,dipep_YS,0.0,2.1867009020268466e-05,-9.563108328473068e-06,3.143011734874153e-05
melittin,dipep_YT,0.0,0.0,0.0,0.0
melittin,dipep_YV,0.0,3.3400358751672783e-05,0.0,3.3400358751672783e-05
melittin,dipep_YW,0.0,0.0,-1.4902390022455969e-05,1.4902390022455969e-05
melittin,dipep_YY,0.0,1.4558947742842795e-05,2.4558664183040392e-05,-9.999716440197597e-06
melittin,glycine_frac,0.11538461595773697,0.006027964337523966,0.003941529106360335,0.002086435231163631
melittin,hmoment,0.5675710439682007,0.006751744809508078,0.010583886487422395,-0.0038321416779143165
melittin,hydrophobic_frac,0.4615384638309479,0.011454434578316358,0.010008704308237658,0.0014457302700787
melittin,length,26.0,0.022088033133279054,0.030226714715891737,-0.008138681582612682
melittin,proline_frac,0.03846153989434242,0.0035086999964181144,0.00534197651284668,-0.0018332765164285657
