name,model,feature,feature_value,path_contribution
REI-26,public,length,26.0,0.03378139864619629
REI-26,public,charge,7.217069149017334,-0.0026053289808398924
REI-26,public,boman,3.6407692432403564,-0.043727775738671634
REI-26,public,hmoment,0.8949819207191467,0.013836165686840502
REI-26,public,apv,0.21476922929286957,-0.0005131846407098735
REI-26,public,alpha,1.0273077487945557,0.003125563017802539
REI-26,public,basic_frac,0.3461538553237915,-0.015406891620565905
REI-26,public,acidic_frac,0.03846153989434242,-0.002386191196715659
REI-26,public,aromatic_frac,0.07692307978868484,-0.0007139562603458762
REI-26,public,hydrophobic_frac,0.3461538553237915,-0.030963405297927626
REI-26,public,proline_frac,0.03846153989434242,0.003070477037987794
REI-26,public,glycine_frac,0.07692307978868484,-0.004480092304052672
REI-26,public,aa_A,0.07692307978868484,0.005034803549197438
REI-26,public,aa_C,0.0,-0.003756749144332251
REI-26,public,aa_D,0.0,0.0009824350559780198
REI-26,public,aa_E,0.03846153989434242,-0.01562586790831839
REI-26,public,aa_F,0.07692307978868484,0.006291725451564659
REI-26,public,aa_G,0.07692307978868484,-0.0046319426556006614
REI-26,public,aa_H,0.03846153989434242,-0.0016496995866801059
REI-26,public,aa_I,0.07692307978868484,0.0008251239021430228
REI-26,public,aa_K,0.07692307978868484,1.1474174444645443e-05
REI-26,public,aa_L,0.03846153989434242,-0.0024973992651836645
REI-26,public,aa_M,0.03846153989434242,0.006272103974527433
REI-26,public,aa_N,0.03846153989434242,0.0008202256319609529
REI-26,public,aa_P,0.03846153989434242,0.006333541569536971
REI-26,public,aa_Q,0.0,-0.009649718589452821
REI-26,public,aa_R,0.23076923191547394,-0.03208141592528576
REI-26,public,aa_S,0.03846153989434242,0.001647685522581591
REI-26,public,aa_T,0.07692307978868484,0.008788356723244297
REI-26,public,aa_V,0.03846153989434242,0.0038399055170708755
REI-26,public,aa_W,0.0,-0.006719119996587273
REI-26,public,aa_Y,0.0,-0.0017204097124029578
REI-26,public,dipep_AA,0.0,-0.0024473734264021958
REI-26,public,dipep_AC,0.0,7.129471259472704e-05
REI-26,public,dipep_AD,0.0,-3.1116903858643684e-05
REI-26,public,dipep_AE,0.0,1.1940180532561723e-05
REI-26,public,dipep_AF,0.0,-0.00012343756207257986
REI-26,public,dipep_AG,0.0,0.000537137514318552
REI-26,public,dipep_AH,0.03999999910593033,0.00428205919561376
REI-26,public,dipep_AI,0.0,-0.005642699061075862
REI-26,public,dipep_AK,0.0,-0.0022493476618076205
REI-26,public,dipep_AL,0.0,-0.003705879814754206
REI-26,public,dipep_AM,0.03999999910593033,0.0012047895684130377
REI-26,public,dipep_AN,0.0,-0.00024296090750069955
REI-26,public,dipep_AP,0.0,0.0005136112050269819
REI-26,public,dipep_AQ,0.0,-0.0006908600411551485
REI-26,public,dipep_AR,0.0,0.0003172904339321109
REI-26,public,dipep_AS,0.0,0.00021931782612928603
REI-26,public,dipep_AT,0.0,-0.00016515863185807727
REI-26,public,dipep_AV,0.0,-0.0003919100675790861
REI-26,public,dipep_AW,0.0,-0.00024261251885177146
REI-26,public,dipep_AY,0.0,-2.7149333276937478e-05
REI-26,public,dipep_CA,0.0,2.2198950198883087e-05
REI-26,public,dipep_CC,0.0,-6.87422495299043e-05
REI-26,public,dipep_CD,0.0,-3.456356815635717e-05
REI-26,public,dipep_CE,0.0,8.558152586428242e-06
REI-26,public,dipep_CF,0.0,0.0
REI-26,public,dipep_CG,0.0,-0.005785071444323366
REI-26,public,dipep_CH,0.0,0.0
REI-26,public,dipep_CI,0.0,-0.00011173568363526557
REI-26,public,dipep_CK,0.0,0.00022646606741608176
REI-26,public,dipep_CL,0.0,-0.0003304166520398221
REI-26,public,dipep_CM,0.0,0.0
REI-26,public,dipep_CN,0.0,-0.00012139132134053825
REI-26,public,dipep_CP,0.0,-0.00019406682870270244
REI-26,public,dipep_CQ,0.0,0.0
REI-26,public,dipep_CR,0.0,-6.831313851500317e-05
REI-26,public,dipep_CS,0.0,-0.00010021663796063448
REI-26,public,dipep_CT,0.0,-2.8413121554204647e-05
REI-26,public,dipep_CV,0.0,-0.00017556273828210072
REI-26,public,dipep_CW,0.0,-0.00013269802509614724
REI-26,public,dipep_CY,0.0,-0.00038856751610830305
REI-26,public,dipep_DA,0.0,0.00025447754848412235
REI-26,public,dipep_DC,0.0,0.0
REI-26,public,dipep_DD,0.0,-5.015420590582163e-05
REI-26,public,dipep_DE,0.0,-0.00015558424935665501
REI-26,public,dipep_DF,0.0,-0.0004265661238091397
REI-26,public,dipep_DG,0.0,-0.0019087862206310809
REI-26,public,dipep_DH,0.0,-2.173760268813924e-05
REI-26,public,dipep_DI,0.0,-0.00011854213859411935
REI-26,public,dipep_DK,0.0,-0.00021765693372557764
REI-26,public,dipep_DL,0.0,-1.562610820845681e-06
REI-26,public,dipep_DM,0.0,0.0
REI-26,public,dipep_DN,0.0,0.0
REI-26,public,dipep_DP,0.0,0.0
REI-26,public,dipep_DQ,0.0,-2.9028306534893243e-05
REI-26,public,dipep_DR,0.0,-0.00011920356841211657
REI-26,public,dipep_DS,0.0,0.0
REI-26,public,dipep_DT,0.0,1.2293560622767169e-05
REI-26,public,dipep_DV,0.0,-0.00011393969267965975
REI-26,public,dipep_DW,0.0,-0.00088917625205315
REI-26,public,dipep_DY,0.0,-1.8305890133043175e-06
REI-26,public,dipep_EA,0.0,-0.002393569013788915
REI-26,public,dipep_EC,0.0,-9.954985587121387e-05
REI-26,public,dipep_ED,0.0,-1.606052935133598e-05
REI-26,public,dipep_EE,0.0,-4.497176816083572e-05
REI-26,public,dipep_EF,0.0,9.006520829996827e-05
REI-26,public,dipep_EG,0.0,-0.011267530693981063
REI-26,public,dipep_EH,0.0,0.0
REI-26,public,dipep_EI,0.03999999910593033,0.0012144469498902488
REI-26,public,dipep_EK,0.0,0.0011377590138815505
REI-26,public,dipep_EL,0.0,-0.00013892130139936965
REI-26,public,dipep_EM,0.0,0.0
REI-26,public,dipep_EN,0.0,-0.006132900256646508
REI-26,public,dipep_EP,0.0,0.0
REI-26,public,dipep_EQ,0.0,-2.8416302738394907e-05
REI-26,public,dipep_ER,0.0,-7.04187602397877e-05
REI-26,public,dipep_ES,0.0,3.317099923084385e-05
REI-26,public,dipep_ET,0.0,-1.7297988452686713e-05
REI-26,public,dipep_EV,0.0,1.804152054464484e-05
REI-26,public,dipep_EW,0.0,-3.463611512081918e-05
REI-26,public,dipep_EY,0.0,0.0
REI-26,public,dipep_FA,0.0,-0.0002565292227685757
REI-26,public,dipep_FC,0.0,-0.0011651707240685398
REI-26,public,dipep_FD,0.0,-1.2427872756004355e-05
REI-26,public,dipep_FE,0.0,-0.002803578070149631
REI-26,public,dipep_FF,0.0,-0.00023253056553241416
REI-26,public,dipep_FG,0.0,-0.001028918533093489
REI-26,public,dipep_FH,0.0,-0.0007292024065474811
REI-26,public,dipep_FI,0.03999999910593033,0.017567142973651594
REI-26,public,dipep_FK,0.03999999910593033,0.0019155892001330118
REI-26,public,dipep_FL,0.0,-0.006829184192191314
REI-26,public,dipep_FM,0.0,-0.00048275410878178415
REI-26,public,dipep_FN,0.0,0.0
REI-26,public,dipep_FP,0.0,-0.00011678247565048781
REI-26,public,dipep_FQ,0.0,-4.6826267310350926e-05
REI-26,public,dipep_FR,0.0,0.0006569938006915915
REI-26,public,dipep_FS,0.0,1.872420259355977e-05
REI-26,public,dipep_FT,0.0,-0.00024268081838509767
REI-26,public,dipep_FV,0.0,0.0004898497309642659
REI-26,public,dipep_FW,0.0,-0.0004814985377522967
REI-26,public,dipep_FY,0.0,-0.00017779295659308604
REI-26,public,dipep_GA,0.03999999910593033,0.006697389276662394
REI-26,public,dipep_GC,0.0,-0.00011656960266198027
REI-26,public,dipep_GD,0.0,-5.546870098159779e-05
REI-26,public,dipep_GE,0.0,-3.212754726841464e-05
REI-26,public,dipep_GF,0.0,-0.00250626441215432
REI-26,public,dipep_GG,0.0,0.000428680227348473
REI-26,public,dipep_GH,0.0,-0.00029331764944706175
REI-26,public,dipep_GI,0.0,0.0006795514888794334
REI-26,public,dipep_GK,0.0,-0.0010726969851877811
REI-26,public,dipep_GL,0.0,-0.0034667439243398425
REI-26,public,dipep_GM,0.0,-0.0044963557987050115
REI-26,public,dipep_GN,0.0,-3.596431576178036e-05
REI-26,public,dipep_GP,0.0,5.248970154759778e-05
REI-26,public,dipep_GQ,0.0,0.00176045150455866
REI-26,public,dipep_GR,0.03999999910593033,0.013354279918186983
REI-26,public,dipep_GS,0.0,-0.00028060297920630797
REI-26,public,dipep_GT,0.0,0.00022285967103196602
REI-26,public,dipep_GV,0.0,-0.000765151454507998
REI-26,public,dipep_GW,0.0,-0.0055488748712140745
REI-26,public,dipep_GY,0.0,-0.005654040803112933
REI-26,public,dipep_HA,0.0,-0.00033330153671263683
REI-26,public,dipep_HC,0.0,0.0
REI-26,public,dipep_HD,0.0,0.0
REI-26,public,dipep_HE,0.0,0.0
REI-26,public,dipep_HF,0.0,-1.6874582516491686e-05
REI-26,public,dipep_HG,0.0,-0.00010293112382455138
REI-26,public,dipep_HH,0.0,-0.00023528126102754433
REI-26,public,dipep_HI,0.0,-0.0006337008809661517
REI-26,public,dipep_HK,0.0,-8.393196277186163e-05
REI-26,public,dipep_HL,0.0,-0.00017920853931662528
REI-26,public,dipep_HM,0.0,-2.2251708016541128e-05
REI-26,public,dipep_HN,0.0,-4.6720267452626906e-05
REI-26,public,dipep_HP,0.0,9.8267861567792e-05
REI-26,public,dipep_HQ,0.0,-7.3092416956227085e-06
REI-26,public,dipep_HR,0.0,-0.0006635258366047017
REI-26,public,dipep_HS,0.0,6.884282381761513e-05
REI-26,public,dipep_HT,0.03999999910593033,0.0
REI-26,public,dipep_HV,0.0,-3.0337269614071013e-05
REI-26,public,dipep_HW,0.0,-1.983043405209903e-05
REI-26,public,dipep_HY,0.0,0.0
REI-26,public,dipep_IA,0.0,3.337099757257723e-05
REI-26,public,dipep_IC,0.0,-1.3212999017819805e-06
REI-26,public,dipep_ID,0.0,-0.004097868088810792
REI-26,public,dipep_IE,0.0,-0.010600912649662559
REI-26,public,dipep_IF,0.0,-0.0013401141088643432
REI-26,public,dipep_IG,0.03999999910593033,-0.002458656334410217
REI-26,public,dipep_IH,0.0,-0.00016880860308594525
REI-26,public,dipep_II,0.0,-0.0009660878510281789
REI-26,public,dipep_IK,0.0,-0.0028238227220171858
REI-26,public,dipep_IL,0.0,-0.0025257385259941124
REI-26,public,dipep_IM,0.0,3.2908784252642764e-05
REI-26,public,dipep_IN,0.0,-0.00011429072901679892
REI-26,public,dipep_IP,0.0,-0.0010451636308908808
REI-26,public,dipep_IQ,0.0,-0.0002948590554209204
REI-26,public,dipep_IR,0.0,0.0003056533718570056
REI-26,public,dipep_IS,0.03999999910593033,0.03496104304364854
REI-26,public,dipep_IT,0.0,-0.0003187827095109124
REI-26,public,dipep_IV,0.0,-0.000464638836841667
REI-26,public,dipep_IW,0.0,-0.00030822852191132586
REI-26,public,dipep_IY,0.0,1.2541289798915936e-05
REI-26,public,dipep_KA,0.0,0.0005350380168222229
REI-26,public,dipep_KC,0.0,-0.001820619784528318
REI-26,public,dipep_KD,0.0,-0.00020783222538421314
REI-26,public,dipep_KE,0.0,1.8027666098675646e-05
REI-26,public,dipep_KF,0.0,0.0004160959753815851
REI-26,public,dipep_KG,0.0,-7.503738597924593e-05
REI-26,public,dipep_KH,0.0,-0.00033791165205137647
REI-26,public,dipep_KI,0.0,-0.0012850357155960597
REI-26,public,dipep_KK,0.0,-0.003475228184409576
REI-26,public,dipep_KL,0.0,-0.001251489459734051
REI-26,public,dipep_KM,0.0,-7.87440639936896e-05
REI-26,public,dipep_KN,0.0,-1.9195173262558863e-05
REI-26,public,dipep_KP,0.0,-0.0002665979355779733
REI-26,public,dipep_KQ,0.0,-0.0006118442873196697
REI-26,public,dipep_KR,0.03999999910593033,-0.0031837605661615928
REI-26,public,dipep_KS,0.0,0.0004975978153952333
REI-26,public,dipep_KT,0.0,-0.0010723896720274907
REI-26,public,dipep_KV,0.0,-0.0020828174678696127
REI-26,public,dipep_KW,0.0,-3.925635198504743e-05
REI-26,public,dipep_KY,0.0,-0.00037195785566229814
REI-26,public,dipep_LA,0.0,-0.0008890213947529723
REI-26,public,dipep_LC,0.0,3.272461001638241e-05
REI-26,public,dipep_LD,0.0,-0.0004110518201386253
REI-26,public,dipep_LE,0.0,-4.191622259215839e-05
REI-26,public,dipep_LF,0.0,-0.018510275109881742
REI-26,public,dipep_LG,0.0,-0.0003781197510660046
REI-26,public,dipep_LH,0.0,0.00015065597223977518
REI-26,public,dipep_LI,0.0,-0.0034638780066982545
REI-26,public,dipep_LK,0.0,-0.0024056083570300948
REI-26,public,dipep_LL,0.0,3.327816929288716e-05
REI-26,public,dipep_LM,0.0,0.000279820760801389
REI-26,public,dipep_LN,0.0,0.00016943278030166582
REI-26,public,dipep_LP,0.03999999910593033,0.019771105161577342
REI-26,public,dipep_LQ,0.0,-0.00015753437195968563
REI-26,public,dipep_LR,0.0,-0.00029271621983299246
REI-26,public,dipep_LS,0.0,-0.0005938980093078282
REI-26,public,dipep_LT,0.0,-9.29287203076467e-05
REI-26,public,dipep_LV,0.0,-0.001747066821406105
REI-26,public,dipep_LW,0.0,-0.0006979445333228194
REI-26,public,dipep_LY,0.0,-5.8845899448915396e-05
REI-26,public,dipep_MA,0.0,-0.0003309253713031227
REI-26,public,dipep_MC,0.0,-4.088093751341379e-05
REI-26,public,dipep_MD,0.0,-1.0272195642174454e-05
REI-26,public,dipep_ME,0.0,0.0
REI-26,public,dipep_MF,0.0,0.0
REI-26,public,dipep_MG,0.0,-0.00014104154888198094
REI-26,public,dipep_MH,0.0,0.0
REI-26,public,dipep_MI,0.0,-0.0033913903639988174
REI-26,public,dipep_MK,0.0,0.0002304226457967838
REI-26,public,dipep_ML,0.0,0.00013527923280301786
REI-26,public,dipep_MM,0.0,-0.00033197481557599494
REI-26,public,dipep_MN,0.0,-2.1669295313500235e-05
REI-26,public,dipep_MP,0.0,0.0
REI-26,public,dipep_MQ,0.0,5.3498073162139224e-05
REI-26,public,dipep_MR,0.03999999910593033,0.007046625555436193
REI-26,public,dipep_MS,0.0,-9.089159090797397e-05
REI-26,public,dipep_MT,0.0,-0.0003976047615650425
REI-26,public,dipep_MV,0.0,-1.3537805701448885e-05
REI-26,public,dipep_MW,0.0,1.7729908058237946e-05
REI-26,public,dipep_MY,0.0,-2.5017818716588805e-05
REI-26,public,dipep_NA,0.0,-0.0004221269129937929
REI-26,public,dipep_NC,0.0,-8.452863888288896e-05
REI-26,public,dipep_ND,0.0,0.0
REI-26,public,dipep_NE,0.0,-7.722246013340371e-05
REI-26,public,dipep_NF,0.0,3.7096350980942084e-06
REI-26,public,dipep_NG,0.0,-0.002475220918293051
REI-26,public,dipep_NH,0.0,0.0
REI-26,public,dipep_NI,0.0,-8.87575878606324e-05
REI-26,public,dipep_NK,0.0,0.00031746709433658687
REI-26,public,dipep_NL,0.0,-0.00013608800015037518
REI-26,public,dipep_NM,0.0,-3.0436966242394582e-05
REI-26,public,dipep_NN,0.0,2.3824573891427464e-05
REI-26,public,dipep_NP,0.0,-3.468574167458902e-05
REI-26,public,dipep_NQ,0.0,-0.0007992404206038759
REI-26,public,dipep_NR,0.0,-0.00011231133659803649
REI-26,public,dipep_NS,0.0,0.00010686658177860012
REI-26,public,dipep_NT,0.0,-0.001556949111150624
REI-26,public,dipep_NV,0.03999999910593033,0.0005654875620261962
REI-26,public,dipep_NW,0.0,-3.705945251832922e-05
REI-26,public,dipep_NY,0.0,-5.8927383688769694e-05
REI-26,public,dipep_PA,0.0,-1.0992271398796715e-05
REI-26,public,dipep_PC,0.0,-0.0003528364342375328
REI-26,public,dipep_PD,0.0,0.0
REI-26,public,dipep_PE,0.0,-0.0006099691974533899
REI-26,public,dipep_PF,0.0,8.931162937096821e-05
REI-26,public,dipep_PG,0.03999999910593033,-0.00047812993777378673
REI-26,public,dipep_PH,0.0,-3.5089042203042624e-05
REI-26,public,dipep_PI,0.0,7.658814601997739e-05
REI-26,public,dipep_PK,0.0,-0.00010211442628257065
REI-26,public,dipep_PL,0.0,0.00032081969357506567
REI-26,public,dipep_PM,0.0,0.0
REI-26,public,dipep_PN,0.0,0.0
REI-26,public,dipep_PP,0.0,-4.876522005098632e-05
REI-26,public,dipep_PQ,0.0,9.185717689613222e-05
REI-26,public,dipep_PR,0.0,0.0011763837894780654
REI-26,public,dipep_PS,0.0,-0.0006623679612411771
REI-26,public,dipep_PT,0.0,4.3497417150127565e-05
REI-26,public,dipep_PV,0.0,-1.2799959580199372e-06
REI-26,public,dipep_PW,0.0,5.410515440029906e-05
REI-26,public,dipep_PY,0.0,0.0
REI-26,public,dipep_QA,0.0,-0.00013496790922182773
REI-26,public,dipep_QC,0.0,4.617128555012066e-05
REI-26,public,dipep_QD,0.0,-0.0003997314297416256
REI-26,public,dipep_QE,0.0,-7.606092192220526e-06
REI-26,public,dipep_QF,0.0,-1.903198984866804e-05
REI-26,public,dipep_QG,0.0,-0.000496409587603108
REI-26,public,dipep_QH,0.0,-0.0011421297252714939
REI-26,public,dipep_QI,0.0,-4.6886541219972144e-05
REI-26,public,dipep_QK,0.0,0.0003131193544292508
REI-26,public,dipep_QL,0.0,-0.00012686251419511421
REI-26,public,dipep_QM,0.0,0.0
REI-26,public,dipep_QN,0.0,7.789915220053345e-05
REI-26,public,dipep_QP,0.0,-0.0006771774999910955
REI-26,public,dipep_QQ,0.0,-0.0001619486701800699
REI-26,public,dipep_QR,0.0,-0.004224444834069395
REI-26,public,dipep_QS,0.0,-0.0003918178101930763
REI-26,public,dipep_QT,0.0,0.0
REI-26,public,dipep_QV,0.0,3.483982573105464e-05
REI-26,public,dipep_QW,0.0,-0.00015888066933593216
REI-26,public,dipep_QY,0.0,0.0
REI-26,public,dipep_RA,0.03999999910593033,0.0010690582544921772
REI-26,public,dipep_RC,0.0,0.00032819868042479016
REI-26,public,dipep_RD,0.0,-3.538248179059854e-05
REI-26,public,dipep_RE,0.03999999910593033,-0.0039504586427792825
REI-26,public,dipep_RF,0.03999999910593033,-0.005164832141166926
REI-26,public,dipep_RG,0.0,0.0009149363238669217
REI-26,public,dipep_RH,0.0,0.0
REI-26,public,dipep_RI,0.0,0.0003047598112718143
REI-26,public,dipep_RK,0.03999999910593033,0.003340394556443624
REI-26,public,dipep_RL,0.0,-0.000323359306917288
REI-26,public,dipep_RM,0.0,-7.798751952228279e-05
REI-26,public,dipep_RN,0.03999999910593033,-0.003382315495396109
REI-26,public,dipep_RP,0.0,0.00035124143475482905
REI-26,public,dipep_RQ,0.0,-0.007020035078890151
REI-26,public,dipep_RR,0.0,-0.0006214326547265288
REI-26,public,dipep_RS,0.0,-0.0020051457076093807
REI-26,public,dipep_RT,0.03999999910593033,-0.004645999018171972
REI-26,public,dipep_RV,0.0,-0.00015655142914360571
REI-26,public,dipep_RW,0.0,-0.0004516078100973438
REI-26,public,dipep_RY,0.0,3.109360182960947e-05
REI-26,public,dipep_SA,0.0,0.0004937913385778479
REI-26,public,dipep_SC,0.0,-1.0751344205068847e-05
REI-26,public,dipep_SD,0.0,-0.0001671320386178193
REI-26,public,dipep_SE,0.0,0.0
REI-26,public,dipep_SF,0.0,5.090210386723619e-05
REI-26,public,dipep_SG,0.0,-0.00016264709687186576
REI-26,public,dipep_SH,0.0,2.7416249657248792e-05
REI-26,public,dipep_SI,0.0,-0.000416501821654317
REI-26,public,dipep_SK,0.0,-0.005135498546070006
REI-26,public,dipep_SL,0.0,-0.00038923982091451523
REI-26,public,dipep_SM,0.0,0.0
REI-26,public,dipep_SN,0.0,-0.00021563444199877274
REI-26,public,dipep_SP,0.0,-0.00024099740700610014
REI-26,public,dipep_SQ,0.0,-1.6208235395344264e-05
REI-26,public,dipep_SR,0.03999999910593033,-0.0005811868927414183
REI-26,public,dipep_SS,0.0,-1.5696099875734016e-05
REI-26,public,dipep_ST,0.0,-0.0002990867094278955
REI-26,public,dipep_SV,0.0,9.023505139633156e-06
REI-26,public,dipep_SW,0.0,-0.00041013766998294763
REI-26,public,dipep_SY,0.0,-5.9631558549808e-05
REI-26,public,dipep_TA,0.0,-0.0005026660525941479
REI-26,public,dipep_TC,0.0,1.9067975101186535e-05
REI-26,public,dipep_TD,0.0,0.00013105839350171876
REI-26,public,dipep_TE,0.0,0.0
REI-26,public,dipep_TF,0.0,-0.0015177969146623405
REI-26,public,dipep_TG,0.0,-0.0007611133309214506
REI-26,public,dipep_TH,0.0,-2.4001333377462425e-05
REI-26,public,dipep_TI,0.0,-0.0023331666899651855
REI-26,public,dipep_TK,0.0,5.777620613229954e-05
REI-26,public,dipep_TL,0.03999999910593033,0.00269631190075635
REI-26,public,dipep_TM,0.0,0.0
REI-26,public,dipep_TN,0.0,-1.973244793846349e-05
REI-26,public,dipep_TP,0.0,7.017779212046636e-05
REI-26,public,dipep_TQ,0.0,-0.000311562040712542
REI-26,public,dipep_TR,0.03999999910593033,0.0009500427260940434
REI-26,public,dipep_TS,0.0,-0.0006294736096173096
REI-26,public,dipep_TT,0.0,-0.0005215915465898379
REI-26,public,dipep_TV,0.0,-0.00032502272944308065
REI-26,public,dipep_TW,0.0,7.199279738796242e-05
REI-26,public,dipep_TY,0.0,-2.9797604899304257e-05
REI-26,public,dipep_VA,0.0,-0.0006392634938983268
REI-26,public,dipep_VC,0.0,-0.00040491205764305656
REI-26,public,dipep_VD,0.0,0.0
REI-26,public,dipep_VE,0.0,-0.0003214368920940555
REI-26,public,dipep_VF,0.03999999910593033,0.0013872715920636958
REI-26,public,dipep_VG,0.0,4.584504530397997e-05
REI-26,public,dipep_VH,0.0,-0.000406231474030327
REI-26,public,dipep_VI,0.0,4.290412088771454e-05
REI-26,public,dipep_VK,0.0,0.001067822756056914
REI-26,public,dipep_VL,0.0,-0.0018439735684620496
REI-26,public,dipep_VM,0.0,0.0
REI-26,public,dipep_VN,0.0,-0.00030646820294433246
REI-26,public,dipep_VP,0.0,-0.00013757299681050936
REI-26,public,dipep_VQ,0.0,1.0357850065788886e-05
REI-26,public,dipep_VR,0.0,0.0006460633563600604
REI-26,public,dipep_VS,0.0,-1.1089699495228506e-05
REI-26,public,dipep_VT,0.0,-0.00017246623497106577
REI-26,public,dipep_VV,0.0,0.00012239607373252406
REI-26,public,dipep_VW,0.0,-7.589903927496471e-05
REI-26,public,dipep_VY,0.0,-0.00011259695041753835
REI-26,public,dipep_WA,0.0,0.0
REI-26,public,dipep_WC,0.0,0.0
REI-26,public,dipep_WD,0.0,0.0
REI-26,public,dipep_WE,0.0,-0.0031273565255960823
REI-26,public,dipep_WF,0.0,-0.0004780553091058445
REI-26,public,dipep_WG,0.0,-6.364785726454143e-05
REI-26,public,dipep_WH,0.0,0.0
REI-26,public,dipep_WI,0.0,-0.0010988724067424042
REI-26,public,dipep_WK,0.0,-2.832903974722961e-05
REI-26,public,dipep_WL,0.0,-0.00015287837647293403
REI-26,public,dipep_WM,0.0,-1.3909980568982484e-05
REI-26,public,dipep_WN,0.0,-7.504184965530028e-06
REI-26,public,dipep_WP,0.0,0.0
REI-26,public,dipep_WQ,0.0,-0.00012022547263847359
REI-26,public,dipep_WR,0.0,-0.0004372215043219131
REI-26,public,dipep_WS,0.0,-7.637019935461561e-05
REI-26,public,dipep_WT,0.0,0.0
REI-26,public,dipep_WV,0.0,-2.397059400193655e-05
REI-26,public,dipep_WW,0.0,-0.00012915935949099622
REI-26,public,dipep_WY,0.0,-0.010879497076554844
REI-26,public,dipep_YA,0.0,-0.00014505486234089963
REI-26,public,dipep_YC,0.0,0.00024897127037383813
REI-26,public,dipep_YD,0.0,0.0
REI-26,public,dipep_YE,0.0,2.131114926049687e-05
REI-26,public,dipep_YF,0.0,0.0
REI-26,public,dipep_YG,0.0,-0.006530372539434627
REI-26,public,dipep_YH,0.0,0.0
REI-26,public,dipep_YI,0.0,-6.907203566054685e-05
REI-26,public,dipep_YK,0.0,0.0007109463741178054
REI-26,public,dipep_YL,0.0,-0.00042580048482033096
REI-26,public,dipep_YM,0.0,0.0
REI-26,public,dipep_YN,0.0,0.0
REI-26,public,dipep_YP,0.0,5.61505307687785e-05
REI-26,public,dipep_YQ,0.0,-0.0009096037745154398
REI-26,public,dipep_YR,0.0,-0.00026381317483454984
REI-26,public,dipep_YS,0.0,-0.00014223056470925795
REI-26,public,dipep_YT,0.0,-0.00021481050674093552
REI-26,public,dipep_YV,0.0,-5.6494688444039025e-05
REI-26,public,dipep_YW,0.0,-0.00011660704529643922
REI-26,public,dipep_YY,0.0,0.0
LEL-28,public,length,28.0,0.023550706390115403
LEL-28,public,charge,6.6999335289001465,-0.0004253471855736444
LEL-28,public,boman,5.556785583496094,-0.021527877865012788
LEL-28,public,hmoment,0.8276654481887817,0.007613268444575434
LEL-28,public,apv,0.21714285016059875,-0.004626652242410718
LEL-28,public,alpha,1.1114286184310913,0.005789693374799097
LEL-28,public,basic_frac,0.4285714328289032,-0.016991181368992185
LEL-28,public,acidic_frac,0.1071428582072258,-0.011794537929187799
LEL-28,public,aromatic_frac,0.0,-0.019105101721786345
LEL-28,public,hydrophobic_frac,0.2857142984867096,-0.032048024341340665
LEL-28,public,proline_frac,0.0,0.003178693029588425
LEL-28,public,glycine_frac,0.0,-0.005060110909695166
LEL-28,public,aa_A,0.0,-0.00998403918253901
LEL-28,public,aa_C,0.0,-0.0031631846260502063
LEL-28,public,aa_D,0.0357142873108387,0.0031376926561956617
LEL-28,public,aa_E,0.0714285746216774,-0.010562387888950857
LEL-28,public,aa_F,0.0,-0.016049359968227934
LEL-28,public,aa_G,0.0,-0.0044770195549971295
LEL-28,public,aa_H,0.1071428582072258,-0.00027533864331807587
LEL-28,public,aa_I,0.0,-0.016420250701788597
LEL-28,public,aa_K,0.0,0.0009720750274317444
LEL-28,public,aa_L,0.2142857164144516,0.003935642850388882
LEL-28,public,aa_M,0.0,-0.004197432045522381
LEL-28,public,aa_N,0.0,0.0007904342969315144
LEL-28,public,aa_P,0.0,0.001954232530303528
LEL-28,public,aa_Q,0.1071428582072258,0.011661112043398862
LEL-28,public,aa_R,0.3214285671710968,-0.021546146328085856
LEL-28,public,aa_S,0.0357142873108387,-0.000854735281782399
LEL-28,public,aa_T,0.0357142873108387,-0.0020664584144314603
LEL-28,public,aa_V,0.0714285746216774,-0.005731877063269609
LEL-28,public,aa_W,0.0,-0.006174205948603353
LEL-28,public,aa_Y,0.0,-0.002242024573623212
LEL-28,public,dipep_AA,0.0,-0.0013869547277507923
LEL-28,public,dipep_AC,0.0,-0.0001205073181698865
LEL-28,public,dipep_AD,0.0,-7.6287641173888075e-06
LEL-28,public,dipep_AE,0.0,-0.00012710408611061826
LEL-28,public,dipep_AF,0.0,-0.0005187918784017795
LEL-28,public,dipep_AG,0.0,-0.0002108995524362778
LEL-28,public,dipep_AH,0.0,-0.0003067728599135652
LEL-28,public,dipep_AI,0.0,-0.004949189686596207
LEL-28,public,dipep_AK,0.0,-0.0024060295795997467
LEL-28,public,dipep_AL,0.0,-0.002858317108866599
LEL-28,public,dipep_AM,0.0,-0.0005738865861165535
LEL-28,public,dipep_AN,0.0,-0.0004024404209919758
LEL-28,public,dipep_AP,0.0,0.00038709906825327235
LEL-28,public,dipep_AQ,0.0,-0.0010305962665855745
LEL-28,public,dipep_AR,0.0,0.0003298977745419505
LEL-28,public,dipep_AS,0.0,-0.00040849611544647194
LEL-28,public,dipep_AT,0.0,-5.285435768018077e-05
LEL-28,public,dipep_AV,0.0,-0.0005255853287831511
LEL-28,public,dipep_AW,0.0,-0.0001056657137736012
LEL-28,public,dipep_AY,0.0,-0.00010987298421861724
LEL-28,public,dipep_CA,0.0,-0.00016929002332310652
LEL-28,public,dipep_CC,0.0,-0.00029738490855555147
LEL-28,public,dipep_CD,0.0,-3.7265452043236905e-05
LEL-28,public,dipep_CE,0.0,-6.336232613080031e-05
LEL-28,public,dipep_CF,0.0,0.0
LEL-28,public,dipep_CG,0.0,-0.007088128956269784
LEL-28,public,dipep_CH,0.0,-3.875599245927576e-05
LEL-28,public,dipep_CI,0.0,-0.000160511443634989
LEL-28,public,dipep_CK,0.0,-0.00010638003009882391
LEL-28,public,dipep_CL,0.0,0.0
LEL-28,public,dipep_CM,0.0,0.0
LEL-28,public,dipep_CN,0.0,-0.00017189875534993305
LEL-28,public,dipep_CP,0.0,-0.0002633631546994696
LEL-28,public,dipep_CQ,0.0,0.00010482550547697073
LEL-28,public,dipep_CR,0.0,0.00010699152062447908
LEL-28,public,dipep_CS,0.0,-0.00018530379219974458
LEL-28,public,dipep_CT,0.0,-7.256313100255367e-05
LEL-28,public,dipep_CV,0.0,-7.168328433550827e-05
LEL-28,public,dipep_CW,0.0,-0.00023691048871910575
LEL-28,public,dipep_CY,0.0,-0.0006006786901040695
LEL-28,public,dipep_DA,0.0,0.0001489629788866701
LEL-28,public,dipep_DC,0.0,0.0
LEL-28,public,dipep_DD,0.0,-7.354374530947773e-05
LEL-28,public,dipep_DE,0.0,-0.0005270143073549862
LEL-28,public,dipep_DF,0.0,-0.00018655814958546584
LEL-28,public,dipep_DG,0.0,-0.002871340620341814
LEL-28,public,dipep_DH,0.0,-1.8397916026922487e-05
LEL-28,public,dipep_DI,0.0,-0.00013136914530468042
LEL-28,public,dipep_DK,0.0,3.5440881475610934e-05
LEL-28,public,dipep_DL,0.0,3.1860965889353644e-05
LEL-28,public,dipep_DM,0.0,0.0
LEL-28,public,dipep_DN,0.0,0.0
LEL-28,public,dipep_DP,0.0,0.0
LEL-28,public,dipep_DQ,0.0,-1.350451882549298e-05
LEL-28,public,dipep_DR,0.0,-0.00022839365276911154
LEL-28,public,dipep_DS,0.0,-4.477807514986816e-05
LEL-28,public,dipep_DT,0.0,-0.0001951327128307199
LEL-28,public,dipep_DV,0.03703703731298447,0.0044074565252020075
LEL-28,public,dipep_DW,0.0,-5.2644666959607605e-05
LEL-28,public,dipep_DY,0.0,-6.492844204104083e-06
LEL-28,public,dipep_EA,0.0,-0.002410413055763053
LEL-28,public,dipep_EC,0.0,-0.00030012502971776866
LEL-28,public,dipep_ED,0.0,-0.00013265760640229532
LEL-28,public,dipep_EE,0.0,-0.00016788160183348107
LEL-28,public,dipep_EF,0.0,-9.590541542743045e-05
LEL-28,public,dipep_EG,0.0,-0.009324802794553456
LEL-28,public,dipep_EH,0.0,0.00015021440860267814
LEL-28,public,dipep_EI,0.0,-0.0004544374917926216
LEL-28,public,dipep_EK,0.0,0.0010137869164033495
LEL-28,public,dipep_EL,0.07407407462596893,0.0009208080043920204
LEL-28,public,dipep_EM,0.0,0.0
LEL-28,public,dipep_EN,0.0,-0.005179799291674238
LEL-28,public,dipep_EP,0.0,0.0
LEL-28,public,dipep_EQ,0.0,-2.8416302738394907e-05
LEL-28,public,dipep_ER,0.0,0.00013802340908541217
LEL-28,public,dipep_ES,0.0,-4.440292054027346e-05
LEL-28,public,dipep_ET,0.0,4.820194839482363e-05
LEL-28,public,dipep_EV,0.0,2.0746310624216684e-05
LEL-28,public,dipep_EW,0.0,-3.463611512081918e-05
LEL-28,public,dipep_EY,0.0,0.0
LEL-28,public,dipep_FA,0.0,-0.00011935687865103893
LEL-28,public,dipep_FC,0.0,-0.0002706978083726524
LEL-28,public,dipep_FD,0.0,-8.868341482927234e-05
LEL-28,public,dipep_FE,0.0,-0.002731915304156497
LEL-28,public,dipep_FF,0.0,-0.00011590531342752681
LEL-28,public,dipep_FG,0.0,-0.0010825403391773426
LEL-28,public,dipep_FH,0.0,-0.00031694388182506347
LEL-28,public,dipep_FI,0.0,-0.0038508595747242477
LEL-28,public,dipep_FK,0.0,-0.0006476736020658877
LEL-28,public,dipep_FL,0.0,-0.0049855419717090566
LEL-28,public,dipep_FM,0.0,-0.00016966932720524858
LEL-28,public,dipep_FN,0.0,-2.606122246049588e-05
LEL-28,public,dipep_FP,0.0,-0.00016307681453130735
LEL-28,public,dipep_FQ,0.0,-3.656912834156609e-05
LEL-28,public,dipep_FR,0.0,0.001258621236430789
LEL-28,public,dipep_FS,0.0,-0.00017146204954654687
LEL-28,public,dipep_FT,0.0,-0.00019566357665104058
LEL-28,public,dipep_FV,0.0,0.0001167947596992524
LEL-28,public,dipep_FW,0.0,0.0
LEL-28,public,dipep_FY,0.0,-1.5504401848376056e-05
LEL-28,public,dipep_GA,0.0,-0.0015412310381791663
LEL-28,public,dipep_GC,0.0,-0.0003864510959352364
LEL-28,public,dipep_GD,0.0,-4.625275557897584e-05
LEL-28,public,dipep_GE,0.0,-9.041721208777447e-05
LEL-28,public,dipep_GF,0.0,-0.00293861958038125
LEL-28,public,dipep_GG,0.0,0.00012466128194355274
LEL-28,public,dipep_GH,0.0,-0.0003750441757363987
LEL-28,public,dipep_GI,0.0,-0.0002896562626045624
LEL-28,public,dipep_GK,0.0,-0.00019284318187053696
LEL-28,public,dipep_GL,0.0,-0.005503794544128984
LEL-28,public,dipep_GM,0.0,-0.0038635965744978303
LEL-28,public,dipep_GN,0.0,-4.558705747755473e-05
LEL-28,public,dipep_GP,0.0,-8.810411612042156e-05
LEL-28,public,dipep_GQ,0.0,0.0014459596102575532
LEL-28,public,dipep_GR,0.0,-0.0033553285069513163
LEL-28,public,dipep_GS,0.0,-0.0002395421497657078
LEL-28,public,dipep_GT,0.0,-0.00016394544534074267
LEL-28,public,dipep_GV,0.0,-0.0015261567578166867
LEL-28,public,dipep_GW,0.0,-0.005358851242542855
LEL-28,public,dipep_GY,0.0,-0.0041922140605716775
LEL-28,public,dipep_HA,0.0,-0.0005269116042682172
LEL-28,public,dipep_HC,0.0,5.1084626923076204e-05
LEL-28,public,dipep_HD,0.0,0.0
LEL-28,public,dipep_HE,0.0,0.0
LEL-28,public,dipep_HF,0.0,-9.401202502642584e-06
LEL-28,public,dipep_HG,0.0,-0.0001708701656224379
LEL-28,public,dipep_HH,0.0,-6.903250956728519e-05
LEL-28,public,dipep_HI,0.0,-0.0006256300400444887
LEL-28,public,dipep_HK,0.0,-0.0010602756081063357
LEL-28,public,dipep_HL,0.03703703731298447,0.002682964332393578
LEL-28,public,dipep_HM,0.0,-2.2251708016541128e-05
LEL-28,public,dipep_HN,0.0,-8.608405802665531e-05
LEL-28,public,dipep_HP,0.0,0.00012547060962171983
LEL-28,public,dipep_HQ,0.0,7.030151266711245e-05
LEL-28,public,dipep_HR,0.03703703731298447,-8.749869394836567e-05
LEL-28,public,dipep_HS,0.0,8.816184022810274e-05
LEL-28,public,dipep_HT,0.0,0.0
LEL-28,public,dipep_HV,0.03703703731298447,-5.4526653831799675e-05
LEL-28,public,dipep_HW,0.0,0.0
LEL-28,public,dipep_HY,0.0,0.0
LEL-28,public,dipep_IA,0.0,-0.0021151991029634038
LEL-28,public,dipep_IC,0.0,-7.5005764429343e-06
LEL-28,public,dipep_ID,0.0,-0.00438557552681815
LEL-28,public,dipep_IE,0.0,-0.007547882227559685
LEL-28,public,dipep_IF,0.0,-0.0010359211356258586
LEL-28,public,dipep_IG,0.0,0.00011561737945684374
LEL-28,public,dipep_IH,0.0,-0.00015312082657939567
LEL-28,public,dipep_II,0.0,-0.0007264335164335444
LEL-28,public,dipep_IK,0.0,-0.0025344007089996958
LEL-28,public,dipep_IL,0.0,-0.002472195113508908
LEL-28,public,dipep_IM,0.0,-5.468739229944792e-05
LEL-28,public,dipep_IN,0.0,-0.00031295652825984096
LEL-28,public,dipep_IP,0.0,-0.0005314188858530186
LEL-28,public,dipep_IQ,0.0,4.779520852653288e-05
LEL-28,public,dipep_IR,0.0,-0.00017037126460423682
LEL-28,public,dipep_IS,0.0,-0.002534302415278686
LEL-28,public,dipep_IT,0.0,-0.00020242872708518546
LEL-28,public,dipep_IV,0.0,-0.0003901042471108741
LEL-28,public,dipep_IW,0.0,-0.0005416435454603092
LEL-28,public,dipep_IY,0.0,1.2541289798915936e-05
LEL-28,public,dipep_KA,0.0,-0.0003363605385492866
LEL-28,public,dipep_KC,0.0,-0.0010626938786724484
LEL-28,public,dipep_KD,0.0,-0.00026245455443599355
LEL-28,public,dipep_KE,0.0,0.0005696054712765778
LEL-28,public,dipep_KF,0.0,-0.00019504912667573358
LEL-28,public,dipep_KG,0.0,-0.00022179537879711287
LEL-28,public,dipep_KH,0.0,-0.00018151132433077906
LEL-28,public,dipep_KI,0.0,-0.0018074841061440263
LEL-28,public,dipep_KK,0.0,-0.003245951411029333
LEL-28,public,dipep_KL,0.0,-0.0008358945906835496
LEL-28,public,dipep_KM,0.0,0.0
LEL-28,public,dipep_KN,0.0,-0.000253445726791896
LEL-28,public,dipep_KP,0.0,-0.0002829845107402022
LEL-28,public,dipep_KQ,0.0,-0.0005618126514031836
LEL-28,public,dipep_KR,0.0,-0.00014740379126520895
LEL-28,public,dipep_KS,0.0,0.00024065203029777004
LEL-28,public,dipep_KT,0.0,-0.0013934800801884218
LEL-28,public,dipep_KV,0.0,-0.0011522706880088389
LEL-28,public,dipep_KW,0.0,-0.00013723987587231325
LEL-28,public,dipep_KY,0.0,-0.00035093707008246945
LEL-28,public,dipep_LA,0.0,-0.0006114435924711631
LEL-28,public,dipep_LC,0.0,-3.098402466768747e-05
LEL-28,public,dipep_LD,0.0,-0.0005020190313865136
LEL-28,public,dipep_LE,0.03703703731298447,0.005219833295692414
LEL-28,public,dipep_LF,0.0,-0.016880991108641268
LEL-28,public,dipep_LG,0.0,-0.00013115294101138624
LEL-28,public,dipep_LH,0.07407407462596893,0.00020466635577082455
LEL-28,public,dipep_LI,0.0,-0.0034637998504665622
LEL-28,public,dipep_LK,0.0,-0.0017985801324727807
LEL-28,public,dipep_LL,0.0,-0.0013483780950750486
LEL-28,public,dipep_LM,0.0,5.371476122345025e-05
LEL-28,public,dipep_LN,0.0,0.000503034789307993
LEL-28,public,dipep_LP,0.0,-0.002033936026333325
LEL-28,public,dipep_LQ,0.03703703731298447,-0.00063752245775232
LEL-28,public,dipep_LR,0.03703703731298447,-0.005985631697594212
LEL-28,public,dipep_LS,0.0,-0.0006730831432377943
LEL-28,public,dipep_LT,0.03703703731298447,0.0034577227756254964
LEL-28,public,dipep_LV,0.0,-0.0012523321684143943
LEL-28,public,dipep_LW,0.0,-0.00048294524569314734
LEL-28,public,dipep_LY,0.0,-0.00022630097879575804
LEL-28,public,dipep_MA,0.0,-9.170860138228273e-05
LEL-28,public,dipep_MC,0.0,-1.4131367288920304e-05
LEL-28,public,dipep_MD,0.0,8.967854557930294e-06
LEL-28,public,dipep_ME,0.0,-6.917005373451004e-06
LEL-28,public,dipep_MF,0.0,0.0
LEL-28,public,dipep_MG,0.0,-0.0001310160025017574
LEL-28,public,dipep_MH,0.0,0.0
LEL-28,public,dipep_MI,0.0,-0.0031262725871880567
LEL-28,public,dipep_MK,0.0,1.1157969027010055e-05
LEL-28,public,dipep_ML,0.0,-0.00016494957606385963
LEL-28,public,dipep_MM,0.0,-0.0003843926207904786
LEL-28,public,dipep_MN,0.0,-5.0107619143752455e-05
LEL-28,public,dipep_MP,0.0,0.0
LEL-28,public,dipep_MQ,0.0,-2.857782462540858e-05
LEL-28,public,dipep_MR,0.0,-0.00019815736937608836
LEL-28,public,dipep_MS,0.0,-0.00016727023334009067
LEL-28,public,dipep_MT,0.0,-0.0004052085220493684
LEL-28,public,dipep_MV,0.0,0.0
LEL-28,public,dipep_MW,0.0,-9.58371970711363e-06
LEL-28,public,dipep_MY,0.0,-3.933095170562643e-05
LEL-28,public,dipep_NA,0.0,-0.00035039997640262937
LEL-28,public,dipep_NC,0.0,-0.0001253051307182241
LEL-28,public,dipep_ND,0.0,0.0
LEL-28,public,dipep_NE,0.0,-0.00012167223981108295
LEL-28,public,dipep_NF,0.0,-0.0007506350365149445
LEL-28,public,dipep_NG,0.0,-0.0022023344810426474
LEL-28,public,dipep_NH,0.0,0.0
LEL-28,public,dipep_NI,0.0,-6.985486005149024e-05
LEL-28,public,dipep_NK,0.0,0.000538346828661081
LEL-28,public,dipep_NL,0.0,2.8629625901114605e-05
LEL-28,public,dipep_NM,0.0,-3.72825458101792e-05
LEL-28,public,dipep_NN,0.0,0.0
LEL-28,public,dipep_NP,0.0,-5.446690876350691e-05
LEL-28,public,dipep_NQ,0.0,-0.0006552857365243085
LEL-28,public,dipep_NR,0.0,-0.00041776898800773064
LEL-28,public,dipep_NS,0.0,-5.1833728828494054e-05
LEL-28,public,dipep_NT,0.0,-0.0013490216923823701
LEL-28,public,dipep_NV,0.0,-6.522847300690527e-05
LEL-28,public,dipep_NW,0.0,-5.8906001277822874e-05
LEL-28,public,dipep_NY,0.0,-3.0433882543706763e-05
LEL-28,public,dipep_PA,0.0,-0.0005419950591886382
LEL-28,public,dipep_PC,0.0,-9.185080948319647e-05
LEL-28,public,dipep_PD,0.0,0.0
LEL-28,public,dipep_PE,0.0,-0.0003336246820534379
LEL-28,public,dipep_PF,0.0,0.00010302008838161744
LEL-28,public,dipep_PG,0.0,0.0
LEL-28,public,dipep_PH,0.0,-7.009439829598281e-05
LEL-28,public,dipep_PI,0.0,-0.00014747535542618037
LEL-28,public,dipep_PK,0.0,-0.0003720186993169382
LEL-28,public,dipep_PL,0.0,-8.729999152686507e-05
LEL-28,public,dipep_PM,0.0,0.0
LEL-28,public,dipep_PN,0.0,0.0
LEL-28,public,dipep_PP,0.0,5.143099903084393e-05
LEL-28,public,dipep_PQ,0.0,-3.7352480257812506e-05
LEL-28,public,dipep_PR,0.0,0.000783698091060391
LEL-28,public,dipep_PS,0.0,-0.0004304638066087797
LEL-28,public,dipep_PT,0.0,-6.33435522464358e-05
LEL-28,public,dipep_PV,0.0,-0.0003389510036490918
LEL-28,public,dipep_PW,0.0,0.0
LEL-28,public,dipep_PY,0.0,0.0
LEL-28,public,dipep_QA,0.0,-0.0007963926114173719
LEL-28,public,dipep_QC,0.0,-8.949735770233231e-05
LEL-28,public,dipep_QD,0.0,-9.737870810833664e-05
LEL-28,public,dipep_QE,0.0,0.0
LEL-28,public,dipep_QF,0.0,2.7227659792609777e-05
LEL-28,public,dipep_QG,0.0,-0.00033954160049255776
LEL-28,public,dipep_QH,0.0,-0.001109993989650267
LEL-28,public,dipep_QI,0.0,-0.00010809985369546036
LEL-28,public,dipep_QK,0.0,0.00041536112809478933
LEL-28,public,dipep_QL,0.03703703731298447,0.0062749211354369205
LEL-28,public,dipep_QM,0.0,-1.7570555751425006e-05
LEL-28,public,dipep_QN,0.0,6.747267383441631e-07
LEL-28,public,dipep_QP,0.0,-0.0007808347641659087
LEL-28,public,dipep_QQ,0.03703703731298447,0.003983364350382683
LEL-28,public,dipep_QR,0.03703703731298447,0.010411940943191431
LEL-28,public,dipep_QS,0.0,-0.00025048013082554286
LEL-28,public,dipep_QT,0.0,0.0
LEL-28,public,dipep_QV,0.0,3.483982573105464e-05
LEL-28,public,dipep_QW,0.0,-0.00024664536050809016
LEL-28,public,dipep_QY,0.0,0.0
LEL-28,public,dipep_RA,0.0,-0.0010415000730053705
LEL-28,public,dipep_RC,0.0,-9.246380654287722e-05
LEL-28,public,dipep_RD,0.03703703731298447,0.004456996148596825
LEL-28,public,dipep_RE,0.03703703731298447,-0.003079894802648319
LEL-28,public,dipep_RF,0.0,0.0006060433652383789
LEL-28,public,dipep_RG,0.0,0.00045121420848147847
LEL-28,public,dipep_RH,0.0,-5.040568605206059e-05
LEL-28,public,dipep_RI,0.0,-0.00021233583936831145
LEL-28,public,dipep_RK,0.0,-0.0004358610049598777
LEL-28,public,dipep_RL,0.03703703731298447,-0.007566071602144578
LEL-28,public,dipep_RM,0.0,-0.0002092433069392786
LEL-28,public,dipep_RN,0.0,0.0003667121807646277
LEL-28,public,dipep_RP,0.0,0.0003105832318444672
LEL-28,public,dipep_RQ,0.03703703731298447,0.03735441866585633
LEL-28,public,dipep_RR,0.14814814925193787,-0.010347470344505004
LEL-28,public,dipep_RS,0.0,-0.00024010446650363928
LEL-28,public,dipep_RT,0.0,0.00022977917605274665
LEL-28,public,dipep_RV,0.0,0.0002584975125515449
LEL-28,public,dipep_RW,0.0,-0.0012392581092330456
LEL-28,public,dipep_RY,0.0,-0.00028392050787207665
LEL-28,public,dipep_SA,0.0,-2.0249398951233162e-05
LEL-28,public,dipep_SC,0.0,-8.927278445113798e-05
LEL-28,public,dipep_SD,0.0,-0.00021727362966643732
LEL-28,public,dipep_SE,0.0,0.0
LEL-28,public,dipep_SF,0.0,-4.485645537673582e-05
LEL-28,public,dipep_SG,0.0,-2.5089531120133554e-05
LEL-28,public,dipep_SH,0.03703703731298447,0.0006330661046531926
LEL-28,public,dipep_SI,0.0,-0.0010728615689146069
LEL-28,public,dipep_SK,0.0,-0.004747902204739966
LEL-28,public,dipep_SL,0.0,-0.0006775686172387367
LEL-28,public,dipep_SM,0.0,-1.4132647888449232e-05
LEL-28,public,dipep_SN,0.0,-0.0012064990877790104
LEL-28,public,dipep_SP,0.0,-0.0002888345808725611
LEL-28,public,dipep_SQ,0.0,-3.0386811478261675e-05
LEL-28,public,dipep_SR,0.0,-0.0015802522114219235
LEL-28,public,dipep_SS,0.0,-0.000590723683104905
LEL-28,public,dipep_ST,0.0,-0.00025394080430846
LEL-28,public,dipep_SV,0.0,-4.347009083553484e-05
LEL-28,public,dipep_SW,0.0,-0.0001513604047235387
LEL-28,public,dipep_SY,0.0,7.720244560706775e-06
LEL-28,public,dipep_TA,0.0,-0.0005642386480581424
LEL-28,public,dipep_TC,0.0,-3.91717668125538e-05
LEL-28,public,dipep_TD,0.0,0.00024137439450081985
LEL-28,public,dipep_TE,0.0,0.0
LEL-28,public,dipep_TF,0.0,-0.0005744352759537825
LEL-28,public,dipep_TG,0.0,-0.0006297055599404312
LEL-28,public,dipep_TH,0.0,-4.508560796926363e-05
LEL-28,public,dipep_TI,0.0,-0.001714442915204694
LEL-28,public,dipep_TK,0.0,-0.0002833769468306972
LEL-28,public,dipep_TL,0.0,-0.000482648887631274
LEL-28,public,dipep_TM,0.0,0.0
LEL-28,public,dipep_TN,0.0,-5.34877377953488e-05
LEL-28,public,dipep_TP,0.0,0.0
LEL-28,public,dipep_TQ,0.0,-0.00017712075424719615
LEL-28,public,dipep_TR,0.03703703731298447,0.0005453179058144918
LEL-28,public,dipep_TS,0.0,-0.00010082421090176382
LEL-28,public,dipep_TT,0.0,-0.00044826460998249244
LEL-28,public,dipep_TV,0.0,-0.0004573068571014384
LEL-28,public,dipep_TW,0.0,0.0
LEL-28,public,dipep_TY,0.0,-1.4947721965686991e-05
LEL-28,public,dipep_VA,0.0,-0.0006115226608826472
LEL-28,public,dipep_VC,0.0,-0.00039601966408928926
LEL-28,public,dipep_VD,0.0,0.0
LEL-28,public,dipep_VE,0.0,-0.0001562941407388344
LEL-28,public,dipep_VF,0.0,-0.00016298526791179243
LEL-28,public,dipep_VG,0.0,-0.0006413841588151274
LEL-28,public,dipep_VH,0.0,-0.0005569510661667472
LEL-28,public,dipep_VI,0.0,-8.387549400331924e-05
LEL-28,public,dipep_VK,0.0,0.0001939327957281781
LEL-28,public,dipep_VL,0.0,-0.001851356861535926
LEL-28,public,dipep_VM,0.0,0.0
LEL-28,public,dipep_VN,0.0,-5.380744625768376e-05
LEL-28,public,dipep_VP,0.0,-9.899498382810463e-05
LEL-28,public,dipep_VQ,0.0,3.680177128837312e-05
LEL-28,public,dipep_VR,0.03703703731298447,-0.014065186108866593
LEL-28,public,dipep_VS,0.03703703731298447,0.0007965425711433406
LEL-28,public,dipep_VT,0.0,-0.00017206322675950364
LEL-28,public,dipep_VV,0.0,0.0001373700991242431
LEL-28,public,dipep_VW,0.0,-5.713006536765639e-05
LEL-28,public,dipep_VY,0.0,-3.7705114996854994e-05
LEL-28,public,dipep_WA,0.0,0.0
LEL-28,public,dipep_WC,0.0,-4.763823078931047e-05
LEL-28,public,dipep_WD,0.0,0.0
LEL-28,public,dipep_WE,0.0,-0.002891679777902385
LEL-28,public,dipep_WF,0.0,-0.00025908259360621144
LEL-28,public,dipep_WG,0.0,-3.2838769032667055e-05
LEL-28,public,dipep_WH,0.0,0.0
LEL-28,public,dipep_WI,0.0,-0.0007116552260391008
LEL-28,public,dipep_WK,0.0,-0.00042679238438713036
LEL-28,public,dipep_WL,0.0,-0.0005342962236105709
LEL-28,public,dipep_WM,0.0,-1.3909980568982484e-05
LEL-28,public,dipep_WN,0.0,-5.81976097041294e-05
LEL-28,public,dipep_WP,0.0,-8.391128913008604e-06
LEL-28,public,dipep_WQ,0.0,-0.00023851503376438166
LEL-28,public,dipep_WR,0.0,-0.0006938045968202322
LEL-28,public,dipep_WS,0.0,-0.0001437668639547768
LEL-28,public,dipep_WT,0.0,0.0
LEL-28,public,dipep_WV,0.0,-2.6445006473569636e-06
LEL-28,public,dipep_WW,0.0,-0.0002611170241419601
LEL-28,public,dipep_WY,0.0,-0.0096866327557631
LEL-28,public,dipep_YA,0.0,-0.00016512718764324992
LEL-28,public,dipep_YC,0.0,0.00022479264761444346
LEL-28,public,dipep_YD,0.0,0.0
LEL-28,public,dipep_YE,0.0,2.131114926049687e-05
LEL-28,public,dipep_YF,0.0,-2.2056460104407983e-05
LEL-28,public,dipep_YG,0.0,-0.007050963664903412
LEL-28,public,dipep_YH,0.0,0.0
LEL-28,public,dipep_YI,0.0,0.0
LEL-28,public,dipep_YK,0.0,3.518524508771086e-05
LEL-28,public,dipep_YL,0.0,-0.0005275283016928685
LEL-28,public,dipep_YM,0.0,0.0
LEL-28,public,dipep_YN,0.0,0.0
LEL-28,public,dipep_YP,0.0,0.0
LEL-28,public,dipep_YQ,0.0,-0.00045369342750848014
LEL-28,public,dipep_YR,0.0,-0.00045967415019867514
LEL-28,public,dipep_YS,0.0,-0.00017809871869230523
LEL-28,public,dipep_YT,0.0,1.8137994103772925e-07
LEL-28,public,dipep_YV,0.0,0.0
LEL-28,public,dipep_YW,0.0,-0.0001444452114350722
LEL-28,public,dipep_YY,0.0,0.0
TRR-26,public,length,26.0,0.03601263285370071
TRR-26,public,charge,7.913613319396973,-0.0007797791350923108
TRR-26,public,boman,2.7899999618530273,-0.040491199908794864
TRR-26,public,hmoment,0.8533435463905334,0.017936100970810984
TRR-26,public,apv,0.19473077356815338,-0.010949345830814175
TRR-26,public,alpha,1.0549999475479126,0.0068675926170001225
TRR-26,public,basic_frac,0.3076923191547394,-0.014007204822009895
TRR-26,public,acidic_frac,0.0,0.002914516918844233
TRR-26,public,aromatic_frac,0.03846153989434242,-0.010926561456460798
TRR-26,public,hydrophobic_frac,0.4615384638309479,0.006812860339600857
TRR-26,public,proline_frac,0.0,0.0011600273133970807
TRR-26,public,glycine_frac,0.0,-0.00286325613889724
TRR-26,public,aa_A,0.07692307978868484,0.0044793788240916135
TRR-26,public,aa_C,0.07692307978868484,0.001986171246842996
TRR-26,public,aa_D,0.0,-0.0004649705990542609
TRR-26,public,aa_E,0.0,0.0012921765734317805
TRR-26,public,aa_F,0.0,-0.01688033025316204
TRR-26,public,aa_G,0.0,-0.0028164990511396486
TRR-26,public,aa_H,0.0,0.0007228491647857882
TRR-26,public,aa_I,0.03846153989434242,-0.002204602585823895
TRR-26,public,aa_K,0.03846153989434242,0.0018419881656836674
TRR-26,public,aa_L,0.23076923191547394,0.011390562954544834
TRR-26,public,aa_M,0.0,-0.0019046798335304001
TRR-26,public,aa_N,0.0,0.00041545556011741655
TRR-26,public,aa_P,0.0,-0.0011616522523852297
TRR-26,public,aa_Q,0.0,-0.004837568630125933
TRR-26,public,aa_R,0.26923078298568726,-0.032973969382968024
TRR-26,public,aa_S,0.03846153989434242,0.002356210212974994
TRR-26,public,aa_T,0.11538461595773697,0.008914850996277349
TRR-26,public,aa_V,0.07692307978868484,-0.003460027049446378
TRR-26,public,aa_W,0.0,-0.005764982181351115
TRR-26,public,aa_Y,0.03846153989434242,-0.0035608088470295003
TRR-26,public,dipep_AA,0.0,-0.0029982025096861285
TRR-26,public,dipep_AC,0.0,-0.00016862738590398989
TRR-26,public,dipep_AD,0.0,-7.6287641173888075e-06
TRR-26,public,dipep_AE,0.0,4.633377753871721e-05
TRR-26,public,dipep_AF,0.0,-0.00031699615258132393
TRR-26,public,dipep_AG,0.0,-0.00023100378118741057
TRR-26,public,dipep_AH,0.0,-8.282546587930179e-05
TRR-26,public,dipep_AI,0.0,-0.0058641585171758225
TRR-26,public,dipep_AK,0.03999999910593033,0.00771807978896852
TRR-26,public,dipep_AL,0.03999999910593033,0.019128550493668763
TRR-26,public,dipep_AM,0.0,-1.7492510475901612e-05
TRR-26,public,dipep_AN,0.0,-0.0008017650673840882
TRR-26,public,dipep_AP,0.0,0.0003739494008083919
TRR-26,public,dipep_AQ,0.0,-0.0006181934885830079
TRR-26,public,dipep_AR,0.0,0.0002982937156722507
TRR-26,public,dipep_AS,0.0,5.08432950392017e-05
TRR-26,public,dipep_AT,0.0,7.4849033811747696e-06
TRR-26,public,dipep_AV,0.0,-0.0007498911574885409
TRR-26,public,dipep_AW,0.0,-0.00014558489185805101
TRR-26,public,dipep_AY,0.0,-9.130859448808882e-05
TRR-26,public,dipep_CA,0.0,1.6534678214442537e-06
TRR-26,public,dipep_CC,0.0,-5.202413248562145e-05
TRR-26,public,dipep_CD,0.0,-1.9608672503896794e-05
TRR-26,public,dipep_CE,0.0,-2.3835524962346635e-05
TRR-26,public,dipep_CF,0.0,0.0
TRR-26,public,dipep_CG,0.0,-0.006064860206384201
TRR-26,public,dipep_CH,0.0,0.0
TRR-26,public,dipep_CI,0.03999999910593033,0.0033801232528285516
TRR-26,public,dipep_CK,0.0,-7.618026304652111e-05
TRR-26,public,dipep_CL,0.0,0.0001452454984837754
TRR-26,public,dipep_CM,0.0,0.0
TRR-26,public,dipep_CN,0.0,-7.994224799581268e-06
TRR-26,public,dipep_CP,0.0,-0.00017766558740200432
TRR-26,public,dipep_CQ,0.0,0.0
TRR-26,public,dipep_CR,0.0,-0.0002195770927571394
TRR-26,public,dipep_CS,0.0,-0.00015125291745582208
TRR-26,public,dipep_CT,0.03999999910593033,0.002801767047951074
TRR-26,public,dipep_CV,0.0,-9.435370164838399e-05
TRR-26,public,dipep_CW,0.0,-0.0002768056493702236
TRR-26,public,dipep_CY,0.0,-0.00034981055771250496
TRR-26,public,dipep_DA,0.0,0.00016471202090424653
TRR-26,public,dipep_DC,0.0,0.0
TRR-26,public,dipep_DD,0.0,-8.017350985256577e-07
TRR-26,public,dipep_DE,0.0,-0.000499320707794611
TRR-26,public,dipep_DF,0.0,-7.291266512252114e-05
TRR-26,public,dipep_DG,0.0,-0.0017856797494267625
TRR-26,public,dipep_DH,0.0,-2.763138419081395e-05
TRR-26,public,dipep_DI,0.0,-3.8904753626406796e-05
TRR-26,public,dipep_DK,0.0,-6.885347845821914e-05
TRR-26,public,dipep_DL,0.0,-7.896090459458335e-05
TRR-26,public,dipep_DM,0.0,0.0
TRR-26,public,dipep_DN,0.0,0.0
TRR-26,public,dipep_DP,0.0,0.0
TRR-26,public,dipep_DQ,0.0,-4.387114979375713e-05
TRR-26,public,dipep_DR,0.0,-5.1333658465962444e-05
TRR-26,public,dipep_DS,0.0,0.0
TRR-26,public,dipep_DT,0.0,-0.00011322071613946026
TRR-26,public,dipep_DV,0.0,0.0001233595854290575
TRR-26,public,dipep_DW,0.0,-3.504386724190805e-05
TRR-26,public,dipep_DY,0.0,3.286290014121919e-05
TRR-26,public,dipep_EA,0.0,-0.0025588696163938857
TRR-26,public,dipep_EC,0.0,-0.00013139878651841487
TRR-26,public,dipep_ED,0.0,-3.621528836791751e-05
TRR-26,public,dipep_EE,0.0,-1.032216309981071e-05
TRR-26,public,dipep_EF,0.0,-3.3063063761552426e-05
TRR-26,public,dipep_EG,0.0,-0.009291563141972296
TRR-26,public,dipep_EH,0.0,4.04440275882169e-05
TRR-26,public,dipep_EI,0.0,-2.8896760853550718e-05
TRR-26,public,dipep_EK,0.0,0.00136692705464575
TRR-26,public,dipep_EL,0.0,5.553615968734773e-05
TRR-26,public,dipep_EM,0.0,0.0
TRR-26,public,dipep_EN,0.0,-0.005058205407028688
TRR-26,public,dipep_EP,0.0,0.0
TRR-26,public,dipep_EQ,0.0,-2.8416302738394907e-05
TRR-26,public,dipep_ER,0.0,-2.4004838732420667e-05
TRR-26,public,dipep_ES,0.0,-1.1588961506861467e-05
TRR-26,public,dipep_ET,0.0,-1.7297988452686713e-05
TRR-26,public,dipep_EV,0.0,0.0
TRR-26,public,dipep_EW,0.0,-3.463611512081918e-05
TRR-26,public,dipep_EY,0.0,0.0
TRR-26,public,dipep_FA,0.0,-2.9332084179141525e-05
TRR-26,public,dipep_FC,0.0,-0.0009074362216154528
TRR-26,public,dipep_FD,0.0,-2.6874056280606905e-05
TRR-26,public,dipep_FE,0.0,-0.003000386101202372
TRR-26,public,dipep_FF,0.0,-0.0005966206139162373
TRR-26,public,dipep_FG,0.0,-0.000849348440727591
TRR-26,public,dipep_FH,0.0,-0.000402824350989707
TRR-26,public,dipep_FI,0.0,-0.003636497987146086
TRR-26,public,dipep_FK,0.0,-0.0009382823350527501
TRR-26,public,dipep_FL,0.0,-0.006662746826701785
TRR-26,public,dipep_FM,0.0,-0.0002614342201045194
TRR-26,public,dipep_FN,0.0,0.0
TRR-26,public,dipep_FP,0.0,-0.00026066370711201847
TRR-26,public,dipep_FQ,0.0,2.6628920894765354e-05
TRR-26,public,dipep_FR,0.0,0.0015411888647364326
TRR-26,public,dipep_FS,0.0,-3.2220742666614187e-07
TRR-26,public,dipep_FT,0.0,-0.00010875025590148147
TRR-26,public,dipep_FV,0.0,8.153418297585331e-05
TRR-26,public,dipep_FW,0.0,4.6245279955658175e-06
TRR-26,public,dipep_FY,0.0,0.0
TRR-26,public,dipep_GA,0.0,-0.000574560805399315
TRR-26,public,dipep_GC,0.0,4.8779357922340246e-05
TRR-26,public,dipep_GD,0.0,-1.9631932337451382e-05
TRR-26,public,dipep_GE,0.0,-5.4474055580396846e-05
TRR-26,public,dipep_GF,0.0,-0.0024541461156824453
TRR-26,public,dipep_GG,0.0,0.0002262470835372378
TRR-26,public,dipep_GH,0.0,-0.0004078089838109887
TRR-26,public,dipep_GI,0.0,-0.00016140818637098482
TRR-26,public,dipep_GK,0.0,-0.0005602376170799172
TRR-26,public,dipep_GL,0.0,-0.003041210349798803
TRR-26,public,dipep_GM,0.0,-0.003254964966638761
TRR-26,public,dipep_GN,0.0,-8.194573140182995e-05
TRR-26,public,dipep_GP,0.0,-0.00025187321607229233
TRR-26,public,dipep_GQ,0.0,0.0014454697587699297
TRR-26,public,dipep_GR,0.0,-0.002040760940486989
TRR-26,public,dipep_GS,0.0,-6.336191388309483e-05
TRR-26,public,dipep_GT,0.0,-9.239298664912742e-05
TRR-26,public,dipep_GV,0.0,-0.0010093107394945635
TRR-26,public,dipep_GW,0.0,-0.0051081332918670765
TRR-26,public,dipep_GY,0.0,-0.0036346932511843477
TRR-26,public,dipep_HA,0.0,-0.00035322273622678894
TRR-26,public,dipep_HC,0.0,0.0
TRR-26,public,dipep_HD,0.0,0.0
TRR-26,public,dipep_HE,0.0,0.0
TRR-26,public,dipep_HF,0.0,-1.6874582516491686e-05
TRR-26,public,dipep_HG,0.0,-7.305096982874403e-05
TRR-26,public,dipep_HH,0.0,3.3938958729252975e-05
TRR-26,public,dipep_HI,0.0,-0.0008567220132362336
TRR-26,public,dipep_HK,0.0,-0.00011840614326229709
TRR-26,public,dipep_HL,0.0,-0.00030944960235076546
TRR-26,public,dipep_HM,0.0,-2.2251708016541128e-05
TRR-26,public,dipep_HN,0.0,-1.1397357249559196e-05
TRR-26,public,dipep_HP,0.0,0.0
TRR-26,public,dipep_HQ,0.0,-2.0336606932333398e-05
TRR-26,public,dipep_HR,0.0,-0.0002583134652315393
TRR-26,public,dipep_HS,0.0,0.00031527249743267905
TRR-26,public,dipep_HT,0.0,0.0
TRR-26,public,dipep_HV,0.0,-0.00038586796884608265
TRR-26,public,dipep_HW,0.0,0.0
TRR-26,public,dipep_HY,0.0,0.0
TRR-26,public,dipep_IA,0.0,-0.0017228572884497417
TRR-26,public,dipep_IC,0.0,-8.510786007319528e-05
TRR-26,public,dipep_ID,0.0,-0.004573993551981249
TRR-26,public,dipep_IE,0.0,-0.008485726912446149
TRR-26,public,dipep_IF,0.0,-0.0015235277165379824
TRR-26,public,dipep_IG,0.0,0.0002487754692290375
TRR-26,public,dipep_IH,0.0,-0.00013329713615295663
TRR-26,public,dipep_II,0.0,-0.0016269253193363705
TRR-26,public,dipep_IK,0.0,-0.004501752512034836
TRR-26,public,dipep_IL,0.03999999910593033,0.01162386340941737
TRR-26,public,dipep_IM,0.0,-2.343065307052056e-05
TRR-26,public,dipep_IN,0.0,-5.456129692221356e-05
TRR-26,public,dipep_IP,0.0,-0.0006907573061028092
TRR-26,public,dipep_IQ,0.0,-0.0001311186533703206
TRR-26,public,dipep_IR,0.0,0.0003935722110770761
TRR-26,public,dipep_IS,0.0,-0.003175868476426657
TRR-26,public,dipep_IT,0.0,-0.0004978064547947521
TRR-26,public,dipep_IV,0.0,-0.0008199298020761828
TRR-26,public,dipep_IW,0.0,-0.0002518050998875824
TRR-26,public,dipep_IY,0.0,1.2541289798915936e-05
TRR-26,public,dipep_KA,0.0,0.0005543301915876147
TRR-26,public,dipep_KC,0.0,-0.0014085542924809774
TRR-26,public,dipep_KD,0.0,-3.940885676819084e-05
TRR-26,public,dipep_KE,0.0,0.0002133630196197854
TRR-26,public,dipep_KF,0.0,8.738079274076108e-05
TRR-26,public,dipep_KG,0.0,0.0008354966108609288
TRR-26,public,dipep_KH,0.0,-0.00032134948460862375
TRR-26,public,dipep_KI,0.0,-0.0017073155265146377
TRR-26,public,dipep_KK,0.0,-0.004168871024269969
TRR-26,public,dipep_KL,0.0,-0.001645325533253873
TRR-26,public,dipep_KM,0.0,-3.995194720648469e-05
TRR-26,public,dipep_KN,0.0,-8.972983576498767e-05
TRR-26,public,dipep_KP,0.0,5.8755450648207955e-05
TRR-26,public,dipep_KQ,0.0,-0.0007215477285598734
TRR-26,public,dipep_KR,0.03999999910593033,-0.0010420035247699442
TRR-26,public,dipep_KS,0.0,-1.409921154226045e-06
TRR-26,public,dipep_KT,0.0,-0.002694373197189352
TRR-26,public,dipep_KV,0.0,-0.0017178265953663163
TRR-26,public,dipep_KW,0.0,-7.870233113528393e-05
TRR-26,public,dipep_KY,0.0,-0.00016130519594217293
TRR-26,public,dipep_LA,0.0,0.00038378474689734846
TRR-26,public,dipep_LC,0.03999999910593033,-0.0008360134690192611
TRR-26,public,dipep_LD,0.0,-0.0005206303320469785
TRR-26,public,dipep_LE,0.0,0.0002468741911304135
TRR-26,public,dipep_LF,0.0,-0.018449920301033432
TRR-26,public,dipep_LG,0.0,0.0004010711163660467
TRR-26,public,dipep_LH,0.0,0.00013657210918774295
TRR-26,public,dipep_LI,0.0,-0.00490332316732166
TRR-26,public,dipep_LK,0.0,-0.0034897478132614548
TRR-26,public,dipep_LL,0.11999999731779099,0.000750221275845201
TRR-26,public,dipep_LM,0.0,0.00017892329428703224
TRR-26,public,dipep_LN,0.0,8.517870671354263e-05
TRR-26,public,dipep_LP,0.0,-0.0040682794482920165
TRR-26,public,dipep_LQ,0.0,-8.145574663084729e-05
TRR-26,public,dipep_LR,0.0,0.0007724694290744186
TRR-26,public,dipep_LS,0.0,-0.0005444604289042473
TRR-26,public,dipep_LT,0.0,-0.00014417136606844334
TRR-26,public,dipep_LV,0.03999999910593033,0.016944058951591297
TRR-26,public,dipep_LW,0.0,-0.0008740044987482553
TRR-26,public,dipep_LY,0.03999999910593033,0.00026682295624160034
TRR-26,public,dipep_MA,0.0,-0.000247476357707772
TRR-26,public,dipep_MC,0.0,0.0
TRR-26,public,dipep_MD,0.0,-1.1016788933336519e-05
TRR-26,public,dipep_ME,0.0,0.0
TRR-26,public,dipep_MF,0.0,0.0
TRR-26,public,dipep_MG,0.0,-9.269034690497521e-05
TRR-26,public,dipep_MH,0.0,0.0
TRR-26,public,dipep_MI,0.0,-0.00272367073650241
TRR-26,public,dipep_MK,0.0,4.843588087812077e-05
TRR-26,public,dipep_ML,0.0,-1.333923749999359e-06
TRR-26,public,dipep_MM,0.0,-0.0001425739503537238
TRR-26,public,dipep_MN,0.0,0.0
TRR-26,public,dipep_MP,0.0,0.0
TRR-26,public,dipep_MQ,0.0,5.719222596100494e-05
TRR-26,public,dipep_MR,0.0,-0.0005894113389587109
TRR-26,public,dipep_MS,0.0,-0.00010089471845862468
TRR-26,public,dipep_MT,0.0,-0.00023087752180661074
TRR-26,public,dipep_MV,0.0,-4.272911791915565e-05
TRR-26,public,dipep_MW,0.0,0.0
TRR-26,public,dipep_MY,0.0,-2.6015059008336517e-05
TRR-26,public,dipep_NA,0.0,-0.0006721761104122464
TRR-26,public,dipep_NC,0.0,-6.005216517504266e-05
TRR-26,public,dipep_ND,0.0,0.0
TRR-26,public,dipep_NE,0.0,0.0
TRR-26,public,dipep_NF,0.0,-0.0006208980120708036
TRR-26,public,dipep_NG,0.0,-0.002085149476612593
TRR-26,public,dipep_NH,0.0,0.0
TRR-26,public,dipep_NI,0.0,-0.00012742475433235255
TRR-26,public,dipep_NK,0.0,0.0004646891744597004
TRR-26,public,dipep_NL,0.0,0.0004179810567345072
TRR-26,public,dipep_NM,0.0,-1.5935941126623524e-05
TRR-26,public,dipep_NN,0.0,2.3824573891427464e-05
TRR-26,public,dipep_NP,0.0,0.0
TRR-26,public,dipep_NQ,0.0,-0.0005294798476563121
TRR-26,public,dipep_NR,0.0,-0.00013406598380396125
TRR-26,public,dipep_NS,0.0,4.9818386090951476e-05
TRR-26,public,dipep_NT,0.0,-0.0008788121327447426
TRR-26,public,dipep_NV,0.0,-0.00024982737085241984
TRR-26,public,dipep_NW,0.0,-5.8906001277822874e-05
TRR-26,public,dipep_NY,0.0,2.7111008545538384e-05
TRR-26,public,dipep_PA,0.0,-4.85681040276683e-05
TRR-26,public,dipep_PC,0.0,-3.1700079012184793e-05
TRR-26,public,dipep_PD,0.0,0.0
TRR-26,public,dipep_PE,0.0,-0.00024155105209448517
TRR-26,public,dipep_PF,0.0,0.00022127969677491184
TRR-26,public,dipep_PG,0.0,5.543882828793637e-06
TRR-26,public,dipep_PH,0.0,-3.5089042203042624e-05
TRR-26,public,dipep_PI,0.0,-4.1266853782220914e-05
TRR-26,public,dipep_PK,0.0,-0.00042484541439514366
TRR-26,public,dipep_PL,0.0,0.00016107699837840503
TRR-26,public,dipep_PM,0.0,0.0
TRR-26,public,dipep_PN,0.0,0.0
TRR-26,public,dipep_PP,0.0,0.00011519170360497298
TRR-26,public,dipep_PQ,0.0,-5.368734459873276e-06
TRR-26,public,dipep_PR,0.0,0.0005687651711589353
TRR-26,public,dipep_PS,0.0,-0.00033010446353945596
TRR-26,public,dipep_PT,0.0,0.0
TRR-26,public,dipep_PV,0.0,3.219459690879317e-05
TRR-26,public,dipep_PW,0.0,0.0
TRR-26,public,dipep_PY,0.0,0.0
TRR-26,public,dipep_QA,0.0,-4.1550697411589816e-05
TRR-26,public,dipep_QC,0.0,-1.9839232024384295e-05
TRR-26,public,dipep_QD,0.0,-8.31510050023421e-05
TRR-26,public,dipep_QE,0.0,-7.606092192220526e-06
TRR-26,public,dipep_QF,0.0,-0.00020250814702102524
TRR-26,public,dipep_QG,0.0,-0.0003522541335339771
TRR-26,public,dipep_QH,0.0,-0.000620124139013169
TRR-26,public,dipep_QI,0.0,-1.2732350571089798e-05
TRR-26,public,dipep_QK,0.0,1.0956464383388675e-05
TRR-26,public,dipep_QL,0.0,-0.0005131606500861889
TRR-26,public,dipep_QM,0.0,0.0
TRR-26,public,dipep_QN,0.0,0.0
TRR-26,public,dipep_QP,0.0,-0.00034551099677081204
TRR-26,public,dipep_QQ,0.0,-0.0003504614270256567
TRR-26,public,dipep_QR,0.0,-0.0034523064097306514
TRR-26,public,dipep_QS,0.0,-0.0004144469065135127
TRR-26,public,dipep_QT,0.0,0.0
TRR-26,public,dipep_QV,0.0,9.054577132479004e-05
TRR-26,public,dipep_QW,0.0,-0.00020356557608846123
TRR-26,public,dipep_QY,0.0,0.0
TRR-26,public,dipep_RA,0.03999999910593033,0.0008753312425226553
TRR-26,public,dipep_RC,0.0,0.00017017504157673538
TRR-26,public,dipep_RD,0.0,-0.00027156918492519494
TRR-26,public,dipep_RE,0.0,3.672949488013047e-05
TRR-26,public,dipep_RF,0.0,0.000287358581656429
TRR-26,public,dipep_RG,0.0,0.0003509148368505825
TRR-26,public,dipep_RH,0.0,-5.040568605206059e-05
TRR-26,public,dipep_RI,0.0,-0.0001305425309479476
TRR-26,public,dipep_RK,0.0,0.0005729106780426916
TRR-26,public,dipep_RL,0.03999999910593033,-0.013721000104359588
TRR-26,public,dipep_RM,0.0,-7.903258177552897e-05
TRR-26,public,dipep_RN,0.0,0.00041508428593198645
TRR-26,public,dipep_RP,0.0,0.0004339148530156176
TRR-26,public,dipep_RQ,0.0,-0.006745217168557276
TRR-26,public,dipep_RR,0.11999999731779099,-0.006991675311929378
TRR-26,public,dipep_RS,0.0,-0.0008460127917093492
TRR-26,public,dipep_RT,0.03999999910593033,0.0014512550643862225
TRR-26,public,dipep_RV,0.03999999910593033,0.000716160691631981
TRR-26,public,dipep_RW,0.0,-0.0007952068963351728
TRR-26,public,dipep_RY,0.0,-0.00026619203286905237
TRR-26,public,dipep_SA,0.0,5.5461309144823235e-05
TRR-26,public,dipep_SC,0.0,-0.00013267381802965452
TRR-26,public,dipep_SD,0.0,7.307902582327572e-05
TRR-26,public,dipep_SE,0.0,0.0
TRR-26,public,dipep_SF,0.0,-7.604019661645223e-06
TRR-26,public,dipep_SG,0.0,-1.4489640079811782e-05
TRR-26,public,dipep_SH,0.0,-7.088831897676e-05
TRR-26,public,dipep_SI,0.0,-0.0011196415109107909
TRR-26,public,dipep_SK,0.0,-0.005911143851565714
TRR-26,public,dipep_SL,0.0,-0.0004828137319992955
TRR-26,public,dipep_SM,0.0,-1.4132647888449232e-05
TRR-26,public,dipep_SN,0.0,-0.0005559823884850625
TRR-26,public,dipep_SP,0.0,-5.302694313194927e-05
TRR-26,public,dipep_SQ,0.0,-4.922495485507264e-05
TRR-26,public,dipep_SR,0.03999999910593033,0.00019553219240091453
TRR-26,public,dipep_SS,0.0,-0.00011574436522373274
TRR-26,public,dipep_ST,0.0,-0.00044179146871960965
TRR-26,public,dipep_SV,0.0,3.563189661081785e-05
TRR-26,public,dipep_SW,0.0,-0.00031602769569844327
TRR-26,public,dipep_SY,0.0,-2.648901271112673e-05
TRR-26,public,dipep_TA,0.0,-0.0003221384153507332
TRR-26,public,dipep_TC,0.0,1.9067975101186535e-05
TRR-26,public,dipep_TD,0.0,0.00023503356677287494
TRR-26,public,dipep_TE,0.0,0.0
TRR-26,public,dipep_TF,0.0,-0.00016645603428288552
TRR-26,public,dipep_TG,0.0,-0.0009817058631522893
TRR-26,public,dipep_TH,0.0,-6.515343824914544e-06
TRR-26,public,dipep_TI,0.0,-0.002686751077192276
TRR-26,public,dipep_TK,0.0,-0.0001550358466884073
TRR-26,public,dipep_TL,0.0,-0.000735970945022036
TRR-26,public,dipep_TM,0.0,0.0
TRR-26,public,dipep_TN,0.0,-9.983123244257113e-05
TRR-26,public,dipep_TP,0.0,-5.2974965765241905e-05
TRR-26,public,dipep_TQ,0.0,-0.00028763313091253903
TRR-26,public,dipep_TR,0.03999999910593033,0.0014945337733796862
TRR-26,public,dipep_TS,0.03999999910593033,0.0016417356880733178
TRR-26,public,dipep_TT,0.0,-0.0005692558912439652
TRR-26,public,dipep_TV,0.0,-0.0006219238892863813
TRR-26,public,dipep_TW,0.0,0.0
TRR-26,public,dipep_TY,0.0,-2.9797604899304257e-05
TRR-26,public,dipep_VA,0.03999999910593033,0.006447749502786972
TRR-26,public,dipep_VC,0.0,-0.0005907309481094522
TRR-26,public,dipep_VD,0.0,0.0
TRR-26,public,dipep_VE,0.0,-0.0002992467885535586
TRR-26,public,dipep_VF,0.0,-0.00013762805465406428
TRR-26,public,dipep_VG,0.0,-0.0003947210801658304
TRR-26,public,dipep_VH,0.0,-0.00022050304685291934
TRR-26,public,dipep_VI,0.0,0.0001318145904306985
TRR-26,public,dipep_VK,0.0,0.0009476113214171395
TRR-26,public,dipep_VL,0.0,-0.0033108110440186202
TRR-26,public,dipep_VM,0.0,0.0
TRR-26,public,dipep_VN,0.0,-3.7230590831529935e-05
TRR-26,public,dipep_VP,0.0,-6.0305650139421804e-05
TRR-26,public,dipep_VQ,0.0,1.9992640768469105e-05
TRR-26,public,dipep_VR,0.03999999910593033,-0.016341890146437974
TRR-26,public,dipep_VS,0.0,2.9703483541187972e-05
TRR-26,public,dipep_VT,0.0,-0.00020437353338726924
TRR-26,public,dipep_VV,0.0,0.0001903918475289168
TRR-26,public,dipep_VW,0.0,-3.844069589218029e-05
TRR-26,public,dipep_VY,0.0,-0.00011259695041753835
TRR-26,public,dipep_WA,0.0,2.7380553941129656e-05
TRR-26,public,dipep_WC,0.0,-5.233946289931132e-05
TRR-26,public,dipep_WD,0.0,0.0
TRR-26,public,dipep_WE,0.0,-0.0030511074315478937
TRR-26,public,dipep_WF,0.0,-0.00017756293589023942
TRR-26,public,dipep_WG,0.0,-9.855422228354665e-05
TRR-26,public,dipep_WH,0.0,0.0
TRR-26,public,dipep_WI,0.0,-0.000949534122230287
TRR-26,public,dipep_WK,0.0,-0.0008375407562972893
TRR-26,public,dipep_WL,0.0,-0.00026717698531128156
TRR-26,public,dipep_WM,0.0,-1.3909980568982484e-05
TRR-26,public,dipep_WN,0.0,-8.949320320052473e-05
TRR-26,public,dipep_WP,0.0,0.0
TRR-26,public,dipep_WQ,0.0,-0.00028653214369900293
TRR-26,public,dipep_WR,0.0,-0.0002920370392509022
TRR-26,public,dipep_WS,0.0,-0.00011717587531414589
TRR-26,public,dipep_WT,0.0,0.0
TRR-26,public,dipep_WV,0.0,2.7935623430779585e-06
TRR-26,public,dipep_WW,0.0,-0.00026448175074378805
TRR-26,public,dipep_WY,0.0,-0.010417242728767118
TRR-26,public,dipep_YA,0.0,-0.00020234367819342791
TRR-26,public,dipep_YC,0.03999999910593033,-0.004981472701155523
TRR-26,public,dipep_YD,0.0,0.0
TRR-26,public,dipep_YE,0.0,0.0
TRR-26,public,dipep_YF,0.0,-2.2056460104407983e-05
TRR-26,public,dipep_YG,0.0,-0.005991120517677256
TRR-26,public,dipep_YH,0.0,0.0
TRR-26,public,dipep_YI,0.0,-6.907203566054685e-05
TRR-26,public,dipep_YK,0.0,8.187102357124813e-05
TRR-26,public,dipep_YL,0.0,-0.00037706984815191904
TRR-26,public,dipep_YM,0.0,0.0
TRR-26,public,dipep_YN,0.0,0.0
TRR-26,public,dipep_YP,0.0,0.0
TRR-26,public,dipep_YQ,0.0,-0.0002115077224302875
TRR-26,public,dipep_YR,0.0,-0.0005586798182295641
TRR-26,public,dipep_YS,0.0,-6.821178228343322e-05
TRR-26,public,dipep_YT,0.0,0.0
TRR-26,public,dipep_YV,0.0,-0.0001178520074750638
TRR-26,public,dipep_YW,0.0,-8.694185769687498e-05
TRR-26,public,dipep_YY,0.0,2.4558664183040392e-05
LRS-21,public,length,21.0,-0.015555895082208983
LRS-21,public,charge,7.975403308868408,0.004645719678396406
LRS-21,public,boman,3.509047508239746,-0.033413680369518604
LRS-21,public,hmoment,0.7616627812385559,0.007001089615793306
LRS-21,public,apv,0.19900000095367432,-0.006551756961920611
LRS-21,public,alpha,1.006666660308838,-0.00016452186064439735
LRS-21,public,basic_frac,0.380952388048172,-0.01861002126452314
LRS-21,public,acidic_frac,0.0,-0.0005520677728247857
LRS-21,public,aromatic_frac,0.0476190485060215,-0.00496129923644748
LRS-21,public,hydrophobic_frac,0.3333333432674408,-0.03246332846857176
LRS-21,public,proline_frac,0.0476190485060215,0.005292953142795397
LRS-21,public,glycine_frac,0.0476190485060215,-0.0005300257153064585
LRS-21,public,aa_A,0.0476190485060215,0.0068156294577533865
LRS-21,public,aa_C,0.0,-0.0034782133516715248
LRS-21,public,aa_D,0.0,-6.733950309481094e-05
LRS-21,public,aa_E,0.0,-0.0005849040150875041
LRS-21,public,aa_F,0.0476190485060215,0.0028562647107770373
LRS-21,public,aa_G,0.0476190485060215,-0.0020204394720617145
LRS-21,public,aa_H,0.0,-0.0023173291945147
LRS-21,public,aa_I,0.1428571492433548,0.011933215114275867
LRS-21,public,aa_K,0.1428571492433548,0.001162003583186515
LRS-21,public,aa_L,0.095238097012043,-0.004041851002601159
LRS-21,public,aa_M,0.0,-0.001642213052574397
LRS-21,public,aa_N,0.0,6.29444283995683e-06
LRS-21,public,aa_P,0.0476190485060215,0.000980654547458329
LRS-21,public,aa_Q,0.0,-0.003591100432102662
LRS-21,public,aa_R,0.2380952388048172,-0.0268561573670515
LRS-21,public,aa_S,0.1428571492433548,0.004352968252290226
LRS-21,public,aa_T,0.0476190485060215,0.000730897169439411
LRS-21,public,aa_V,0.0,-0.001476662390432851
LRS-21,public,aa_W,0.0,-0.00444728309440131
LRS-21,public,aa_Y,0.0,-0.0016428421483006335
LRS-21,public,dipep_AA,0.0,-0.00286275424259422
LRS-21,public,dipep_AC,0.0,-0.0001032567632148084
LRS-21,public,dipep_AD,0.0,-3.1116903858643684e-05
LRS-21,public,dipep_AE,0.0,1.1940180532561723e-05
LRS-21,public,dipep_AF,0.0,-4.111810009634345e-05
LRS-21,public,dipep_AG,0.0,1.3888760483240206e-05
LRS-21,public,dipep_AH,0.0,-6.37048139053219e-05
LRS-21,public,dipep_AI,0.0,-0.005372500045048411
LRS-21,public,dipep_AK,0.05000000074505806,0.005274238091992726
LRS-21,public,dipep_AL,0.0,-0.003260112451488153
LRS-21,public,dipep_AM,0.0,-0.00011210294008312558
LRS-21,public,dipep_AN,0.0,-0.0005485715712623204
LRS-21,public,dipep_AP,0.0,0.0004643392041851605
LRS-21,public,dipep_AQ,0.0,-0.0008518118135148422
LRS-21,public,dipep_AR,0.0,0.0007141482304039645
LRS-21,public,dipep_AS,0.0,-0.000314004081091219
LRS-21,public,dipep_AT,0.0,-0.00020102837764613072
LRS-21,public,dipep_AV,0.0,-0.0012826063715798074
LRS-21,public,dipep_AW,0.0,-0.0002649989590949095
LRS-21,public,dipep_AY,0.0,-6.960009138741948e-05
LRS-21,public,dipep_CA,0.0,6.805688770790759e-05
LRS-21,public,dipep_CC,0.0,-0.0001656977633908005
LRS-21,public,dipep_CD,0.0,-3.456356815635717e-05
LRS-21,public,dipep_CE,0.0,-2.4673655733336556e-05
LRS-21,public,dipep_CF,0.0,1.4573384433275538e-05
LRS-21,public,dipep_CG,0.0,-0.005896211279526221
LRS-21,public,dipep_CH,0.0,-1.3853137368959086e-05
LRS-21,public,dipep_CI,0.0,-0.00010853616545868169
LRS-21,public,dipep_CK,0.0,-0.00013648668035864852
LRS-21,public,dipep_CL,0.0,4.0781332456823154e-05
LRS-21,public,dipep_CM,0.0,0.0
LRS-21,public,dipep_CN,0.0,-0.0001041316545453643
LRS-21,public,dipep_CP,0.0,-0.0002555875960130688
LRS-21,public,dipep_CQ,0.0,0.0
LRS-21,public,dipep_CR,0.0,5.603723419846821e-06
LRS-21,public,dipep_CS,0.0,-0.00012301651682713
LRS-21,public,dipep_CT,0.0,-0.00010725018072099305
LRS-21,public,dipep_CV,0.0,-0.00022723992805995453
LRS-21,public,dipep_CW,0.0,-0.00011906766903372584
LRS-21,public,dipep_CY,0.0,-0.0004691710268952654
LRS-21,public,dipep_DA,0.0,4.247251887415966e-05
LRS-21,public,dipep_DC,0.0,0.0
LRS-21,public,dipep_DD,0.0,-1.5330389167887824e-05
LRS-21,public,dipep_DE,0.0,-0.00022925475196200224
LRS-21,public,dipep_DF,0.0,-9.240131532896091e-05
LRS-21,public,dipep_DG,0.0,-0.001774745952039699
LRS-21,public,dipep_DH,0.0,-2.173760268813924e-05
LRS-21,public,dipep_DI,0.0,-8.013484053042365e-05
LRS-21,public,dipep_DK,0.0,-0.00028968319137447995
LRS-21,public,dipep_DL,0.0,-7.521899989028924e-05
LRS-21,public,dipep_DM,0.0,0.0
LRS-21,public,dipep_DN,0.0,0.0
LRS-21,public,dipep_DP,0.0,0.0
LRS-21,public,dipep_DQ,0.0,0.0
LRS-21,public,dipep_DR,0.0,-2.6184367608317625e-05
LRS-21,public,dipep_DS,0.0,0.0
LRS-21,public,dipep_DT,0.0,-1.5444878007127784e-05
LRS-21,public,dipep_DV,0.0,-5.635875866776659e-05
LRS-21,public,dipep_DW,0.0,-6.561145094717301e-05
LRS-21,public,dipep_DY,0.0,4.607128350620708e-05
LRS-21,public,dipep_EA,0.0,-0.002333781568825523
LRS-21,public,dipep_EC,0.0,-0.00011945106563046328
LRS-21,public,dipep_ED,0.0,-4.289866179311401e-05
LRS-21,public,dipep_EE,0.0,-4.94679903732526e-05
LRS-21,public,dipep_EF,0.0,-5.438106892912491e-05
LRS-21,public,dipep_EG,0.0,-0.008311015496972706
LRS-21,public,dipep_EH,0.0,4.04440275882169e-05
LRS-21,public,dipep_EI,0.0,-8.874281767004911e-05
LRS-21,public,dipep_EK,0.0,0.0016445293160674134
LRS-21,public,dipep_EL,0.0,-0.00013477836509626236
LRS-21,public,dipep_EM,0.0,0.0
LRS-21,public,dipep_EN,0.0,-0.0050797533824513815
LRS-21,public,dipep_EP,0.0,0.0
LRS-21,public,dipep_EQ,0.0,-9.996666525924586e-06
LRS-21,public,dipep_ER,0.0,-8.955858545616289e-05
LRS-21,public,dipep_ES,0.0,-5.447759148446536e-05
LRS-21,public,dipep_ET,0.0,0.0
LRS-21,public,dipep_EV,0.0,0.0
LRS-21,public,dipep_EW,0.0,-3.463611512081918e-05
LRS-21,public,dipep_EY,0.0,0.0
LRS-21,public,dipep_FA,0.0,0.00045192275795288633
LRS-21,public,dipep_FC,0.0,-0.0010227963430344887
LRS-21,public,dipep_FD,0.0,-6.688820740126394e-05
LRS-21,public,dipep_FE,0.0,-0.0026305735652063385
LRS-21,public,dipep_FF,0.0,0.0001445566931930097
LRS-21,public,dipep_FG,0.0,-0.0014729746068815107
LRS-21,public,dipep_FH,0.0,-0.000739222138005898
LRS-21,public,dipep_FI,0.0,-0.003534809412180394
LRS-21,public,dipep_FK,0.0,-9.395712037310158e-05
LRS-21,public,dipep_FL,0.0,-0.006326927888414511
LRS-21,public,dipep_FM,0.0,-0.00019868466096365636
LRS-21,public,dipep_FN,0.0,-7.346715197681981e-05
LRS-21,public,dipep_FP,0.0,-0.00035250520553539873
LRS-21,public,dipep_FQ,0.0,-0.00017136474043140686
LRS-21,public,dipep_FR,0.05000000074505806,-0.0024366057984639947
LRS-21,public,dipep_FS,0.0,-4.8652165047084135e-05
LRS-21,public,dipep_FT,0.0,-0.0002591341239299613
LRS-21,public,dipep_FV,0.0,6.752027259525327e-05
LRS-21,public,dipep_FW,0.0,3.090602129037501e-06
LRS-21,public,dipep_FY,0.0,-1.5504401848376056e-05
LRS-21,public,dipep_GA,0.0,-0.0011863982677908687
LRS-21,public,dipep_GC,0.0,-8.375702518048765e-05
LRS-21,public,dipep_GD,0.0,-4.426512434451492e-05
LRS-21,public,dipep_GE,0.0,-0.00010985287219340088
LRS-21,public,dipep_GF,0.0,-0.0025849350962276916
LRS-21,public,dipep_GG,0.0,0.00037245461890232526
LRS-21,public,dipep_GH,0.0,-0.0003883939963092159
LRS-21,public,dipep_GI,0.05000000074505806,-0.0002737732578588181
LRS-21,public,dipep_GK,0.0,-0.0007571495776417515
LRS-21,public,dipep_GL,0.0,-0.0035006348776981332
LRS-21,public,dipep_GM,0.0,-0.0035663284110922736
LRS-21,public,dipep_GN,0.0,-0.00012558141603309495
LRS-21,public,dipep_GP,0.0,-0.00014834262622812186
LRS-21,public,dipep_GQ,0.0,0.0013690994059151736
LRS-21,public,dipep_GR,0.0,-0.004450204625371054
LRS-21,public,dipep_GS,0.0,-0.0002784135307738736
LRS-21,public,dipep_GT,0.0,4.354796162443426e-05
LRS-21,public,dipep_GV,0.0,-0.000845780699816767
LRS-21,public,dipep_GW,0.0,-0.00457494602377521
LRS-21,public,dipep_GY,0.0,-0.0038052592452954637
LRS-21,public,dipep_HA,0.0,-0.00041391955166592464
LRS-21,public,dipep_HC,0.0,0.0
LRS-21,public,dipep_HD,0.0,0.0
LRS-21,public,dipep_HE,0.0,0.0
LRS-21,public,dipep_HF,0.0,-1.6874582516491686e-05
LRS-21,public,dipep_HG,0.0,-4.223570329676612e-05
LRS-21,public,dipep_HH,0.0,-0.00010088370837657259
LRS-21,public,dipep_HI,0.0,-0.0005310986634287069
LRS-21,public,dipep_HK,0.0,-0.00017274899350288393
LRS-21,public,dipep_HL,0.0,-8.954712097165303e-05
LRS-21,public,dipep_HM,0.0,0.0
LRS-21,public,dipep_HN,0.0,-1.1397357249559196e-05
LRS-21,public,dipep_HP,0.0,0.0
LRS-21,public,dipep_HQ,0.0,-3.724618177358819e-05
LRS-21,public,dipep_HR,0.0,-9.868160847297283e-05
LRS-21,public,dipep_HS,0.0,5.206183623774355e-05
LRS-21,public,dipep_HT,0.0,0.0
LRS-21,public,dipep_HV,0.0,-4.2231344539528665e-05
LRS-21,public,dipep_HW,0.0,0.0
LRS-21,public,dipep_HY,0.0,0.0
LRS-21,public,dipep_IA,0.05000000074505806,0.00903266659592115
LRS-21,public,dipep_IC,0.0,-4.632511907721971e-05
LRS-21,public,dipep_ID,0.0,-0.0034641049907853183
LRS-21,public,dipep_IE,0.0,-0.008243717927886354
LRS-21,public,dipep_IF,0.0,-0.0017797904898563413
LRS-21,public,dipep_IG,0.0,-0.00037987941190720546
LRS-21,public,dipep_IH,0.0,-8.042019993601461e-05
LRS-21,public,dipep_II,0.0,-0.0027994266151575315
LRS-21,public,dipep_IK,0.05000000074505806,0.008431926190306614
LRS-21,public,dipep_IL,0.0,-0.0031752584236949583
LRS-21,public,dipep_IM,0.0,-1.3106013161897327e-05
LRS-21,public,dipep_IN,0.0,-0.0005131047396488733
LRS-21,public,dipep_IP,0.0,-0.0013313125910584893
LRS-21,public,dipep_IQ,0.0,-0.0001765170861321137
LRS-21,public,dipep_IR,0.0,-0.0001742034072596353
LRS-21,public,dipep_IS,0.05000000074505806,0.03129658898358232
LRS-21,public,dipep_IT,0.0,-0.0002354577243744702
LRS-21,public,dipep_IV,0.0,-0.0009700671634103413
LRS-21,public,dipep_IW,0.0,-0.0005654077188673904
LRS-21,public,dipep_IY,0.0,3.7488548150609393e-05
LRS-21,public,dipep_KA,0.0,-0.00035046737237427104
LRS-21,public,dipep_KC,0.0,-0.0015483106785684215
LRS-21,public,dipep_KD,0.0,-0.00013873809614542312
LRS-21,public,dipep_KE,0.0,0.0001974505674913299
LRS-21,public,dipep_KF,0.0,2.1229772838474734e-05
LRS-21,public,dipep_KG,0.0,-0.0008742951785481584
LRS-21,public,dipep_KH,0.0,-0.0003941835794129248
LRS-21,public,dipep_KI,0.05000000074505806,0.0035131474483792186
LRS-21,public,dipep_KK,0.0,-0.004018080382525462
LRS-21,public,dipep_KL,0.0,-0.0017785614352190207
LRS-21,public,dipep_KM,0.0,-1.4065101994074624e-05
LRS-21,public,dipep_KN,0.0,-0.00035962193362409743
LRS-21,public,dipep_KP,0.0,-8.399732725896414e-05
LRS-21,public,dipep_KQ,0.0,-0.0003317520490522557
LRS-21,public,dipep_KR,0.05000000074505806,-0.013375183177302146
LRS-21,public,dipep_KS,0.0,-0.00034895899294725395
LRS-21,public,dipep_KT,0.05000000074505806,0.006269819989717276
LRS-21,public,dipep_KV,0.0,-0.002189934919236582
LRS-21,public,dipep_KW,0.0,-0.00012358829008446545
LRS-21,public,dipep_KY,0.0,-0.0003036801091848203
LRS-21,public,dipep_LA,0.0,-0.0006697610472062156
LRS-21,public,dipep_LC,0.0,-1.9203198976251446e-05
LRS-21,public,dipep_LD,0.0,-0.0013810493254470693
LRS-21,public,dipep_LE,0.0,-4.136631151806245e-05
LRS-21,public,dipep_LF,0.0,-0.0161047893597396
LRS-21,public,dipep_LG,0.0,-0.00028482807194094435
LRS-21,public,dipep_LH,0.0,1.6380774287691945e-05
LRS-21,public,dipep_LI,0.0,-0.0038019479348302665
LRS-21,public,dipep_LK,0.0,-0.0030317025370144497
LRS-21,public,dipep_LL,0.0,-0.0007317886642027255
LRS-21,public,dipep_LM,0.0,0.00034481641614418927
LRS-21,public,dipep_LN,0.0,-8.287462957092728e-05
LRS-21,public,dipep_LP,0.0,-0.0032436063056885825
LRS-21,public,dipep_LQ,0.0,-0.00021128278201406226
LRS-21,public,dipep_LR,0.05000000074505806,-0.007205949997905413
LRS-21,public,dipep_LS,0.0,-0.001276084378263158
LRS-21,public,dipep_LT,0.0,-0.00018930457708569404
LRS-21,public,dipep_LV,0.0,-0.0014201767519131507
LRS-21,public,dipep_LW,0.0,-0.0005387789644567591
LRS-21,public,dipep_LY,0.0,-8.542596305806322e-05
LRS-21,public,dipep_MA,0.0,-6.884821696973932e-05
LRS-21,public,dipep_MC,0.0,-2.3402739614345352e-05
LRS-21,public,dipep_MD,0.0,-6.509754769824329e-05
LRS-21,public,dipep_ME,0.0,-6.917005373451004e-06
LRS-21,public,dipep_MF,0.0,0.0
LRS-21,public,dipep_MG,0.0,-0.00016278098919452033
LRS-21,public,dipep_MH,0.0,0.0
LRS-21,public,dipep_MI,0.0,-0.0027232451622043368
LRS-21,public,dipep_MK,0.0,2.5456475762419026e-05
LRS-21,public,dipep_ML,0.0,-0.0002440714512542657
LRS-21,public,dipep_MM,0.0,-1.1127184567745117e-05
LRS-21,public,dipep_MN,0.0,-2.909843712260138e-05
LRS-21,public,dipep_MP,0.0,0.0
LRS-21,public,dipep_MQ,0.0,-9.694188237588309e-05
LRS-21,public,dipep_MR,0.0,-0.00026391998956783245
LRS-21,public,dipep_MS,0.0,-6.902657094402729e-05
LRS-21,public,dipep_MT,0.0,-0.0002652199775960507
LRS-21,public,dipep_MV,0.0,-1.3537805701448885e-05
LRS-21,public,dipep_MW,0.0,-2.6426295813000588e-05
LRS-21,public,dipep_MY,0.0,-2.9022103086912e-05
LRS-21,public,dipep_NA,0.0,-0.0006107855587280922
LRS-21,public,dipep_NC,0.0,-4.006089044763142e-05
LRS-21,public,dipep_ND,0.0,0.0
LRS-21,public,dipep_NE,0.0,-7.722246013340371e-05
LRS-21,public,dipep_NF,0.0,-0.00020761378282067693
LRS-21,public,dipep_NG,0.0,-0.0020933188764680234
LRS-21,public,dipep_NH,0.0,0.0
LRS-21,public,dipep_NI,0.0,-1.9581151846573077e-05
LRS-21,public,dipep_NK,0.0,2.13963647033083e-05
LRS-21,public,dipep_NL,0.0,-3.711161006592098e-05
LRS-21,public,dipep_NM,0.0,-2.8192184251340283e-05
LRS-21,public,dipep_NN,0.0,0.0
LRS-21,public,dipep_NP,0.0,-3.468574167458902e-05
LRS-21,public,dipep_NQ,0.0,-0.0006077985906436218
LRS-21,public,dipep_NR,0.0,-0.0001757907828582405
LRS-21,public,dipep_NS,0.0,4.6458974259261693e-05
LRS-21,public,dipep_NT,0.0,-0.0017196852297993279
LRS-21,public,dipep_NV,0.0,-0.00022989466686162543
LRS-21,public,dipep_NW,0.0,-5.72793859608644e-05
LRS-21,public,dipep_NY,0.0,-7.165681751846565e-05
LRS-21,public,dipep_PA,0.0,-0.00012916575949195572
LRS-21,public,dipep_PC,0.0,-8.998590626830774e-05
LRS-21,public,dipep_PD,0.0,0.0
LRS-21,public,dipep_PE,0.0,-8.380731145048757e-05
LRS-21,public,dipep_PF,0.0,-0.00034550117606928015
LRS-21,public,dipep_PG,0.05000000074505806,0.0006968541676589823
LRS-21,public,dipep_PH,0.0,-4.129794867556309e-05
LRS-21,public,dipep_PI,0.0,-7.526526664327218e-05
LRS-21,public,dipep_PK,0.0,-0.0006746240443598998
LRS-21,public,dipep_PL,0.0,-0.0001568122137430986
LRS-21,public,dipep_PM,0.0,0.0
LRS-21,public,dipep_PN,0.0,0.0
LRS-21,public,dipep_PP,0.0,5.1021490159091445e-06
LRS-21,public,dipep_PQ,0.0,-8.565757046313532e-05
LRS-21,public,dipep_PR,0.0,0.0009526453097436568
LRS-21,public,dipep_PS,0.0,-0.0004219027285207029
LRS-21,public,dipep_PT,0.0,0.0
LRS-21,public,dipep_PV,0.0,-6.695442895939545e-05
LRS-21,public,dipep_PW,0.0,-1.1936414043003663e-05
LRS-21,public,dipep_PY,0.0,0.0
LRS-21,public,dipep_QA,0.0,-0.00010817779731935211
LRS-21,public,dipep_QC,0.0,0.0
LRS-21,public,dipep_QD,0.0,-0.00018339591657373942
LRS-21,public,dipep_QE,0.0,-7.606092192220526e-06
LRS-21,public,dipep_QF,0.0,-0.00010160315441218507
LRS-21,public,dipep_QG,0.0,-0.00027230980122907905
LRS-21,public,dipep_QH,0.0,-0.000903646575052028
LRS-21,public,dipep_QI,0.0,-9.17526993673926e-05
LRS-21,public,dipep_QK,0.0,0.0003460443331041881
LRS-21,public,dipep_QL,0.0,-0.00032145249358345754
LRS-21,public,dipep_QM,0.0,0.0
LRS-21,public,dipep_QN,0.0,4.0613231400265146e-05
LRS-21,public,dipep_QP,0.0,-0.001135913826591555
LRS-21,public,dipep_QQ,0.0,-9.684231229492198e-05
LRS-21,public,dipep_QR,0.0,-0.0025200445652278185
LRS-21,public,dipep_QS,0.0,-0.00021234942979942006
LRS-21,public,dipep_QT,0.0,0.0
LRS-21,public,dipep_QV,0.0,1.1122631855654878e-05
LRS-21,public,dipep_QW,0.0,-0.00020069494780202142
LRS-21,public,dipep_QY,0.0,0.0
LRS-21,public,dipep_RA,0.0,-0.00019121669399368773
LRS-21,public,dipep_RC,0.0,0.00021020455833168578
LRS-21,public,dipep_RD,0.0,-0.0001835566628337901
LRS-21,public,dipep_RE,0.0,2.5633721939138614e-05
LRS-21,public,dipep_RF,0.05000000074505806,-0.0035416148091461444
LRS-21,public,dipep_RG,0.0,0.00020373836989543684
LRS-21,public,dipep_RH,0.0,-1.9330961986404655e-05
LRS-21,public,dipep_RI,0.0,6.603041346850267e-05
LRS-21,public,dipep_RK,0.05000000074505806,-0.0025067208723353785
LRS-21,public,dipep_RL,0.0,0.0009271193019736049
LRS-21,public,dipep_RM,0.0,-0.0002639226749175409
LRS-21,public,dipep_RN,0.0,0.00019996316361168794
LRS-21,public,dipep_RP,0.0,0.0003199496240700077
LRS-21,public,dipep_RQ,0.0,-0.006376621351691484
LRS-21,public,dipep_RR,0.05000000074505806,0.0028200386801707127
LRS-21,public,dipep_RS,0.10000000149011612,0.0005569466435464153
LRS-21,public,dipep_RT,0.0,0.00022751015975612686
LRS-21,public,dipep_RV,0.0,-4.425009549256487e-05
LRS-21,public,dipep_RW,0.0,-0.0009423810517217404
LRS-21,public,dipep_RY,0.0,-2.0779327420381517e-05
LRS-21,public,dipep_SA,0.0,-6.337297377542148e-05
LRS-21,public,dipep_SC,0.0,-3.3239362400142425e-05
LRS-21,public,dipep_SD,0.0,-8.083731605178053e-05
LRS-21,public,dipep_SE,0.0,0.0
LRS-21,public,dipep_SF,0.0,-2.1993638055625737e-05
LRS-21,public,dipep_SG,0.0,-4.0060661544751534e-05
LRS-21,public,dipep_SH,0.0,-6.36138465231063e-05
LRS-21,public,dipep_SI,0.05000000074505806,0.015102405629641031
LRS-21,public,dipep_SK,0.0,-0.006314871839766452
LRS-21,public,dipep_SL,0.0,-0.0009317744719404926
LRS-21,public,dipep_SM,0.0,-1.582667835150034e-05
LRS-21,public,dipep_SN,0.0,-0.00022514235967062733
LRS-21,public,dipep_SP,0.05000000074505806,0.004479563877016211
LRS-21,public,dipep_SQ,0.0,-1.6208235395344264e-05
LRS-21,public,dipep_SR,0.05000000074505806,0.001462477014748723
LRS-21,public,dipep_SS,0.0,-3.5697584604911586e-05
LRS-21,public,dipep_ST,0.0,-0.0004361505219962907
LRS-21,public,dipep_SV,0.0,2.990597666148068e-05
LRS-21,public,dipep_SW,0.0,-0.00036481841973202826
LRS-21,public,dipep_SY,0.0,-6.854172636769561e-05
LRS-21,public,dipep_TA,0.0,-0.0009887500413968023
LRS-21,public,dipep_TC,0.0,0.0
LRS-21,public,dipep_TD,0.0,2.4191913353668802e-05
LRS-21,public,dipep_TE,0.0,0.0
LRS-21,public,dipep_TF,0.0,-0.0006466290150920763
LRS-21,public,dipep_TG,0.0,-0.0013068981911744746
LRS-21,public,dipep_TH,0.0,-3.051667720237697e-05
LRS-21,public,dipep_TI,0.0,-0.0027410552056475698
LRS-21,public,dipep_TK,0.0,-6.448659131680347e-05
LRS-21,public,dipep_TL,0.05000000074505806,0.004010378054851412
LRS-21,public,dipep_TM,0.0,0.0
LRS-21,public,dipep_TN,0.0,2.3447241964135307e-05
LRS-21,public,dipep_TP,0.0,2.291234218340559e-05
LRS-21,public,dipep_TQ,0.0,-0.00029066255553324643
LRS-21,public,dipep_TR,0.0,2.168535983459107e-05
LRS-21,public,dipep_TS,0.0,-0.00016705487548089205
LRS-21,public,dipep_TT,0.0,-0.00043954337438216804
LRS-21,public,dipep_TV,0.0,-0.00031717238739779646
LRS-21,public,dipep_TW,0.0,0.0
LRS-21,public,dipep_TY,0.0,-2.9797604899304257e-05
LRS-21,public,dipep_VA,0.0,-0.0010852040319816792
LRS-21,public,dipep_VC,0.0,-0.0003836170940089981
LRS-21,public,dipep_VD,0.0,0.0
LRS-21,public,dipep_VE,0.0,-0.00012415293628136276
LRS-21,public,dipep_VF,0.0,-0.00023632672262156504
LRS-21,public,dipep_VG,0.0,-0.00044571920603354186
LRS-21,public,dipep_VH,0.0,-0.00013518436611720437
LRS-21,public,dipep_VI,0.0,-0.00014260621969538874
LRS-21,public,dipep_VK,0.0,0.00012715994404469878
LRS-21,public,dipep_VL,0.0,-0.0020932412284166736
LRS-21,public,dipep_VM,0.0,0.0
LRS-21,public,dipep_VN,0.0,-3.7230590831529935e-05
LRS-21,public,dipep_VP,0.0,-0.00013124164572324092
LRS-21,public,dipep_VQ,0.0,-0.00032999729875285113
LRS-21,public,dipep_VR,0.0,0.0007032064819690237
LRS-21,public,dipep_VS,0.0,-0.00015687522267145466
LRS-21,public,dipep_VT,0.0,-9.768423517348206e-05
LRS-21,public,dipep_VV,0.0,-5.4189660866688046e-05
LRS-21,public,dipep_VW,0.0,-0.00012975748433472802
LRS-21,public,dipep_VY,0.0,-8.07367473070856e-05
LRS-21,public,dipep_WA,0.0,-0.00024521682736507573
LRS-21,public,dipep_WC,0.0,-8.364865849588176e-05
LRS-21,public,dipep_WD,0.0,0.0
LRS-21,public,dipep_WE,0.0,-0.002866529402324081
LRS-21,public,dipep_WF,0.0,-0.00037791305782729846
LRS-21,public,dipep_WG,0.0,-9.878876183538775e-05
LRS-21,public,dipep_WH,0.0,0.0
LRS-21,public,dipep_WI,0.0,-0.0009744176145518603
LRS-21,public,dipep_WK,0.0,-0.0011525875138377842
LRS-21,public,dipep_WL,0.0,-0.0001634653162002994
LRS-21,public,dipep_WM,0.0,0.0
LRS-21,public,dipep_WN,0.0,-6.756050868575394e-05
LRS-21,public,dipep_WP,0.0,0.0
LRS-21,public,dipep_WQ,0.0,-0.00040341650304035945
LRS-21,public,dipep_WR,0.0,-0.0004005373154811816
LRS-21,public,dipep_WS,0.0,-9.627708077157159e-05
LRS-21,public,dipep_WT,0.0,0.0
LRS-21,public,dipep_WV,0.0,-2.397059400193655e-05
LRS-21,public,dipep_WW,0.0,-0.00020657727484914154
LRS-21,public,dipep_WY,0.0,-0.008857102650360243
LRS-21,public,dipep_YA,0.0,-7.689298103564842e-05
LRS-21,public,dipep_YC,0.0,1.6007886968429548e-05
LRS-21,public,dipep_YD,0.0,0.0
LRS-21,public,dipep_YE,0.0,0.0
LRS-21,public,dipep_YF,0.0,0.0
LRS-21,public,dipep_YG,0.0,-0.005364966682787362
LRS-21,public,dipep_YH,0.0,0.0
LRS-21,public,dipep_YI,0.0,-6.638151652367298e-05
LRS-21,public,dipep_YK,0.0,-6.279242590325692e-05
LRS-21,public,dipep_YL,0.0,-0.00042313413232918063
LRS-21,public,dipep_YM,0.0,0.0
LRS-21,public,dipep_YN,0.0,0.0
LRS-21,public,dipep_YP,0.0,0.0
LRS-21,public,dipep_YQ,0.0,-0.0002943340948669603
LRS-21,public,dipep_YR,0.0,-0.00035100228529494386
LRS-21,public,dipep_YS,0.0,-0.00011374621936591946
LRS-21,public,dipep_YT,0.0,0.0
LRS-21,public,dipep_YV,0.0,-0.00025161218204249573
LRS-21,public,dipep_YW,0.0,-0.00012148425831879812
LRS-21,public,dipep_YY,0.0,0.0
SPE-22,public,length,22.0,-0.016801926085738016
SPE-22,public,charge,6.217222213745117,-0.0036038257915669194
SPE-22,public,boman,4.504090785980225,-0.02718041260190254
SPE-22,public,hmoment,0.7797247767448425,0.005351770108664589
SPE-22,public,apv,0.22577272355556488,-0.0004364968153083664
SPE-22,public,alpha,1.0218181610107422,0.00017545492208557412
SPE-22,public,basic_frac,0.40909090638160706,-0.013395993679106172
SPE-22,public,acidic_frac,0.09090909361839294,-0.009246225714477753
SPE-22,public,aromatic_frac,0.09090909361839294,0.0009078553230395473
SPE-22,public,hydrophobic_frac,0.22727273404598236,-0.02803582461969575
SPE-22,public,proline_frac,0.13636364042758942,-0.00919332185177858
SPE-22,public,glycine_frac,0.0,-0.005751476712559434
SPE-22,public,aa_A,0.04545454680919647,0.005113336718678902
SPE-22,public,aa_C,0.0,-0.005985388603349919
SPE-22,public,aa_D,0.0,-4.4638000072902935e-05
SPE-22,public,aa_E,0.09090909361839294,0.006567073772453313
SPE-22,public,aa_F,0.0,-0.011220259307237551
SPE-22,public,aa_G,0.0,-0.005195457220021788
SPE-22,public,aa_H,0.04545454680919647,-0.0010317355446055562
SPE-22,public,aa_I,0.0,-0.01747317645391302
SPE-22,public,aa_K,0.1818181872367859,-0.003473525933166668
SPE-22,public,aa_L,0.04545454680919647,-0.004269293455891563
SPE-22,public,aa_M,0.04545454680919647,0.00402348881124129
SPE-22,public,aa_N,0.0,-0.0005228479857353258
SPE-22,public,aa_P,0.13636364042758942,-0.008751160616638649
SPE-22,public,aa_Q,0.0,-0.0069840648207842625
SPE-22,public,aa_R,0.1818181872367859,-0.024223960814911863
SPE-22,public,aa_S,0.13636364042758942,0.0031789533397399974
SPE-22,public,aa_T,0.0,-0.0024221402640489374
SPE-22,public,aa_V,0.0,0.00108481096125278
SPE-22,public,aa_W,0.04545454680919647,0.004676460621098086
SPE-22,public,aa_Y,0.04545454680919647,-0.0002150749742591479
SPE-22,public,dipep_AA,0.0,-0.002225138457211189
SPE-22,public,dipep_AC,0.0,-3.80273182776782e-05
SPE-22,public,dipep_AD,0.0,-1.5564957873331125e-05
SPE-22,public,dipep_AE,0.0,-2.4321828811339563e-05
SPE-22,public,dipep_AF,0.0,-0.00024362868630410642
SPE-22,public,dipep_AG,0.0,-0.0003512530407902837
SPE-22,public,dipep_AH,0.0,-0.00021601418993181878
SPE-22,public,dipep_AI,0.0,-0.005297077632127433
SPE-22,public,dipep_AK,0.0476190485060215,0.006692443494803082
SPE-22,public,dipep_AL,0.0,-0.003814548409472671
SPE-22,public,dipep_AM,0.0,-0.0003899698676902062
SPE-22,public,dipep_AN,0.0,-0.0005478636143895636
SPE-22,public,dipep_AP,0.0,0.00027610385064548936
SPE-22,public,dipep_AQ,0.0,-0.0015146063999832001
SPE-22,public,dipep_AR,0.0,0.0002442476370771988
SPE-22,public,dipep_AS,0.0,-0.0005969591335797058
SPE-22,public,dipep_AT,0.0,-0.00016605332070701478
SPE-22,public,dipep_AV,0.0,-0.0007176373946012537
SPE-22,public,dipep_AW,0.0,-0.0005013306086134478
SPE-22,public,dipep_AY,0.0,-0.00012425370187425018
SPE-22,public,dipep_CA,0.0,-0.00015731969051154603
SPE-22,public,dipep_CC,0.0,-0.00014910419197458394
SPE-22,public,dipep_CD,0.0,-7.296940666373173e-05
SPE-22,public,dipep_CE,0.0,-0.0004253458774144262
SPE-22,public,dipep_CF,0.0,0.0
SPE-22,public,dipep_CG,0.0,-0.005928736085482919
SPE-22,public,dipep_CH,0.0,-1.3727634326863946e-05
SPE-22,public,dipep_CI,0.0,-0.00010793351492663541
SPE-22,public,dipep_CK,0.0,-0.0002421304752148214
SPE-22,public,dipep_CL,0.0,-4.8833699427051186e-05
SPE-22,public,dipep_CM,0.0,0.0
SPE-22,public,dipep_CN,0.0,-7.126650003456583e-05
SPE-22,public,dipep_CP,0.0,-0.00031975657462854964
SPE-22,public,dipep_CQ,0.0,0.0
SPE-22,public,dipep_CR,0.0,-0.00039452264570132836
SPE-22,public,dipep_CS,0.0,-0.00013369628052743582
SPE-22,public,dipep_CT,0.0,-9.116066563504376e-05
SPE-22,public,dipep_CV,0.0,-0.00042552427233807336
SPE-22,public,dipep_CW,0.0,-0.00016099400407626986
SPE-22,public,dipep_CY,0.0,-0.0006344723609826214
SPE-22,public,dipep_DA,0.0,-1.993680474174616e-05
SPE-22,public,dipep_DC,0.0,0.0
SPE-22,public,dipep_DD,0.0,-2.184251451119715e-05
SPE-22,public,dipep_DE,0.0,-0.0003151062209490078
SPE-22,public,dipep_DF,0.0,-7.432138184154177e-05
SPE-22,public,dipep_DG,0.0,-0.0019282094774122603
SPE-22,public,dipep_DH,0.0,0.0
SPE-22,public,dipep_DI,0.0,-0.00039381549426159535
SPE-22,public,dipep_DK,0.0,-0.00017327254062771805
SPE-22,public,dipep_DL,0.0,-0.00018507651767816311
SPE-22,public,dipep_DM,0.0,0.0
SPE-22,public,dipep_DN,0.0,0.0
SPE-22,public,dipep_DP,0.0,0.0
SPE-22,public,dipep_DQ,0.0,-4.662072838307383e-05
SPE-22,public,dipep_DR,0.0,-0.0001921300182906971
SPE-22,public,dipep_DS,0.0,-4.477807514986816e-05
SPE-22,public,dipep_DT,0.0,-0.00012877703772972871
SPE-22,public,dipep_DV,0.0,-4.818124809352288e-05
SPE-22,public,dipep_DW,0.0,-0.00020099268232601843
SPE-22,public,dipep_DY,0.0,-5.7371453452456766e-05
SPE-22,public,dipep_EA,0.0,-0.0018597979108755736
SPE-22,public,dipep_EC,0.0,-0.0002199154586612003
SPE-22,public,dipep_ED,0.0,-0.00022139388133545773
SPE-22,public,dipep_EE,0.0,-9.713257474331628e-05
SPE-22,public,dipep_EF,0.0,-0.0003406204602499292
SPE-22,public,dipep_EG,0.0,-0.008377534682047178
SPE-22,public,dipep_EH,0.0476190485060215,-0.0024045403417213103
SPE-22,public,dipep_EI,0.0,-1.1195563600921482e-05
SPE-22,public,dipep_EK,0.0,0.0013188232510313947
SPE-22,public,dipep_EL,0.0,-9.975396412622279e-05
SPE-22,public,dipep_EM,0.0,0.0
SPE-22,public,dipep_EN,0.0,-0.00549955919722842
SPE-22,public,dipep_EP,0.0,0.0
SPE-22,public,dipep_EQ,0.0,-2.8416302738394907e-05
SPE-22,public,dipep_ER,0.0,-4.3144663948795864e-05
SPE-22,public,dipep_ES,0.0,-3.109539067283806e-05
SPE-22,public,dipep_ET,0.0,0.0
SPE-22,public,dipep_EV,0.0,0.0
SPE-22,public,dipep_EW,0.0,0.00048949845338235
SPE-22,public,dipep_EY,0.0476190485060215,0.0
SPE-22,public,dipep_FA,0.0,-2.4656108607555907e-05
SPE-22,public,dipep_FC,0.0,-0.0005103277385498376
SPE-22,public,dipep_FD,0.0,-0.00011204951461888552
SPE-22,public,dipep_FE,0.0,-0.0025887487599498458
SPE-22,public,dipep_FF,0.0,0.00023429321733456219
SPE-22,public,dipep_FG,0.0,-0.0011218523535766753
SPE-22,public,dipep_FH,0.0,-0.0006251256913990174
SPE-22,public,dipep_FI,0.0,-0.003857829142467041
SPE-22,public,dipep_FK,0.0,-0.0004512591322847209
SPE-22,public,dipep_FL,0.0,-0.005329097035427162
SPE-22,public,dipep_FM,0.0,-0.0003485514009959952
SPE-22,public,dipep_FN,0.0,-7.346715197681981e-05
SPE-22,public,dipep_FP,0.0,-0.00021836084164876527
SPE-22,public,dipep_FQ,0.0,-0.00010994696930156304
SPE-22,public,dipep_FR,0.0,0.0005741359960595897
SPE-22,public,dipep_FS,0.0,-0.00018750118555220177
SPE-22,public,dipep_FT,0.0,-0.0003205056659326489
SPE-22,public,dipep_FV,0.0,8.616963684024293e-05
SPE-22,public,dipep_FW,0.0,-3.6241331772824106e-05
SPE-22,public,dipep_FY,0.0,-1.5504401848376056e-05
SPE-22,public,dipep_GA,0.0,-0.0012401965923184272
SPE-22,public,dipep_GC,0.0,-0.00022118623182809343
SPE-22,public,dipep_GD,0.0,-0.00015002805488869043
SPE-22,public,dipep_GE,0.0,-4.080269999131378e-05
SPE-22,public,dipep_GF,0.0,-0.0023575329186013004
SPE-22,public,dipep_GG,0.0,4.715025662228604e-05
SPE-22,public,dipep_GH,0.0,-0.00042968710479657294
SPE-22,public,dipep_GI,0.0,-8.524088326681935e-05
SPE-22,public,dipep_GK,0.0,-0.0005714258793715664
SPE-22,public,dipep_GL,0.0,-0.0026151419122383327
SPE-22,public,dipep_GM,0.0,-0.004070508964558639
SPE-22,public,dipep_GN,0.0,-7.602129639013696e-05
SPE-22,public,dipep_GP,0.0,-0.0001303007099877396
SPE-22,public,dipep_GQ,0.0,0.0008749364504838132
SPE-22,public,dipep_GR,0.0,-0.004572971981762238
SPE-22,public,dipep_GS,0.0,-0.0009315923732803932
SPE-22,public,dipep_GT,0.0,-1.0631742696549333e-05
SPE-22,public,dipep_GV,0.0,-0.00083896505362505
SPE-22,public,dipep_GW,0.0,-0.0052700538591116805
SPE-22,public,dipep_GY,0.0,-0.004461177346831377
SPE-22,public,dipep_HA,0.0,-0.00020193730616638507
SPE-22,public,dipep_HC,0.0,0.0
SPE-22,public,dipep_HD,0.0,0.0
SPE-22,public,dipep_HE,0.0,0.0
SPE-22,public,dipep_HF,0.0,-7.473380013849102e-06
SPE-22,public,dipep_HG,0.0,-0.00011976769386861123
SPE-22,public,dipep_HH,0.0,-0.00014731996455916602
SPE-22,public,dipep_HI,0.0,-0.0005578224004504297
SPE-22,public,dipep_HK,0.0,-0.00043322398132283614
SPE-22,public,dipep_HL,0.0,-0.00016793432672123468
SPE-22,public,dipep_HM,0.0476190485060215,0.0026098036769185403
SPE-22,public,dipep_HN,0.0,-4.225565835018926e-05
SPE-22,public,dipep_HP,0.0,7.125747797658139e-06
SPE-22,public,dipep_HQ,0.0,-6.999404534897373e-05
SPE-22,public,dipep_HR,0.0,-0.0003598088822540034
SPE-22,public,dipep_HS,0.0,-5.584279346806462e-05
SPE-22,public,dipep_HT,0.0,0.0
SPE-22,public,dipep_HV,0.0,0.0
SPE-22,public,dipep_HW,0.0,-1.983043405209903e-05
SPE-22,public,dipep_HY,0.0,0.0
SPE-22,public,dipep_IA,0.0,-0.0009089856494179461
SPE-22,public,dipep_IC,0.0,-0.00022952972826307904
SPE-22,public,dipep_ID,0.0,-0.004525446857669863
SPE-22,public,dipep_IE,0.0,-0.009766952789307556
SPE-22,public,dipep_IF,0.0,-0.0014781294521804894
SPE-22,public,dipep_IG,0.0,-9.15951708467763e-05
SPE-22,public,dipep_IH,0.0,-0.00038030900240272034
SPE-22,public,dipep_II,0.0,-0.0011558076239474276
SPE-22,public,dipep_IK,0.0,-0.0023029542704506266
SPE-22,public,dipep_IL,0.0,-0.0026103430662941687
SPE-22,public,dipep_IM,0.0,-5.7578113238609783e-05
SPE-22,public,dipep_IN,0.0,-0.0002356519897627574
SPE-22,public,dipep_IP,0.0,-0.0008093019425722327
SPE-22,public,dipep_IQ,0.0,-0.00020744462228201597
SPE-22,public,dipep_IR,0.0,-0.00022359316369536205
SPE-22,public,dipep_IS,0.0,-0.0025730870654863823
SPE-22,public,dipep_IT,0.0,-0.00019597294978628745
SPE-22,public,dipep_IV,0.0,-0.0004993111389005772
SPE-22,public,dipep_IW,0.0,-0.0005098034570575252
SPE-22,public,dipep_IY,0.0,1.2541289798915936e-05
SPE-22,public,dipep_KA,0.0476190485060215,-0.0012764514641937542
SPE-22,public,dipep_KC,0.0,-0.0010451787235239835
SPE-22,public,dipep_KD,0.0,-0.0003332164068784751
SPE-22,public,dipep_KE,0.0,0.00025060771699833
SPE-22,public,dipep_KF,0.0,-0.0003506374579308925
SPE-22,public,dipep_KG,0.0,-0.0007439950592133072
SPE-22,public,dipep_KH,0.0,-0.00034679074386453717
SPE-22,public,dipep_KI,0.0,-0.0018397030485960534
SPE-22,public,dipep_KK,0.0,-0.003795537455239915
SPE-22,public,dipep_KL,0.0,-0.0009836600815391035
SPE-22,public,dipep_KM,0.0,-1.4065101994074624e-05
SPE-22,public,dipep_KN,0.0,-0.0002834354580385589
SPE-22,public,dipep_KP,0.0476190485060215,-0.0016396901075197657
SPE-22,public,dipep_KQ,0.0,-0.00047927336870669674
SPE-22,public,dipep_KR,0.095238097012043,-0.011533589234916848
SPE-22,public,dipep_KS,0.0,8.309431576634793e-05
SPE-22,public,dipep_KT,0.0,-0.0014608403496222842
SPE-22,public,dipep_KV,0.0,-0.0021365574598697186
SPE-22,public,dipep_KW,0.0,-0.00013233011528660709
SPE-22,public,dipep_KY,0.0,-0.00023025718322275212
SPE-22,public,dipep_LA,0.0,-0.001107394181785284
SPE-22,public,dipep_LC,0.0,-1.9203198976251446e-05
SPE-22,public,dipep_LD,0.0,-0.00025797716676070155
SPE-22,public,dipep_LE,0.0,1.2746942454585254e-05
SPE-22,public,dipep_LF,0.0,-0.016030645892024523
SPE-22,public,dipep_LG,0.0,-9.323005335099112e-05
SPE-22,public,dipep_LH,0.0,-7.562275097288978e-05
SPE-22,public,dipep_LI,0.0,-0.003248537597877907
SPE-22,public,dipep_LK,0.0,-0.0028159171996577966
SPE-22,public,dipep_LL,0.0,-0.001711637985949428
SPE-22,public,dipep_LM,0.0,3.2830010250965355e-05
SPE-22,public,dipep_LN,0.0,3.740330569902721e-05
SPE-22,public,dipep_LP,0.0,-0.0023915108842551868
SPE-22,public,dipep_LQ,0.0,-0.00022173130571879644
SPE-22,public,dipep_LR,0.0,0.00036487373040645617
SPE-22,public,dipep_LS,0.0476190485060215,0.003865402594075862
SPE-22,public,dipep_LT,0.0,-0.0002018547573476463
SPE-22,public,dipep_LV,0.0,-0.0014009353263115492
SPE-22,public,dipep_LW,0.0,-0.0006329199205658251
SPE-22,public,dipep_LY,0.0,-9.389034090943536e-05
SPE-22,public,dipep_MA,0.0,-0.0001284747288645384
SPE-22,public,dipep_MC,0.0,-3.817762536693547e-05
SPE-22,public,dipep_MD,0.0,-1.1016788933336519e-05
SPE-22,public,dipep_ME,0.0,-0.00014211640968062308
SPE-22,public,dipep_MF,0.0,0.0
SPE-22,public,dipep_MG,0.0,-0.00019918183213830947
SPE-22,public,dipep_MH,0.0,0.0
SPE-22,public,dipep_MI,0.0,-0.002726402416288047
SPE-22,public,dipep_MK,0.0,0.0001799871779770436
SPE-22,public,dipep_ML,0.0,0.00011330971947525938
SPE-22,public,dipep_MM,0.0,-1.1127184567745117e-05
SPE-22,public,dipep_MN,0.0,-4.603433886942994e-05
SPE-22,public,dipep_MP,0.0,0.0
SPE-22,public,dipep_MQ,0.0,-2.857782462540858e-05
SPE-22,public,dipep_MR,0.0476190485060215,0.005892022372477423
SPE-22,public,dipep_MS,0.0,-9.014499081786365e-05
SPE-22,public,dipep_MT,0.0,-0.0006321484356363353
SPE-22,public,dipep_MV,0.0,0.0002265153449658768
SPE-22,public,dipep_MW,0.0,-3.6010015520114215e-05
SPE-22,public,dipep_MY,0.0,-2.9022103086912e-05
SPE-22,public,dipep_NA,0.0,-0.0005482970176392318
SPE-22,public,dipep_NC,0.0,-6.005216517504266e-05
SPE-22,public,dipep_ND,0.0,0.0
SPE-22,public,dipep_NE,0.0,-7.722246013340371e-05
SPE-22,public,dipep_NF,0.0,-0.0005507988887568292
SPE-22,public,dipep_NG,0.0,-0.0020426934230811595
SPE-22,public,dipep_NH,0.0,0.0
SPE-22,public,dipep_NI,0.0,-3.5320131693021126e-05
SPE-22,public,dipep_NK,0.0,0.00017409706079319097
SPE-22,public,dipep_NL,0.0,-7.647126917833303e-05
SPE-22,public,dipep_NM,0.0,-3.114944244077528e-05
SPE-22,public,dipep_NN,0.0,0.0
SPE-22,public,dipep_NP,0.0,0.0
SPE-22,public,dipep_NQ,0.0,-0.00047708786101671
SPE-22,public,dipep_NR,0.0,-0.00014773745880450526
SPE-22,public,dipep_NS,0.0,1.6838095575749152e-05
SPE-22,public,dipep_NT,0.0,-0.001135229016008452
SPE-22,public,dipep_NV,0.0,-0.0002566245385122045
SPE-22,public,dipep_NW,0.0,-0.00010157633432714406
SPE-22,public,dipep_NY,0.0,-0.00014811262495610395
SPE-22,public,dipep_PA,0.0,-0.00045442620336533923
SPE-22,public,dipep_PC,0.0,-8.18751089836148e-05
SPE-22,public,dipep_PD,0.0,0.0
SPE-22,public,dipep_PE,0.095238097012043,0.007792961225058996
SPE-22,public,dipep_PF,0.0,1.7795125245395555e-05
SPE-22,public,dipep_PG,0.0,8.241977075794938e-06
SPE-22,public,dipep_PH,0.0,-5.0624779773231684e-05
SPE-22,public,dipep_PI,0.0,-0.0002405200401620568
SPE-22,public,dipep_PK,0.0,-0.00019502457877037312
SPE-22,public,dipep_PL,0.0,-0.00014581391918653871
SPE-22,public,dipep_PM,0.0,0.0
SPE-22,public,dipep_PN,0.0,0.0
SPE-22,public,dipep_PP,0.0,-2.808460649210285e-05
SPE-22,public,dipep_PQ,0.0,1.732721032624121e-05
SPE-22,public,dipep_PR,0.0,0.0006774198012903105
SPE-22,public,dipep_PS,0.0,-0.00022788023217148114
SPE-22,public,dipep_PT,0.0,-9.146199916430661e-05
SPE-22,public,dipep_PV,0.0,-0.00012312868599785235
SPE-22,public,dipep_PW,0.0,-1.1936414043003663e-05
SPE-22,public,dipep_PY,0.0,0.0
SPE-22,public,dipep_QA,0.0,-0.0001476739891235024
SPE-22,public,dipep_QC,0.0,-0.0001033441442064064
SPE-22,public,dipep_QD,0.0,-0.00033842761277250014
SPE-22,public,dipep_QE,0.0,-7.606092192220526e-06
SPE-22,public,dipep_QF,0.0,-0.00012676792227932796
SPE-22,public,dipep_QG,0.0,-0.0002887014341856821
SPE-22,public,dipep_QH,0.0,-0.0014960980061744726
SPE-22,public,dipep_QI,0.0,-0.0001274105082627194
SPE-22,public,dipep_QK,0.0,0.00018755942101274735
SPE-22,public,dipep_QL,0.0,-0.00025929434148413646
SPE-22,public,dipep_QM,0.0,-1.7570555751425006e-05
SPE-22,public,dipep_QN,0.0,-8.646075554995659e-06
SPE-22,public,dipep_QP,0.0,-0.0013390661120367413
SPE-22,public,dipep_QQ,0.0,-0.00012173012581385058
SPE-22,public,dipep_QR,0.0,-0.0033452545064874975
SPE-22,public,dipep_QS,0.0,-0.0003172985235232945
SPE-22,public,dipep_QT,0.0,0.0
SPE-22,public,dipep_QV,0.0,1.1122631855654878e-05
SPE-22,public,dipep_QW,0.0,-0.00027776365320482675
SPE-22,public,dipep_QY,0.0,0.0
SPE-22,public,dipep_RA,0.0,-0.0008184882786299944
SPE-22,public,dipep_RC,0.0,0.000174997525254049
SPE-22,public,dipep_RD,0.0,-9.418389972954806e-05
SPE-22,public,dipep_RE,0.0,5.033881859434137e-05
SPE-22,public,dipep_RF,0.0,4.806242517888596e-05
SPE-22,public,dipep_RG,0.0,0.00014918625629781087
SPE-22,public,dipep_RH,0.0,-5.040568605206059e-05
SPE-22,public,dipep_RI,0.0,-0.00030801857534100326
SPE-22,public,dipep_RK,0.095238097012043,0.00028491373259491315
SPE-22,public,dipep_RL,0.0,0.0005592510511773046
SPE-22,public,dipep_RM,0.0,-5.243755441886833e-05
SPE-22,public,dipep_RN,0.0,-0.0003619690055091548
SPE-22,public,dipep_RP,0.0,0.00028836683711028584
SPE-22,public,dipep_RQ,0.0,-0.0073382321150491986
SPE-22,public,dipep_RR,0.0,-0.00178378071740441
SPE-22,public,dipep_RS,0.0476190485060215,0.002092587683923675
SPE-22,public,dipep_RT,0.0,9.127287740607595e-05
SPE-22,public,dipep_RV,0.0,-0.0001240817534286505
SPE-22,public,dipep_RW,0.0476190485060215,0.0024018159172302903
SPE-22,public,dipep_RY,0.0,-8.655720470698666e-05
SPE-22,public,dipep_SA,0.0,-0.0002106612854756171
SPE-22,public,dipep_SC,0.0,-0.00013971658028636032
SPE-22,public,dipep_SD,0.0,-0.00010914641732305362
SPE-22,public,dipep_SE,0.0,0.0
SPE-22,public,dipep_SF,0.0,-4.485645537673582e-05
SPE-22,public,dipep_SG,0.0,-1.231955048854927e-05
SPE-22,public,dipep_SH,0.0,-9.012260269119879e-05
SPE-22,public,dipep_SI,0.0,-0.0009910201309732086
SPE-22,public,dipep_SK,0.0,-0.004930375523177759
SPE-22,public,dipep_SL,0.0476190485060215,0.009600146224663287
SPE-22,public,dipep_SM,0.0,0.0
SPE-22,public,dipep_SN,0.0,-0.0001962220906113356
SPE-22,public,dipep_SP,0.0476190485060215,0.005453366077848301
SPE-22,public,dipep_SQ,0.0,-4.922495485507264e-05
SPE-22,public,dipep_SR,0.0476190485060215,0.0031408698077081258
SPE-22,public,dipep_SS,0.0,-0.0002836539188013082
SPE-22,public,dipep_ST,0.0,-0.00017702336796377016
SPE-22,public,dipep_SV,0.0,6.876157003875174e-05
SPE-22,public,dipep_SW,0.0,-0.00041636039734704384
SPE-22,public,dipep_SY,0.0,-2.232517037872058e-05
SPE-22,public,dipep_TA,0.0,-0.0007225130671620465
SPE-22,public,dipep_TC,0.0,0.0
SPE-22,public,dipep_TD,0.0,6.275113872229797e-05
SPE-22,public,dipep_TE,0.0,0.0
SPE-22,public,dipep_TF,0.0,-0.0014831403803611451
SPE-22,public,dipep_TG,0.0,-0.0005605619221183991
SPE-22,public,dipep_TH,0.0,-1.9278578082018954e-05
SPE-22,public,dipep_TI,0.0,-0.0015251763797547526
SPE-22,public,dipep_TK,0.0,-0.0003781985633460317
SPE-22,public,dipep_TL,0.0,-0.0004969550199289203
SPE-22,public,dipep_TM,0.0,0.0
SPE-22,public,dipep_TN,0.0,-7.716065309497164e-05
SPE-22,public,dipep_TP,0.0,0.0
SPE-22,public,dipep_TQ,0.0,-0.00023609094882883248
SPE-22,public,dipep_TR,0.0,-1.6933257585642607e-05
SPE-22,public,dipep_TS,0.0,-0.00012050236310768791
SPE-22,public,dipep_TT,0.0,-0.00034358146477326607
SPE-22,public,dipep_TV,0.0,-0.00037755507441955717
SPE-22,public,dipep_TW,0.0,0.0
SPE-22,public,dipep_TY,0.0,-4.474532686499125e-05
SPE-22,public,dipep_VA,0.0,-0.0010354404714777948
SPE-22,public,dipep_VC,0.0,-0.0005660397843830065
SPE-22,public,dipep_VD,0.0,2.1537691149970793e-05
SPE-22,public,dipep_VE,0.0,-2.1874371866455913e-05
SPE-22,public,dipep_VF,0.0,-0.00024145159945161774
SPE-22,public,dipep_VG,0.0,-0.0002238862557151702
SPE-22,public,dipep_VH,0.0,-0.00019022642618328955
SPE-22,public,dipep_VI,0.0,-6.847979109071889e-05
SPE-22,public,dipep_VK,0.0,0.00028219402341299126
SPE-22,public,dipep_VL,0.0,-0.002213668138723309
SPE-22,public,dipep_VM,0.0,0.0
SPE-22,public,dipep_VN,0.0,-0.00028268155314785013
SPE-22,public,dipep_VP,0.0,-0.0002088201299814647
SPE-22,public,dipep_VQ,0.0,-0.0001817155907578692
SPE-22,public,dipep_VR,0.0,0.00027909707653369243
SPE-22,public,dipep_VS,0.0,-0.0005071731176781726
SPE-22,public,dipep_VT,0.0,-8.883150316847407e-05
SPE-22,public,dipep_VV,0.0,2.8294421240012612e-05
SPE-22,public,dipep_VW,0.0,-9.532926391916631e-05
SPE-22,public,dipep_VY,0.0,-0.0001283165241557066
SPE-22,public,dipep_WA,0.0,-0.00024521682736507573
SPE-22,public,dipep_WC,0.0,-7.874499511271969e-05
SPE-22,public,dipep_WD,0.0,0.0
SPE-22,public,dipep_WE,0.0,-0.0030820491801701777
SPE-22,public,dipep_WF,0.0,-0.00038002929901987916
SPE-22,public,dipep_WG,0.0,-0.00012787942037427327
SPE-22,public,dipep_WH,0.0,0.0
SPE-22,public,dipep_WI,0.0,-0.0012529719274424031
SPE-22,public,dipep_WK,0.0476190485060215,0.002997090663421652
SPE-22,public,dipep_WL,0.0,-0.00045989184143630576
SPE-22,public,dipep_WM,0.0,-1.3909980568982484e-05
SPE-22,public,dipep_WN,0.0,-3.648450126748884e-05
SPE-22,public,dipep_WP,0.0,0.0
SPE-22,public,dipep_WQ,0.0,-0.00028487767715973936
SPE-22,public,dipep_WR,0.0,-0.0005483740340673311
SPE-22,public,dipep_WS,0.0,-8.011308962309751e-05
SPE-22,public,dipep_WT,0.0,6.399844078278086e-05
SPE-22,public,dipep_WV,0.0,-5.770368888133973e-05
SPE-22,public,dipep_WW,0.0,-0.0002591431428917618
SPE-22,public,dipep_WY,0.0,-0.010001227227312856
SPE-22,public,dipep_YA,0.0,-9.99653368320446e-05
SPE-22,public,dipep_YC,0.0,6.367321243695587e-05
SPE-22,public,dipep_YD,0.0,0.0
SPE-22,public,dipep_YE,0.0,0.0
SPE-22,public,dipep_YF,0.0,-2.2056460104407983e-05
SPE-22,public,dipep_YG,0.0,-0.00586604158287624
SPE-22,public,dipep_YH,0.0,0.0
SPE-22,public,dipep_YI,0.0,-0.00010576254751865123
SPE-22,public,dipep_YK,0.0,0.0005148640214672602
SPE-22,public,dipep_YL,0.0,-0.0004514517431790964
SPE-22,public,dipep_YM,0.0,0.0
SPE-22,public,dipep_YN,0.0,0.0
SPE-22,public,dipep_YP,0.0476190485060215,-0.0008855315940944384
SPE-22,public,dipep_YQ,0.0,-0.000871703346552596
SPE-22,public,dipep_YR,0.0,-0.0003668098014651406
SPE-22,public,dipep_YS,0.0,-0.00013424479656020234
SPE-22,public,dipep_YT,0.0,-2.396604267368463e-05
SPE-22,public,dipep_YV,0.0,-0.0001009301774208463
SPE-22,public,dipep_YW,0.0,-0.00010365912861797484
SPE-22,public,dipep_YY,0.0,0.0
GFD-30,public,length,30.0,0.03514294722065622
GFD-30,public,charge,4.976833343505859,-0.001600304137508882
GFD-30,public,boman,1.3793333768844604,-0.016213638990656143
GFD-30,public,hmoment,0.5670741200447083,-0.00014160705733990312
GFD-30,public,apv,0.22633333504199982,0.002584459579749829
GFD-30,public,alpha,1.0456666946411133,0.0016516743771768888
GFD-30,public,basic_frac,0.2666666805744171,-0.005969258601286662
GFD-30,public,acidic_frac,0.10000000149011612,-0.022714516079438075
GFD-30,public,aromatic_frac,0.06666667014360428,-0.003935373121997082
GFD-30,public,hydrophobic_frac,0.4000000059604645,-0.016103809803688453
GFD-30,public,proline_frac,0.03333333507180214,0.0014383765064606984
GFD-30,public,glycine_frac,0.10000000149011612,-0.007368353955716884
GFD-30,public,aa_A,0.0,-0.017537343327949265
GFD-30,public,aa_C,0.0,-0.005885661502365038
GFD-30,public,aa_D,0.06666667014360428,-0.010823451784186632
GFD-30,public,aa_E,0.03333333507180214,-0.0058636788092630504
GFD-30,public,aa_F,0.03333333507180214,-0.001008612637271898
GFD-30,public,aa_G,0.10000000149011612,-0.008086539104750086
GFD-30,public,aa_H,0.0,0.0012260908265151723
GFD-30,public,aa_I,0.10000000149011612,0.008177615528808909
GFD-30,public,aa_K,0.23333333432674408,-0.0029496318180998403
GFD-30,public,aa_L,0.13333334028720856,-0.00011037880241674712
GFD-30,public,aa_M,0.0,-0.0009316182120285614
GFD-30,public,aa_N,0.03333333507180214,-0.0008025405582504333
GFD-30,public,aa_P,0.03333333507180214,0.004188253727615411
GFD-30,public,aa_Q,0.03333333507180214,0.007156148128947799
GFD-30,public,aa_R,0.03333333507180214,0.017510933276743818
GFD-30,public,aa_S,0.03333333507180214,-0.003326649709515701
GFD-30,public,aa_T,0.0,-0.003689684616429369
GFD-30,public,aa_V,0.10000000149011612,-0.0026771932807797497
GFD-30,public,aa_W,0.0,-0.008427192936710948
GFD-30,public,aa_Y,0.03333333507180214,-0.0038951442266540997
GFD-30,public,dipep_AA,0.0,-0.002692431500180649
GFD-30,public,dipep_AC,0.0,0.0
GFD-30,public,dipep_AD,0.0,-2.4973309621536166e-05
GFD-30,public,dipep_AE,0.0,-0.0006268499461566697
GFD-30,public,dipep_AF,0.0,-9.707967086499696e-05
GFD-30,public,dipep_AG,0.0,3.9503552162957024e-05
GFD-30,public,dipep_AH,0.0,-0.00021036126103781026
GFD-30,public,dipep_AI,0.0,-0.0068202974398355555
GFD-30,public,dipep_AK,0.0,-0.0019336617069172538
GFD-30,public,dipep_AL,0.0,-0.002776691737627596
GFD-30,public,dipep_AM,0.0,-1.4584034148902383e-05
GFD-30,public,dipep_AN,0.0,-0.0007763425780756858
GFD-30,public,dipep_AP,0.0,0.00035597126957891346
GFD-30,public,dipep_AQ,0.0,-0.0009330570916237495
GFD-30,public,dipep_AR,0.0,9.20223310282457e-05
GFD-30,public,dipep_AS,0.0,-0.0005271632841516148
GFD-30,public,dipep_AT,0.0,5.420770884421246e-06
GFD-30,public,dipep_AV,0.0,-0.0004777120329458879
GFD-30,public,dipep_AW,0.0,-8.735580857418977e-05
GFD-30,public,dipep_AY,0.0,-2.7149333276937478e-05
GFD-30,public,dipep_CA,0.0,1.9483394635419284e-06
GFD-30,public,dipep_CC,0.0,-0.000507786026606484
GFD-30,public,dipep_CD,0.0,-4.209557192824699e-05
GFD-30,public,dipep_CE,0.0,-5.447597588634799e-05
GFD-30,public,dipep_CF,0.0,-0.0003197548432214113
GFD-30,public,dipep_CG,0.0,-0.007905228762413565
GFD-30,public,dipep_CH,0.0,-2.490285509031668e-05
GFD-30,public,dipep_CI,0.0,-8.86073603687581e-05
GFD-30,public,dipep_CK,0.0,-0.0001316518923634873
GFD-30,public,dipep_CL,0.0,-1.2295563174504674e-05
GFD-30,public,dipep_CM,0.0,0.0
GFD-30,public,dipep_CN,0.0,9.635617106947134e-05
GFD-30,public,dipep_CP,0.0,-7.033261434030545e-05
GFD-30,public,dipep_CQ,0.0,0.0
GFD-30,public,dipep_CR,0.0,-7.663087300282821e-05
GFD-30,public,dipep_CS,0.0,-0.0001446765630551915
GFD-30,public,dipep_CT,0.0,-9.245357203475387e-05
GFD-30,public,dipep_CV,0.0,0.0
GFD-30,public,dipep_CW,0.0,-6.167929639059091e-05
GFD-30,public,dipep_CY,0.0,-0.00046940905862651055
GFD-30,public,dipep_DA,0.0,0.00012145862409321592
GFD-30,public,dipep_DC,0.0,0.0
GFD-30,public,dipep_DD,0.0,-4.843896172626832e-05
GFD-30,public,dipep_DE,0.0,-0.00042260061550460944
GFD-30,public,dipep_DF,0.0,-0.00013113613978442558
GFD-30,public,dipep_DG,0.0,-0.002054417035044232
GFD-30,public,dipep_DH,0.0,-6.81023451277741e-05
GFD-30,public,dipep_DI,0.03448275849223137,0.0008546730799455479
GFD-30,public,dipep_DK,0.0,-0.00010706416940755304
GFD-30,public,dipep_DL,0.0,-0.00025141909316574076
GFD-30,public,dipep_DM,0.0,0.0
GFD-30,public,dipep_DN,0.0,0.0
GFD-30,public,dipep_DP,0.0,0.0
GFD-30,public,dipep_DQ,0.0,-0.00011973144408514519
GFD-30,public,dipep_DR,0.0,-7.747240542352608e-05
GFD-30,public,dipep_DS,0.0,0.0
GFD-30,public,dipep_DT,0.0,-0.00011651160156160509
GFD-30,public,dipep_DV,0.03448275849223137,0.0009411460382508267
GFD-30,public,dipep_DW,0.0,-0.00011886562353608646
GFD-30,public,dipep_DY,0.0,6.984132681110303e-05
GFD-30,public,dipep_EA,0.0,-0.0024913538006737543
GFD-30,public,dipep_EC,0.0,-0.00020707772869598459
GFD-30,public,dipep_ED,0.0,-2.4640381135018367e-05
GFD-30,public,dipep_EE,0.0,-0.00012077303014698952
GFD-30,public,dipep_EF,0.0,-0.00016002348646098873
GFD-30,public,dipep_EG,0.0,-0.009673669171057905
GFD-30,public,dipep_EH,0.0,0.00010121188847858492
GFD-30,public,dipep_EI,0.0,-2.2348161270767306e-05
GFD-30,public,dipep_EK,0.0,0.0016899918349925836
GFD-30,public,dipep_EL,0.0,-4.34376079972162e-05
GFD-30,public,dipep_EM,0.0,0.0
GFD-30,public,dipep_EN,0.0,-0.005357779339816611
GFD-30,public,dipep_EP,0.0,0.0
GFD-30,public,dipep_EQ,0.0,-2.8416302738394907e-05
GFD-30,public,dipep_ER,0.0,-3.0892756010120204e-05
GFD-30,public,dipep_ES,0.0,-5.054625525681285e-05
GFD-30,public,dipep_ET,0.0,1.5441993481896756e-05
GFD-30,public,dipep_EV,0.03448275849223137,-0.0016642551906483078
GFD-30,public,dipep_EW,0.0,-3.463611512081918e-05
GFD-30,public,dipep_EY,0.0,-1.893763689940542e-05
GFD-30,public,dipep_FA,0.0,0.00010447995544202328
GFD-30,public,dipep_FC,0.0,-0.0012835347214851958
GFD-30,public,dipep_FD,0.03448275849223137,-0.0024734743174317144
GFD-30,public,dipep_FE,0.0,-0.0038818821806546307
GFD-30,public,dipep_FF,0.0,0.0004904151718510606
GFD-30,public,dipep_FG,0.0,-0.0019155750440000444
GFD-30,public,dipep_FH,0.0,-0.00026623525345503574
GFD-30,public,dipep_FI,0.0,-0.004683126784254505
GFD-30,public,dipep_FK,0.0,-0.0006488185801499966
GFD-30,public,dipep_FL,0.0,-0.006871607462485378
GFD-30,public,dipep_FM,0.0,-0.0001176260292804767
GFD-30,public,dipep_FN,0.0,2.4935883980704724e-05
GFD-30,public,dipep_FP,0.0,-0.0003854501596937136
GFD-30,public,dipep_FQ,0.0,-3.871178306654019e-06
GFD-30,public,dipep_FR,0.0,0.0006988499687020324
GFD-30,public,dipep_FS,0.0,5.4890503492869675e-05
GFD-30,public,dipep_FT,0.0,-0.0003450122954350077
GFD-30,public,dipep_FV,0.0,0.0005303718887052262
GFD-30,public,dipep_FW,0.0,-2.4084035982698566e-05
GFD-30,public,dipep_FY,0.0,2.0697382210282787e-05
GFD-30,public,dipep_GA,0.0,-0.0013865584430664353
GFD-30,public,dipep_GC,0.0,-0.0003354382538849779
GFD-30,public,dipep_GD,0.0,-0.00013406732431564734
GFD-30,public,dipep_GE,0.0,-4.0420396047436846e-05
GFD-30,public,dipep_GF,0.03448275849223137,0.007710191638090173
GFD-30,public,dipep_GG,0.0,0.00034322702842701024
GFD-30,public,dipep_GH,0.0,-0.0002203540428179638
GFD-30,public,dipep_GI,0.0,0.00032913010694345926
GFD-30,public,dipep_GK,0.0,-0.00018261802138432867
GFD-30,public,dipep_GL,0.03448275849223137,0.006245364922352568
GFD-30,public,dipep_GM,0.0,-0.0037096897448821034
GFD-30,public,dipep_GN,0.0,-0.00041293529794701294
GFD-30,public,dipep_GP,0.0,-0.0002784887017814832
GFD-30,public,dipep_GQ,0.0,0.0014794318952100639
GFD-30,public,dipep_GR,0.0,-0.004340644086038353
GFD-30,public,dipep_GS,0.0,-0.0001745908155712664
GFD-30,public,dipep_GT,0.0,0.00014765921613123543
GFD-30,public,dipep_GV,0.0,-0.0009532934459083292
GFD-30,public,dipep_GW,0.0,-0.005834447702705486
GFD-30,public,dipep_GY,0.03448275849223137,0.018951077787154182
GFD-30,public,dipep_HA,0.0,-0.00025622402600279854
GFD-30,public,dipep_HC,0.0,0.0
GFD-30,public,dipep_HD,0.0,0.0
GFD-30,public,dipep_HE,0.0,0.0
GFD-30,public,dipep_HF,0.0,0.0
GFD-30,public,dipep_HG,0.0,-0.00030976897992554314
GFD-30,public,dipep_HH,0.0,-5.2079909669861275e-05
GFD-30,public,dipep_HI,0.0,-0.0005724475679540557
GFD-30,public,dipep_HK,0.0,-0.0002970758464780208
GFD-30,public,dipep_HL,0.0,-3.9755181329125416e-05
GFD-30,public,dipep_HM,0.0,-2.2251708016541128e-05
GFD-30,public,dipep_HN,0.0,-1.992805575600498e-05
GFD-30,public,dipep_HP,0.0,0.0
GFD-30,public,dipep_HQ,0.0,-4.943823115673407e-05
GFD-30,public,dipep_HR,0.0,-0.00023985473565183848
GFD-30,public,dipep_HS,0.0,1.389137671484891e-05
GFD-30,public,dipep_HT,0.0,0.0
GFD-30,public,dipep_HV,0.0,1.977726221683613e-05
GFD-30,public,dipep_HW,0.0,-1.983043405209903e-05
GFD-30,public,dipep_HY,0.0,0.0
GFD-30,public,dipep_IA,0.0,-0.002377761945402494
GFD-30,public,dipep_IC,0.0,-0.00010157154274366882
GFD-30,public,dipep_ID,0.0,-0.004520684731227913
GFD-30,public,dipep_IE,0.0,-0.009130424739679531
GFD-30,public,dipep_IF,0.0,-0.0009310327238397355
GFD-30,public,dipep_IG,0.0,0.0003106894177693418
GFD-30,public,dipep_IH,0.0,1.6485303739293888e-05
GFD-30,public,dipep_II,0.0,-0.0014907019021280178
GFD-30,public,dipep_IK,0.03448275849223137,0.0034087891603400023
GFD-30,public,dipep_IL,0.03448275849223137,0.008316572728922961
GFD-30,public,dipep_IM,0.0,-2.5583009507298278e-05
GFD-30,public,dipep_IN,0.0,-0.0002623706245342261
GFD-30,public,dipep_IP,0.0,-0.0010555848683616123
GFD-30,public,dipep_IQ,0.03448275849223137,-0.0009310661798526532
GFD-30,public,dipep_IR,0.0,-8.054294116641583e-05
GFD-30,public,dipep_IS,0.0,-0.0027989703561190956
GFD-30,public,dipep_IT,0.0,-0.000205577580604346
GFD-30,public,dipep_IV,0.0,-0.00038911291596984435
GFD-30,public,dipep_IW,0.0,-0.00010682605642912271
GFD-30,public,dipep_IY,0.0,-1.3792818010309332e-05
GFD-30,public,dipep_KA,0.0,-0.00038642955241189025
GFD-30,public,dipep_KC,0.0,-0.0016035163043835127
GFD-30,public,dipep_KD,0.0,-0.00045280928174764164
GFD-30,public,dipep_KE,0.0,0.0003235522274480751
GFD-30,public,dipep_KF,0.0,-0.00012443303588574885
GFD-30,public,dipep_KG,0.03448275849223137,0.0010406277813365533
GFD-30,public,dipep_KH,0.0,-0.00016651233534925548
GFD-30,public,dipep_KI,0.03448275849223137,0.0013002111584542668
GFD-30,public,dipep_KK,0.1034482792019844,0.005531025786272535
GFD-30,public,dipep_KL,0.0,-0.002458734332094592
GFD-30,public,dipep_KM,0.0,0.00014932265681416907
GFD-30,public,dipep_KN,0.0,-0.0006020440118204923
GFD-30,public,dipep_KP,0.0,0.0002350616413222142
GFD-30,public,dipep_KQ,0.0,-0.000920567646319328
GFD-30,public,dipep_KR,0.03448275849223137,0.0005772969192408649
GFD-30,public,dipep_KS,0.0,0.0005335061292023338
GFD-30,public,dipep_KT,0.0,-0.001993696574132619
GFD-30,public,dipep_KV,0.03448275849223137,0.002773509878532275
GFD-30,public,dipep_KW,0.0,-0.00017073463388495258
GFD-30,public,dipep_KY,0.0,-0.0007110252597135767
GFD-30,public,dipep_LA,0.0,-0.000390197212953187
GFD-30,public,dipep_LC,0.0,-2.106535786634754e-06
GFD-30,public,dipep_LD,0.03448275849223137,0.0035818826776169072
GFD-30,public,dipep_LE,0.0,-0.00011098183712560665
GFD-30,public,dipep_LF,0.0,-0.02075541555860574
GFD-30,public,dipep_LG,0.03448275849223137,-0.00010881754154598015
GFD-30,public,dipep_LH,0.0,0.00023431545927092047
GFD-30,public,dipep_LI,0.0,-0.005391953502299665
GFD-30,public,dipep_LK,0.0,-0.002858292813854463
GFD-30,public,dipep_LL,0.03448275849223137,-0.0010746348940568074
GFD-30,public,dipep_LM,0.0,0.00035371085075983587
GFD-30,public,dipep_LN,0.0,-5.957104706546301e-05
GFD-30,public,dipep_LP,0.0,-0.0025849629128023364
GFD-30,public,dipep_LQ,0.0,0.00032704820938154886
GFD-30,public,dipep_LR,0.0,0.00031225471270458267
GFD-30,public,dipep_LS,0.03448275849223137,-0.0035603605049480784
GFD-30,public,dipep_LT,0.0,-0.00028918416506039407
GFD-30,public,dipep_LV,0.0,-0.001175238070400373
GFD-30,public,dipep_LW,0.0,-0.0004957725985070132
GFD-30,public,dipep_LY,0.0,-1.3790693674601878e-05
GFD-30,public,dipep_MA,0.0,-0.0001284323924971818
GFD-30,public,dipep_MC,0.0,-1.477488575259012e-05
GFD-30,public,dipep_MD,0.0,3.598910815154633e-05
GFD-30,public,dipep_ME,0.0,-0.00017117780610446847
GFD-30,public,dipep_MF,0.0,0.0
GFD-30,public,dipep_MG,0.0,-9.037018050661149e-05
GFD-30,public,dipep_MH,0.0,0.0
GFD-30,public,dipep_MI,0.0,-0.0030338592075327946
GFD-30,public,dipep_MK,0.0,0.0001052970722131085
GFD-30,public,dipep_ML,0.0,0.0001313682690818274
GFD-30,public,dipep_MM,0.0,-1.1127184567745117e-05
GFD-30,public,dipep_MN,0.0,-0.00014171471276535214
GFD-30,public,dipep_MP,0.0,0.0
GFD-30,public,dipep_MQ,0.0,0.0
GFD-30,public,dipep_MR,0.0,-0.00014093431354522524
GFD-30,public,dipep_MS,0.0,-0.00028644824391854657
GFD-30,public,dipep_MT,0.0,-0.000382957280787494
GFD-30,public,dipep_MV,0.0,3.679012065600855e-05
GFD-30,public,dipep_MW,0.0,1.7729908058237946e-05
GFD-30,public,dipep_MY,0.0,-5.103287772492532e-05
GFD-30,public,dipep_NA,0.0,-0.0004543970699206057
GFD-30,public,dipep_NC,0.0,-4.106253166182679e-05
GFD-30,public,dipep_ND,0.0,0.0
GFD-30,public,dipep_NE,0.0,-3.404955966155421e-05
GFD-30,public,dipep_NF,0.0,-6.617164315718701e-05
GFD-30,public,dipep_NG,0.0,-0.002591324381292543
GFD-30,public,dipep_NH,0.0,0.0
GFD-30,public,dipep_NI,0.0,-5.490302261625464e-05
GFD-30,public,dipep_NK,0.03448275849223137,0.002170183874216704
GFD-30,public,dipep_NL,0.0,6.333039336339773e-05
GFD-30,public,dipep_NM,0.0,-2.134660468355567e-05
GFD-30,public,dipep_NN,0.0,-4.553177158010005e-06
GFD-30,public,dipep_NP,0.0,-0.0004725312595455582
GFD-30,public,dipep_NQ,0.0,-0.00041904135045156896
GFD-30,public,dipep_NR,0.0,-0.0001301216991197835
GFD-30,public,dipep_NS,0.0,0.0001004925156401535
GFD-30,public,dipep_NT,0.0,-0.001742615211662343
GFD-30,public,dipep_NV,0.0,-0.0002919856061647072
GFD-30,public,dipep_NW,0.0,-6.125881670765482e-05
GFD-30,public,dipep_NY,0.0,-5.021115688747058e-05
GFD-30,public,dipep_PA,0.0,-0.00030703837569799
GFD-30,public,dipep_PC,0.0,-6.740824812191245e-05
GFD-30,public,dipep_PD,0.0,0.0
GFD-30,public,dipep_PE,0.0,-0.00024773726612150677
GFD-30,public,dipep_PF,0.0,3.093862861841864e-05
GFD-30,public,dipep_PG,0.0,2.2943455679269112e-05
GFD-30,public,dipep_PH,0.0,-5.455866072579375e-05
GFD-30,public,dipep_PI,0.0,0.00016418399565845326
GFD-30,public,dipep_PK,0.03448275849223137,0.003114246969415759
GFD-30,public,dipep_PL,0.0,-0.000709964703920829
GFD-30,public,dipep_PM,0.0,0.0
GFD-30,public,dipep_PN,0.0,-0.0003936218221932508
GFD-30,public,dipep_PP,0.0,5.700672845554041e-05
GFD-30,public,dipep_PQ,0.0,0.0
GFD-30,public,dipep_PR,0.0,0.001123238730846235
GFD-30,public,dipep_PS,0.0,-0.00048348261594066325
GFD-30,public,dipep_PT,0.0,-5.449739713343779e-05
GFD-30,public,dipep_PV,0.0,9.709910812103349e-05
GFD-30,public,dipep_PW,0.0,0.0
GFD-30,public,dipep_PY,0.0,0.0
GFD-30,public,dipep_QA,0.0,6.652528353778524e-05
GFD-30,public,dipep_QC,0.0,-2.1694203894378028e-05
GFD-30,public,dipep_QD,0.0,-0.0003613519427409128
GFD-30,public,dipep_QE,0.0,0.0
GFD-30,public,dipep_QF,0.0,-9.720287843818132e-05
GFD-30,public,dipep_QG,0.0,-7.348675385307063e-06
GFD-30,public,dipep_QH,0.0,-0.002020428009546652
GFD-30,public,dipep_QI,0.0,1.2915685070935208e-05
GFD-30,public,dipep_QK,0.0,0.0004265063253798058
GFD-30,public,dipep_QL,0.03448275849223137,0.008296701960080723
GFD-30,public,dipep_QM,0.0,0.0
GFD-30,public,dipep_QN,0.0,5.8776482088094906e-06
GFD-30,public,dipep_QP,0.0,-0.0005186371240591324
GFD-30,public,dipep_QQ,0.0,-0.0002278914645134486
GFD-30,public,dipep_QR,0.0,-0.0029883762605497776
GFD-30,public,dipep_QS,0.0,-0.00033638315305313526
GFD-30,public,dipep_QT,0.0,0.0
GFD-30,public,dipep_QV,0.0,2.8052837905191596e-05
GFD-30,public,dipep_QW,0.0,-0.0001620359002841837
GFD-30,public,dipep_QY,0.0,0.0
GFD-30,public,dipep_RA,0.0,-2.7984793622046774e-05
GFD-30,public,dipep_RC,0.0,4.447447499971042e-05
GFD-30,public,dipep_RD,0.0,0.0002578985927877403
GFD-30,public,dipep_RE,0.0,3.4555722222376823e-05
GFD-30,public,dipep_RF,0.0,0.0002806683463224709
GFD-30,public,dipep_RG,0.0,-0.0002561758602585087
GFD-30,public,dipep_RH,0.0,3.6818663241434835e-05
GFD-30,public,dipep_RI,0.03448275849223137,-0.003656096574776685
GFD-30,public,dipep_RK,0.0,-0.0019896737100227697
GFD-30,public,dipep_RL,0.0,0.001992020768042618
GFD-30,public,dipep_RM,0.0,-4.088206302907866e-05
GFD-30,public,dipep_RN,0.0,0.00043591338366665933
GFD-30,public,dipep_RP,0.0,0.0006592591451203493
GFD-30,public,dipep_RQ,0.0,-0.010015552647552045
GFD-30,public,dipep_RR,0.0,-0.0015063292216169627
GFD-30,public,dipep_RS,0.0,-0.0001090380104199901
GFD-30,public,dipep_RT,0.0,0.000244800595338469
GFD-30,public,dipep_RV,0.0,0.00013846619895779876
GFD-30,public,dipep_RW,0.0,-0.000626021971780026
GFD-30,public,dipep_RY,0.0,-0.0002863052564416005
GFD-30,public,dipep_SA,0.0,-2.4310284354827705e-05
GFD-30,public,dipep_SC,0.0,-0.0001550983076694841
GFD-30,public,dipep_SD,0.0,-0.0001734521749093324
GFD-30,public,dipep_SE,0.0,2.2096018746666305e-05
GFD-30,public,dipep_SF,0.0,-3.4260139906434406e-05
GFD-30,public,dipep_SG,0.0,-0.00013454099255577704
GFD-30,public,dipep_SH,0.0,-4.775369232453937e-05
GFD-30,public,dipep_SI,0.0,-0.0009316393406894368
GFD-30,public,dipep_SK,0.0,-0.006250778994766058
GFD-30,public,dipep_SL,0.0,-0.0006603435267488527
GFD-30,public,dipep_SM,0.0,-1.4132647888449232e-05
GFD-30,public,dipep_SN,0.0,-0.0003377806825849988
GFD-30,public,dipep_SP,0.03448275849223137,0.0028255334823276425
GFD-30,public,dipep_SQ,0.0,9.028961059517378e-05
GFD-30,public,dipep_SR,0.0,-0.00019924394440844683
GFD-30,public,dipep_SS,0.0,-0.00013647566195951652
GFD-30,public,dipep_ST,0.0,-0.00022889452996808414
GFD-30,public,dipep_SV,0.0,0.00027943057845167686
GFD-30,public,dipep_SW,0.0,-0.00028915362201523343
GFD-30,public,dipep_SY,0.0,-0.00019274623359965548
GFD-30,public,dipep_TA,0.0,-0.0009406514227303085
GFD-30,public,dipep_TC,0.0,-2.9892795901949497e-05
GFD-30,public,dipep_TD,0.0,0.00043421059352058487
GFD-30,public,dipep_TE,0.0,0.0
GFD-30,public,dipep_TF,0.0,-0.0005648162067011376
GFD-30,public,dipep_TG,0.0,-0.0010433224924134253
GFD-30,public,dipep_TH,0.0,0.0
GFD-30,public,dipep_TI,0.0,-0.0030174835256170287
GFD-30,public,dipep_TK,0.0,7.324887085629281e-05
GFD-30,public,dipep_TL,0.0,-0.0008578175102747806
GFD-30,public,dipep_TM,0.0,0.0
GFD-30,public,dipep_TN,0.0,-5.591099672904444e-05
GFD-30,public,dipep_TP,0.0,7.497133510180744e-05
GFD-30,public,dipep_TQ,0.0,-0.00011631908720787061
GFD-30,public,dipep_TR,0.0,2.4332253641489166e-05
GFD-30,public,dipep_TS,0.0,-6.504583419888189e-05
GFD-30,public,dipep_TT,0.0,-0.00040031952203197337
GFD-30,public,dipep_TV,0.0,-0.0007874763756298989
GFD-30,public,dipep_TW,0.0,0.0
GFD-30,public,dipep_TY,0.0,0.0
GFD-30,public,dipep_VA,0.0,-0.0011579755936679168
GFD-30,public,dipep_VC,0.0,-0.00027513184899371807
GFD-30,public,dipep_VD,0.0,0.0
GFD-30,public,dipep_VE,0.0,0.00022972377824587728
GFD-30,public,dipep_VF,0.0,0.00016732612919302876
GFD-30,public,dipep_VG,0.0,-0.0009461379243301095
GFD-30,public,dipep_VH,0.0,-0.00028704380218406257
GFD-30,public,dipep_VI,0.0,0.00020946386505663931
GFD-30,public,dipep_VK,0.03448275849223137,-0.006815817893550615
GFD-30,public,dipep_VL,0.0,-0.0022096324068997877
GFD-30,public,dipep_VM,0.0,0.0
GFD-30,public,dipep_VN,0.03448275849223137,0.002951843302403872
GFD-30,public,dipep_VP,0.0,-0.00013835064486923654
GFD-30,public,dipep_VQ,0.0,6.8056539801710645e-06
GFD-30,public,dipep_VR,0.0,0.0005397252324876068
GFD-30,public,dipep_VS,0.0,-5.23165919224015e-05
GFD-30,public,dipep_VT,0.0,-0.0001870750767475067
GFD-30,public,dipep_VV,0.0,0.00044726921004354205
GFD-30,public,dipep_VW,0.0,-5.778007913330203e-05
GFD-30,public,dipep_VY,0.0,6.879921780032747e-05
GFD-30,public,dipep_WA,0.0,0.0
GFD-30,public,dipep_WC,0.0,0.0
GFD-30,public,dipep_WD,0.0,0.0
GFD-30,public,dipep_WE,0.0,-0.0034062956697258734
GFD-30,public,dipep_WF,0.0,-0.000642828780773013
GFD-30,public,dipep_WG,0.0,-4.111912443919562e-05
GFD-30,public,dipep_WH,0.0,0.0
GFD-30,public,dipep_WI,0.0,-0.0011688468651882492
GFD-30,public,dipep_WK,0.0,-0.00026128390563528314
GFD-30,public,dipep_WL,0.0,-0.00016860580584578496
GFD-30,public,dipep_WM,0.0,0.0
GFD-30,public,dipep_WN,0.0,-0.00010182657916901315
GFD-30,public,dipep_WP,0.0,-8.391128913008604e-06
GFD-30,public,dipep_WQ,0.0,-7.134190183745226e-05
GFD-30,public,dipep_WR,0.0,-9.655075235563336e-05
GFD-30,public,dipep_WS,0.0,-8.306800793720813e-05
GFD-30,public,dipep_WT,0.0,0.0
GFD-30,public,dipep_WV,0.0,-1.8532531011501627e-05
GFD-30,public,dipep_WW,0.0,-0.00023550424579980446
GFD-30,public,dipep_WY,0.0,-0.010809611441989046
GFD-30,public,dipep_YA,0.0,-2.7608723581836647e-05
GFD-30,public,dipep_YC,0.0,0.00013507262478487731
GFD-30,public,dipep_YD,0.0,0.0
GFD-30,public,dipep_YE,0.03448275849223137,-0.0012126984126984127
GFD-30,public,dipep_YF,0.0,0.0
GFD-30,public,dipep_YG,0.0,-0.011931850894748313
GFD-30,public,dipep_YH,0.0,0.0
GFD-30,public,dipep_YI,0.0,-0.0002448094205144097
GFD-30,public,dipep_YK,0.0,0.00012282360821680625
GFD-30,public,dipep_YL,0.0,-0.000576462961754017
GFD-30,public,dipep_YM,0.0,0.0
GFD-30,public,dipep_YN,0.0,0.0
GFD-30,public,dipep_YP,0.0,0.0
GFD-30,public,dipep_YQ,0.0,-0.00015350005424581633
GFD-30,public,dipep_YR,0.0,-1.6598912859047128e-05
GFD-30,public,dipep_YS,0.0,-6.57285938237968e-05
GFD-30,public,dipep_YT,0.0,-1.0757565465454906e-05
GFD-30,public,dipep_YV,0.0,-3.694107699395924e-05
GFD-30,public,dipep_YW,0.0,-0.0001185327700417593
GFD-30,public,dipep_YY,0.0,2.4558664183040392e-05
GPE-19,public,length,19.0,-0.030086945263422038
GPE-19,public,charge,2.976518154144287,-0.0019691195672429922
GPE-19,public,boman,1.5568420886993408,-0.026011017003477264
GPE-19,public,hmoment,0.45194515585899353,-0.02905343700957188
GPE-19,public,apv,0.23899999260902405,0.005021928418302061
GPE-19,public,alpha,1.0515789985656738,0.004621597899107538
GPE-19,public,basic_frac,0.21052631735801697,0.002039945614376855
GPE-19,public,acidic_frac,0.05263157933950424,-0.006459321240400877
GPE-19,public,aromatic_frac,0.10526315867900848,-0.0019656574444122028
GPE-19,public,hydrophobic_frac,0.3684210479259491,-0.022318941842367344
GPE-19,public,proline_frac,0.05263157933950424,0.0031598887274766688
GPE-19,public,glycine_frac,0.05263157933950424,-3.9426335865230333e-05
GPE-19,public,aa_A,0.0,-0.010267061612706263
GPE-19,public,aa_C,0.0,-0.0025621696565784383
GPE-19,public,aa_D,0.0,-0.0010560624165540404
GPE-19,public,aa_E,0.05263157933950424,-0.013803552142003461
GPE-19,public,aa_F,0.10526315867900848,0.004443710711267464
GPE-19,public,aa_G,0.05263157933950424,-0.0005896001480790727
GPE-19,public,aa_H,0.0,-0.0017437481488405725
GPE-19,public,aa_I,0.0,-0.022044486202902253
GPE-19,public,aa_K,0.21052631735801697,-0.0062317187515378465
GPE-19,public,aa_L,0.05263157933950424,-0.0033534344738735886
GPE-19,public,aa_M,0.15789473056793213,-0.002679490792883901
GPE-19,public,aa_N,0.10526315867900848,-0.0014490476705617545
GPE-19,public,aa_P,0.05263157933950424,0.003213574841477855
GPE-19,public,aa_Q,0.0,-0.0066054537453982464
GPE-19,public,aa_R,0.0,0.018923868285059774
GPE-19,public,aa_S,0.15789473056793213,0.004772411860293182
GPE-19,public,aa_T,0.0,-0.0034199846127837903
GPE-19,public,aa_V,0.05263157933950424,-0.006054051044899317
GPE-19,public,aa_W,0.0,-0.005057909192010146
GPE-19,public,aa_Y,0.0,-0.002391904358499246
GPE-19,public,dipep_AA,0.0,-0.00337385595420545
GPE-19,public,dipep_AC,0.0,0.0
GPE-19,public,dipep_AD,0.0,-9.233746749601115e-05
GPE-19,public,dipep_AE,0.0,0.0002532416475166952
GPE-19,public,dipep_AF,0.0,-1.668998768736157e-05
GPE-19,public,dipep_AG,0.0,-6.475270219321687e-05
GPE-19,public,dipep_AH,0.0,-0.0004347326798561949
GPE-19,public,dipep_AI,0.0,-0.006411938809441045
GPE-19,public,dipep_AK,0.0,-0.001997300446769371
GPE-19,public,dipep_AL,0.0,-0.003075050750563502
GPE-19,public,dipep_AM,0.0,-0.0005942498720298206
GPE-19,public,dipep_AN,0.0,-0.0009207946501028836
GPE-19,public,dipep_AP,0.0,0.00015858056897457036
GPE-19,public,dipep_AQ,0.0,-0.0014167175645646585
GPE-19,public,dipep_AR,0.0,0.00013243553221424682
GPE-19,public,dipep_AS,0.0,-0.0001682168802936004
GPE-19,public,dipep_AT,0.0,-0.0002664519990846062
GPE-19,public,dipep_AV,0.0,-0.0006930502122346574
GPE-19,public,dipep_AW,0.0,-0.00012309027099100938
GPE-19,public,dipep_AY,0.0,-5.7510274348595785e-05
GPE-19,public,dipep_CA,0.0,-0.0001328514418810297
GPE-19,public,dipep_CC,0.0,-0.0007285710520765771
GPE-19,public,dipep_CD,0.0,-9.366792487849246e-05
GPE-19,public,dipep_CE,0.0,-4.746086286079564e-05
GPE-19,public,dipep_CF,0.0,-9.642161777569707e-06
GPE-19,public,dipep_CG,0.0,-0.006484112118931819
GPE-19,public,dipep_CH,0.0,-7.879450927229482e-05
GPE-19,public,dipep_CI,0.0,-9.371362757457974e-05
GPE-19,public,dipep_CK,0.0,-0.0002489924143243991
GPE-19,public,dipep_CL,0.0,-6.323146463546944e-05
GPE-19,public,dipep_CM,0.0,0.0
GPE-19,public,dipep_CN,0.0,4.475258798901887e-06
GPE-19,public,dipep_CP,0.0,-7.459841711820625e-05
GPE-19,public,dipep_CQ,0.0,0.00013909566673733965
GPE-19,public,dipep_CR,0.0,8.614650438221912e-05
GPE-19,public,dipep_CS,0.0,-9.55186407266668e-05
GPE-19,public,dipep_CT,0.0,-0.00017103353924964284
GPE-19,public,dipep_CV,0.0,-0.0003944042900990989
GPE-19,public,dipep_CW,0.0,-3.982850600024329e-05
GPE-19,public,dipep_CY,0.0,-0.00035250355869443034
GPE-19,public,dipep_DA,0.0,0.0003375476335671378
GPE-19,public,dipep_DC,0.0,3.286353786939676e-05
GPE-19,public,dipep_DD,0.0,-9.377334135036842e-05
GPE-19,public,dipep_DE,0.0,-0.0002661392846451145
GPE-19,public,dipep_DF,0.0,-0.00010284933536010784
GPE-19,public,dipep_DG,0.0,-0.0017928970552022986
GPE-19,public,dipep_DH,0.0,-8.009566622191411e-05
GPE-19,public,dipep_DI,0.0,-0.0003589684886673824
GPE-19,public,dipep_DK,0.0,0.00014503466276351708
GPE-19,public,dipep_DL,0.0,-0.0007194814262299938
GPE-19,public,dipep_DM,0.0,0.0
GPE-19,public,dipep_DN,0.0,0.0
GPE-19,public,dipep_DP,0.0,0.0
GPE-19,public,dipep_DQ,0.0,-1.6748687430548516e-05
GPE-19,public,dipep_DR,0.0,-0.0003093410950004155
GPE-19,public,dipep_DS,0.0,-2.0873737430829083e-05
GPE-19,public,dipep_DT,0.0,-9.569597618815815e-05
GPE-19,public,dipep_DV,0.0,1.0213089878929862e-05
GPE-19,public,dipep_DW,0.0,-5.2644666959607605e-05
GPE-19,public,dipep_DY,0.0,-3.163038440119333e-05
GPE-19,public,dipep_EA,0.0,-0.0024884140308491574
GPE-19,public,dipep_EC,0.0,-0.0002635084153348544
GPE-19,public,dipep_ED,0.0,-1.350634791457969e-05
GPE-19,public,dipep_EE,0.0,-0.00013487339928112296
GPE-19,public,dipep_EF,0.0,-0.00012205659136072588
GPE-19,public,dipep_EG,0.0,-0.00902255903989539
GPE-19,public,dipep_EH,0.0,4.6976532904948426e-05
GPE-19,public,dipep_EI,0.0,-0.00014881541118972694
GPE-19,public,dipep_EK,0.0,0.0006314642425935849
GPE-19,public,dipep_EL,0.0,-7.06235476732022e-05
GPE-19,public,dipep_EM,0.0,0.0
GPE-19,public,dipep_EN,0.0555555559694767,0.038875370988273636
GPE-19,public,dipep_EP,0.0,0.0
GPE-19,public,dipep_EQ,0.0,-1.841963621247032e-05
GPE-19,public,dipep_ER,0.0,-1.5521165497246826e-05
GPE-19,public,dipep_ES,0.0,-6.0321467042358395e-05
GPE-19,public,dipep_ET,0.0,0.0
GPE-19,public,dipep_EV,0.0,0.0
GPE-19,public,dipep_EW,0.0,-3.463611512081918e-05
GPE-19,public,dipep_EY,0.0,0.0
GPE-19,public,dipep_FA,0.0,-0.00018020975369108821
GPE-19,public,dipep_FC,0.0,-0.000769464599043433
GPE-19,public,dipep_FD,0.0,-8.98531108238411e-05
GPE-19,public,dipep_FE,0.0,-0.003161385437092604
GPE-19,public,dipep_FF,0.0,0.0004153537821603768
GPE-19,public,dipep_FG,0.0,-0.0008902717253928004
GPE-19,public,dipep_FH,0.0,-0.00010027849894860523
GPE-19,public,dipep_FI,0.0,-0.0036188515461453657
GPE-19,public,dipep_FK,0.0,0.0002850411912018869
GPE-19,public,dipep_FL,0.0,-0.006765736630262162
GPE-19,public,dipep_FM,0.0555555559694767,0.0030149823413191954
GPE-19,public,dipep_FN,0.0,-2.606122246049588e-05
GPE-19,public,dipep_FP,0.0,-0.0009367714028805346
GPE-19,public,dipep_FQ,0.0,-0.00018703459038470658
GPE-19,public,dipep_FR,0.0,0.0002181751457661728
GPE-19,public,dipep_FS,0.0555555559694767,0.001330493867518432
GPE-19,public,dipep_FT,0.0,-0.000277937244693666
GPE-19,public,dipep_FV,0.0,0.00012706257432788416
GPE-19,public,dipep_FW,0.0,-8.560320962801658e-05
GPE-19,public,dipep_FY,0.0,-2.1300017329036033e-05
GPE-19,public,dipep_GA,0.0,-0.0008699001387432261
GPE-19,public,dipep_GC,0.0,-0.00022524463516486673
GPE-19,public,dipep_GD,0.0,-0.0002284983166857297
GPE-19,public,dipep_GE,0.0,-0.00013659669760895496
GPE-19,public,dipep_GF,0.0,-0.0029875113832790526
GPE-19,public,dipep_GG,0.0,-2.333870548230671e-05
GPE-19,public,dipep_GH,0.0,-0.0004307851330116458
GPE-19,public,dipep_GI,0.0,-0.00023704889574771654
GPE-19,public,dipep_GK,0.0,-0.0003287294083364331
GPE-19,public,dipep_GL,0.0,-0.0017373661973989847
GPE-19,public,dipep_GM,0.0,-0.004637014986337846
GPE-19,public,dipep_GN,0.0,-1.3950957268977335e-05
GPE-19,public,dipep_GP,0.0555555559694767,0.001702312003623082
GPE-19,public,dipep_GQ,0.0,0.0008174261861057663
GPE-19,public,dipep_GR,0.0,-0.0027719761206215993
GPE-19,public,dipep_GS,0.0,-0.0005369543873720436
GPE-19,public,dipep_GT,0.0,-5.910151048826923e-05
GPE-19,public,dipep_GV,0.0,-0.0014502534359080504
GPE-19,public,dipep_GW,0.0,-0.004290419484500347
GPE-19,public,dipep_GY,0.0,-0.003963921395959465
GPE-19,public,dipep_HA,0.0,-0.00028202096974959607
GPE-19,public,dipep_HC,0.0,0.0
GPE-19,public,dipep_HD,0.0,0.0
GPE-19,public,dipep_HE,0.0,0.0
GPE-19,public,dipep_HF,0.0,-7.473380013849102e-06
GPE-19,public,dipep_HG,0.0,-5.6339751676799496e-05
GPE-19,public,dipep_HH,0.0,-0.00022129977644659766
GPE-19,public,dipep_HI,0.0,-0.0004432567037860066
GPE-19,public,dipep_HK,0.0,-0.0008052247446109091
GPE-19,public,dipep_HL,0.0,-0.00018885479892059845
GPE-19,public,dipep_HM,0.0,-6.469956377761704e-05
GPE-19,public,dipep_HN,0.0,-5.078635685663504e-05
GPE-19,public,dipep_HP,0.0,0.00024469374901548547
GPE-19,public,dipep_HQ,0.0,-3.965470992664229e-05
GPE-19,public,dipep_HR,0.0,-0.0001575092630159685
GPE-19,public,dipep_HS,0.0,-2.528237932183688e-05
GPE-19,public,dipep_HT,0.0,0.0
GPE-19,public,dipep_HV,0.0,-6.928902371366452e-05
GPE-19,public,dipep_HW,0.0,-1.983043405209903e-05
GPE-19,public,dipep_HY,0.0,-1.3465383722586984e-05
GPE-19,public,dipep_IA,0.0,-0.0010851792465524028
GPE-19,public,dipep_IC,0.0,-0.0006769074023749226
GPE-19,public,dipep_ID,0.0,-0.004006596717315072
GPE-19,public,dipep_IE,0.0,-0.008077261301096119
GPE-19,public,dipep_IF,0.0,-0.0009133659785332037
GPE-19,public,dipep_IG,0.0,-0.0008841430842840311
GPE-19,public,dipep_IH,0.0,-0.0003740280589928718
GPE-19,public,dipep_II,0.0,-0.0018659865564396982
GPE-19,public,dipep_IK,0.0,-0.0026688937010446606
GPE-19,public,dipep_IL,0.0,-0.0033039302841763687
GPE-19,public,dipep_IM,0.0,-7.19610956669232e-05
GPE-19,public,dipep_IN,0.0,-0.000343181946914348
GPE-19,public,dipep_IP,0.0,-0.0012950493705935371
GPE-19,public,dipep_IQ,0.0,-0.00018051572518082968
GPE-19,public,dipep_IR,0.0,7.703775009005558e-06
GPE-19,public,dipep_IS,0.0,-0.0025111229254035526
GPE-19,public,dipep_IT,0.0,-0.0002623826318477331
GPE-19,public,dipep_IV,0.0,-0.0009972887322154504
GPE-19,public,dipep_IW,0.0,-0.0003702247931026715
GPE-19,public,dipep_IY,0.0,0.0001506060619955557
GPE-19,public,dipep_KA,0.0,0.00027601045565271633
GPE-19,public,dipep_KC,0.0,-0.0010883637412354306
GPE-19,public,dipep_KD,0.0,-0.0005339345546808273
GPE-19,public,dipep_KE,0.0,0.00036696358365119507
GPE-19,public,dipep_KF,0.0,0.00015508457102024622
GPE-19,public,dipep_KG,0.0,-0.00011976263114329501
GPE-19,public,dipep_KH,0.0,-8.475023832503152e-05
GPE-19,public,dipep_KI,0.0,-0.003614462504960142
GPE-19,public,dipep_KK,0.0,-0.006212476801966635
GPE-19,public,dipep_KL,0.0,-0.0007638774772181083
GPE-19,public,dipep_KM,0.1111111119389534,0.0
GPE-19,public,dipep_KN,0.0555555559694767,0.006563100893923543
GPE-19,public,dipep_KP,0.0,-3.0611899766966224e-05
GPE-19,public,dipep_KQ,0.0,-0.00022215256739711772
GPE-19,public,dipep_KR,0.0,0.0005762542569608975
GPE-19,public,dipep_KS,0.0555555559694767,-0.00043444428837984645
GPE-19,public,dipep_KT,0.0,-0.0009099361132643284
GPE-19,public,dipep_KV,0.0,-0.0018117751808691789
GPE-19,public,dipep_KW,0.0,-0.00023849921805385398
GPE-19,public,dipep_KY,0.0,-0.0004760436096450641
GPE-19,public,dipep_LA,0.0,-0.00036542748688508464
GPE-19,public,dipep_LC,0.0,-6.410579236112963e-05
GPE-19,public,dipep_LD,0.0,-0.0002975483921324413
GPE-19,public,dipep_LE,0.0,0.00019547833260203168
GPE-19,public,dipep_LF,0.0,-0.015343910196977208
GPE-19,public,dipep_LG,0.0,-0.0008816057431372417
GPE-19,public,dipep_LH,0.0,0.0001903108409741621
GPE-19,public,dipep_LI,0.0,-0.003461878813999543
GPE-19,public,dipep_LK,0.0,-0.005173168000562803
GPE-19,public,dipep_LL,0.0,-0.0008252476113075513
GPE-19,public,dipep_LM,0.0,0.0001869657200399835
GPE-19,public,dipep_LN,0.0,-0.0003386281724577608
GPE-19,public,dipep_LP,0.0,-0.002165466756296428
GPE-19,public,dipep_LQ,0.0,-0.0002759098755664898
GPE-19,public,dipep_LR,0.0,0.00014305409210717664
GPE-19,public,dipep_LS,0.0,-0.0013261234353885998
GPE-19,public,dipep_LT,0.0,-0.0003274544164801367
GPE-19,public,dipep_LV,0.0555555559694767,0.014575723688084524
GPE-19,public,dipep_LW,0.0,-0.0007449526871735377
GPE-19,public,dipep_LY,0.0,-4.489744455275073e-05
GPE-19,public,dipep_MA,0.0,-0.0001353783069081519
GPE-19,public,dipep_MC,0.0,-4.088093751341379e-05
GPE-19,public,dipep_MD,0.0,-6.509754769824329e-05
GPE-19,public,dipep_ME,0.0,-0.00010552193574900787
GPE-19,public,dipep_MF,0.0555555559694767,0.0
GPE-19,public,dipep_MG,0.0,-0.00018466144686898761
GPE-19,public,dipep_MH,0.0,0.0
GPE-19,public,dipep_MI,0.0,-0.002467150215672947
GPE-19,public,dipep_MK,0.1111111119389534,0.0007970681656238681
GPE-19,public,dipep_ML,0.0,8.215022674888606e-05
GPE-19,public,dipep_MM,0.0,-2.1178390646038364e-05
GPE-19,public,dipep_MN,0.0,1.0631447401358534e-05
GPE-19,public,dipep_MP,0.0,0.0
GPE-19,public,dipep_MQ,0.0,-9.694188237588309e-05
GPE-19,public,dipep_MR,0.0,-0.00012167500782024748
GPE-19,public,dipep_MS,0.0,-0.00022436199539500006
GPE-19,public,dipep_MT,0.0,-0.0003552858383320776
GPE-19,public,dipep_MV,0.0,-1.3537805701448885e-05
GPE-19,public,dipep_MW,0.0,0.0
GPE-19,public,dipep_MY,0.0,-0.0009451608891744704
GPE-19,public,dipep_NA,0.0,-0.00038989405845981046
GPE-19,public,dipep_NC,0.0,-9.845784383307775e-05
GPE-19,public,dipep_ND,0.0,8.613858073125647e-05
GPE-19,public,dipep_NE,0.0,-3.404955966155421e-05
GPE-19,public,dipep_NF,0.0555555559694767,0.0042376840684066955
GPE-19,public,dipep_NG,0.0,-0.0024395773779667933
GPE-19,public,dipep_NH,0.0,0.0
GPE-19,public,dipep_NI,0.0,-6.698432436775696e-05
GPE-19,public,dipep_NK,0.0,-3.4308995903789616e-05
GPE-19,public,dipep_NL,0.0555555559694767,-0.0022479767059948347
GPE-19,public,dipep_NM,0.0,-2.738874425489972e-05
GPE-19,public,dipep_NN,0.0,-1.7799942802756587e-05
GPE-19,public,dipep_NP,0.0,0.0
GPE-19,public,dipep_NQ,0.0,-0.0002672262723921897
GPE-19,public,dipep_NR,0.0,-1.5987229790286582e-05
GPE-19,public,dipep_NS,0.0,-3.4278348580333265e-05
GPE-19,public,dipep_NT,0.0,-0.0013829514954604015
GPE-19,public,dipep_NV,0.0,-5.98844408277867e-05
GPE-19,public,dipep_NW,0.0,-0.00013236110163164502
GPE-19,public,dipep_NY,0.0,-0.00011458886948583901
GPE-19,public,dipep_PA,0.0,-0.0002635633755077437
GPE-19,public,dipep_PC,0.0,-0.0004006038558828543
GPE-19,public,dipep_PD,0.0,0.0
GPE-19,public,dipep_PE,0.0555555559694767,0.008246712976505139
GPE-19,public,dipep_PF,0.0,-0.0004282119646369472
GPE-19,public,dipep_PG,0.0,-3.992099896786988e-05
GPE-19,public,dipep_PH,0.0,-9.271659304347468e-05
GPE-19,public,dipep_PI,0.0,-6.710958468250991e-05
GPE-19,public,dipep_PK,0.0,-0.001766159902195803
GPE-19,public,dipep_PL,0.0,0.0001165519845240993
GPE-19,public,dipep_PM,0.0,0.0
GPE-19,public,dipep_PN,0.0,0.0
GPE-19,public,dipep_PP,0.0,-3.249647367184556e-05
GPE-19,public,dipep_PQ,0.0,8.426531712694585e-05
GPE-19,public,dipep_PR,0.0,0.0004360377044842034
GPE-19,public,dipep_PS,0.0,-0.0002744097475883314
GPE-19,public,dipep_PT,0.0,-3.858733560228999e-05
GPE-19,public,dipep_PV,0.0,-1.4746242032265107e-05
GPE-19,public,dipep_PW,0.0,-7.062418382987532e-05
GPE-19,public,dipep_PY,0.0,0.0
GPE-19,public,dipep_QA,0.0,-9.33067545354798e-05
GPE-19,public,dipep_QC,0.0,-7.789210629619725e-05
GPE-19,public,dipep_QD,0.0,-0.00027077141891843266
GPE-19,public,dipep_QE,0.0,-7.606092192220526e-06
GPE-19,public,dipep_QF,0.0,-4.3533971008831885e-05
GPE-19,public,dipep_QG,0.0,-7.80945934540395e-05
GPE-19,public,dipep_QH,0.0,-0.0011430771573645762
GPE-19,public,dipep_QI,0.0,-0.00031986109520984674
GPE-19,public,dipep_QK,0.0,6.824951481136123e-05
GPE-19,public,dipep_QL,0.0,-0.0002750164070659382
GPE-19,public,dipep_QM,0.0,-1.7570555751425006e-05
GPE-19,public,dipep_QN,0.0,-2.2916707886762858e-05
GPE-19,public,dipep_QP,0.0,-0.0008347043621043471
GPE-19,public,dipep_QQ,0.0,-1.627686974641706e-05
GPE-19,public,dipep_QR,0.0,-0.0028556689410975953
GPE-19,public,dipep_QS,0.0,-0.0003801713154419296
GPE-19,public,dipep_QT,0.0,0.0
GPE-19,public,dipep_QV,0.0,-6.786987825863047e-06
GPE-19,public,dipep_QW,0.0,-0.00012978578096952545
GPE-19,public,dipep_QY,0.0,0.0
GPE-19,public,dipep_RA,0.0,-0.0003534585040709109
GPE-19,public,dipep_RC,0.0,8.352443691459208e-05
GPE-19,public,dipep_RD,0.0,-0.0001006641098200566
GPE-19,public,dipep_RE,0.0,2.0589927089446623e-05
GPE-19,public,dipep_RF,0.0,0.00017160910777752844
GPE-19,public,dipep_RG,0.0,-0.0002664928070001319
GPE-19,public,dipep_RH,0.0,0.0
GPE-19,public,dipep_RI,0.0,-7.218352516830118e-06
GPE-19,public,dipep_RK,0.0,-0.0008091920625851726
GPE-19,public,dipep_RL,0.0,0.00207035149250188
GPE-19,public,dipep_RM,0.0,-0.00016864208675460907
GPE-19,public,dipep_RN,0.0,0.00012256127708018262
GPE-19,public,dipep_RP,0.0,0.0007632714584021572
GPE-19,public,dipep_RQ,0.0,-0.006943739443924525
GPE-19,public,dipep_RR,0.0,-0.002256376937149344
GPE-19,public,dipep_RS,0.0,-0.00011343913647389553
GPE-19,public,dipep_RT,0.0,0.00018960562903861834
GPE-19,public,dipep_RV,0.0,-0.00028220053664212535
GPE-19,public,dipep_RW,0.0,-0.0008349853699245592
GPE-19,public,dipep_RY,0.0,-0.0001009645158749975
GPE-19,public,dipep_SA,0.0,-0.000535747796879795
GPE-19,public,dipep_SC,0.0,-0.00023315638718080387
GPE-19,public,dipep_SD,0.0,-4.526886750134549e-05
GPE-19,public,dipep_SE,0.0,0.0
GPE-19,public,dipep_SF,0.0,0.00035514723659767813
GPE-19,public,dipep_SG,0.0,-8.465734252193261e-05
GPE-19,public,dipep_SH,0.0,-0.0001812479939602101
GPE-19,public,dipep_SI,0.0,-0.001657747598627592
GPE-19,public,dipep_SK,0.1111111119389534,0.03279434897564902
GPE-19,public,dipep_SL,0.0,-0.0014181699984289647
GPE-19,public,dipep_SM,0.0,-1.4132647888449232e-05
GPE-19,public,dipep_SN,0.0,-9.439181960662486e-06
GPE-19,public,dipep_SP,0.0,-0.0001471772781620042
GPE-19,public,dipep_SQ,0.0,-3.0386811478261675e-05
GPE-19,public,dipep_SR,0.0,-0.0009973786136435485
GPE-19,public,dipep_SS,0.0,-0.0001670154479548458
GPE-19,public,dipep_ST,0.0,-0.0006282530995819918
GPE-19,public,dipep_SV,0.0,0.0001038556411189212
GPE-19,public,dipep_SW,0.0,-0.00017813640534452554
GPE-19,public,dipep_SY,0.0,-3.599235423992055e-05
GPE-19,public,dipep_TA,0.0,-0.0008772046144478754
GPE-19,public,dipep_TC,0.0,0.0
GPE-19,public,dipep_TD,0.0,5.641031099435304e-05
GPE-19,public,dipep_TE,0.0,1.9459861610535067e-05
GPE-19,public,dipep_TF,0.0,-0.0014482071275617042
GPE-19,public,dipep_TG,0.0,-0.0004730963781909313
GPE-19,public,dipep_TH,0.0,-4.4017739389543605e-05
GPE-19,public,dipep_TI,0.0,-0.0016303077099916589
GPE-19,public,dipep_TK,0.0,7.111772531109363e-06
GPE-19,public,dipep_TL,0.0,-0.0003645064282320447
GPE-19,public,dipep_TM,0.0,0.0
GPE-19,public,dipep_TN,0.0,1.642974723591666e-05
GPE-19,public,dipep_TP,0.0,2.0583234826703055e-05
GPE-19,public,dipep_TQ,0.0,-0.0008028189545740134
GPE-19,public,dipep_TR,0.0,-1.2178735988906155e-05
GPE-19,public,dipep_TS,0.0,-0.0004247618490026115
GPE-19,public,dipep_TT,0.0,-0.0004451705725843935
GPE-19,public,dipep_TV,0.0,-0.0005906466605596942
GPE-19,public,dipep_TW,0.0,0.0
GPE-19,public,dipep_TY,0.0,-1.4947721965686991e-05
GPE-19,public,dipep_VA,0.0,-0.0006748588319259978
GPE-19,public,dipep_VC,0.0,-0.00035978463749792965
GPE-19,public,dipep_VD,0.0,2.1537691149970793e-05
GPE-19,public,dipep_VE,0.0,1.9558923728351535e-05
GPE-19,public,dipep_VF,0.0,-0.0002001555901955759
GPE-19,public,dipep_VG,0.0,-0.0005848745248849113
GPE-19,public,dipep_VH,0.0,-0.0001970372056571045
GPE-19,public,dipep_VI,0.0,-0.00034056516382343385
GPE-19,public,dipep_VK,0.0,6.945717878840666e-05
GPE-19,public,dipep_VL,0.0,-0.0015287346046166325
GPE-19,public,dipep_VM,0.0,-3.276831708727366e-05
GPE-19,public,dipep_VN,0.0,-0.00018915086826822326
GPE-19,public,dipep_VP,0.0,-0.0001994163178390433
GPE-19,public,dipep_VQ,0.0,-0.00015317591154172448
GPE-19,public,dipep_VR,0.0,0.00036049931914882815
GPE-19,public,dipep_VS,0.0555555559694767,0.007540644752767747
GPE-19,public,dipep_VT,0.0,-7.533438488018951e-05
GPE-19,public,dipep_VV,0.0,0.00014133937361632146
GPE-19,public,dipep_VW,0.0,-5.8055049067543965e-05
GPE-19,public,dipep_VY,0.0,0.00010096101825953219
GPE-19,public,dipep_WA,0.0,-0.00027727564636647266
GPE-19,public,dipep_WC,0.0,-0.0001711638622399605
GPE-19,public,dipep_WD,0.0,0.0
GPE-19,public,dipep_WE,0.0,-0.0030085958250858852
GPE-19,public,dipep_WF,0.0,-0.0007550537035220233
GPE-19,public,dipep_WG,0.0,-5.1190898670159226e-05
GPE-19,public,dipep_WH,0.0,0.0
GPE-19,public,dipep_WI,0.0,-0.0009606254260644514
GPE-19,public,dipep_WK,0.0,-0.0004197258536238727
GPE-19,public,dipep_WL,0.0,-0.0005531368232864391
GPE-19,public,dipep_WM,0.0,-1.3909980568982484e-05
GPE-19,public,dipep_WN,0.0,-0.00017112399402546374
GPE-19,public,dipep_WP,0.0,-8.391128913008604e-06
GPE-19,public,dipep_WQ,0.0,-0.00015577999852637458
GPE-19,public,dipep_WR,0.0,-0.0004211477126179814
GPE-19,public,dipep_WS,0.0,-0.00010556142658228668
GPE-19,public,dipep_WT,0.0,0.0
GPE-19,public,dipep_WV,0.0,-1.8532531011501627e-05
GPE-19,public,dipep_WW,0.0,-4.8600490221501205e-05
GPE-19,public,dipep_WY,0.0,-0.009760392376222619
GPE-19,public,dipep_YA,0.0,-0.00011340907307555926
GPE-19,public,dipep_YC,0.0,0.00021280738826074191
GPE-19,public,dipep_YD,0.0,0.0
GPE-19,public,dipep_YE,0.0,-5.617070671078688e-05
GPE-19,public,dipep_YF,0.0,-2.2056460104407983e-05
GPE-19,public,dipep_YG,0.0,-0.006473716944235919
GPE-19,public,dipep_YH,0.0,0.0
GPE-19,public,dipep_YI,0.0,0.00010052756887559562
GPE-19,public,dipep_YK,0.0,-1.86479002856279e-05
GPE-19,public,dipep_YL,0.0,-0.0009009405506730654
GPE-19,public,dipep_YM,0.0,0.0
GPE-19,public,dipep_YN,0.0,0.0
GPE-19,public,dipep_YP,0.0,0.0
GPE-19,public,dipep_YQ,0.0,-0.00020571249029931754
GPE-19,public,dipep_YR,0.0,-0.00032666682323685285
GPE-19,public,dipep_YS,0.0,-0.00014836759022893227
GPE-19,public,dipep_YT,0.0,-2.396604267368463e-05
GPE-19,public,dipep_YV,0.0,0.0
GPE-19,public,dipep_YW,0.0,-0.0001185327700417593
GPE-19,public,dipep_YY,0.0,0.0
TFK-18,public,length,33.0,0.029595651903989183
TFK-18,public,charge,6.975561618804932,-0.0007164845512951068
TFK-18,public,boman,2.3887879848480225,-0.02763704564886573
TFK-18,public,hmoment,0.6990761160850525,0.005675850506449989
TFK-18,public,apv,0.22490909695625305,0.0029477711483838994
TFK-18,public,alpha,1.006969690322876,-0.00037189865179969496
TFK-18,public,basic_frac,0.21212121844291687,3.864300376010107e-06
TFK-18,public,acidic_frac,0.0,-0.00012181580510790807
TFK-18,public,aromatic_frac,0.1515151560306549,0.004609446310142936
TFK-18,public,hydrophobic_frac,0.42424243688583374,-0.013785094160132676
TFK-18,public,proline_frac,0.06060606241226196,0.000610665500938994
TFK-18,public,glycine_frac,0.03030303120613098,-0.004484552221293012
TFK-18,public,aa_A,0.09090909361839294,0.007600895634627038
TFK-18,public,aa_C,0.0,-0.005958025196084318
TFK-18,public,aa_D,0.0,-0.002003456406967079
TFK-18,public,aa_E,0.0,-0.0013766766880178194
TFK-18,public,aa_F,0.1515151560306549,0.0053126386007183385
TFK-18,public,aa_G,0.03030303120613098,-0.004147239956847923
TFK-18,public,aa_H,0.0,0.00026066334839153373
TFK-18,public,aa_I,0.0,-0.02521590540957859
TFK-18,public,aa_K,0.06060606241226196,0.003853395794281436
TFK-18,public,aa_L,0.03030303120613098,-0.00947096148898707
TFK-18,public,aa_M,0.03030303120613098,0.00726503127843512
TFK-18,public,aa_N,0.09090909361839294,0.0005804515716409302
TFK-18,public,aa_P,0.06060606241226196,-0.0008308416269689773
TFK-18,public,aa_Q,0.0,-0.012433359354819366
TFK-18,public,aa_R,0.1515151560306549,-0.028644655729964538
TFK-18,public,aa_S,0.09090909361839294,0.003203271877811416
TFK-18,public,aa_T,0.09090909361839294,0.0020178628119542764
TFK-18,public,aa_V,0.12121212482452393,-0.0018417723631161365
TFK-18,public,aa_W,0.0,-0.006367680973725405
TFK-18,public,aa_Y,0.0,-0.0031927691981773355
TFK-18,public,dipep_AA,0.0,-0.002952046542977464
TFK-18,public,dipep_AC,0.0,0.00010906588759553177
TFK-18,public,dipep_AD,0.0,-4.403382815893616e-05
TFK-18,public,dipep_AE,0.0,-5.7681008791169126e-05
TFK-18,public,dipep_AF,0.0,0.00011660243336651434
TFK-18,public,dipep_AG,0.0,8.753103909325332e-05
TFK-18,public,dipep_AH,0.0,-6.644798528151272e-05
TFK-18,public,dipep_AI,0.0,-0.006093294835887116
TFK-18,public,dipep_AK,0.0,-0.0018373246991250432
TFK-18,public,dipep_AL,0.0,-0.0025003980901691547
TFK-18,public,dipep_AM,0.0,-0.0008664193419227932
TFK-18,public,dipep_AN,0.0,-0.0002905727070317378
TFK-18,public,dipep_AP,0.0,0.0003336226230038128
TFK-18,public,dipep_AQ,0.0,-0.0007501275583872591
TFK-18,public,dipep_AR,0.03125,-0.003083118959316815
TFK-18,public,dipep_AS,0.03125,-0.0014051159486740035
TFK-18,public,dipep_AT,0.0,-0.00011449802969190764
TFK-18,public,dipep_AV,0.03125,0.003325926094482229
TFK-18,public,dipep_AW,0.0,4.351554121083087e-05
TFK-18,public,dipep_AY,0.0,-9.136306049215888e-05
TFK-18,public,dipep_CA,0.0,-7.400608036024982e-05
TFK-18,public,dipep_CC,0.0,-0.00014991397305709188
TFK-18,public,dipep_CD,0.0,0.0
TFK-18,public,dipep_CE,0.0,-2.425235119585611e-05
TFK-18,public,dipep_CF,0.0,0.0
TFK-18,public,dipep_CG,0.0,-0.006498678217531637
TFK-18,public,dipep_CH,0.0,0.0
TFK-18,public,dipep_CI,0.0,-6.39048677176709e-05
TFK-18,public,dipep_CK,0.0,2.4193095698286333e-07
TFK-18,public,dipep_CL,0.0,-0.0002535008601776741
TFK-18,public,dipep_CM,0.0,0.0
TFK-18,public,dipep_CN,0.0,-2.4326388930442327e-06
TFK-18,public,dipep_CP,0.0,-0.00019577595117245702
TFK-18,public,dipep_CQ,0.0,0.0
TFK-18,public,dipep_CR,0.0,-3.546236987649296e-05
TFK-18,public,dipep_CS,0.0,-7.161545578077355e-05
TFK-18,public,dipep_CT,0.0,-5.045588847141214e-05
TFK-18,public,dipep_CV,0.0,-7.167725825840958e-05
TFK-18,public,dipep_CW,0.0,-0.00021989366184139555
TFK-18,public,dipep_CY,0.0,-0.00034579407052644863
TFK-18,public,dipep_DA,0.0,0.00013094696691476711
TFK-18,public,dipep_DC,0.0,2.009031298685079e-05
TFK-18,public,dipep_DD,0.0,-2.932313071988665e-05
TFK-18,public,dipep_DE,0.0,-0.0001521382840242429
TFK-18,public,dipep_DF,0.0,-9.955937385373315e-06
TFK-18,public,dipep_DG,0.0,-0.0022240266552590406
TFK-18,public,dipep_DH,0.0,-2.173760268813924e-05
TFK-18,public,dipep_DI,0.0,-7.844930250205606e-05
TFK-18,public,dipep_DK,0.0,-8.666298874959922e-05
TFK-18,public,dipep_DL,0.0,2.6627949103979633e-06
TFK-18,public,dipep_DM,0.0,0.0
TFK-18,public,dipep_DN,0.0,0.0
TFK-18,public,dipep_DP,0.0,0.0
TFK-18,public,dipep_DQ,0.0,-4.662072838307383e-05
TFK-18,public,dipep_DR,0.0,-0.00022392251640910403
TFK-18,public,dipep_DS,0.0,-2.0873737430829083e-05
TFK-18,public,dipep_DT,0.0,0.00012119975080753797
TFK-18,public,dipep_DV,0.0,-8.860982490024912e-05
TFK-18,public,dipep_DW,0.0,-6.561145094717301e-05
TFK-18,public,dipep_DY,0.0,0.0
TFK-18,public,dipep_EA,0.0,-0.0023701715234351844
TFK-18,public,dipep_EC,0.0,-9.487546396289213e-05
TFK-18,public,dipep_ED,0.0,-7.717448838202212e-06
TFK-18,public,dipep_EE,0.0,-3.7667254665369146e-05
TFK-18,public,dipep_EF,0.0,-0.00018951874127716702
TFK-18,public,dipep_EG,0.0,-0.010714666891419106
TFK-18,public,dipep_EH,0.0,4.04440275882169e-05
TFK-18,public,dipep_EI,0.0,-5.094866113506791e-05
TFK-18,public,dipep_EK,0.0,0.0008460583707826252
TFK-18,public,dipep_EL,0.0,-1.7291584635420344e-05
TFK-18,public,dipep_EM,0.0,0.0
TFK-18,public,dipep_EN,0.0,-0.006736513092268797
TFK-18,public,dipep_EP,0.0,0.0
TFK-18,public,dipep_EQ,0.0,0.0
TFK-18,public,dipep_ER,0.0,-3.952600422966749e-05
TFK-18,public,dipep_ES,0.0,-2.1829798532177876e-06
TFK-18,public,dipep_ET,0.0,0.0
TFK-18,public,dipep_EV,0.0,1.804152054464484e-05
TFK-18,public,dipep_EW,0.0,5.9288375131892576e-05
TFK-18,public,dipep_EY,0.0,0.0
TFK-18,public,dipep_FA,0.0,6.195327979342722e-05
TFK-18,public,dipep_FC,0.0,-0.000912049514678529
TFK-18,public,dipep_FD,0.0,-2.6132609354074185e-06
TFK-18,public,dipep_FE,0.0,-0.0030771374526352576
TFK-18,public,dipep_FF,0.03125,-0.0006090922461602796
TFK-18,public,dipep_FG,0.0,-0.0013400325317455726
TFK-18,public,dipep_FH,0.0,-0.00034109007216892096
TFK-18,public,dipep_FI,0.0,-0.0043425777240174695
TFK-18,public,dipep_FK,0.03125,0.0003669166115546872
TFK-18,public,dipep_FL,0.03125,0.019441482374366426
TFK-18,public,dipep_FM,0.0,-0.0003199691250137048
TFK-18,public,dipep_FN,0.0,0.0
TFK-18,public,dipep_FP,0.0,-0.00016755663253695545
TFK-18,public,dipep_FQ,0.0,-0.0001374125616253136
TFK-18,public,dipep_FR,0.0,0.0009163078403615553
TFK-18,public,dipep_FS,0.03125,0.0021208277528175
TFK-18,public,dipep_FT,0.0,-0.0005408877998889378
TFK-18,public,dipep_FV,0.03125,-0.013574446813429595
TFK-18,public,dipep_FW,0.0,-4.706313997465084e-05
TFK-18,public,dipep_FY,0.0,-0.0002496963650086601
TFK-18,public,dipep_GA,0.0,-0.0012231623350583906
TFK-18,public,dipep_GC,0.0,-0.0006431045957043435
TFK-18,public,dipep_GD,0.0,-0.00013247823867563733
TFK-18,public,dipep_GE,0.0,2.2820239837926288e-05
TFK-18,public,dipep_GF,0.03125,0.010209493882709643
TFK-18,public,dipep_GG,0.0,-7.648114386105396e-05
TFK-18,public,dipep_GH,0.0,-0.0001880923049780066
TFK-18,public,dipep_GI,0.0,-0.00032461716121083643
TFK-18,public,dipep_GK,0.0,0.0005423132125712504
TFK-18,public,dipep_GL,0.0,-0.0029030086653059886
TFK-18,public,dipep_GM,0.0,-0.003928053845708852
TFK-18,public,dipep_GN,0.0,0.0002439657548620242
TFK-18,public,dipep_GP,0.0,-4.2176457911337596e-05
TFK-18,public,dipep_GQ,0.0,0.001460557064449726
TFK-18,public,dipep_GR,0.0,-0.002479346432067702
TFK-18,public,dipep_GS,0.0,-0.0006642378008120872
TFK-18,public,dipep_GT,0.0,0.00012241417733113466
TFK-18,public,dipep_GV,0.0,-7.025826920395954e-05
TFK-18,public,dipep_GW,0.0,-0.006345199987567588
TFK-18,public,dipep_GY,0.0,-0.004281404051238877
TFK-18,public,dipep_HA,0.0,-0.00029078520038927863
TFK-18,public,dipep_HC,0.0,1.0638415995526236e-05
TFK-18,public,dipep_HD,0.0,0.0
TFK-18,public,dipep_HE,0.0,0.0
TFK-18,public,dipep_HF,0.0,-9.401202502642584e-06
TFK-18,public,dipep_HG,0.0,-6.2921409588194e-05
TFK-18,public,dipep_HH,0.0,-5.931094068701828e-05
TFK-18,public,dipep_HI,0.0,-0.0004917774268904961
TFK-18,public,dipep_HK,0.0,-0.0001878181355580569
TFK-18,public,dipep_HL,0.0,-0.0001816809852134391
TFK-18,public,dipep_HM,0.0,-2.2251708016541128e-05
TFK-18,public,dipep_HN,0.0,-4.225565835018926e-05
TFK-18,public,dipep_HP,0.0,0.0003895147739446091
TFK-18,public,dipep_HQ,0.0,-7.3092416956227085e-06
TFK-18,public,dipep_HR,0.0,-0.00014710099809094328
TFK-18,public,dipep_HS,0.0,3.997937049077602e-05
TFK-18,public,dipep_HT,0.0,0.0
TFK-18,public,dipep_HV,0.0,-1.8325419379530853e-05
TFK-18,public,dipep_HW,0.0,0.0
TFK-18,public,dipep_HY,0.0,-1.3465383722586984e-05
TFK-18,public,dipep_IA,0.0,-0.001366543622762301
TFK-18,public,dipep_IC,0.0,-8.484357960208704e-05
TFK-18,public,dipep_ID,0.0,-0.0044060923007443065
TFK-18,public,dipep_IE,0.0,-0.009841566233961827
TFK-18,public,dipep_IF,0.0,-0.001573938111200795
TFK-18,public,dipep_IG,0.0,0.00017762208595571198
TFK-18,public,dipep_IH,0.0,-0.00012371839971532807
TFK-18,public,dipep_II,0.0,-0.0012404417311844588
TFK-18,public,dipep_IK,0.0,-0.0021910489040738628
TFK-18,public,dipep_IL,0.0,-0.0028120294999058157
TFK-18,public,dipep_IM,0.0,3.481477033555524e-05
TFK-18,public,dipep_IN,0.0,-0.0001881295837936159
TFK-18,public,dipep_IP,0.0,-0.0017215710388870336
TFK-18,public,dipep_IQ,0.0,-0.0006455844138359379
TFK-18,public,dipep_IR,0.0,2.1159244250436306e-06
TFK-18,public,dipep_IS,0.0,-0.003045720596433078
TFK-18,public,dipep_IT,0.0,-0.0005318195403479862
TFK-18,public,dipep_IV,0.0,-0.00033449720403020425
TFK-18,public,dipep_IW,0.0,-0.00011873077865185863
TFK-18,public,dipep_IY,0.0,6.493075722038126e-05
TFK-18,public,dipep_KA,0.0,-0.00037700073458811576
TFK-18,public,dipep_KC,0.0,-0.0014687954598195342
TFK-18,public,dipep_KD,0.0,-0.00021107269513037378
TFK-18,public,dipep_KE,0.0,0.00021042635918061678
TFK-18,public,dipep_KF,0.0,3.299906980232109e-06
TFK-18,public,dipep_KG,0.0,0.00020296640615301246
TFK-18,public,dipep_KH,0.0,-0.00025855822641178216
TFK-18,public,dipep_KI,0.0,-0.0015949190636477756
TFK-18,public,dipep_KK,0.0,-0.004009269173585702
TFK-18,public,dipep_KL,0.0,-0.0004269146709328713
TFK-18,public,dipep_KM,0.0,-1.4065101994074624e-05
TFK-18,public,dipep_KN,0.0,7.390584751321136e-05
TFK-18,public,dipep_KP,0.0,6.408288124433606e-06
TFK-18,public,dipep_KQ,0.0,-0.0002461089329444192
TFK-18,public,dipep_KR,0.03125,0.000811745501156354
TFK-18,public,dipep_KS,0.0,0.0004536806866300831
TFK-18,public,dipep_KT,0.0,-0.0017490874819550987
TFK-18,public,dipep_KV,0.03125,0.006005112011528486
TFK-18,public,dipep_KW,0.0,-1.1242656504934818e-05
TFK-18,public,dipep_KY,0.0,-0.0002942524882626515
TFK-18,public,dipep_LA,0.0,-0.0002363986474064381
TFK-18,public,dipep_LC,0.0,0.000147760726827948
TFK-18,public,dipep_LD,0.0,-0.00042512190566254554
TFK-18,public,dipep_LE,0.0,4.4633403587113407e-05
TFK-18,public,dipep_LF,0.0,-0.019471803760329698
TFK-18,public,dipep_LG,0.0,0.000267766117111592
TFK-18,public,dipep_LH,0.0,-0.00013094332200705612
TFK-18,public,dipep_LI,0.0,-0.004870544731695555
TFK-18,public,dipep_LK,0.0,-0.0009453251007419419
TFK-18,public,dipep_LL,0.0,-0.00037176269761712513
TFK-18,public,dipep_LM,0.03125,-0.005757018107047377
TFK-18,public,dipep_LN,0.0,0.0002564292383636636
TFK-18,public,dipep_LP,0.0,-0.0028463682060074656
TFK-18,public,dipep_LQ,0.0,-0.0001439697214197469
TFK-18,public,dipep_LR,0.0,0.0008041849906243592
TFK-18,public,dipep_LS,0.0,-0.0008654679416560503
TFK-18,public,dipep_LT,0.0,-0.00014360427279709538
TFK-18,public,dipep_LV,0.0,-0.0011996617467539882
TFK-18,public,dipep_LW,0.0,-0.00048417214829329615
TFK-18,public,dipep_LY,0.0,-2.9590386607685115e-05
TFK-18,public,dipep_MA,0.0,0.0002463423274660641
TFK-18,public,dipep_MC,0.0,0.0
TFK-18,public,dipep_MD,0.0,6.437610946666549e-05
TFK-18,public,dipep_ME,0.0,-0.00012174342721583826
TFK-18,public,dipep_MF,0.0,0.0
TFK-18,public,dipep_MG,0.0,-0.00013451281255283796
TFK-18,public,dipep_MH,0.0,0.0
TFK-18,public,dipep_MI,0.0,-0.0028647011350075077
TFK-18,public,dipep_MK,0.0,0.0001712853429839139
TFK-18,public,dipep_ML,0.0,-0.0006537448827914243
TFK-18,public,dipep_MM,0.0,-0.00018607601941819687
TFK-18,public,dipep_MN,0.0,-4.2585619917720184e-05
TFK-18,public,dipep_MP,0.0,0.0
TFK-18,public,dipep_MQ,0.0,0.0
TFK-18,public,dipep_MR,0.03125,0.0035760815914460714
TFK-18,public,dipep_MS,0.0,-7.192549773004826e-05
TFK-18,public,dipep_MT,0.0,-0.00040515141174605806
TFK-18,public,dipep_MV,0.0,0.0
TFK-18,public,dipep_MW,0.0,-0.00013625620019459947
TFK-18,public,dipep_MY,0.0,-1.5706210389622087e-05
TFK-18,public,dipep_NA,0.0,-0.0009698518292837376
TFK-18,public,dipep_NC,0.0,-0.00010893569970248696
TFK-18,public,dipep_ND,0.0,0.0
TFK-18,public,dipep_NE,0.0,-7.849933933923342e-05
TFK-18,public,dipep_NF,0.0,1.4804715821951146e-05
TFK-18,public,dipep_NG,0.03125,0.009266998164139999
TFK-18,public,dipep_NH,0.0,0.0
TFK-18,public,dipep_NI,0.0,-0.00016081713769542153
TFK-18,public,dipep_NK,0.0,0.00017311699109766066
TFK-18,public,dipep_NL,0.0,0.0003140509202609758
TFK-18,public,dipep_NM,0.0,-5.249604712433095e-05
TFK-18,public,dipep_NN,0.0,-1.7799942802756587e-05
TFK-18,public,dipep_NP,0.0,-2.9827324636295982e-05
TFK-18,public,dipep_NQ,0.0,-0.001605940077237485
TFK-18,public,dipep_NR,0.0,-9.221495721391685e-05
TFK-18,public,dipep_NS,0.0,-2.032971532025653e-05
TFK-18,public,dipep_NT,0.0625,0.025708242524861334
TFK-18,public,dipep_NV,0.0,-0.0001058984901045367
TFK-18,public,dipep_NW,0.0,-2.004330168212947e-05
TFK-18,public,dipep_NY,0.0,-4.987662095770487e-05
TFK-18,public,dipep_PA,0.0,0.00015953442312683887
TFK-18,public,dipep_PC,0.0,-9.518382079082062e-05
TFK-18,public,dipep_PD,0.0,0.0
TFK-18,public,dipep_PE,0.0,-0.00017096977419520375
TFK-18,public,dipep_PF,0.0,-6.929706701390014e-05
TFK-18,public,dipep_PG,0.0,7.800764150203904e-05
TFK-18,public,dipep_PH,0.0,-5.0624779773231684e-05
TFK-18,public,dipep_PI,0.0,9.980174641395731e-05
TFK-18,public,dipep_PK,0.0,-0.0006440736368829382
TFK-18,public,dipep_PL,0.0,-1.5536347339844825e-05
TFK-18,public,dipep_PM,0.0,0.0
TFK-18,public,dipep_PN,0.0,0.0
TFK-18,public,dipep_PP,0.0,5.61820477841904e-05
TFK-18,public,dipep_PQ,0.0,-0.00025739257187895614
TFK-18,public,dipep_PR,0.0,0.0007225186766208287
TFK-18,public,dipep_PS,0.0,-0.0003238617571781038
TFK-18,public,dipep_PT,0.03125,0.0004844706929629978
TFK-18,public,dipep_PV,0.0,6.73577805588834e-05
TFK-18,public,dipep_PW,0.0,0.0
TFK-18,public,dipep_PY,0.0,0.0
TFK-18,public,dipep_QA,0.0,-0.00010607135482145474
TFK-18,public,dipep_QC,0.0,5.747860061844832e-05
TFK-18,public,dipep_QD,0.0,-0.0001521611373230924
TFK-18,public,dipep_QE,0.0,0.0
TFK-18,public,dipep_QF,0.0,-0.0009447893932713398
TFK-18,public,dipep_QG,0.0,-0.0003695060210619732
TFK-18,public,dipep_QH,0.0,-0.0015982384789346245
TFK-18,public,dipep_QI,0.0,-5.19795391339744e-05
TFK-18,public,dipep_QK,0.0,0.00023767398114395743
TFK-18,public,dipep_QL,0.0,-0.00030781606408558746
TFK-18,public,dipep_QM,0.0,-1.7570555751425006e-05
TFK-18,public,dipep_QN,0.0,-0.00023261321757435085
TFK-18,public,dipep_QP,0.0,-0.0011150913688784856
TFK-18,public,dipep_QQ,0.0,-0.00022255126207926623
TFK-18,public,dipep_QR,0.0,-0.004889934597038518
TFK-18,public,dipep_QS,0.0,-0.00021691067214627856
TFK-18,public,dipep_QT,0.0,0.0
TFK-18,public,dipep_QV,0.0,3.483982573105464e-05
TFK-18,public,dipep_QW,0.0,-0.00036492889545137124
TFK-18,public,dipep_QY,0.0,0.0
TFK-18,public,dipep_RA,0.03125,-0.0006675851398173046
TFK-18,public,dipep_RC,0.0,-8.519885473168188e-05
TFK-18,public,dipep_RD,0.0,0.00016901782068285337
TFK-18,public,dipep_RE,0.0,5.709540647800953e-05
TFK-18,public,dipep_RF,0.0,-0.00032865580406066084
TFK-18,public,dipep_RG,0.0,0.00034548341890375023
TFK-18,public,dipep_RH,0.0,-1.9273446889218297e-07
TFK-18,public,dipep_RI,0.0,0.0001521392359274269
TFK-18,public,dipep_RK,0.03125,0.0032668789391510737
TFK-18,public,dipep_RL,0.0,0.00036171814797649393
TFK-18,public,dipep_RM,0.0,2.783496781236092e-05
TFK-18,public,dipep_RN,0.0625,-0.0036552516549105104
TFK-18,public,dipep_RP,0.0,0.00031559801676889275
TFK-18,public,dipep_RQ,0.0,-0.007441667826125584
TFK-18,public,dipep_RR,0.0,-0.0005281113048261618
TFK-18,public,dipep_RS,0.0,-0.0010315842841439327
TFK-18,public,dipep_RT,0.0,0.00027257363823686773
TFK-18,public,dipep_RV,0.03125,0.0010855206552235351
TFK-18,public,dipep_RW,0.0,-0.0003190190213049641
TFK-18,public,dipep_RY,0.0,-0.0002343155668334427
TFK-18,public,dipep_SA,0.0,0.0003681107871141816
TFK-18,public,dipep_SC,0.0,-5.348772866289462e-05
TFK-18,public,dipep_SD,0.0,7.738914094188388e-06
TFK-18,public,dipep_SE,0.0,0.0
TFK-18,public,dipep_SF,0.03125,0.0004787998814987049
TFK-18,public,dipep_SG,0.0,8.676388968252758e-05
TFK-18,public,dipep_SH,0.0,4.648957734403899e-05
TFK-18,public,dipep_SI,0.0,-0.0008216242713439037
TFK-18,public,dipep_SK,0.0,-0.00857208057892355
TFK-18,public,dipep_SL,0.0,-0.0010287279014042318
TFK-18,public,dipep_SM,0.0,-1.4132647888449232e-05
TFK-18,public,dipep_SN,0.03125,0.0053763817836746065
TFK-18,public,dipep_SP,0.03125,0.003545935471366502
TFK-18,public,dipep_SQ,0.0,-0.0002001943054969895
TFK-18,public,dipep_SR,0.0,-0.000452497171734898
TFK-18,public,dipep_SS,0.0,-0.00014925754219932322
TFK-18,public,dipep_ST,0.0,-0.0011856777351944379
TFK-18,public,dipep_SV,0.0,0.00015087087949244805
TFK-18,public,dipep_SW,0.0,-0.00028297539007412316
TFK-18,public,dipep_SY,0.0,-2.6431612581700834e-05
TFK-18,public,dipep_TA,0.0,-0.0007476074172497693
TFK-18,public,dipep_TC,0.0,5.214935854367005e-05
TFK-18,public,dipep_TD,0.0,0.0001858666927582269
TFK-18,public,dipep_TE,0.0,0.0
TFK-18,public,dipep_TF,0.03125,0.008830477686034855
TFK-18,public,dipep_TG,0.0,-0.0005929447520322683
TFK-18,public,dipep_TH,0.0,0.0001495920357107872
TFK-18,public,dipep_TI,0.0,-0.0025003664261402147
TFK-18,public,dipep_TK,0.0,-0.0005533192066534113
TFK-18,public,dipep_TL,0.0,-0.00040034736482708007
TFK-18,public,dipep_TM,0.0,0.0
TFK-18,public,dipep_TN,0.0,0.00048792469930003204
TFK-18,public,dipep_TP,0.03125,-0.0015144919140205038
TFK-18,public,dipep_TQ,0.0,-0.0002830657868187222
TFK-18,public,dipep_TR,0.03125,-0.0009712461439296029
TFK-18,public,dipep_TS,0.0,2.8225663200019372e-05
TFK-18,public,dipep_TT,0.0,-0.000388888033586551
TFK-18,public,dipep_TV,0.0,-0.0003155760802603865
TFK-18,public,dipep_TW,0.0,7.199279738796242e-05
TFK-18,public,dipep_TY,0.0,-4.474532686499125e-05
TFK-18,public,dipep_VA,0.0625,0.009701467389564124
TFK-18,public,dipep_VC,0.0,-0.0005228765876429874
TFK-18,public,dipep_VD,0.0,2.1537691149970793e-05
TFK-18,public,dipep_VE,0.0,-5.563846250934134e-05
TFK-18,public,dipep_VF,0.03125,0.0003414740049704486
TFK-18,public,dipep_VG,0.0,-0.00027380191061122217
TFK-18,public,dipep_VH,0.0,-0.00015828725130905626
TFK-18,public,dipep_VI,0.0,3.3967259724937095e-05
TFK-18,public,dipep_VK,0.0,0.0009111673402550962
TFK-18,public,dipep_VL,0.0,-0.0017075167240110096
TFK-18,public,dipep_VM,0.0,0.0
TFK-18,public,dipep_VN,0.0,-0.0001754034119011788
TFK-18,public,dipep_VP,0.0,-0.00022368417687164093
TFK-18,public,dipep_VQ,0.0,2.5139195158091647e-05
TFK-18,public,dipep_VR,0.03125,-0.01073513107005129
TFK-18,public,dipep_VS,0.0,-0.0004405945626088833
TFK-18,public,dipep_VT,0.0,-0.00020006423628085666
TFK-18,public,dipep_VV,0.0,8.879317434835166e-05
TFK-18,public,dipep_VW,0.0,-4.623368497013138e-05
TFK-18,public,dipep_VY,0.0,-0.0003893757575943876
TFK-18,public,dipep_WA,0.0,-2.4404840064033133e-05
TFK-18,public,dipep_WC,0.0,-0.00010797388458573787
TFK-18,public,dipep_WD,0.0,-3.864830044630091e-05
TFK-18,public,dipep_WE,0.0,-0.0037058206008640303
TFK-18,public,dipep_WF,0.0,-0.00039302544700305363
TFK-18,public,dipep_WG,0.0,-0.00028677816932000627
TFK-18,public,dipep_WH,0.0,0.0
TFK-18,public,dipep_WI,0.0,-0.0006652832306952076
TFK-18,public,dipep_WK,0.0,-1.5055051685393395e-06
TFK-18,public,dipep_WL,0.0,-0.0002971328019916471
TFK-18,public,dipep_WM,0.0,-1.3909980568982484e-05
TFK-18,public,dipep_WN,0.0,-7.504184965530028e-06
TFK-18,public,dipep_WP,0.0,0.0
TFK-18,public,dipep_WQ,0.0,-0.0002395278788965269
TFK-18,public,dipep_WR,0.0,-0.00021751484385537856
TFK-18,public,dipep_WS,0.0,-0.000143070109826009
TFK-18,public,dipep_WT,0.0,0.0
TFK-18,public,dipep_WV,0.0,-3.659977875544257e-05
TFK-18,public,dipep_WW,0.0,-0.00012899976682192687
TFK-18,public,dipep_WY,0.0,-0.011502900294986981
TFK-18,public,dipep_YA,0.0,-0.0002825557349822481
TFK-18,public,dipep_YC,0.0,0.0002629490837547127
TFK-18,public,dipep_YD,0.0,0.0
TFK-18,public,dipep_YE,0.0,0.0
TFK-18,public,dipep_YF,0.0,-2.2056460104407983e-05
TFK-18,public,dipep_YG,0.0,-0.006588387010212716
TFK-18,public,dipep_YH,0.0,0.0
TFK-18,public,dipep_YI,0.0,-6.907203566054685e-05
TFK-18,public,dipep_YK,0.0,-0.00011420830469137928
TFK-18,public,dipep_YL,0.0,-0.00027223619315756674
TFK-18,public,dipep_YM,0.0,0.0
TFK-18,public,dipep_YN,0.0,0.0
TFK-18,public,dipep_YP,0.0,8.307731061404524e-05
TFK-18,public,dipep_YQ,0.0,-0.0002953891321315384
TFK-18,public,dipep_YR,0.0,-0.0005458994404513438
TFK-18,public,dipep_YS,0.0,-0.00011020684470633348
TFK-18,public,dipep_YT,0.0,-1.3208477208229727e-05
TFK-18,public,dipep_YV,0.0,-0.0001403036565936305
TFK-18,public,dipep_YW,0.0,-0.00011701384561597852
TFK-18,public,dipep_YY,0.0,2.4558664183040392e-05
LL-37,public,length,37.0,0.02392716986614478
LL-37,public,charge,5.980287551879883,-0.002267787102018183
LL-37,public,boman,3.0,-0.035601218353033114
LL-37,public,hmoment,0.9663389325141907,0.01280433522869276
LL-37,public,apv,0.23275676369667053,0.0040272274361205325
LL-37,public,alpha,1.076216220855713,0.004644888912951301
LL-37,public,basic_frac,0.29729729890823364,-0.012905996954090244
LL-37,public,acidic_frac,0.13513512909412384,-0.009828788514180465
LL-37,public,aromatic_frac,0.10810811072587967,-0.0007240725073873866
LL-37,public,hydrophobic_frac,0.3513513505458832,-0.024271331585244096
LL-37,public,proline_frac,0.027027027681469917,-0.001848724660781269
LL-37,public,glycine_frac,0.054054055362939835,-0.0053471800568079715
LL-37,public,aa_A,0.0,-0.012306080442070249
LL-37,public,aa_C,0.0,-0.0031572955183064334
LL-37,public,aa_D,0.054054055362939835,-0.005908813199836632
LL-37,public,aa_E,0.0810810774564743,-0.0191345553613453
LL-37,public,aa_F,0.10810811072587967,0.009511913321416952
LL-37,public,aa_G,0.054054055362939835,-0.0027210593114270426
LL-37,public,aa_H,0.0,-0.0014099630417434635
LL-37,public,aa_I,0.0810810774564743,-0.002899680660190584
LL-37,public,aa_K,0.1621621549129486,0.00099297265066415
LL-37,public,aa_L,0.10810811072587967,-0.0021036524578498987
LL-37,public,aa_M,0.0,-0.001828956011797015
LL-37,public,aa_N,0.027027027681469917,0.0013191131935478089
LL-37,public,aa_P,0.027027027681469917,-0.0005726746403253647
LL-37,public,aa_Q,0.027027027681469917,0.00028865810109104375
LL-37,public,aa_R,0.13513512909412384,-0.023880054372373307
LL-37,public,aa_S,0.054054055362939835,0.001403419643283254
LL-37,public,aa_T,0.027027027681469917,-0.005825288287227105
LL-37,public,aa_V,0.054054055362939835,-0.003335165328049997
LL-37,public,aa_W,0.0,-0.005746621243303684
LL-37,public,aa_Y,0.0,-0.0013258420894496237
LL-37,public,dipep_AA,0.0,-0.002679142673364952
LL-37,public,dipep_AC,0.0,-1.296430703568538e-05
LL-37,public,dipep_AD,0.0,-7.6287641173888075e-06
LL-37,public,dipep_AE,0.0,1.1940180532561723e-05
LL-37,public,dipep_AF,0.0,6.472255016587017e-05
LL-37,public,dipep_AG,0.0,2.0331444736517198e-05
LL-37,public,dipep_AH,0.0,-0.0002387113546748759
LL-37,public,dipep_AI,0.0,-0.005936371697724825
LL-37,public,dipep_AK,0.0,-0.001152523864683427
LL-37,public,dipep_AL,0.0,-0.0025780678183587673
LL-37,public,dipep_AM,0.0,-0.0005691994508559861
LL-37,public,dipep_AN,0.0,-0.0002201936026159475
LL-37,public,dipep_AP,0.0,0.0004322808254046925
LL-37,public,dipep_AQ,0.0,-0.0008296714429245768
LL-37,public,dipep_AR,0.0,9.91638233550685e-05
LL-37,public,dipep_AS,0.0,-0.00025399239897925705
LL-37,public,dipep_AT,0.0,-0.00011099353719866752
LL-37,public,dipep_AV,0.0,-0.00012505624621213712
LL-37,public,dipep_AW,0.0,-8.765562718873498e-05
LL-37,public,dipep_AY,0.0,0.0
LL-37,public,dipep_CA,0.0,2.421688805092272e-05
LL-37,public,dipep_CC,0.0,-0.00017044332124794203
LL-37,public,dipep_CD,0.0,-7.83154358087084e-05
LL-37,public,dipep_CE,0.0,-1.809520994057834e-05
LL-37,public,dipep_CF,0.0,0.0
LL-37,public,dipep_CG,0.0,-0.006296813076228804
LL-37,public,dipep_CH,0.0,-1.1175220763452731e-05
LL-37,public,dipep_CI,0.0,-7.90974208001219e-05
LL-37,public,dipep_CK,0.0,-0.00015037508883505063
LL-37,public,dipep_CL,0.0,0.0
LL-37,public,dipep_CM,0.0,0.0
LL-37,public,dipep_CN,0.0,5.9494566228270715e-05
LL-37,public,dipep_CP,0.0,-0.00010099243248345215
LL-37,public,dipep_CQ,0.0,0.00018948430341676878
LL-37,public,dipep_CR,0.0,8.707463334198575e-05
LL-37,public,dipep_CS,0.0,-0.00013407627296364792
LL-37,public,dipep_CT,0.0,-2.9099391759312945e-05
LL-37,public,dipep_CV,0.0,-0.00014074146669613966
LL-37,public,dipep_CW,0.0,-1.851825844341346e-05
LL-37,public,dipep_CY,0.0,-0.0003290866387367339
LL-37,public,dipep_DA,0.0,4.0379545251021865e-05
LL-37,public,dipep_DC,0.0,3.286353786939676e-05
LL-37,public,dipep_DD,0.0,-8.017350985256577e-07
LL-37,public,dipep_DE,0.0,-0.0003043518109979081
LL-37,public,dipep_DF,0.0555555559694767,0.0034468813371033072
LL-37,public,dipep_DG,0.0,-0.0013877182592141539
LL-37,public,dipep_DH,0.0,-1.8397916026922487e-05
LL-37,public,dipep_DI,0.0,-0.00018591731372737564
LL-37,public,dipep_DK,0.0,7.840056604836677e-05
LL-37,public,dipep_DL,0.0,-0.0002796088484059827
LL-37,public,dipep_DM,0.0,0.0
LL-37,public,dipep_DN,0.0,0.0
LL-37,public,dipep_DP,0.0,0.0
LL-37,public,dipep_DQ,0.0,-1.350451882549298e-05
LL-37,public,dipep_DR,0.0,-9.1705644035339e-05
LL-37,public,dipep_DS,0.0,0.0
LL-37,public,dipep_DT,0.0,-0.00014397158771210048
LL-37,public,dipep_DV,0.0,-5.585430852918526e-05
LL-37,public,dipep_DW,0.0,-0.00015953672148192287
LL-37,public,dipep_DY,0.0,0.00010919707115642631
LL-37,public,dipep_EA,0.0,-0.0023011966814359235
LL-37,public,dipep_EC,0.0,-5.3627608208089625e-05
LL-37,public,dipep_ED,0.0,-0.00019936820872904287
LL-37,public,dipep_EE,0.0,-6.862624993581251e-05
LL-37,public,dipep_EF,0.02777777798473835,0.0009131696679377642
LL-37,public,dipep_EG,0.0,-0.009313451791081305
LL-37,public,dipep_EH,0.0,2.8645135563045233e-05
LL-37,public,dipep_EI,0.0,-0.0012081113093075232
LL-37,public,dipep_EK,0.02777777798473835,-0.01322924591079071
LL-37,public,dipep_EL,0.0,8.859344723133635e-05
LL-37,public,dipep_EM,0.0,0.0
LL-37,public,dipep_EN,0.0,-0.005674083909509034
LL-37,public,dipep_EP,0.0,0.0
LL-37,public,dipep_EQ,0.0,-1.841963621247032e-05
LL-37,public,dipep_ER,0.0,-3.952600422966749e-05
LL-37,public,dipep_ES,0.02777777798473835,-0.00047803730950301773
LL-37,public,dipep_ET,0.0,-1.7297988452686713e-05
LL-37,public,dipep_EV,0.0,-9.939365940355867e-05
LL-37,public,dipep_EW,0.0,2.4652260011073392e-05
LL-37,public,dipep_EY,0.0,-1.893763689940542e-05
LL-37,public,dipep_FA,0.0,-0.0007411391776942373
LL-37,public,dipep_FC,0.0,-0.0008780010314829842
LL-37,public,dipep_FD,0.0,-0.00023728338228438888
LL-37,public,dipep_FE,0.0,-0.0026867414925304963
LL-37,public,dipep_FF,0.02777777798473835,-0.0010232228188513236
LL-37,public,dipep_FG,0.0,-0.000926035471621964
LL-37,public,dipep_FH,0.0,-0.00037435811950859116
LL-37,public,dipep_FI,0.0,-0.005346585985398595
LL-37,public,dipep_FK,0.02777777798473835,0.0010659857406329998
LL-37,public,dipep_FL,0.02777777798473835,0.014519172238718472
LL-37,public,dipep_FM,0.0,-0.00040645331297941846
LL-37,public,dipep_FN,0.0,2.670791028314283e-06
LL-37,public,dipep_FP,0.0,-0.00018345610889895813
LL-37,public,dipep_FQ,0.0,-7.250654736135039e-05
LL-37,public,dipep_FR,0.02777777798473835,-0.003184323798490876
LL-37,public,dipep_FS,0.0,-3.5449919774310737e-05
LL-37,public,dipep_FT,0.0,-0.0002670548165591623
LL-37,public,dipep_FV,0.0,0.0006716064720891049
LL-37,public,dipep_FW,0.0,-8.918293325487459e-05
LL-37,public,dipep_FY,0.0,-1.5504401848376056e-05
LL-37,public,dipep_GA,0.0,-0.0009368023610871512
LL-37,public,dipep_GC,0.0,-0.00023177115855640415
LL-37,public,dipep_GD,0.02777777798473835,0.0007824109230635795
LL-37,public,dipep_GE,0.0,5.9947291094542196e-05
LL-37,public,dipep_GF,0.0,-0.0025351012350199307
LL-37,public,dipep_GG,0.0,0.0001485619689063084
LL-37,public,dipep_GH,0.0,-0.00031448345759626714
LL-37,public,dipep_GI,0.0,0.0007185991033791751
LL-37,public,dipep_GK,0.02777777798473835,-0.0025953865184544156
LL-37,public,dipep_GL,0.0,-0.0036583032847369297
LL-37,public,dipep_GM,0.0,-0.003564688910077728
LL-37,public,dipep_GN,0.0,-9.223736348748384e-05
LL-37,public,dipep_GP,0.0,-0.00015291514291747557
LL-37,public,dipep_GQ,0.0,0.0018329591653744352
LL-37,public,dipep_GR,0.0,-0.003259750514642876
LL-37,public,dipep_GS,0.0,-0.0006317639925984002
LL-37,public,dipep_GT,0.0,-0.00012950710742867902
LL-37,public,dipep_GV,0.0,-0.0006570678077593295
LL-37,public,dipep_GW,0.0,-0.005263880204264101
LL-37,public,dipep_GY,0.0,-0.004475331507327364
LL-37,public,dipep_HA,0.0,-0.00023520773218885138
LL-37,public,dipep_HC,0.0,0.0
LL-37,public,dipep_HD,0.0,0.0
LL-37,public,dipep_HE,0.0,0.0
LL-37,public,dipep_HF,0.0,-6.845576696366548e-05
LL-37,public,dipep_HG,0.0,-3.2526625013026475e-05
LL-37,public,dipep_HH,0.0,-6.630397243758923e-05
LL-37,public,dipep_HI,0.0,-0.0004340266671155868
LL-37,public,dipep_HK,0.0,-0.00013051779918341923
LL-37,public,dipep_HL,0.0,-3.9755181329125416e-05
LL-37,public,dipep_HM,0.0,-2.2251708016541128e-05
LL-37,public,dipep_HN,0.0,-5.9636427724883055e-05
LL-37,public,dipep_HP,0.0,7.125747797658139e-06
LL-37,public,dipep_HQ,0.0,-5.044209193194704e-05
LL-37,public,dipep_HR,0.0,-0.00014737017872732116
LL-37,public,dipep_HS,0.0,-0.0001475820718627962
LL-37,public,dipep_HT,0.0,0.0
LL-37,public,dipep_HV,0.0,0.0
LL-37,public,dipep_HW,0.0,0.0
LL-37,public,dipep_HY,0.0,0.0
LL-37,public,dipep_IA,0.0,-0.0016695622845854714
LL-37,public,dipep_IC,0.0,-1.4458428102796517e-05
LL-37,public,dipep_ID,0.0,-0.0038717345602236946
LL-37,public,dipep_IE,0.0,-0.007907566916102239
LL-37,public,dipep_IF,0.0,-0.0008106234729100403
LL-37,public,dipep_IG,0.02777777798473835,-0.0036640537934120023
LL-37,public,dipep_IH,0.0,-0.0002820380081475918
LL-37,public,dipep_II,0.0,-0.00116550314022396
LL-37,public,dipep_IK,0.02777777798473835,-0.0030889368786722357
LL-37,public,dipep_IL,0.0,-0.002987364065819379
LL-37,public,dipep_IM,0.0,-5.7578113238609783e-05
LL-37,public,dipep_IN,0.0,-0.00043444128896403666
LL-37,public,dipep_IP,0.0,-0.0011576348848489834
LL-37,public,dipep_IQ,0.0,-0.00013179058930702195
LL-37,public,dipep_IR,0.0,9.713997390832919e-05
LL-37,public,dipep_IS,0.0,-0.002311153917766269
LL-37,public,dipep_IT,0.0,-0.0002136090431351757
LL-37,public,dipep_IV,0.02777777798473835,4.789511418970014e-05
LL-37,public,dipep_IW,0.0,-0.0005759523531571422
LL-37,public,dipep_IY,0.0,0.00017555332034724917
LL-37,public,dipep_KA,0.0,-0.0003612307198908079
LL-37,public,dipep_KC,0.0,-0.0013983949836712058
LL-37,public,dipep_KD,0.02777777798473835,0.0005829973816884959
LL-37,public,dipep_KE,0.0555555559694767,-0.0054844905885950085
LL-37,public,dipep_KF,0.0,-0.00017016966293900213
LL-37,public,dipep_KG,0.0,-0.0008353445484500384
LL-37,public,dipep_KH,0.0,-0.00039489575005106274
LL-37,public,dipep_KI,0.02777777798473835,0.002487097879125806
LL-37,public,dipep_KK,0.0,-0.005995307017618581
LL-37,public,dipep_KL,0.0,-0.0017107731971068394
LL-37,public,dipep_KM,0.0,0.0
LL-37,public,dipep_KN,0.0,-0.0001478086609788602
LL-37,public,dipep_KP,0.0,-0.0002142940621719044
LL-37,public,dipep_KQ,0.0,-0.0005141629235866897
LL-37,public,dipep_KR,0.02777777798473835,-0.0027170655027522438
LL-37,public,dipep_KS,0.02777777798473835,-0.002237201953971529
LL-37,public,dipep_KT,0.0,-0.0011893506408407115
LL-37,public,dipep_KV,0.0,-0.0016623937868576889
LL-37,public,dipep_KW,0.0,-3.3996514442520556e-05
LL-37,public,dipep_KY,0.0,-0.0005921279976034585
LL-37,public,dipep_LA,0.0,-0.00018683038463906279
LL-37,public,dipep_LC,0.0,3.4175261463335524e-05
LL-37,public,dipep_LD,0.0,-0.00032644069274516874
LL-37,public,dipep_LE,0.0,0.0001934583422661082
LL-37,public,dipep_LF,0.0,-0.017787782916466918
LL-37,public,dipep_LG,0.02777777798473835,-3.1984055263845364e-05
LL-37,public,dipep_LH,0.0,0.00010745819523094446
LL-37,public,dipep_LI,0.0,-0.0034644433090667364
LL-37,public,dipep_LK,0.0,-0.002066100562696268
LL-37,public,dipep_LL,0.02777777798473835,-0.003048265013716992
LL-37,public,dipep_LM,0.0,8.151173725895594e-05
LL-37,public,dipep_LN,0.0,-0.0003155378746621125
LL-37,public,dipep_LP,0.0,-0.0017917944773602518
LL-37,public,dipep_LQ,0.0,-0.00013226830960883182
LL-37,public,dipep_LR,0.02777777798473835,-0.003885334431497924
LL-37,public,dipep_LS,0.0,-0.0008770362984569191
LL-37,public,dipep_LT,0.0,-0.0001961608879544915
LL-37,public,dipep_LV,0.02777777798473835,0.002940163170022284
LL-37,public,dipep_LW,0.0,-0.0005075850567512547
LL-37,public,dipep_LY,0.0,-7.47621914489047e-05
LL-37,public,dipep_MA,0.0,-4.658408395710194e-05
LL-37,public,dipep_MC,0.0,-1.477488575259012e-05
LL-37,public,dipep_MD,0.0,-6.509754769824329e-05
LL-37,public,dipep_ME,0.0,0.0
LL-37,public,dipep_MF,0.0,0.0
LL-37,public,dipep_MG,0.0,-0.00011723011731796082
LL-37,public,dipep_MH,0.0,0.0
LL-37,public,dipep_MI,0.0,-0.0028749118312147064
LL-37,public,dipep_MK,0.0,-9.123253685619107e-06
LL-37,public,dipep_ML,0.0,-4.2753274603815377e-05
LL-37,public,dipep_MM,0.0,-0.00040322212572193775
LL-37,public,dipep_MN,0.0,-4.678105077894421e-05
LL-37,public,dipep_MP,0.0,0.0
LL-37,public,dipep_MQ,0.0,0.0003181483613975123
LL-37,public,dipep_MR,0.0,-0.0003061135347283868
LL-37,public,dipep_MS,0.0,-0.00011436955272301437
LL-37,public,dipep_MT,0.0,-0.00039219951200792676
LL-37,public,dipep_MV,0.0,-4.362891039325925e-05
LL-37,public,dipep_MW,0.0,0.0
LL-37,public,dipep_MY,0.0,-2.5017818716588805e-05
LL-37,public,dipep_NA,0.0,-0.00035401756438538113
LL-37,public,dipep_NC,0.0,-6.218360310397168e-05
LL-37,public,dipep_ND,0.0,8.355128323941791e-05
LL-37,public,dipep_NE,0.0,-7.722246013340371e-05
LL-37,public,dipep_NF,0.0,-0.00035340768574397986
LL-37,public,dipep_NG,0.0,-0.0024031987421202264
LL-37,public,dipep_NH,0.0,0.0
LL-37,public,dipep_NI,0.0,-0.00011362084393752833
LL-37,public,dipep_NK,0.0,0.0004956894714160931
LL-37,public,dipep_NL,0.02777777798473835,-0.00037115567401088727
LL-37,public,dipep_NM,0.0,-3.0436966242394582e-05
LL-37,public,dipep_NN,0.0,0.0
LL-37,public,dipep_NP,0.0,-3.468574167458902e-05
LL-37,public,dipep_NQ,0.0,-0.0007554450263479623
LL-37,public,dipep_NR,0.0,9.400441685568486e-05
LL-37,public,dipep_NS,0.0,-4.04964636529994e-05
LL-37,public,dipep_NT,0.0,-0.0018119115412414
LL-37,public,dipep_NV,0.0,-8.580466898938312e-05
LL-37,public,dipep_NW,0.0,-0.00010884044363502109
LL-37,public,dipep_NY,0.0,-5.021115688747058e-05
LL-37,public,dipep_PA,0.0,-0.00013600171766579847
LL-37,public,dipep_PC,0.0,-5.718014448450661e-05
LL-37,public,dipep_PD,0.0,0.0
LL-37,public,dipep_PE,0.0,-0.00017616477211594613
LL-37,public,dipep_PF,0.0,0.00030994036182345805
LL-37,public,dipep_PG,0.0,-0.0008415737428992216
LL-37,public,dipep_PH,0.0,-2.7710260170888242e-05
LL-37,public,dipep_PI,0.0,-1.4590792628028529e-05
LL-37,public,dipep_PK,0.0,-0.00020310869314661809
LL-37,public,dipep_PL,0.0,-4.3367804827794436e-05
LL-37,public,dipep_PM,0.0,0.0
LL-37,public,dipep_PN,0.0,0.0
LL-37,public,dipep_PP,0.0,0.0
LL-37,public,dipep_PQ,0.0,-9.028735719188134e-05
LL-37,public,dipep_PR,0.02777777798473835,-0.015134135225006314
LL-37,public,dipep_PS,0.0,-0.0005751146536020931
LL-37,public,dipep_PT,0.0,0.0
LL-37,public,dipep_PV,0.0,0.00010738413229305081
LL-37,public,dipep_PW,0.0,5.410515440029906e-05
LL-37,public,dipep_PY,0.0,0.0
LL-37,public,dipep_QA,0.0,-0.00021700480094879237
LL-37,public,dipep_QC,0.0,-2.1694203894378028e-05
LL-37,public,dipep_QD,0.0,-0.00043738124968928117
LL-37,public,dipep_QE,0.0,-7.606092192220526e-06
LL-37,public,dipep_QF,0.0,-0.00031403908526750145
LL-37,public,dipep_QG,0.0,-8.677545923973957e-05
LL-37,public,dipep_QH,0.0,-0.0013588034458327572
LL-37,public,dipep_QI,0.0,-0.00012125679955237104
LL-37,public,dipep_QK,0.0,0.0008035297061750021
LL-37,public,dipep_QL,0.0,-0.00046363969338752357
LL-37,public,dipep_QM,0.0,0.0
LL-37,public,dipep_QN,0.0,0.0
LL-37,public,dipep_QP,0.0,-0.000323306313731546
LL-37,public,dipep_QQ,0.0,-5.401513435303889e-05
LL-37,public,dipep_QR,0.02777777798473835,0.001757250638805599
LL-37,public,dipep_QS,0.0,-0.0002994008881578025
LL-37,public,dipep_QT,0.0,0.0
LL-37,public,dipep_QV,0.0,2.8052837905191596e-05
LL-37,public,dipep_QW,0.0,-0.00014496721403953785
LL-37,public,dipep_QY,0.0,0.0
LL-37,public,dipep_RA,0.0,-0.0006358495200301763
LL-37,public,dipep_RC,0.0,8.20206849352426e-05
LL-37,public,dipep_RD,0.0,-0.00015788102143201864
LL-37,public,dipep_RE,0.0,0.00011971456516844638
LL-37,public,dipep_RF,0.0,-3.6634395458091467e-05
LL-37,public,dipep_RG,0.0,-0.000393631659939082
LL-37,public,dipep_RH,0.0,-3.701139771032702e-05
LL-37,public,dipep_RI,0.0555555559694767,-0.0035352565470485593
LL-37,public,dipep_RK,0.02777777798473835,-0.0001591765980491825
LL-37,public,dipep_RL,0.0,0.002277420686768921
LL-37,public,dipep_RM,0.0,-0.00022008434653960759
LL-37,public,dipep_RN,0.02777777798473835,-0.00395889933195229
LL-37,public,dipep_RP,0.0,0.00028233620335093126
LL-37,public,dipep_RQ,0.0,-0.0077285556312288685
LL-37,public,dipep_RR,0.0,-0.0029152916620991463
LL-37,public,dipep_RS,0.0,-0.00025697668055034385
LL-37,public,dipep_RT,0.02777777798473835,-0.01089673001108975
LL-37,public,dipep_RV,0.0,-0.00011252622701381795
LL-37,public,dipep_RW,0.0,-0.0007498575584994652
LL-37,public,dipep_RY,0.0,-3.495236198167614e-05
LL-37,public,dipep_SA,0.0,-3.5161686763355275e-05
LL-37,public,dipep_SC,0.0,2.5805935230702897e-05
LL-37,public,dipep_SD,0.0,8.45702859372462e-06
LL-37,public,dipep_SE,0.0,-0.00011059096559111014
LL-37,public,dipep_SF,0.0,0.00027980635600395896
LL-37,public,dipep_SG,0.0,-5.790350868751796e-05
LL-37,public,dipep_SH,0.0,2.7037346697434327e-05
LL-37,public,dipep_SI,0.0,-0.0007405477646431481
LL-37,public,dipep_SK,0.02777777798473835,0.028409899797524625
LL-37,public,dipep_SL,0.0,-0.00044255393087752506
LL-37,public,dipep_SM,0.0,0.0
LL-37,public,dipep_SN,0.0,-0.00040403400875706376
LL-37,public,dipep_SP,0.0,-0.0008207034971066097
LL-37,public,dipep_SQ,0.0,0.0
LL-37,public,dipep_SR,0.0,-0.0004376832682243227
LL-37,public,dipep_SS,0.0,-0.00011574436522373274
LL-37,public,dipep_ST,0.0,-0.0006708978331586883
LL-37,public,dipep_SV,0.0,3.0195628964606463e-05
LL-37,public,dipep_SW,0.0,-0.00019464187583926
LL-37,public,dipep_SY,0.0,-5.9631558549808e-05
LL-37,public,dipep_TA,0.0,-0.0014716872355346213
LL-37,public,dipep_TC,0.0,-3.91717668125538e-05
LL-37,public,dipep_TD,0.0,0.00021174426267096623
LL-37,public,dipep_TE,0.02777777798473835,0.0
LL-37,public,dipep_TF,0.0,-0.0017592458186571494
LL-37,public,dipep_TG,0.0,-0.00047069328088337174
LL-37,public,dipep_TH,0.0,-3.8570264144349085e-05
LL-37,public,dipep_TI,0.0,-0.002311043671590704
LL-37,public,dipep_TK,0.0,-4.4415533509417783e-05
LL-37,public,dipep_TL,0.0,-0.000350902736745823
LL-37,public,dipep_TM,0.0,0.0
LL-37,public,dipep_TN,0.0,0.0001089612270579662
LL-37,public,dipep_TP,0.0,-0.0002392297271113353
LL-37,public,dipep_TQ,0.0,-0.0005496427909857376
LL-37,public,dipep_TR,0.0,-0.000226754215320935
LL-37,public,dipep_TS,0.0,-0.00026853192526843746
LL-37,public,dipep_TT,0.0,-0.0003587063430591119
LL-37,public,dipep_TV,0.0,-0.0003208077817269107
LL-37,public,dipep_TW,0.0,0.0
LL-37,public,dipep_TY,0.0,-2.9797604899304257e-05
LL-37,public,dipep_VA,0.0,-0.0006713252579160953
LL-37,public,dipep_VC,0.0,-0.0003521199436966596
LL-37,public,dipep_VD,0.0,2.1537691149970793e-05
LL-37,public,dipep_VE,0.0,-6.35894609647263e-05
LL-37,public,dipep_VF,0.0,-5.288841945843529e-05
LL-37,public,dipep_VG,0.0,-0.0003425788710900731
LL-37,public,dipep_VH,0.0,-0.00014169295184731775
LL-37,public,dipep_VI,0.0,-0.00028763132164151604
LL-37,public,dipep_VK,0.0,0.00012716410731572117
LL-37,public,dipep_VL,0.0,-0.0017635160976384099
LL-37,public,dipep_VM,0.0,-2.6892387596956144e-05
LL-37,public,dipep_VN,0.0,-5.380744625768376e-05
LL-37,public,dipep_VP,0.02777777798473835,-0.0020482967971671715
LL-37,public,dipep_VQ,0.02777777798473835,-0.0004823093173832415
LL-37,public,dipep_VR,0.0,-0.0008984345621114603
LL-37,public,dipep_VS,0.0,-2.2000463584410063e-05
LL-37,public,dipep_VT,0.0,-0.00017558207362073516
LL-37,public,dipep_VV,0.0,3.360289938417241e-05
LL-37,public,dipep_VW,0.0,-3.193455644560807e-05
LL-37,public,dipep_VY,0.0,-0.00011259695041753835
LL-37,public,dipep_WA,0.0,0.0
LL-37,public,dipep_WC,0.0,0.0
LL-37,public,dipep_WD,0.0,0.0
LL-37,public,dipep_WE,0.0,-0.003270827404123463
LL-37,public,dipep_WF,0.0,-0.00045432188749270247
LL-37,public,dipep_WG,0.0,-6.49738655562798e-05
LL-37,public,dipep_WH,0.0,0.0
LL-37,public,dipep_WI,0.0,-0.0009306842693929477
LL-37,public,dipep_WK,0.0,-0.00043097693960822837
LL-37,public,dipep_WL,0.0,-0.000269902457975598
LL-37,public,dipep_WM,0.0,0.0
LL-37,public,dipep_WN,0.0,-0.00013595210311333992
LL-37,public,dipep_WP,0.0,-8.391128913008604e-06
LL-37,public,dipep_WQ,0.0,-0.0001721703259248185
LL-37,public,dipep_WR,0.0,-0.00012700208700508638
LL-37,public,dipep_WS,0.0,-0.0001079426265551475
LL-37,public,dipep_WT,0.0,0.0
LL-37,public,dipep_WV,0.0,-2.397059400193655e-05
LL-37,public,dipep_WW,0.0,-5.3262719393915524e-05
LL-37,public,dipep_WY,0.0,-0.010019780300423177
LL-37,public,dipep_YA,0.0,-0.00017172142098846163
LL-37,public,dipep_YC,0.0,0.0002769360486956193
LL-37,public,dipep_YD,0.0,0.0
LL-37,public,dipep_YE,0.0,0.0
LL-37,public,dipep_YF,0.0,-2.2056460104407983e-05
LL-37,public,dipep_YG,0.0,-0.008341299370121326
LL-37,public,dipep_YH,0.0,0.0
LL-37,public,dipep_YI,0.0,0.0
LL-37,public,dipep_YK,0.0,-3.859612963096744e-06
LL-37,public,dipep_YL,0.0,-0.0004124669101387442
LL-37,public,dipep_YM,0.0,0.0
LL-37,public,dipep_YN,0.0,0.0
LL-37,public,dipep_YP,0.0,0.0
LL-37,public,dipep_YQ,0.0,-0.0003401070624030787
LL-37,public,dipep_YR,0.0,-0.0004004207294393202
LL-37,public,dipep_YS,0.0,-0.00024767532179346047
LL-37,public,dipep_YT,0.0,-2.396604267368463e-05
LL-37,public,dipep_YV,0.0,-4.846325358284704e-05
LL-37,public,dipep_YW,0.0,-0.00012969452665620437
LL-37,public,dipep_YY,0.0,0.0
melittin,public,length,26.0,0.030226714715891737
melittin,public,charge,4.975412845611572,0.006084935280427874
melittin,public,boman,0.5699999928474426,0.019103204738091434
melittin,public,hmoment,0.5675710439682007,0.010583886487422395
melittin,public,apv,0.21892307698726654,0.00430549097090718
melittin,public,alpha,1.043461561203003,0.009248430151107873
melittin,public,basic_frac,0.19230769574642181,0.01755636487412817
melittin,public,acidic_frac,0.0,0.004512237759895844
melittin,public,aromatic_frac,0.03846153989434242,-0.0013637553423684662
melittin,public,hydrophobic_frac,0.4615384638309479,0.010008704308237658
melittin,public,proline_frac,0.03846153989434242,0.00534197651284668
melittin,public,glycine_frac,0.11538461595773697,0.003941529106360335
melittin,public,aa_A,0.07692307978868484,0.00909764665868334
melittin,public,aa_C,0.0,-0.0037453046937296814
melittin,public,aa_D,0.0,0.0020432648481607187
melittin,public,aa_E,0.0,0.001937533988901506
melittin,public,aa_F,0.0,-0.017109758969086498
melittin,public,aa_G,0.11538461595773697,0.006246346468582454
melittin,public,aa_H,0.0,0.0014316934467114531
melittin,public,aa_I,0.11538461595773697,0.011731146693711782
melittin,public,aa_K,0.11538461595773697,0.006763905233204436
melittin,public,aa_L,0.1538461595773697,0.007075960343455694
melittin,public,aa_M,0.0,-0.0003107599465584869
melittin,public,aa_N,0.0,0.0016579057228101155
melittin,public,aa_P,0.03846153989434242,0.006960243882519835
melittin,public,aa_Q,0.07692307978868484,0.007583076668477411
melittin,public,aa_R,0.07692307978868484,0.0009573964966616723
melittin,public,aa_S,0.03846153989434242,0.007896483154844059
melittin,public,aa_T,0.07692307978868484,0.008675535085679548
melittin,public,aa_V,0.07692307978868484,-0.0003848634364989308
melittin,public,aa_W,0.03846153989434242,0.009317871163193705
melittin,public,aa_Y,0.0,-0.00018966250144432134
melittin,public,dipep_AA,0.0,-0.00195805438660836
melittin,public,dipep_AC,0.0,-7.256627997070655e-05
melittin,public,dipep_AD,0.0,5.423475492203059e-05
melittin,public,dipep_AE,0.0,4.633377753871721e-05
melittin,public,dipep_AF,0.0,0.00023844040107645785
melittin,public,dipep_AG,0.0,0.0015460151318982672
melittin,public,dipep_AH,0.0,-2.0298931961267308e-05
melittin,public,dipep_AI,0.0,-0.003805552826236174
melittin,public,dipep_AK,0.0,-0.001257647974403297
melittin,public,dipep_AL,0.03999999910593033,0.022767532589283556
melittin,public,dipep_AM,0.0,0.0003889470324708377
melittin,public,dipep_AN,0.0,-9.51053256750609e-05
melittin,public,dipep_AP,0.0,0.0003806620703640716
melittin,public,dipep_AQ,0.0,-7.352417056153143e-05
melittin,public,dipep_AR,0.0,0.00027209384449202606
melittin,public,dipep_AS,0.0,0.0007215741343000061
melittin,public,dipep_AT,0.0,0.0
melittin,public,dipep_AV,0.03999999910593033,0.008470128243160749
melittin,public,dipep_AW,0.0,0.0
melittin,public,dipep_AY,0.0,0.0
melittin,public,dipep_CA,0.0,0.00019915789487578726
melittin,public,dipep_CC,0.0,-3.08513408986542e-05
melittin,public,dipep_CD,0.0,0.0
melittin,public,dipep_CE,0.0,5.132701826034314e-05
melittin,public,dipep_CF,0.0,0.0
melittin,public,dipep_CG,0.0,-0.005560057743185002
melittin,public,dipep_CH,0.0,0.0
melittin,public,dipep_CI,0.0,-0.00026121924924931827
melittin,public,dipep_CK,0.0,0.0003373036148010703
melittin,public,dipep_CL,0.0,3.567380880104855e-05
melittin,public,dipep_CM,0.0,0.0
melittin,public,dipep_CN,0.0,0.0001596897803050463
melittin,public,dipep_CP,0.0,2.5728590240376833e-05
melittin,public,dipep_CQ,0.0,0.0
melittin,public,dipep_CR,0.0,-6.945841755201976e-05
melittin,public,dipep_CS,0.0,6.029662011604994e-05
melittin,public,dipep_CT,0.0,-9.611549606428936e-05
melittin,public,dipep_CV,0.0,-4.2386108721783885e-05
melittin,public,dipep_CW,0.0,0.0
melittin,public,dipep_CY,0.0,-5.652685210668452e-05
melittin,public,dipep_DA,0.0,0.0003153937067913009
melittin,public,dipep_DC,0.0,2.009031298685079e-05
melittin,public,dipep_DD,0.0,0.0
melittin,public,dipep_DE,0.0,-4.8767557185773115e-05
melittin,public,dipep_DF,0.0,2.8256940886067942e-05
melittin,public,dipep_DG,0.0,-0.0016267161858661624
melittin,public,dipep_DH,0.0,0.0
melittin,public,dipep_DI,0.0,1.6542803690587597e-05
melittin,public,dipep_DK,0.0,-2.1907727163904783e-05
melittin,public,dipep_DL,0.0,0.000371339968184779
melittin,public,dipep_DM,0.0,0.0
melittin,public,dipep_DN,0.0,0.0
melittin,public,dipep_DP,0.0,7.053915241609222e-05
melittin,public,dipep_DQ,0.0,0.0
melittin,public,dipep_DR,0.0,0.0
melittin,public,dipep_DS,0.0,0.0
melittin,public,dipep_DT,0.0,8.941644973138866e-05
melittin,public,dipep_DV,0.0,0.0001035881901413027
melittin,public,dipep_DW,0.0,5.879812067121404e-05
melittin,public,dipep_DY,0.0,0.0
melittin,public,dipep_EA,0.0,-0.0023193422514401272
melittin,public,dipep_EC,0.0,0.0
melittin,public,dipep_ED,0.0,1.4856443730379024e-05
melittin,public,dipep_EE,0.0,0.0
melittin,public,dipep_EF,0.0,-9.374197497239849e-05
melittin,public,dipep_EG,0.0,-0.008801690477589252
melittin,public,dipep_EH,0.0,2.8645135563045233e-05
melittin,public,dipep_EI,0.0,-8.8197410905009e-06
melittin,public,dipep_EK,0.0,0.0007038906767461228
melittin,public,dipep_EL,0.0,0.0004042604113416881
melittin,public,dipep_EM,0.0,0.0
melittin,public,dipep_EN,0.0,-0.005269534110280736
melittin,public,dipep_EP,0.0,0.0
melittin,public,dipep_EQ,0.0,-9.996666525924586e-06
melittin,public,dipep_ER,0.0,8.25691559275335e-05
melittin,public,dipep_ES,0.0,5.708449052140693e-05
melittin,public,dipep_ET,0.0,5.005794336561358e-05
melittin,public,dipep_EV,0.0,2.1446665750725545e-05
melittin,public,dipep_EW,0.0,0.0
melittin,public,dipep_EY,0.0,0.0
melittin,public,dipep_FA,0.0,0.00036026712407860324
melittin,public,dipep_FC,0.0,-0.0005532983367600425
melittin,public,dipep_FD,0.0,0.0
melittin,public,dipep_FE,0.0,-0.002728249134543732
melittin,public,dipep_FF,0.0,0.000517661998176394
melittin,public,dipep_FG,0.0,-5.18573596257238e-05
melittin,public,dipep_FH,0.0,-0.00011245687464641758
melittin,public,dipep_FI,0.0,-0.0033701378009171113
melittin,public,dipep_FK,0.0,0.0007598108073282649
melittin,public,dipep_FL,0.0,-0.0060324808527949724
melittin,public,dipep_FM,0.0,-5.119316496700312e-06
melittin,public,dipep_FN,0.0,0.0
melittin,public,dipep_FP,0.0,6.967789248255907e-05
melittin,public,dipep_FQ,0.0,5.185543091109603e-05
melittin,public,dipep_FR,0.0,0.0005487989693340321
melittin,public,dipep_FS,0.0,-4.375740224997914e-05
melittin,public,dipep_FT,0.0,0.00021327317859914675
melittin,public,dipep_FV,0.0,0.00030310129758994245
melittin,public,dipep_FW,0.0,6.428802355620853e-05
melittin,public,dipep_FY,0.0,0.0
melittin,public,dipep_GA,0.03999999910593033,0.012885063882791167
melittin,public,dipep_GC,0.0,-1.8395498936871282e-05
melittin,public,dipep_GD,0.0,0.0
melittin,public,dipep_GE,0.0,9.906906682901618e-06
melittin,public,dipep_GF,0.0,-0.0026472971142664655
melittin,public,dipep_GG,0.0,0.00019160792409574895
melittin,public,dipep_GH,0.0,5.8631362878803735e-05
melittin,public,dipep_GI,0.03999999910593033,0.002501514207956171
melittin,public,dipep_GK,0.0,0.0016786052020036706
melittin,public,dipep_GL,0.03999999910593033,0.00982678478107698
melittin,public,dipep_GM,0.0,-0.0034435820608722835
melittin,public,dipep_GN,0.0,8.541176248656991e-05
melittin,public,dipep_GP,0.0,0.00011492706572356665
melittin,public,dipep_GQ,0.0,0.0012314391395729328
melittin,public,dipep_GR,0.0,-0.002426065933761115
melittin,public,dipep_GS,0.0,-4.893217438267491e-06
melittin,public,dipep_GT,0.0,8.711422740380813e-06
melittin,public,dipep_GV,0.0,-0.0004233939557784127
melittin,public,dipep_GW,0.0,-0.005739505971515974
melittin,public,dipep_GY,0.0,-0.004127062948010278
melittin,public,dipep_HA,0.0,9.073360986535185e-05
melittin,public,dipep_HC,0.0,3.8760342010714733e-05
melittin,public,dipep_HD,0.0,0.0
melittin,public,dipep_HE,0.0,0.0
melittin,public,dipep_HF,0.0,0.0
melittin,public,dipep_HG,0.0,7.584904942910261e-05
melittin,public,dipep_HH,0.0,2.5901871809028382e-05
melittin,public,dipep_HI,0.0,-3.845359295808291e-05
melittin,public,dipep_HK,0.0,0.0
melittin,public,dipep_HL,0.0,-9.349177024093443e-05
melittin,public,dipep_HM,0.0,0.0
melittin,public,dipep_HN,0.0,-1.1422566282606639e-05
melittin,public,dipep_HP,0.0,8.742605588314714e-05
melittin,public,dipep_HQ,0.0,0.0
melittin,public,dipep_HR,0.0,0.0002690624854219113
melittin,public,dipep_HS,0.0,3.402922285392423e-05
melittin,public,dipep_HT,0.0,0.0
melittin,public,dipep_HV,0.0,0.0005829236708171221
melittin,public,dipep_HW,0.0,0.0
melittin,public,dipep_HY,0.0,0.0
melittin,public,dipep_IA,0.0,0.0006310725675456195
melittin,public,dipep_IC,0.0,6.203362088032199e-05
melittin,public,dipep_ID,0.0,-0.0041413133657908635
melittin,public,dipep_IE,0.0,-0.008156828826317929
melittin,public,dipep_IF,0.0,0.00024809730450649177
melittin,public,dipep_IG,0.03999999910593033,0.007656353990721592
melittin,public,dipep_IH,0.0,0.0005906722289871018
melittin,public,dipep_II,0.0,-0.00016037747282775502
melittin,public,dipep_IK,0.03999999910593033,0.010001716488347308
melittin,public,dipep_IL,0.0,-0.0014236522135472314
melittin,public,dipep_IM,0.0,7.972643301137973e-06
melittin,public,dipep_IN,0.0,0.00015729760682527136
melittin,public,dipep_IP,0.0,-0.0011395195517294088
melittin,public,dipep_IQ,0.0,0.0002828486731948786
melittin,public,dipep_IR,0.0,0.00011490105653848726
melittin,public,dipep_IS,0.03999999910593033,0.04102011157599219
melittin,public,dipep_IT,0.0,6.68968496416779e-05
melittin,public,dipep_IV,0.0,1.3715038911074022e-05
melittin,public,dipep_IW,0.0,5.5212001338294987e-05
melittin,public,dipep_IY,0.0,0.00021815004383979154
melittin,public,dipep_KA,0.0,0.0005022743932239215
melittin,public,dipep_KC,0.0,-0.0013246605097459593
melittin,public,dipep_KD,0.0,0.00020245499715948088
melittin,public,dipep_KE,0.0,0.0001281851581305294
melittin,public,dipep_KF,0.0,0.0009471624790935409
melittin,public,dipep_KG,0.0,0.0019165908216141523
melittin,public,dipep_KH,0.0,0.0
melittin,public,dipep_KI,0.0,-0.0007329891471406842
melittin,public,dipep_KK,0.0,-0.003332010345889437
melittin,public,dipep_KL,0.0,0.0001403550621105828
melittin,public,dipep_KM,0.0,3.194298158375543e-05
melittin,public,dipep_KN,0.0,0.0003535192054972445
melittin,public,dipep_KP,0.0,0.00043209947156272466
melittin,public,dipep_KQ,0.0,-0.00014029647327082933
melittin,public,dipep_KR,0.07999999821186066,-0.000752072201079234
melittin,public,dipep_KS,0.0,0.000134669176812821
melittin,public,dipep_KT,0.0,-0.0004745860019005452
melittin,public,dipep_KV,0.03999999910593033,0.007559139172834555
melittin,public,dipep_KW,0.0,-7.805256440865708e-05
melittin,public,dipep_KY,0.0,-3.613672984869484e-05
melittin,public,dipep_LA,0.0,2.2699386036481424e-05
melittin,public,dipep_LC,0.0,8.90484652466558e-06
melittin,public,dipep_LD,0.0,-0.00021528477803076738
melittin,public,dipep_LE,0.0,0.00029353909943220037
melittin,public,dipep_LF,0.0,-0.014920404273199782
melittin,public,dipep_LG,0.0,0.0011104754733650467
melittin,public,dipep_LH,0.0,0.0002139605204601385
melittin,public,dipep_LI,0.03999999910593033,0.030131970769448933
melittin,public,dipep_LK,0.03999999910593033,0.007547916809549173
melittin,public,dipep_LL,0.0,0.001768198748420598
melittin,public,dipep_LM,0.0,0.0003974659384454241
melittin,public,dipep_LN,0.0,0.00029677391822053033
melittin,public,dipep_LP,0.03999999910593033,0.02925541674430829
melittin,public,dipep_LQ,0.0,4.978172491244548e-06
melittin,public,dipep_LR,0.0,0.001369614655774279
melittin,public,dipep_LS,0.0,-7.489117708726904e-05
melittin,public,dipep_LT,0.03999999910593033,0.004501352949162784
melittin,public,dipep_LV,0.0,3.726849969598398e-05
melittin,public,dipep_LW,0.0,-0.0006630354762277654
melittin,public,dipep_LY,0.0,0.0
melittin,public,dipep_MA,0.0,-6.987394248614276e-07
melittin,public,dipep_MC,0.0,0.0
melittin,public,dipep_MD,0.0,2.7021253593616037e-05
melittin,public,dipep_ME,0.0,0.0
melittin,public,dipep_MF,0.0,0.0
melittin,public,dipep_MG,0.0,-2.3485218404087726e-05
melittin,public,dipep_MH,0.0,0.0
melittin,public,dipep_MI,0.0,-0.0027469266484590523
melittin,public,dipep_MK,0.0,9.841343464355294e-05
melittin,public,dipep_ML,0.0,0.0003164751750415245
melittin,public,dipep_MM,0.0,-4.350206906447305e-05
melittin,public,dipep_MN,0.0,3.713848806547507e-05
melittin,public,dipep_MP,0.0,0.0
melittin,public,dipep_MQ,0.0,0.0
melittin,public,dipep_MR,0.0,2.655164581554562e-05
melittin,public,dipep_MS,0.0,-3.0791619790122806e-05
melittin,public,dipep_MT,0.0,-0.00010742262436237192
melittin,public,dipep_MV,0.0,0.0
melittin,public,dipep_MW,0.0,0.0
melittin,public,dipep_MY,0.0,0.0
melittin,public,dipep_NA,0.0,-0.0004262382638545259
melittin,public,dipep_NC,0.0,0.0
melittin,public,dipep_ND,0.0,0.0
melittin,public,dipep_NE,0.0,-1.4774393475600294e-05
melittin,public,dipep_NF,0.0,0.00010137991721011803
melittin,public,dipep_NG,0.0,-0.002257266191775155
melittin,public,dipep_NH,0.0,7.699418492306107e-06
melittin,public,dipep_NI,0.0,1.0015749594061073e-05
melittin,public,dipep_NK,0.0,0.0003024435251119821
melittin,public,dipep_NL,0.0,0.0010121838301865532
melittin,public,dipep_NM,0.0,0.0
melittin,public,dipep_NN,0.0,2.3824573891427464e-05
melittin,public,dipep_NP,0.0,0.0
melittin,public,dipep_NQ,0.0,-0.00010664493894855183
melittin,public,dipep_NR,0.0,0.0001470152481248415
melittin,public,dipep_NS,0.0,6.461431414310214e-05
melittin,public,dipep_NT,0.0,-0.00041736073059734735
melittin,public,dipep_NV,0.0,0.0
melittin,public,dipep_NW,0.0,0.0
melittin,public,dipep_NY,0.0,9.37695685879877e-05
melittin,public,dipep_PA,0.03999999910593033,0.0042660396281572945
melittin,public,dipep_PC,0.0,0.0
melittin,public,dipep_PD,0.0,0.0
melittin,public,dipep_PE,0.0,-1.6433792157261675e-05
melittin,public,dipep_PF,0.0,6.223167898219639e-05
melittin,public,dipep_PG,0.0,-4.6241298856460134e-05
melittin,public,dipep_PH,0.0,-4.6675022763847545e-05
melittin,public,dipep_PI,0.0,3.1416454438779446e-05
melittin,public,dipep_PK,0.0,-0.0009022581448890155
melittin,public,dipep_PL,0.0,0.0009142591006360662
melittin,public,dipep_PM,0.0,0.0
melittin,public,dipep_PN,0.0,0.0
melittin,public,dipep_PP,0.0,5.2460584261879955e-05
melittin,public,dipep_PQ,0.0,2.400076217025125e-05
melittin,public,dipep_PR,0.0,0.0008964433465480802
melittin,public,dipep_PS,0.0,-9.4409743854496e-05
melittin,public,dipep_PT,0.0,3.6279005831543354e-05
melittin,public,dipep_PV,0.0,0.00018939650862408023
melittin,public,dipep_PW,0.0,0.0
melittin,public,dipep_PY,0.0,6.229756766390958e-05
melittin,public,dipep_QA,0.0,9.305241867203907e-05
melittin,public,dipep_QC,0.0,-0.00013588388372687578
melittin,public,dipep_QD,0.0,-3.123477925064701e-05
melittin,public,dipep_QE,0.0,0.0
melittin,public,dipep_QF,0.0,2.015726624716068e-05
melittin,public,dipep_QG,0.0,-4.2629061541792714e-05
melittin,public,dipep_QH,0.0,-0.0002965561315334207
melittin,public,dipep_QI,0.0,5.478227533148321e-05
melittin,public,dipep_QK,0.0,0.00037069111144928224
melittin,public,dipep_QL,0.0,-6.504479390593212e-05
melittin,public,dipep_QM,0.0,0.0
melittin,public,dipep_QN,0.0,0.00011614324216184167
melittin,public,dipep_QP,0.0,-0.00010708577387511926
melittin,public,dipep_QQ,0.03999999910593033,0.007084571631233543
melittin,public,dipep_QR,0.0,-0.0024898961448937707
melittin,public,dipep_QS,0.0,-0.00011332845239178217
melittin,public,dipep_QT,0.0,0.0
melittin,public,dipep_QV,0.0,3.483982573105464e-05
melittin,public,dipep_QW,0.0,-7.663319784355479e-06
melittin,public,dipep_QY,0.0,0.0
melittin,public,dipep_RA,0.0,0.00018603131659856482
melittin,public,dipep_RC,0.0,9.825151705570713e-05
melittin,public,dipep_RD,0.0,0.00011397076123256126
melittin,public,dipep_RE,0.0,6.754635392727534e-05
melittin,public,dipep_RF,0.0,0.0002878671948504744
melittin,public,dipep_RG,0.0,0.0007084959911248069
melittin,public,dipep_RH,0.0,0.00014254342982167813
melittin,public,dipep_RI,0.0,0.00046677156261048895
melittin,public,dipep_RK,0.03999999910593033,0.007725411739171367
melittin,public,dipep_RL,0.0,0.001880138681257513
melittin,public,dipep_RM,0.0,0.0
melittin,public,dipep_RN,0.0,0.0003122049756729753
melittin,public,dipep_RP,0.0,0.00021559543017002787
melittin,public,dipep_RQ,0.03999999910593033,0.035848578635413644
melittin,public,dipep_RR,0.0,-0.0011694214039667395
melittin,public,dipep_RS,0.0,0.00010640892583690814
melittin,public,dipep_RT,0.0,0.00029746954214293506
melittin,public,dipep_RV,0.0,0.0007229138489244107
melittin,public,dipep_RW,0.0,0.0001421011617224622
melittin,public,dipep_RY,0.0,-3.495236198167614e-05
melittin,public,dipep_SA,0.0,0.00048159466548589253
melittin,public,dipep_SC,0.0,7.053860519801693e-05
melittin,public,dipep_SD,0.0,5.2690233641813354e-05
melittin,public,dipep_SE,0.0,1.0697866255154898e-05
melittin,public,dipep_SF,0.0,0.0
melittin,public,dipep_SG,0.0,0.0001227211352636028
melittin,public,dipep_SH,0.0,3.2838409390470844e-05
melittin,public,dipep_SI,0.0,2.9680618281899315e-05
melittin,public,dipep_SK,0.0,-0.0037960105725669034
melittin,public,dipep_SL,0.0,-6.450194583655906e-05
melittin,public,dipep_SM,0.0,0.0
melittin,public,dipep_SN,0.0,5.1914478260825594e-05
melittin,public,dipep_SP,0.0,3.386541700226992e-05
melittin,public,dipep_SQ,0.0,-4.922495485507264e-05
melittin,public,dipep_SR,0.0,9.51937903429878e-05
melittin,public,dipep_SS,0.0,0.00015122644790786002
melittin,public,dipep_ST,0.0,-0.00010779167932375281
melittin,public,dipep_SV,0.0,0.0005722437185525684
melittin,public,dipep_SW,0.03999999910593033,0.014284747863249285
melittin,public,dipep_SY,0.0,0.0
melittin,public,dipep_TA,0.0,-3.610339640878412e-05
melittin,public,dipep_TC,0.0,6.807314196212135e-05
melittin,public,dipep_TD,0.0,0.00010686648014804996
melittin,public,dipep_TE,0.0,0.0
melittin,public,dipep_TF,0.0,5.058747378057298e-05
melittin,public,dipep_TG,0.03999999910593033,0.010096299467508988
melittin,public,dipep_TH,0.0,0.0
melittin,public,dipep_TI,0.0,-0.0012486651015940805
melittin,public,dipep_TK,0.0,0.00018086113312132613
melittin,public,dipep_TL,0.0,-0.0004895478750236203
melittin,public,dipep_TM,0.0,-1.5387197142865248e-05
melittin,public,dipep_TN,0.0,0.0
melittin,public,dipep_TP,0.0,0.00011377781813495977
melittin,public,dipep_TQ,0.0,6.105917134803347e-05
melittin,public,dipep_TR,0.0,0.0
melittin,public,dipep_TS,0.0,0.00014548047739379393
melittin,public,dipep_TT,0.03999999910593033,0.013744908557081872
melittin,public,dipep_TV,0.0,-0.0001876039168083394
melittin,public,dipep_TW,0.0,7.199279738796242e-05
melittin,public,dipep_TY,0.0,0.0
melittin,public,dipep_VA,0.0,0.00034733395918210095
melittin,public,dipep_VC,0.0,5.655871071092087e-06
melittin,public,dipep_VD,0.0,0.0
melittin,public,dipep_VE,0.0,0.00019343303728379778
melittin,public,dipep_VF,0.0,4.880464700844566e-05
melittin,public,dipep_VG,0.0,5.467249074315799e-05
melittin,public,dipep_VH,0.0,0.0
melittin,public,dipep_VI,0.0,0.00040201955134072393
melittin,public,dipep_VK,0.0,0.0019813283787958624
melittin,public,dipep_VL,0.07999999821186066,0.020787237187878803
melittin,public,dipep_VM,0.0,0.0
melittin,public,dipep_VN,0.0,-2.092858073943192e-05
melittin,public,dipep_VP,0.0,0.00012331912676682036
melittin,public,dipep_VQ,0.0,0.0002281832684790959
melittin,public,dipep_VR,0.0,0.0010609936331599365
melittin,public,dipep_VS,0.0,-8.06174972887592e-05
melittin,public,dipep_VT,0.0,9.612545021776896e-05
melittin,public,dipep_VV,0.0,0.00034146953352381796
melittin,public,dipep_VW,0.0,-2.519550892204831e-05
melittin,public,dipep_VY,0.0,0.0
melittin,public,dipep_WA,0.0,7.329747524356905e-05
melittin,public,dipep_WC,0.0,4.971024509543311e-05
melittin,public,dipep_WD,0.0,0.0
melittin,public,dipep_WE,0.0,-0.003032521121833784
melittin,public,dipep_WF,0.0,-0.00011329095542223507
melittin,public,dipep_WG,0.0,-1.9561312975270484e-05
melittin,public,dipep_WH,0.0,0.0
melittin,public,dipep_WI,0.03999999910593033,0.01775308275968433
melittin,public,dipep_WK,0.0,0.0002817993010321098
melittin,public,dipep_WL,0.0,0.0003174226041429334
melittin,public,dipep_WM,0.0,0.0
melittin,public,dipep_WN,0.0,-2.3930932453541466e-05
melittin,public,dipep_WP,0.0,0.0
melittin,public,dipep_WQ,0.0,0.0
melittin,public,dipep_WR,0.0,-2.3393771625767216e-05
melittin,public,dipep_WS,0.0,-0.00014255499621553948
melittin,public,dipep_WT,0.0,0.0
melittin,public,dipep_WV,0.0,-1.8532531011501627e-05
melittin,public,dipep_WW,0.0,1.6987836728672594e-05
melittin,public,dipep_WY,0.0,-0.010110464718605633
melittin,public,dipep_YA,0.0,0.0
melittin,public,dipep_YC,0.0,0.00011212160816244877
melittin,public,dipep_YD,0.0,0.0
melittin,public,dipep_YE,0.0,0.0
melittin,public,dipep_YF,0.0,0.0
melittin,public,dipep_YG,0.0,-0.005974176585252919
melittin,public,dipep_YH,0.0,0.0
melittin,public,dipep_YI,0.0,3.0417987608891694e-05
melittin,public,dipep_YK,0.0,0.00010133722872575444
melittin,public,dipep_YL,0.0,-0.00020709888475458515
melittin,public,dipep_YM,0.0,0.0
melittin,public,dipep_YN,0.0,0.0
melittin,public,dipep_YP,0.0,0.0
melittin,public,dipep_YQ,0.0,-8.113402984539958e-05
melittin,public,dipep_YR,0.0,1.5391071471056015e-05
melittin,public,dipep_YS,0.0,-9.563108328473068e-06
melittin,public,dipep_YT,0.0,0.0
melittin,public,dipep_YV,0.0,0.0
melittin,public,dipep_YW,0.0,-1.4902390022455969e-05
melittin,public,dipep_YY,0.0,2.4558664183040392e-05
GEK-25,public,length,25.0,0.02167129725429352
GEK-25,public,charge,1.98076593875885,-0.00299700058921014
GEK-25,public,boman,4.333600044250488,-0.019638739053687793
GEK-25,public,hmoment,0.7330045104026794,0.004187965668147243
GEK-25,public,apv,0.2616400122642517,0.0009000670100511711
GEK-25,public,alpha,0.8888000249862671,-0.016614390271414026
GEK-25,public,basic_frac,0.2800000011920929,-0.010814645431366286
GEK-25,public,acidic_frac,0.20000000298023224,-0.000617816555924303
GEK-25,public,aromatic_frac,0.0,-0.008894615018672843
GEK-25,public,hydrophobic_frac,0.03999999910593033,-0.015265055284761233
GEK-25,public,proline_frac,0.07999999821186066,-0.0028943901160839447
GEK-25,public,glycine_frac,0.36000001430511475,0.00869854045699034
GEK-25,public,aa_A,0.0,-0.012366891506112922
GEK-25,public,aa_C,0.0,-0.004267244417479054
GEK-25,public,aa_D,0.07999999821186066,-0.003335803177972061
GEK-25,public,aa_E,0.11999999731779099,0.012402366836751574
GEK-25,public,aa_F,0.0,-0.011564306528729112
GEK-25,public,aa_G,0.36000001430511475,0.007570447557252978
GEK-25,public,aa_H,0.0,-0.001272903377673454
GEK-25,public,aa_I,0.0,-0.014396903498799242
GEK-25,public,aa_K,0.11999999731779099,0.0003505977832475904
GEK-25,public,aa_L,0.0,-0.008791693145563294
GEK-25,public,aa_M,0.0,-0.0028925729678084613
GEK-25,public,aa_N,0.03999999910593033,-0.0010043556047141958
GEK-25,public,aa_P,0.07999999821186066,-0.002113462702650585
GEK-25,public,aa_Q,0.0,-0.008517912652122246
GEK-25,public,aa_R,0.1599999964237213,-0.016244032744694246
GEK-25,public,aa_S,0.0,-0.00312455497465921
GEK-25,public,aa_T,0.0,-0.0014000405263294227
GEK-25,public,aa_V,0.03999999910593033,0.000378096938255177
GEK-25,public,aa_W,0.0,-0.006425183377311046
GEK-25,public,aa_Y,0.0,-0.003219514990258318
GEK-25,public,dipep_AA,0.0,-0.0022502830505620737
GEK-25,public,dipep_AC,0.0,-4.8044997954341115e-05
GEK-25,public,dipep_AD,0.0,-7.936193755942317e-06
GEK-25,public,dipep_AE,0.0,-5.446719464414004e-05
GEK-25,public,dipep_AF,0.0,-7.774422313559603e-05
GEK-25,public,dipep_AG,0.0,-0.00016072718106461206
GEK-25,public,dipep_AH,0.0,-0.00036391066024548025
GEK-25,public,dipep_AI,0.0,-0.007094159207219734
GEK-25,public,dipep_AK,0.0,-0.0019748845056212117
GEK-25,public,dipep_AL,0.0,-0.002427240311974844
GEK-25,public,dipep_AM,0.0,-0.00023495999264896094
GEK-25,public,dipep_AN,0.0,-0.0003253834768926636
GEK-25,public,dipep_AP,0.0,0.00033452014640431726
GEK-25,public,dipep_AQ,0.0,-0.0018205010051341177
GEK-25,public,dipep_AR,0.0,8.020764629136606e-05
GEK-25,public,dipep_AS,0.0,-0.0003511550175553289
GEK-25,public,dipep_AT,0.0,0.0
GEK-25,public,dipep_AV,0.0,-0.0004888275379359274
GEK-25,public,dipep_AW,0.0,-8.818445078345713e-05
GEK-25,public,dipep_AY,0.0,-0.00011454669496281831
GEK-25,public,dipep_CA,0.0,-5.011902561853443e-05
GEK-25,public,dipep_CC,0.0,-0.0003534186947001571
GEK-25,public,dipep_CD,0.0,-0.0003195536575395783
GEK-25,public,dipep_CE,0.0,-0.00011956315243696808
GEK-25,public,dipep_CF,0.0,-6.929938589806802e-05
GEK-25,public,dipep_CG,0.0,-0.007331610995071065
GEK-25,public,dipep_CH,0.0,-3.7770205463548464e-05
GEK-25,public,dipep_CI,0.0,-0.0002151451399010035
GEK-25,public,dipep_CK,0.0,-4.780214973383026e-06
GEK-25,public,dipep_CL,0.0,4.924873414307942e-06
GEK-25,public,dipep_CM,0.0,0.0
GEK-25,public,dipep_CN,0.0,-0.00020101545612478638
GEK-25,public,dipep_CP,0.0,-0.00032442013131668063
GEK-25,public,dipep_CQ,0.0,8.412915680439681e-05
GEK-25,public,dipep_CR,0.0,-0.0005047758227191655
GEK-25,public,dipep_CS,0.0,-0.00023636500086923596
GEK-25,public,dipep_CT,0.0,-7.187686079744537e-05
GEK-25,public,dipep_CV,0.0,-0.00011691691091352624
GEK-25,public,dipep_CW,0.0,-0.00016455715437763257
GEK-25,public,dipep_CY,0.0,-0.0009444446070616791
GEK-25,public,dipep_DA,0.0,4.3190840359831545e-05
GEK-25,public,dipep_DC,0.0,0.0
GEK-25,public,dipep_DD,0.0,-6.414694745782046e-05
GEK-25,public,dipep_DE,0.0,-0.00040111396649423044
GEK-25,public,dipep_DF,0.0,-0.00015344776614872475
GEK-25,public,dipep_DG,0.0,-0.0016354058811213035
GEK-25,public,dipep_DH,0.0,-1.250413452424778e-05
GEK-25,public,dipep_DI,0.0,-0.0001563508522592351
GEK-25,public,dipep_DK,0.0416666679084301,0.0009715695044599975
GEK-25,public,dipep_DL,0.0,-0.00020487275555318223
GEK-25,public,dipep_DM,0.0,0.0
GEK-25,public,dipep_DN,0.0,0.0
GEK-25,public,dipep_DP,0.0,0.0
GEK-25,public,dipep_DQ,0.0,-4.253282536038622e-05
GEK-25,public,dipep_DR,0.0,-0.00023540542394980658
GEK-25,public,dipep_DS,0.0,-4.477807514986816e-05
GEK-25,public,dipep_DT,0.0,-0.00027529280442388894
GEK-25,public,dipep_DV,0.0416666679084301,0.0047080565891765465
GEK-25,public,dipep_DW,0.0,0.0
GEK-25,public,dipep_DY,0.0,-3.8828635301570636e-05
GEK-25,public,dipep_EA,0.0,-0.002268334820427193
GEK-25,public,dipep_EC,0.0,-0.0004272925821924141
GEK-25,public,dipep_ED,0.0,-0.00030356174926124614
GEK-25,public,dipep_EE,0.0,-0.00013696439190496668
GEK-25,public,dipep_EF,0.0,-0.0003490679750225813
GEK-25,public,dipep_EG,0.0,-0.011373374180212597
GEK-25,public,dipep_EH,0.0,0.00014171141178417621
GEK-25,public,dipep_EI,0.0,-0.0011593565700534908
GEK-25,public,dipep_EK,0.0833333358168602,-0.007849389635042298
GEK-25,public,dipep_EL,0.0,6.555349020656536e-06
GEK-25,public,dipep_EM,0.0,0.0
GEK-25,public,dipep_EN,0.0,-0.005131091182714124
GEK-25,public,dipep_EP,0.0,0.0
GEK-25,public,dipep_EQ,0.0,-2.8416302738394907e-05
GEK-25,public,dipep_ER,0.0416666679084301,0.0022448266515999443
GEK-25,public,dipep_ES,0.0,-0.00022022074302342938
GEK-25,public,dipep_ET,0.0,-0.00010252397083497515
GEK-25,public,dipep_EV,0.0,0.0
GEK-25,public,dipep_EW,0.0,0.0
GEK-25,public,dipep_EY,0.0,-1.893763689940542e-05
GEK-25,public,dipep_FA,0.0,-0.0006337061535244809
GEK-25,public,dipep_FC,0.0,-0.000565637229917191
GEK-25,public,dipep_FD,0.0,-6.180935854866543e-05
GEK-25,public,dipep_FE,0.0,-0.002633136410179496
GEK-25,public,dipep_FF,0.0,-0.0001252470544382407
GEK-25,public,dipep_FG,0.0,-0.0003696328883176642
GEK-25,public,dipep_FH,0.0,-0.000364295446699237
GEK-25,public,dipep_FI,0.0,-0.004687218650063291
GEK-25,public,dipep_FK,0.0,-0.00022280033321275542
GEK-25,public,dipep_FL,0.0,-0.004830718884313918
GEK-25,public,dipep_FM,0.0,-0.0002448482411520801
GEK-25,public,dipep_FN,0.0,0.0
GEK-25,public,dipep_FP,0.0,-9.697781276968145e-05
GEK-25,public,dipep_FQ,0.0,-3.555459309239936e-05
GEK-25,public,dipep_FR,0.0,0.0006121096815368656
GEK-25,public,dipep_FS,0.0,-2.267583338120662e-05
GEK-25,public,dipep_FT,0.0,-0.0001652897676387166
GEK-25,public,dipep_FV,0.0,6.890964760184863e-05
GEK-25,public,dipep_FW,0.0,-0.0001260275899748141
GEK-25,public,dipep_FY,0.0,-2.1300017329036033e-05
GEK-25,public,dipep_GA,0.0,-0.0022991849316829674
GEK-25,public,dipep_GC,0.0,-0.00028860305751209346
GEK-25,public,dipep_GD,0.0833333358168602,0.0018617485833744784
GEK-25,public,dipep_GE,0.125,0.0017182205901308523
GEK-25,public,dipep_GF,0.0,-0.0035771978195499486
GEK-25,public,dipep_GG,0.0,0.00044595305997843646
GEK-25,public,dipep_GH,0.0,-0.000242873442318296
GEK-25,public,dipep_GI,0.0,0.00019772128226670536
GEK-25,public,dipep_GK,0.0,-0.0011542107936803833
GEK-25,public,dipep_GL,0.0,-0.0037938261397378703
GEK-25,public,dipep_GM,0.0,-0.00430626991424367
GEK-25,public,dipep_GN,0.0416666679084301,0.0
GEK-25,public,dipep_GP,0.0416666679084301,0.0024457634141928832
GEK-25,public,dipep_GQ,0.0,0.0010951861231699093
GEK-25,public,dipep_GR,0.0416666679084301,0.01163085710617633
GEK-25,public,dipep_GS,0.0,-0.0006683774765593846
GEK-25,public,dipep_GT,0.0,-9.360728632204276e-05
GEK-25,public,dipep_GV,0.0,-0.0009478599393179994
GEK-25,public,dipep_GW,0.0,-0.005427551237647578
GEK-25,public,dipep_GY,0.0,-0.0051787636659440354
GEK-25,public,dipep_HA,0.0,-0.0002917257001377207
GEK-25,public,dipep_HC,0.0,0.00010844859250089206
GEK-25,public,dipep_HD,0.0,-1.6895546795196706e-05
GEK-25,public,dipep_HE,0.0,0.0
GEK-25,public,dipep_HF,0.0,-1.6874582516491686e-05
GEK-25,public,dipep_HG,0.0,-0.000344023776107614
GEK-25,public,dipep_HH,0.0,-9.88771302163743e-05
GEK-25,public,dipep_HI,0.0,-0.0004850653211176788
GEK-25,public,dipep_HK,0.0,-0.00035508606764570106
GEK-25,public,dipep_HL,0.0,-0.00032517793668496696
GEK-25,public,dipep_HM,0.0,-1.3275935731851103e-05
GEK-25,public,dipep_HN,0.0,-6.0751908517180854e-05
GEK-25,public,dipep_HP,0.0,0.0002518194968131436
GEK-25,public,dipep_HQ,0.0,-0.00010004176765665116
GEK-25,public,dipep_HR,0.0,-0.00046736560302736017
GEK-25,public,dipep_HS,0.0,-0.00023436996886888557
GEK-25,public,dipep_HT,0.0,0.0
GEK-25,public,dipep_HV,0.0,7.181051104219073e-05
GEK-25,public,dipep_HW,0.0,0.0
GEK-25,public,dipep_HY,0.0,0.0
GEK-25,public,dipep_IA,0.0,-0.001010097566570493
GEK-25,public,dipep_IC,0.0,-0.0002776808356342274
GEK-25,public,dipep_ID,0.0,-0.005122394278091609
GEK-25,public,dipep_IE,0.0,-0.011310747047955965
GEK-25,public,dipep_IF,0.0,-0.0010501459795657908
GEK-25,public,dipep_IG,0.0,-2.2284503801598647e-06
GEK-25,public,dipep_IH,0.0,-0.0003278354933135219
GEK-25,public,dipep_II,0.0,-0.0011148880429157472
GEK-25,public,dipep_IK,0.0,-0.0022560083668027612
GEK-25,public,dipep_IL,0.0,-0.001991130545846653
GEK-25,public,dipep_IM,0.0,-4.3576217555819535e-05
GEK-25,public,dipep_IN,0.0,-0.00032643449471412146
GEK-25,public,dipep_IP,0.0,-0.0006173637641794218
GEK-25,public,dipep_IQ,0.0,-0.00016048643808555486
GEK-25,public,dipep_IR,0.0,-1.4911701076851068e-05
GEK-25,public,dipep_IS,0.0,-0.002284226283114095
GEK-25,public,dipep_IT,0.0,-0.00013716446028947036
GEK-25,public,dipep_IV,0.0,-0.00032382862343967094
GEK-25,public,dipep_IW,0.0,-0.00044771596520344745
GEK-25,public,dipep_IY,0.0,6.926200261183981e-07
GEK-25,public,dipep_KA,0.0,-0.0008438126056184679
GEK-25,public,dipep_KC,0.0,-0.0008543317706862358
GEK-25,public,dipep_KD,0.0,-0.0003500382146717265
GEK-25,public,dipep_KE,0.0,0.0004204471992495744
GEK-25,public,dipep_KF,0.0,-0.0007092081101897011
GEK-25,public,dipep_KG,0.125,0.005924126729292485
GEK-25,public,dipep_KH,0.0,-7.633751663384082e-05
GEK-25,public,dipep_KI,0.0,-0.0011064391430821428
GEK-25,public,dipep_KK,0.0,-0.008250981419171083
GEK-25,public,dipep_KL,0.0,-0.0008380558590231092
GEK-25,public,dipep_KM,0.0,-0.00015086410872816068
GEK-25,public,dipep_KN,0.0,-0.00020336935863107523
GEK-25,public,dipep_KP,0.0,-0.0005048534265879183
GEK-25,public,dipep_KQ,0.0,-0.0005984594439806084
GEK-25,public,dipep_KR,0.0,-0.0005792575278171021
GEK-25,public,dipep_KS,0.0,0.00029764754431651304
GEK-25,public,dipep_KT,0.0,-0.001584410425711171
GEK-25,public,dipep_KV,0.0,-0.0015086981850041363
GEK-25,public,dipep_KW,0.0,-0.00017261675522080506
GEK-25,public,dipep_KY,0.0,-0.00041840139604366975
GEK-25,public,dipep_LA,0.0,-0.0007245901299841392
GEK-25,public,dipep_LC,0.0,-0.00034987483931111786
GEK-25,public,dipep_LD,0.0,-0.0004678424281500868
GEK-25,public,dipep_LE,0.0,-0.00011276573106052151
GEK-25,public,dipep_LF,0.0,-0.018275853701836674
GEK-25,public,dipep_LG,0.0,-0.00018235479070171035
GEK-25,public,dipep_LH,0.0,-1.5825101700947138e-05
GEK-25,public,dipep_LI,0.0,-0.0030484267103510028
GEK-25,public,dipep_LK,0.0,-0.0027704068882474474
GEK-25,public,dipep_LL,0.0,-0.00041645691537876394
GEK-25,public,dipep_LM,0.0,-9.18200666302681e-05
GEK-25,public,dipep_LN,0.0,-0.0003729399498689023
GEK-25,public,dipep_LP,0.0,-0.0018318330171395202
GEK-25,public,dipep_LQ,0.0,-8.420129449797283e-05
GEK-25,public,dipep_LR,0.0,0.00030107570398922985
GEK-25,public,dipep_LS,0.0,-0.0008237978174357969
GEK-25,public,dipep_LT,0.0,-0.00011407400070653848
GEK-25,public,dipep_LV,0.0,-0.0010970055489862294
GEK-25,public,dipep_LW,0.0,-0.0006230631337828378
GEK-25,public,dipep_LY,0.0,-8.077819468820152e-05
GEK-25,public,dipep_MA,0.0,-0.0001522594309524786
GEK-25,public,dipep_MC,0.0,-9.306909325383522e-05
GEK-25,public,dipep_MD,0.0,-1.1016788933336519e-05
GEK-25,public,dipep_ME,0.0,1.056465265200376e-05
GEK-25,public,dipep_MF,0.0,0.0
GEK-25,public,dipep_MG,0.0,-0.00031168348283748613
GEK-25,public,dipep_MH,0.0,0.0
GEK-25,public,dipep_MI,0.0,-0.002978138534164208
GEK-25,public,dipep_MK,0.0,-8.41524580028987e-05
GEK-25,public,dipep_ML,0.0,-0.00022015594820518633
GEK-25,public,dipep_MM,0.0,-0.00029852395258981516
GEK-25,public,dipep_MN,0.0,-9.985833555366942e-05
GEK-25,public,dipep_MP,0.0,0.0
GEK-25,public,dipep_MQ,0.0,-2.857782462540858e-05
GEK-25,public,dipep_MR,0.0,-0.0004259944643571443
GEK-25,public,dipep_MS,0.0,-8.863200121994563e-05
GEK-25,public,dipep_MT,0.0,-0.0003710027458774588
GEK-25,public,dipep_MV,0.0,0.0
GEK-25,public,dipep_MW,0.0,-9.58371970711363e-06
GEK-25,public,dipep_MY,0.0,-1.3315892697289911e-05
GEK-25,public,dipep_NA,0.0,-0.0005764150524873188
GEK-25,public,dipep_NC,0.0,-0.00018657581652648807
GEK-25,public,dipep_ND,0.0,0.0
GEK-25,public,dipep_NE,0.0,-3.404955966155421e-05
GEK-25,public,dipep_NF,0.0,-0.0005598910284923588
GEK-25,public,dipep_NG,0.0,-0.0029572274890445195
GEK-25,public,dipep_NH,0.0,0.0
GEK-25,public,dipep_NI,0.0,-2.7743308121767896e-05
GEK-25,public,dipep_NK,0.0,9.170614748576662e-05
GEK-25,public,dipep_NL,0.0,-0.0001231976970580742
GEK-25,public,dipep_NM,0.0,-5.249604712433095e-05
GEK-25,public,dipep_NN,0.0,-7.528041278234576e-05
GEK-25,public,dipep_NP,0.0416666679084301,0.0019220649760277873
GEK-25,public,dipep_NQ,0.0,-0.0005608646603113527
GEK-25,public,dipep_NR,0.0,-0.0001462373532986645
GEK-25,public,dipep_NS,0.0,-0.00011321097486280064
GEK-25,public,dipep_NT,0.0,-0.0014911134733824663
GEK-25,public,dipep_NV,0.0,-0.0001026739141196437
GEK-25,public,dipep_NW,0.0,-4.4473577600181896e-05
GEK-25,public,dipep_NY,0.0,-0.00012895284871787017
GEK-25,public,dipep_PA,0.0,0.0005703790537207953
GEK-25,public,dipep_PC,0.0,-0.000538968398486792
GEK-25,public,dipep_PD,0.0,1.959392839732972e-05
GEK-25,public,dipep_PE,0.0,-0.0006533605955148572
GEK-25,public,dipep_PF,0.0,0.0002932565312874135
GEK-25,public,dipep_PG,0.0416666679084301,-0.00019476025704399404
GEK-25,public,dipep_PH,0.0,-1.4685030448111964e-05
GEK-25,public,dipep_PI,0.0,-1.8785653964807068e-05
GEK-25,public,dipep_PK,0.0,-0.00018048816700469444
GEK-25,public,dipep_PL,0.0,-4.950131089940143e-05
GEK-25,public,dipep_PM,0.0,0.0
GEK-25,public,dipep_PN,0.0,0.0
GEK-25,public,dipep_PP,0.0,1.442541827372995e-05
GEK-25,public,dipep_PQ,0.0,2.6275772776888343e-05
GEK-25,public,dipep_PR,0.0416666679084301,-0.011245772676526664
GEK-25,public,dipep_PS,0.0,-0.0006226937082223828
GEK-25,public,dipep_PT,0.0,-1.6657632006812847e-05
GEK-25,public,dipep_PV,0.0,-8.135854459967981e-05
GEK-25,public,dipep_PW,0.0,-1.1936414043003663e-05
GEK-25,public,dipep_PY,0.0,0.0
GEK-25,public,dipep_QA,0.0,-0.00035980184317444306
GEK-25,public,dipep_QC,0.0,-6.647737478643245e-05
GEK-25,public,dipep_QD,0.0,-0.00014046833001962156
GEK-25,public,dipep_QE,0.0,-7.606092192220526e-06
GEK-25,public,dipep_QF,0.0,-0.00022812148521978681
GEK-25,public,dipep_QG,0.0,-0.0001590948257131865
GEK-25,public,dipep_QH,0.0,-0.0009935798540168642
GEK-25,public,dipep_QI,0.0,-0.0001301837088058918
GEK-25,public,dipep_QK,0.0,0.0003615456817834766
GEK-25,public,dipep_QL,0.0,-0.00011524748562166598
GEK-25,public,dipep_QM,0.0,0.0
GEK-25,public,dipep_QN,0.0,-8.646075554995659e-06
GEK-25,public,dipep_QP,0.0,-0.0015939454583816465
GEK-25,public,dipep_QQ,0.0,-5.8296221491965684e-05
GEK-25,public,dipep_QR,0.0,-0.0027012239262601693
GEK-25,public,dipep_QS,0.0,-0.0002561625377080305
GEK-25,public,dipep_QT,0.0,0.0
GEK-25,public,dipep_QV,0.0,5.840224083267123e-06
GEK-25,public,dipep_QW,0.0,-0.00020460921355259961
GEK-25,public,dipep_QY,0.0,0.0
GEK-25,public,dipep_RA,0.0,-0.0003527248342432655
GEK-25,public,dipep_RC,0.0,-7.653636410423022e-05
GEK-25,public,dipep_RD,0.0,-9.37278316720027e-06
GEK-25,public,dipep_RE,0.0,0.0
GEK-25,public,dipep_RF,0.0,7.676220059628915e-06
GEK-25,public,dipep_RG,0.125,-0.007276311351848135
GEK-25,public,dipep_RH,0.0,0.0
GEK-25,public,dipep_RI,0.0,7.679685735472733e-05
GEK-25,public,dipep_RK,0.0,-0.0021337120092925132
GEK-25,public,dipep_RL,0.0,0.0002471973966424989
GEK-25,public,dipep_RM,0.0,-0.0003330288680106743
GEK-25,public,dipep_RN,0.0,0.00022546057406466245
GEK-25,public,dipep_RP,0.0,0.0002514571694296877
GEK-25,public,dipep_RQ,0.0,-0.007314551251897348
GEK-25,public,dipep_RR,0.0416666679084301,0.0032261748314625412
GEK-25,public,dipep_RS,0.0,-0.00011501984385146682
GEK-25,public,dipep_RT,0.0,-2.1453246556090532e-05
GEK-25,public,dipep_RV,0.0,-0.00035017722159521583
GEK-25,public,dipep_RW,0.0,-0.0011098207439910425
GEK-25,public,dipep_RY,0.0,-4.245366774299425e-05
GEK-25,public,dipep_SA,0.0,-7.879395468004558e-05
GEK-25,public,dipep_SC,0.0,-0.0001714518443259445
GEK-25,public,dipep_SD,0.0,-2.1204636156181327e-05
GEK-25,public,dipep_SE,0.0,0.0
GEK-25,public,dipep_SF,0.0,-9.785468989427563e-05
GEK-25,public,dipep_SG,0.0,-0.0002459902981930724
GEK-25,public,dipep_SH,0.0,-4.984860822609637e-05
GEK-25,public,dipep_SI,0.0,-0.0007904307433637046
GEK-25,public,dipep_SK,0.0,-0.004259549156808485
GEK-25,public,dipep_SL,0.0,-0.0008439814215955865
GEK-25,public,dipep_SM,0.0,0.0
GEK-25,public,dipep_SN,0.0,-0.0002831196025186658
GEK-25,public,dipep_SP,0.0,-0.0001300581011872652
GEK-25,public,dipep_SQ,0.0,-3.0386811478261675e-05
GEK-25,public,dipep_SR,0.0,-0.0017596279667121209
GEK-25,public,dipep_SS,0.0,-0.0001464019665797774
GEK-25,public,dipep_ST,0.0,-0.0003637768093651493
GEK-25,public,dipep_SV,0.0,-9.490558123840083e-05
GEK-25,public,dipep_SW,0.0,-0.00016253787840494278
GEK-25,public,dipep_SY,0.0,-2.194386828258175e-05
GEK-25,public,dipep_TA,0.0,-0.0005522396625664006
GEK-25,public,dipep_TC,0.0,8.852379394613332e-05
GEK-25,public,dipep_TD,0.0,0.00017952586503028198
GEK-25,public,dipep_TE,0.0,0.0
GEK-25,public,dipep_TF,0.0,-0.00038264871395915745
GEK-25,public,dipep_TG,0.0,-0.0005680643347439348
GEK-25,public,dipep_TH,0.0,-8.054343948638159e-05
GEK-25,public,dipep_TI,0.0,-0.0014783282244481965
GEK-25,public,dipep_TK,0.0,4.426898645099201e-06
GEK-25,public,dipep_TL,0.0,-0.0003927185180072404
GEK-25,public,dipep_TM,0.0,0.0
GEK-25,public,dipep_TN,0.0,-0.00021139195993387301
GEK-25,public,dipep_TP,0.0,0.0
GEK-25,public,dipep_TQ,0.0,-0.00025122840900935887
GEK-25,public,dipep_TR,0.0,3.7612147183491094e-05
GEK-25,public,dipep_TS,0.0,-0.00015769199301266204
GEK-25,public,dipep_TT,0.0,-0.0003352657769510698
GEK-25,public,dipep_TV,0.0,-0.00038259814403451603
GEK-25,public,dipep_TW,0.0,0.0
GEK-25,public,dipep_TY,0.0,-5.1642798787250034e-05
GEK-25,public,dipep_VA,0.0,-0.0007564719358164493
GEK-25,public,dipep_VC,0.0,-0.0005833972795041594
GEK-25,public,dipep_VD,0.0,2.1537691149970793e-05
GEK-25,public,dipep_VE,0.0,-0.00012484530557339713
GEK-25,public,dipep_VF,0.0,-5.94064109897515e-05
GEK-25,public,dipep_VG,0.0416666679084301,0.005313557092210164
GEK-25,public,dipep_VH,0.0,-0.00040195703526219
GEK-25,public,dipep_VI,0.0,-0.00039935045235544306
GEK-25,public,dipep_VK,0.0,0.0007010354587964035
GEK-25,public,dipep_VL,0.0,-0.001377856255482319
GEK-25,public,dipep_VM,0.0,-5.966070468422981e-05
GEK-25,public,dipep_VN,0.0,-0.00017832257684362312
GEK-25,public,dipep_VP,0.0,-4.304065234435322e-05
GEK-25,public,dipep_VQ,0.0,-0.0001337175082342485
GEK-25,public,dipep_VR,0.0,0.0007164345740526518
GEK-25,public,dipep_VS,0.0,-0.00015602400799798912
GEK-25,public,dipep_VT,0.0,-0.0002098450027584053
GEK-25,public,dipep_VV,0.0,0.0
GEK-25,public,dipep_VW,0.0,-6.342770584746589e-05
GEK-25,public,dipep_VY,0.0,-0.00021983809350111476
GEK-25,public,dipep_WA,0.0,0.0
GEK-25,public,dipep_WC,0.0,-0.0001501271245254246
GEK-25,public,dipep_WD,0.0,-3.198528328100876e-05
GEK-25,public,dipep_WE,0.0,-0.0037173798667592575
GEK-25,public,dipep_WF,0.0,-0.00021193943014115367
GEK-25,public,dipep_WG,0.0,-6.122695461044356e-05
GEK-25,public,dipep_WH,0.0,-3.708557257654766e-05
GEK-25,public,dipep_WI,0.0,-0.0006232401263543202
GEK-25,public,dipep_WK,0.0,-0.00021029011637739364
GEK-25,public,dipep_WL,0.0,-0.00032302913688364983
GEK-25,public,dipep_WM,0.0,-1.3909980568982484e-05
GEK-25,public,dipep_WN,0.0,-4.965630423864363e-05
GEK-25,public,dipep_WP,0.0,-4.4790905342009155e-05
GEK-25,public,dipep_WQ,0.0,-0.0001227151579438374
GEK-25,public,dipep_WR,0.0,-0.0002363816631530918
GEK-25,public,dipep_WS,0.0,-0.0001381718793650982
GEK-25,public,dipep_WT,0.0,0.0
GEK-25,public,dipep_WV,0.0,-2.397059400193655e-05
GEK-25,public,dipep_WW,0.0,-0.00015376818174135372
GEK-25,public,dipep_WY,0.0,-0.01052841814381303
GEK-25,public,dipep_YA,0.0,-0.00013425435618639304
GEK-25,public,dipep_YC,0.0,0.00017743786080525318
GEK-25,public,dipep_YD,0.0,0.0
GEK-25,public,dipep_YE,0.0,0.0
GEK-25,public,dipep_YF,0.0,0.0
GEK-25,public,dipep_YG,0.0,-0.009383422200868963
GEK-25,public,dipep_YH,0.0,0.0
GEK-25,public,dipep_YI,0.0,0.0
GEK-25,public,dipep_YK,0.0,4.925268865102274e-07
GEK-25,public,dipep_YL,0.0,-0.0007612909705154919
GEK-25,public,dipep_YM,0.0,0.0
GEK-25,public,dipep_YN,0.0,0.0
GEK-25,public,dipep_YP,0.0,0.0
GEK-25,public,dipep_YQ,0.0,-0.00026915970890386594
GEK-25,public,dipep_YR,0.0,-0.0004276040204450465
GEK-25,public,dipep_YS,0.0,-0.00014509120873427227
GEK-25,public,dipep_YT,0.0,-7.395981186600307e-05
GEK-25,public,dipep_YV,0.0,-0.00011162889100734169
GEK-25,public,dipep_YW,0.0,-0.0001444452114350722
GEK-25,public,dipep_YY,0.0,0.0
REI-26,adapted,length,26.0,0.009377037067892247
REI-26,adapted,charge,7.217069149017334,-0.0063063093578386445
REI-26,adapted,boman,3.6407692432403564,-0.0353278195449225
REI-26,adapted,hmoment,0.8949819207191467,0.00605801791404233
REI-26,adapted,apv,0.21476922929286957,-0.0045766179428247365
REI-26,adapted,alpha,1.0273077487945557,-0.0009805902307173642
REI-26,adapted,basic_frac,0.3461538553237915,-0.025897219335421412
REI-26,adapted,acidic_frac,0.03846153989434242,-0.002100780064110486
REI-26,adapted,aromatic_frac,0.07692307978868484,-0.0035733472282882994
REI-26,adapted,hydrophobic_frac,0.3461538553237915,-0.031083175981850897
REI-26,adapted,proline_frac,0.03846153989434242,-0.00018288246587498596
REI-26,adapted,glycine_frac,0.07692307978868484,-0.005714343006597009
REI-26,adapted,aa_A,0.07692307978868484,0.003082976807354523
REI-26,adapted,aa_C,0.0,-0.002763524451446778
REI-26,adapted,aa_D,0.0,-0.00022770681164889766
REI-26,adapted,aa_E,0.03846153989434242,-0.005776561611588163
REI-26,adapted,aa_F,0.07692307978868484,0.004926589195523734
REI-26,adapted,aa_G,0.07692307978868484,-0.0021315146929175802
REI-26,adapted,aa_H,0.03846153989434242,-0.003436188920755625
REI-26,adapted,aa_I,0.07692307978868484,-0.001407532856742614
REI-26,adapted,aa_K,0.07692307978868484,0.0021005845045663223
REI-26,adapted,aa_L,0.03846153989434242,-0.003578655231845235
REI-26,adapted,aa_M,0.03846153989434242,-0.00015470473557476535
REI-26,adapted,aa_N,0.03846153989434242,-0.000736679213101745
REI-26,adapted,aa_P,0.03846153989434242,0.0004143655688859762
REI-26,adapted,aa_Q,0.0,-0.00726553972571385
REI-26,adapted,aa_R,0.23076923191547394,-0.03328777692266466
REI-26,adapted,aa_S,0.03846153989434242,-0.0005496940955028591
REI-26,adapted,aa_T,0.07692307978868484,0.0032475182857092414
REI-26,adapted,aa_V,0.03846153989434242,-0.003023096045835149
REI-26,adapted,aa_W,0.0,-0.007436487330410829
REI-26,adapted,aa_Y,0.0,-0.0031010865796636286
REI-26,adapted,dipep_AA,0.0,-0.0016064814497157626
REI-26,adapted,dipep_AC,0.0,-2.9354333499773408e-05
REI-26,adapted,dipep_AD,0.0,-1.57875136563606e-05
REI-26,adapted,dipep_AE,0.0,-4.411022955808393e-05
REI-26,adapted,dipep_AF,0.0,-0.00014592008509030854
REI-26,adapted,dipep_AG,0.0,-0.000386710540936748
REI-26,adapted,dipep_AH,0.03999999910593033,0.0010537774373173842
REI-26,adapted,dipep_AI,0.0,-0.004181578466296276
REI-26,adapted,dipep_AK,0.0,-0.0005718156768592528
REI-26,adapted,dipep_AL,0.0,-0.002335405865891817
REI-26,adapted,dipep_AM,0.03999999910593033,-0.0028186167052133035
REI-26,adapted,dipep_AN,0.0,-0.00039279524609616887
REI-26,adapted,dipep_AP,0.0,0.00024267838485477446
REI-26,adapted,dipep_AQ,0.0,-0.0007531388924951071
REI-26,adapted,dipep_AR,0.0,-0.0002258995365437002
REI-26,adapted,dipep_AS,0.0,-0.0005541213422037808
REI-26,adapted,dipep_AT,0.0,-0.00018587205347659548
REI-26,adapted,dipep_AV,0.0,-0.0029090268872924143
REI-26,adapted,dipep_AW,0.0,-9.93941007099716e-05
REI-26,adapted,dipep_AY,0.0,-2.5364821181337163e-05
REI-26,adapted,dipep_CA,0.0,5.642787047401124e-05
REI-26,adapted,dipep_CC,0.0,-0.00014108179628807832
REI-26,adapted,dipep_CD,0.0,-2.034812514965453e-05
REI-26,adapted,dipep_CE,0.0,-2.0458858375278306e-05
REI-26,adapted,dipep_CF,0.0,-1.4264646592867154e-06
REI-26,adapted,dipep_CG,0.0,-0.0040424343438860925
REI-26,adapted,dipep_CH,0.0,-2.2378699772633006e-05
REI-26,adapted,dipep_CI,0.0,-4.763672981225587e-05
REI-26,adapted,dipep_CK,0.0,-0.0001616153389103602
REI-26,adapted,dipep_CL,0.0,3.458340646553679e-05
REI-26,adapted,dipep_CM,0.0,0.0
REI-26,adapted,dipep_CN,0.0,-3.9142299589812586e-05
REI-26,adapted,dipep_CP,0.0,-0.00023390967240414031
REI-26,adapted,dipep_CQ,0.0,0.0
REI-26,adapted,dipep_CR,0.0,-0.0003268070489355793
REI-26,adapted,dipep_CS,0.0,-6.889045387894743e-05
REI-26,adapted,dipep_CT,0.0,-5.5873238018920334e-05
REI-26,adapted,dipep_CV,0.0,-1.3421837645494838e-05
REI-26,adapted,dipep_CW,0.0,-7.792074162976708e-05
REI-26,adapted,dipep_CY,0.0,-0.0003615797375192072
REI-26,adapted,dipep_DA,0.0,2.0111806174077928e-05
REI-26,adapted,dipep_DC,0.0,0.0
REI-26,adapted,dipep_DD,0.0,-0.00010642395797636434
REI-26,adapted,dipep_DE,0.0,-0.00028274128334155436
REI-26,adapted,dipep_DF,0.0,-0.0013805684097524884
REI-26,adapted,dipep_DG,0.0,-0.0019464303442937587
REI-26,adapted,dipep_DH,0.0,-9.015098975074731e-05
REI-26,adapted,dipep_DI,0.0,0.0
REI-26,adapted,dipep_DK,0.0,9.532459998588171e-05
REI-26,adapted,dipep_DL,0.0,-3.612106759451411e-05
REI-26,adapted,dipep_DM,0.0,-1.0340471784025144e-05
REI-26,adapted,dipep_DN,0.0,-2.5294779505142474e-05
REI-26,adapted,dipep_DP,0.0,0.0
REI-26,adapted,dipep_DQ,0.0,-5.028686885030182e-05
REI-26,adapted,dipep_DR,0.0,-4.510350771074518e-05
REI-26,adapted,dipep_DS,0.0,-1.122637484985031e-05
REI-26,adapted,dipep_DT,0.0,-2.8902056259650105e-05
REI-26,adapted,dipep_DV,0.0,7.680761201924745e-05
REI-26,adapted,dipep_DW,0.0,0.0
REI-26,adapted,dipep_DY,0.0,-4.411358076660345e-05
REI-26,adapted,dipep_EA,0.0,-0.0027879056858826795
REI-26,adapted,dipep_EC,0.0,-0.00017244952421339196
REI-26,adapted,dipep_ED,0.0,-2.3516248147814234e-05
REI-26,adapted,dipep_EE,0.0,-5.26921875234664e-05
REI-26,adapted,dipep_EF,0.0,-0.0007618310348390163
REI-26,adapted,dipep_EG,0.0,-0.007401621105543182
REI-26,adapted,dipep_EH,0.0,0.0
REI-26,adapted,dipep_EI,0.03999999910593033,-0.0023838268766198717
REI-26,adapted,dipep_EK,0.0,0.00048230524542109115
REI-26,adapted,dipep_EL,0.0,0.00014123686068516763
REI-26,adapted,dipep_EM,0.0,0.0
REI-26,adapted,dipep_EN,0.0,-0.0023710737458218097
REI-26,adapted,dipep_EP,0.0,-8.62271344444446e-06
REI-26,adapted,dipep_EQ,0.0,-4.556037795624158e-06
REI-26,adapted,dipep_ER,0.0,-1.6905136187739788e-05
REI-26,adapted,dipep_ES,0.0,-0.0004564810551912004
REI-26,adapted,dipep_ET,0.0,-1.1894597009614437e-05
REI-26,adapted,dipep_EV,0.0,3.72812693999875e-05
REI-26,adapted,dipep_EW,0.0,0.0
REI-26,adapted,dipep_EY,0.0,-5.3068884815077077e-05
REI-26,adapted,dipep_FA,0.0,-2.469601736441567e-05
REI-26,adapted,dipep_FC,0.0,-0.00022995645681729774
REI-26,adapted,dipep_FD,0.0,-3.358934669397341e-05
REI-26,adapted,dipep_FE,0.0,-0.0020127849351499155
REI-26,adapted,dipep_FF,0.0,-0.0009207173940478948
REI-26,adapted,dipep_FG,0.0,-0.001369250207133895
REI-26,adapted,dipep_FH,0.0,-0.0004379309321480208
REI-26,adapted,dipep_FI,0.03999999910593033,0.009263442691405813
REI-26,adapted,dipep_FK,0.03999999910593033,0.0038936347188824804
REI-26,adapted,dipep_FL,0.0,-0.009580555922488958
REI-26,adapted,dipep_FM,0.0,-0.0002101075292137933
REI-26,adapted,dipep_FN,0.0,-1.2502520455023715e-05
REI-26,adapted,dipep_FP,0.0,-0.00012417909081058483
REI-26,adapted,dipep_FQ,0.0,-0.0002820582331320106
REI-26,adapted,dipep_FR,0.0,0.0004104717541864266
REI-26,adapted,dipep_FS,0.0,-0.0002334417675128559
REI-26,adapted,dipep_FT,0.0,-8.429385440027281e-05
REI-26,adapted,dipep_FV,0.0,-0.0006175441528991353
REI-26,adapted,dipep_FW,0.0,-1.8891800800477995e-05
REI-26,adapted,dipep_FY,0.0,-1.0783889241610228e-05
REI-26,adapted,dipep_GA,0.03999999910593033,0.0015142179155744956
REI-26,adapted,dipep_GC,0.0,-0.0001810538706438064
REI-26,adapted,dipep_GD,0.0,-0.000233982988854823
REI-26,adapted,dipep_GE,0.0,-1.1422673557499997e-05
REI-26,adapted,dipep_GF,0.0,-0.004381886124842263
REI-26,adapted,dipep_GG,0.0,-7.393764379978232e-05
REI-26,adapted,dipep_GH,0.0,-0.0002581189840777719
REI-26,adapted,dipep_GI,0.0,-0.0003909030373911835
REI-26,adapted,dipep_GK,0.0,-0.0009581587623741908
REI-26,adapted,dipep_GL,0.0,-0.002682062307970831
REI-26,adapted,dipep_GM,0.0,-0.003391023991495412
REI-26,adapted,dipep_GN,0.0,-4.302013577228351e-05
REI-26,adapted,dipep_GP,0.0,-1.0358806625302666e-05
REI-26,adapted,dipep_GQ,0.0,0.00041521299559478834
REI-26,adapted,dipep_GR,0.03999999910593033,0.0027241458131851857
REI-26,adapted,dipep_GS,0.0,-0.0010043103331059166
REI-26,adapted,dipep_GT,0.0,-0.00012154549927228742
REI-26,adapted,dipep_GV,0.0,-0.0005022774964140995
REI-26,adapted,dipep_GW,0.0,-0.00394172849973049
REI-26,adapted,dipep_GY,0.0,-0.0031217640278263996
REI-26,adapted,dipep_HA,0.0,-0.00028907132848729255
REI-26,adapted,dipep_HC,0.0,2.638844530550916e-05
REI-26,adapted,dipep_HD,0.0,0.0
REI-26,adapted,dipep_HE,0.0,0.0
REI-26,adapted,dipep_HF,0.0,-9.998472005541055e-06
REI-26,adapted,dipep_HG,0.0,-5.785374757582149e-05
REI-26,adapted,dipep_HH,0.0,-8.260622048303279e-05
REI-26,adapted,dipep_HI,0.0,-0.0007138444193424345
REI-26,adapted,dipep_HK,0.0,-0.0001295071818103298
REI-26,adapted,dipep_HL,0.0,-9.4832345431585e-05
REI-26,adapted,dipep_HM,0.0,6.159046762810575e-05
REI-26,adapted,dipep_HN,0.0,-3.985566894596587e-05
REI-26,adapted,dipep_HP,0.0,0.0
REI-26,adapted,dipep_HQ,0.0,-8.662251681858326e-05
REI-26,adapted,dipep_HR,0.0,1.6355908127228434e-05
REI-26,adapted,dipep_HS,0.0,1.5372453702832073e-05
REI-26,adapted,dipep_HT,0.03999999910593033,-0.0013782816615220848
REI-26,adapted,dipep_HV,0.0,-0.00018136135741097904
REI-26,adapted,dipep_HW,0.0,0.0
REI-26,adapted,dipep_HY,0.0,0.0
REI-26,adapted,dipep_IA,0.0,-0.00023297519214813867
REI-26,adapted,dipep_IC,0.0,1.7249075831145854e-05
REI-26,adapted,dipep_ID,0.0,-0.002319037932748867
REI-26,adapted,dipep_IE,0.0,-0.006228659219371
REI-26,adapted,dipep_IF,0.0,-0.001069729665237592
REI-26,adapted,dipep_IG,0.03999999910593033,-0.0005282014317982192
REI-26,adapted,dipep_IH,0.0,-0.0003378514877982491
REI-26,adapted,dipep_II,0.0,-0.0009436507821676767
REI-26,adapted,dipep_IK,0.0,-0.0029508937244143428
REI-26,adapted,dipep_IL,0.0,-0.001328346919239085
REI-26,adapted,dipep_IM,0.0,1.576748799410539e-05
REI-26,adapted,dipep_IN,0.0,-0.0007161473318668465
REI-26,adapted,dipep_IP,0.0,-0.0004030346131765552
REI-26,adapted,dipep_IQ,0.0,-0.0004038312031267767
REI-26,adapted,dipep_IR,0.0,-0.00033335236956189555
REI-26,adapted,dipep_IS,0.03999999910593033,0.004701125526313918
REI-26,adapted,dipep_IT,0.0,-0.0001416685843816093
REI-26,adapted,dipep_IV,0.0,-0.001201140997805283
REI-26,adapted,dipep_IW,0.0,-0.00018707186212497864
REI-26,adapted,dipep_IY,0.0,-5.0475927338374093e-05
REI-26,adapted,dipep_KA,0.0,-0.00017707235135503652
REI-26,adapted,dipep_KC,0.0,-0.0007516607031702337
REI-26,adapted,dipep_KD,0.0,-0.0010295958143875083
REI-26,adapted,dipep_KE,0.0,-0.000581543404753996
REI-26,adapted,dipep_KF,0.0,-0.0005174293045467332
REI-26,adapted,dipep_KG,0.0,-0.0006537554005963857
REI-26,adapted,dipep_KH,0.0,-0.00018626625727112932
REI-26,adapted,dipep_KI,0.0,-0.0017624123723668096
REI-26,adapted,dipep_KK,0.0,-0.003091086545453511
REI-26,adapted,dipep_KL,0.0,-0.0003993473732063075
REI-26,adapted,dipep_KM,0.0,0.0001048249809262455
REI-26,adapted,dipep_KN,0.0,-0.0001570578936456838
REI-26,adapted,dipep_KP,0.0,-4.4715550879468845e-06
REI-26,adapted,dipep_KQ,0.0,-0.00017854825952046618
REI-26,adapted,dipep_KR,0.03999999910593033,-0.012106941630547341
REI-26,adapted,dipep_KS,0.0,-0.000257861626152101
REI-26,adapted,dipep_KT,0.0,-0.0006109514601357159
REI-26,adapted,dipep_KV,0.0,-0.0032056187998869548
REI-26,adapted,dipep_KW,0.0,-0.00017602347187079253
REI-26,adapted,dipep_KY,0.0,-0.00039069717044369346
REI-26,adapted,dipep_LA,0.0,-0.0008652198195531811
REI-26,adapted,dipep_LC,0.0,5.258771012110712e-05
REI-26,adapted,dipep_LD,0.0,-1.1103965205043237e-05
REI-26,adapted,dipep_LE,0.0,-1.9442428951162592e-05
REI-26,adapted,dipep_LF,0.0,-0.010447565917284636
REI-26,adapted,dipep_LG,0.0,-0.0005764290911421271
REI-26,adapted,dipep_LH,0.0,0.00021455374106428286
REI-26,adapted,dipep_LI,0.0,-0.0035250754792373615
REI-26,adapted,dipep_LK,0.0,-0.0024193593419155448
REI-26,adapted,dipep_LL,0.0,-0.0006827411049900714
REI-26,adapted,dipep_LM,0.0,-0.00011776199006591193
REI-26,adapted,dipep_LN,0.0,-0.0001216537753252518
REI-26,adapted,dipep_LP,0.03999999910593033,0.009601538037832164
REI-26,adapted,dipep_LQ,0.0,-0.00018278387534799963
REI-26,adapted,dipep_LR,0.0,-6.841683005594472e-05
REI-26,adapted,dipep_LS,0.0,-0.00035865180419762037
REI-26,adapted,dipep_LT,0.0,-0.00037189995038851574
REI-26,adapted,dipep_LV,0.0,-0.0012846715507907518
REI-26,adapted,dipep_LW,0.0,-0.0004329854942688815
REI-26,adapted,dipep_LY,0.0,-1.3113743907405135e-05
REI-26,adapted,dipep_MA,0.0,-5.4387622920781695e-05
REI-26,adapted,dipep_MC,0.0,0.0
REI-26,adapted,dipep_MD,0.0,-1.8116900492472314e-05
REI-26,adapted,dipep_ME,0.0,-3.993029970629135e-05
REI-26,adapted,dipep_MF,0.0,4.7527141401617866e-05
REI-26,adapted,dipep_MG,0.0,-8.512859906219811e-05
REI-26,adapted,dipep_MH,0.0,0.0
REI-26,adapted,dipep_MI,0.0,-0.0020213376249910704
REI-26,adapted,dipep_MK,0.0,7.957494406023798e-05
REI-26,adapted,dipep_ML,0.0,-3.723254861928863e-05
REI-26,adapted,dipep_MM,0.0,-5.784589724264487e-05
REI-26,adapted,dipep_MN,0.0,-2.0532253310130852e-05
REI-26,adapted,dipep_MP,0.0,0.0
REI-26,adapted,dipep_MQ,0.0,6.573464839366237e-05
REI-26,adapted,dipep_MR,0.03999999910593033,0.0012777362842791365
REI-26,adapted,dipep_MS,0.0,-3.3167525333114835e-05
REI-26,adapted,dipep_MT,0.0,-0.0003048824242176624
REI-26,adapted,dipep_MV,0.0,-1.4948666002836613e-05
REI-26,adapted,dipep_MW,0.0,-1.853355217333477e-05
REI-26,adapted,dipep_MY,0.0,0.0
REI-26,adapted,dipep_NA,0.0,-0.0003336780214657638
REI-26,adapted,dipep_NC,0.0,-2.9493895491862873e-05
REI-26,adapted,dipep_ND,0.0,4.0550743893201544e-05
REI-26,adapted,dipep_NE,0.0,-2.3523474769428895e-05
REI-26,adapted,dipep_NF,0.0,-0.00023771701488683997
REI-26,adapted,dipep_NG,0.0,-0.005425995171796859
REI-26,adapted,dipep_NH,0.0,0.0
REI-26,adapted,dipep_NI,0.0,-4.092098678003512e-05
REI-26,adapted,dipep_NK,0.0,5.199353818160742e-05
REI-26,adapted,dipep_NL,0.0,-4.389620469375746e-05
REI-26,adapted,dipep_NM,0.0,0.0
REI-26,adapted,dipep_NN,0.0,0.0
REI-26,adapted,dipep_NP,0.0,6.619875397839718e-06
REI-26,adapted,dipep_NQ,0.0,-0.00027081236913423587
REI-26,adapted,dipep_NR,0.0,-0.0001295788075674193
REI-26,adapted,dipep_NS,0.0,-2.732829102492175e-06
REI-26,adapted,dipep_NT,0.0,-0.0023119006890924996
REI-26,adapted,dipep_NV,0.03999999910593033,-0.00043465650458091005
REI-26,adapted,dipep_NW,0.0,-6.172960185021622e-06
REI-26,adapted,dipep_NY,0.0,-4.955905198924156e-05
REI-26,adapted,dipep_PA,0.0,-0.0004233805441893868
REI-26,adapted,dipep_PC,0.0,-6.800571499486656e-05
REI-26,adapted,dipep_PD,0.0,2.608382290578421e-05
REI-26,adapted,dipep_PE,0.0,3.230055504492477e-05
REI-26,adapted,dipep_PF,0.0,2.625194721852633e-05
REI-26,adapted,dipep_PG,0.03999999910593033,-0.0050690210509879196
REI-26,adapted,dipep_PH,0.0,-7.993808620789596e-05
REI-26,adapted,dipep_PI,0.0,7.801658918396878e-06
REI-26,adapted,dipep_PK,0.0,-0.00022006048001555883
REI-26,adapted,dipep_PL,0.0,7.262421824255585e-05
REI-26,adapted,dipep_PM,0.0,4.1415804422773655e-05
REI-26,adapted,dipep_PN,0.0,0.0
REI-26,adapted,dipep_PP,0.0,4.6314972339149955e-05
REI-26,adapted,dipep_PQ,0.0,-1.9985246753488308e-05
REI-26,adapted,dipep_PR,0.0,0.00021369312171032434
REI-26,adapted,dipep_PS,0.0,-0.0005289961905384556
REI-26,adapted,dipep_PT,0.0,-0.0006280321920429061
REI-26,adapted,dipep_PV,0.0,-1.5531132491175208e-05
REI-26,adapted,dipep_PW,0.0,0.0
REI-26,adapted,dipep_PY,0.0,0.0
REI-26,adapted,dipep_QA,0.0,-0.00013401252037293702
REI-26,adapted,dipep_QC,0.0,-6.160371395685411e-05
REI-26,adapted,dipep_QD,0.0,-5.825320316940458e-05
REI-26,adapted,dipep_QE,0.0,0.0
REI-26,adapted,dipep_QF,0.0,-5.218508470485532e-05
REI-26,adapted,dipep_QG,0.0,-0.0003105790512211343
REI-26,adapted,dipep_QH,0.0,-0.00046650518707479606
REI-26,adapted,dipep_QI,0.0,-3.8480543064297413e-05
REI-26,adapted,dipep_QK,0.0,6.679784688464343e-07
REI-26,adapted,dipep_QL,0.0,-0.00013045652677996013
REI-26,adapted,dipep_QM,0.0,-1.79637070422556e-05
REI-26,adapted,dipep_QN,0.0,-0.00017429464167847757
REI-26,adapted,dipep_QP,0.0,-0.0003703512582919654
REI-26,adapted,dipep_QQ,0.0,-0.0005260144759472002
REI-26,adapted,dipep_QR,0.0,-0.0046976106728052495
REI-26,adapted,dipep_QS,0.0,-0.0003808541440411052
REI-26,adapted,dipep_QT,0.0,0.0
REI-26,adapted,dipep_QV,0.0,1.9992830604820144e-05
REI-26,adapted,dipep_QW,0.0,-0.00012124030637218582
REI-26,adapted,dipep_QY,0.0,0.0
REI-26,adapted,dipep_RA,0.03999999910593033,-0.0018782213275274956
REI-26,adapted,dipep_RC,0.0,2.9510176980718553e-05
REI-26,adapted,dipep_RD,0.0,-0.0002426860354100614
REI-26,adapted,dipep_RE,0.03999999910593033,-0.003995950854784854
REI-26,adapted,dipep_RF,0.03999999910593033,-0.007008876675665896
REI-26,adapted,dipep_RG,0.0,0.0004260298673718923
REI-26,adapted,dipep_RH,0.0,-7.634751261530228e-05
REI-26,adapted,dipep_RI,0.0,-0.00011378572681086305
REI-26,adapted,dipep_RK,0.03999999910593033,0.0047618865663245045
REI-26,adapted,dipep_RL,0.0,-0.0001418040932912377
REI-26,adapted,dipep_RM,0.0,-0.0003551733256518958
REI-26,adapted,dipep_RN,0.03999999910593033,-0.0010517100749883861
REI-26,adapted,dipep_RP,0.0,6.872819577242798e-05
REI-26,adapted,dipep_RQ,0.0,-0.007899067545257843
REI-26,adapted,dipep_RR,0.0,0.0005399155567240973
REI-26,adapted,dipep_RS,0.0,6.989913516946583e-05
REI-26,adapted,dipep_RT,0.03999999910593033,-0.008920077645152041
REI-26,adapted,dipep_RV,0.0,0.00025373932845449516
REI-26,adapted,dipep_RW,0.0,-0.0005315273405865264
REI-26,adapted,dipep_RY,0.0,-0.00019156090825038814
REI-26,adapted,dipep_SA,0.0,-0.0003552119853644452
REI-26,adapted,dipep_SC,0.0,-0.00021237269926709633
REI-26,adapted,dipep_SD,0.0,-2.9749599402175727e-05
REI-26,adapted,dipep_SE,0.0,-5.550463426212173e-06
REI-26,adapted,dipep_SF,0.0,-0.00017473920810627858
REI-26,adapted,dipep_SG,0.0,-3.550647290472861e-06
REI-26,adapted,dipep_SH,0.0,-3.9636886387782364e-05
REI-26,adapted,dipep_SI,0.0,-0.0004261369434227686
REI-26,adapted,dipep_SK,0.0,-0.004062540398898151
REI-26,adapted,dipep_SL,0.0,-0.0002944227859703914
REI-26,adapted,dipep_SM,0.0,0.0
REI-26,adapted,dipep_SN,0.0,-0.0012058928152451844
REI-26,adapted,dipep_SP,0.0,0.00026138954284453603
REI-26,adapted,dipep_SQ,0.0,-4.204557050326261e-05
REI-26,adapted,dipep_SR,0.03999999910593033,-0.004807591870990246
REI-26,adapted,dipep_SS,0.0,-0.00016549596795738003
REI-26,adapted,dipep_ST,0.0,-0.00045326478414725596
REI-26,adapted,dipep_SV,0.0,-0.00017361618865277564
REI-26,adapted,dipep_SW,0.0,-0.0009110269446597326
REI-26,adapted,dipep_SY,0.0,-0.000229958499913908
REI-26,adapted,dipep_TA,0.0,-0.00034935335829114095
REI-26,adapted,dipep_TC,0.0,7.927891775379633e-06
REI-26,adapted,dipep_TD,0.0,0.0
REI-26,adapted,dipep_TE,0.0,-0.0004230182105200434
REI-26,adapted,dipep_TF,0.0,-0.0010446357890323444
REI-26,adapted,dipep_TG,0.0,-0.0012575816677027538
REI-26,adapted,dipep_TH,0.0,-5.798283428780803e-06
REI-26,adapted,dipep_TI,0.0,-0.0010173335720515327
REI-26,adapted,dipep_TK,0.0,-0.0004588823064093577
REI-26,adapted,dipep_TL,0.03999999910593033,-0.0029640955124330716
REI-26,adapted,dipep_TM,0.0,0.0
REI-26,adapted,dipep_TN,0.0,-6.666040625915223e-05
REI-26,adapted,dipep_TP,0.0,-0.00048289519690972085
REI-26,adapted,dipep_TQ,0.0,-7.848098312084849e-05
REI-26,adapted,dipep_TR,0.03999999910593033,-0.006724549430514902
REI-26,adapted,dipep_TS,0.0,-0.00010428495052235263
REI-26,adapted,dipep_TT,0.0,-0.0019395886221744883
REI-26,adapted,dipep_TV,0.0,-0.00020980261996522736
REI-26,adapted,dipep_TW,0.0,0.0
REI-26,adapted,dipep_TY,0.0,5.32490579150175e-05
REI-26,adapted,dipep_VA,0.0,-0.002090337766142005
REI-26,adapted,dipep_VC,0.0,-0.00019099793754479239
REI-26,adapted,dipep_VD,0.0,0.0
REI-26,adapted,dipep_VE,0.0,-5.7108524558847256e-05
REI-26,adapted,dipep_VF,0.03999999910593033,0.0018649320217903336
REI-26,adapted,dipep_VG,0.0,-0.00023540217825809457
REI-26,adapted,dipep_VH,0.0,-0.0004926854767096669
REI-26,adapted,dipep_VI,0.0,-0.00012019104979039723
REI-26,adapted,dipep_VK,0.0,0.00018060317216673225
REI-26,adapted,dipep_VL,0.0,-0.002794267072847053
REI-26,adapted,dipep_VM,0.0,-1.0585602016739832e-05
REI-26,adapted,dipep_VN,0.0,-0.0002834952584932976
REI-26,adapted,dipep_VP,0.0,-0.00038279827667080893
REI-26,adapted,dipep_VQ,0.0,-0.00037753868682352494
REI-26,adapted,dipep_VR,0.0,0.0004608989294499942
REI-26,adapted,dipep_VS,0.0,0.00023576386518549313
REI-26,adapted,dipep_VT,0.0,-0.0002854780546345399
REI-26,adapted,dipep_VV,0.0,7.545332937272008e-05
REI-26,adapted,dipep_VW,0.0,-2.4732952625195388e-05
REI-26,adapted,dipep_VY,0.0,-0.00014794493076466888
REI-26,adapted,dipep_WA,0.0,0.0
REI-26,adapted,dipep_WC,0.0,0.0
REI-26,adapted,dipep_WD,0.0,0.0
REI-26,adapted,dipep_WE,0.0,-0.0020576298011652796
REI-26,adapted,dipep_WF,0.0,-0.00045072246609551903
REI-26,adapted,dipep_WG,0.0,-3.5364654771919486e-05
REI-26,adapted,dipep_WH,0.0,-1.6047560054288645e-05
REI-26,adapted,dipep_WI,0.0,-0.0012068675693679349
REI-26,adapted,dipep_WK,0.0,-0.00028013959440952355
REI-26,adapted,dipep_WL,0.0,-0.00022918559274398437
REI-26,adapted,dipep_WM,0.0,0.0
REI-26,adapted,dipep_WN,0.0,-5.384855151690395e-05
REI-26,adapted,dipep_WP,0.0,-9.810432276307685e-06
REI-26,adapted,dipep_WQ,0.0,-0.00014748786452867195
REI-26,adapted,dipep_WR,0.0,-0.000417155232523945
REI-26,adapted,dipep_WS,0.0,-0.00010560009871905914
REI-26,adapted,dipep_WT,0.0,0.0
REI-26,adapted,dipep_WV,0.0,-1.9125637194734037e-05
REI-26,adapted,dipep_WW,0.0,-0.00016418036721447838
REI-26,adapted,dipep_WY,0.0,-0.006893416666692548
REI-26,adapted,dipep_YA,0.0,-5.117893228099054e-05
REI-26,adapted,dipep_YC,0.0,0.00021990886342024513
REI-26,adapted,dipep_YD,0.0,0.0
REI-26,adapted,dipep_YE,0.0,2.9478587852095772e-05
REI-26,adapted,dipep_YF,0.0,-6.694563825581245e-06
REI-26,adapted,dipep_YG,0.0,-0.007311077702284445
REI-26,adapted,dipep_YH,0.0,-1.075988342275629e-05
REI-26,adapted,dipep_YI,0.0,0.0
REI-26,adapted,dipep_YK,0.0,-9.785062132449522e-05
REI-26,adapted,dipep_YL,0.0,-0.00035458692976152406
REI-26,adapted,dipep_YM,0.0,0.0
REI-26,adapted,dipep_YN,0.0,0.0
REI-26,adapted,dipep_YP,0.0,0.0
REI-26,adapted,dipep_YQ,0.0,-0.00042902591805008634
REI-26,adapted,dipep_YR,0.0,-0.0003561450436245509
REI-26,adapted,dipep_YS,0.0,-0.0003137358501564716
REI-26,adapted,dipep_YT,0.0,-0.00010991475347394062
REI-26,adapted,dipep_YV,0.0,-0.00013501019821797312
REI-26,adapted,dipep_YW,0.0,-1.8721984066541632e-05
REI-26,adapted,dipep_YY,0.0,0.0
LEL-28,adapted,length,28.0,0.006707981279488732
LEL-28,adapted,charge,6.6999335289001465,-0.007591528772567426
LEL-28,adapted,boman,5.556785583496094,-0.02820236747048868
LEL-28,adapted,hmoment,0.8276654481887817,0.0024153471522316335
LEL-28,adapted,apv,0.21714285016059875,-0.00836771389847996
LEL-28,adapted,alpha,1.1114286184310913,0.003641559788704823
LEL-28,adapted,basic_frac,0.4285714328289032,-0.025570170412892633
LEL-28,adapted,acidic_frac,0.1071428582072258,-0.012112555051998083
LEL-28,adapted,aromatic_frac,0.0,-0.012044252288402276
LEL-28,adapted,hydrophobic_frac,0.2857142984867096,-0.03506080824773792
LEL-28,adapted,proline_frac,0.0,0.0013752333723794313
LEL-28,adapted,glycine_frac,0.0,-0.005325584529693576
LEL-28,adapted,aa_A,0.0,-0.010053066963698237
LEL-28,adapted,aa_C,0.0,-0.002835708732299038
LEL-28,adapted,aa_D,0.0357142873108387,0.0008068950755041696
LEL-28,adapted,aa_E,0.0714285746216774,-0.012585215104230994
LEL-28,adapted,aa_F,0.0,-0.010157816095400236
LEL-28,adapted,aa_G,0.0,-0.007166680246084048
LEL-28,adapted,aa_H,0.1071428582072258,-0.002020248033750672
LEL-28,adapted,aa_I,0.0,-0.013073039919641372
LEL-28,adapted,aa_K,0.0,-0.0023391714234478693
LEL-28,adapted,aa_L,0.2142857164144516,-0.000898586248819976
LEL-28,adapted,aa_M,0.0,-0.0011556868915165975
LEL-28,adapted,aa_N,0.0,-0.0006484895847229538
LEL-28,adapted,aa_P,0.0,0.0011717975132498127
LEL-28,adapted,aa_Q,0.1071428582072258,0.001614242207240997
LEL-28,adapted,aa_R,0.3214285671710968,-0.03374696962010617
LEL-28,adapted,aa_S,0.0357142873108387,-0.002980136223705743
LEL-28,adapted,aa_T,0.0357142873108387,-0.0018557610407243768
LEL-28,adapted,aa_V,0.0714285746216774,-0.002406156279974504
LEL-28,adapted,aa_W,0.0,-0.006423621433716002
LEL-28,adapted,aa_Y,0.0,-0.002074935457483371
LEL-28,adapted,dipep_AA,0.0,-0.0011473743454214497
LEL-28,adapted,dipep_AC,0.0,-4.874160210171401e-05
LEL-28,adapted,dipep_AD,0.0,-2.164375499579912e-05
LEL-28,adapted,dipep_AE,0.0,1.616334075895358e-05
LEL-28,adapted,dipep_AF,0.0,-0.00016561442881002963
LEL-28,adapted,dipep_AG,0.0,-0.00046136964941999846
LEL-28,adapted,dipep_AH,0.0,-0.00018805182404078874
LEL-28,adapted,dipep_AI,0.0,-0.003741948816120399
LEL-28,adapted,dipep_AK,0.0,-0.0006745111670860977
LEL-28,adapted,dipep_AL,0.0,-0.0030296018458956836
LEL-28,adapted,dipep_AM,0.0,-7.103197495415062e-05
LEL-28,adapted,dipep_AN,0.0,-0.00029170454793254943
LEL-28,adapted,dipep_AP,0.0,0.00027008431115282803
LEL-28,adapted,dipep_AQ,0.0,-0.000885617965996358
LEL-28,adapted,dipep_AR,0.0,-0.00023228629550651938
LEL-28,adapted,dipep_AS,0.0,-0.00043117378154277855
LEL-28,adapted,dipep_AT,0.0,-0.0002488843714995578
LEL-28,adapted,dipep_AV,0.0,-0.0022223622054076573
LEL-28,adapted,dipep_AW,0.0,-0.000130875603680813
LEL-28,adapted,dipep_AY,0.0,-2.448768899486389e-05
LEL-28,adapted,dipep_CA,0.0,-2.43883346531772e-05
LEL-28,adapted,dipep_CC,0.0,-0.00016716736722225062
LEL-28,adapted,dipep_CD,0.0,-9.116702487001765e-06
LEL-28,adapted,dipep_CE,0.0,-8.28213880704919e-05
LEL-28,adapted,dipep_CF,0.0,-1.1710470404394441e-05
LEL-28,adapted,dipep_CG,0.0,-0.0041319609441276125
LEL-28,adapted,dipep_CH,0.0,-3.38624429703954e-05
LEL-28,adapted,dipep_CI,0.0,-2.3410625875500136e-05
LEL-28,adapted,dipep_CK,0.0,-1.533794727266084e-05
LEL-28,adapted,dipep_CL,0.0,-4.035979352668368e-05
LEL-28,adapted,dipep_CM,0.0,0.0
LEL-28,adapted,dipep_CN,0.0,-0.00011624036237918926
LEL-28,adapted,dipep_CP,0.0,-0.00016423290124490433
LEL-28,adapted,dipep_CQ,0.0,0.0
LEL-28,adapted,dipep_CR,0.0,-0.0003447949144256244
LEL-28,adapted,dipep_CS,0.0,-6.900978414350478e-05
LEL-28,adapted,dipep_CT,0.0,-3.332132900955433e-05
LEL-28,adapted,dipep_CV,0.0,-5.280935073811051e-05
LEL-28,adapted,dipep_CW,0.0,-0.0001524910953145465
LEL-28,adapted,dipep_CY,0.0,-0.00038197283478280517
LEL-28,adapted,dipep_DA,0.0,-8.923402659478462e-06
LEL-28,adapted,dipep_DC,0.0,0.0
LEL-28,adapted,dipep_DD,0.0,-0.00011230338728783013
LEL-28,adapted,dipep_DE,0.0,-0.00012416232815947603
LEL-28,adapted,dipep_DF,0.0,-0.0010212705101754979
LEL-28,adapted,dipep_DG,0.0,-0.0017948854061962604
LEL-28,adapted,dipep_DH,0.0,-3.9109372537153606e-05
LEL-28,adapted,dipep_DI,0.0,-2.465380005073444e-05
LEL-28,adapted,dipep_DK,0.0,0.00034940668598697585
LEL-28,adapted,dipep_DL,0.0,-8.201210257053375e-05
LEL-28,adapted,dipep_DM,0.0,-1.0340471784025144e-05
LEL-28,adapted,dipep_DN,0.0,-1.1679232771821396e-05
LEL-28,adapted,dipep_DP,0.0,0.0
LEL-28,adapted,dipep_DQ,0.0,-5.3126254238911105e-05
LEL-28,adapted,dipep_DR,0.0,-2.1469653540829812e-05
LEL-28,adapted,dipep_DS,0.0,-6.93831198955647e-05
LEL-28,adapted,dipep_DT,0.0,-4.205608071342699e-05
LEL-28,adapted,dipep_DV,0.03703703731298447,-0.0014120796352484503
LEL-28,adapted,dipep_DW,0.0,-6.90663503845007e-08
LEL-28,adapted,dipep_DY,0.0,2.531236104917314e-05
LEL-28,adapted,dipep_EA,0.0,-0.0023278287698917308
LEL-28,adapted,dipep_EC,0.0,-0.00019851335361589046
LEL-28,adapted,dipep_ED,0.0,-9.919259947241476e-05
LEL-28,adapted,dipep_EE,0.0,-0.00013723941349185463
LEL-28,adapted,dipep_EF,0.0,-0.00076019609936907
LEL-28,adapted,dipep_EG,0.0,-0.0059551233127521945
LEL-28,adapted,dipep_EH,0.0,1.7958197467191565e-05
LEL-28,adapted,dipep_EI,0.0,1.7982362777350222e-05
LEL-28,adapted,dipep_EK,0.0,0.00034141791474503124
LEL-28,adapted,dipep_EL,0.07407407462596893,-0.0015612068882756998
LEL-28,adapted,dipep_EM,0.0,0.0
LEL-28,adapted,dipep_EN,0.0,-0.0027988035161436256
LEL-28,adapted,dipep_EP,0.0,0.0
LEL-28,adapted,dipep_EQ,0.0,-1.4673358122407624e-05
LEL-28,adapted,dipep_ER,0.0,-2.66725342521448e-06
LEL-28,adapted,dipep_ES,0.0,-0.0004148061060319279
LEL-28,adapted,dipep_ET,0.0,-2.664170782490652e-05
LEL-28,adapted,dipep_EV,0.0,0.0
LEL-28,adapted,dipep_EW,0.0,0.0
LEL-28,adapted,dipep_EY,0.0,-3.565982413589493e-05
LEL-28,adapted,dipep_FA,0.0,-0.00023056034699087862
LEL-28,adapted,dipep_FC,0.0,-0.00015493401326458538
LEL-28,adapted,dipep_FD,0.0,-1.4844022972660162e-05
LEL-28,adapted,dipep_FE,0.0,-0.0019696177000003067
LEL-28,adapted,dipep_FF,0.0,-0.00037347445236540853
LEL-28,adapted,dipep_FG,0.0,-0.0007905606326618298
LEL-28,adapted,dipep_FH,0.0,-0.0002454804033868499
LEL-28,adapted,dipep_FI,0.0,-0.002751119346410927
LEL-28,adapted,dipep_FK,0.0,-0.00179701767782651
LEL-28,adapted,dipep_FL,0.0,-0.007963546928371902
LEL-28,adapted,dipep_FM,0.0,-0.0004208716582348874
LEL-28,adapted,dipep_FN,0.0,-2.268489259709103e-05
LEL-28,adapted,dipep_FP,0.0,-3.149775710983751e-05
LEL-28,adapted,dipep_FQ,0.0,-8.780530112400732e-05
LEL-28,adapted,dipep_FR,0.0,0.000163426924718381
LEL-28,adapted,dipep_FS,0.0,-0.00015686697180413188
LEL-28,adapted,dipep_FT,0.0,-0.0001386852102687246
LEL-28,adapted,dipep_FV,0.0,-0.0002678175865078693
LEL-28,adapted,dipep_FW,0.0,-3.2252633626604475e-05
LEL-28,adapted,dipep_FY,0.0,-8.404331375851663e-06
LEL-28,adapted,dipep_GA,0.0,-0.0007731917918526765
LEL-28,adapted,dipep_GC,0.0,-0.00016415373300938718
LEL-28,adapted,dipep_GD,0.0,-0.0003368334377888621
LEL-28,adapted,dipep_GE,0.0,9.738100642798632e-06
LEL-28,adapted,dipep_GF,0.0,-0.003589149542632225
LEL-28,adapted,dipep_GG,0.0,-3.878003430864633e-05
LEL-28,adapted,dipep_GH,0.0,-0.00015258116136389178
LEL-28,adapted,dipep_GI,0.0,-0.0003533856221826007
LEL-28,adapted,dipep_GK,0.0,-0.0008086679000014679
LEL-28,adapted,dipep_GL,0.0,-0.00351587300973162
LEL-28,adapted,dipep_GM,0.0,-0.00303623269553589
LEL-28,adapted,dipep_GN,0.0,-2.729703426250605e-05
LEL-28,adapted,dipep_GP,0.0,-2.8317273932999575e-05
LEL-28,adapted,dipep_GQ,0.0,0.00017045124620014907
LEL-28,adapted,dipep_GR,0.0,-0.003942548728068675
LEL-28,adapted,dipep_GS,0.0,-0.0006999313342255372
LEL-28,adapted,dipep_GT,0.0,-7.840584243344785e-05
LEL-28,adapted,dipep_GV,0.0,-0.0005845379450971157
LEL-28,adapted,dipep_GW,0.0,-0.004414875424687664
LEL-28,adapted,dipep_GY,0.0,-0.002056410337647785
LEL-28,adapted,dipep_HA,0.0,-0.0005944925049352855
LEL-28,adapted,dipep_HC,0.0,0.0
LEL-28,adapted,dipep_HD,0.0,0.0
LEL-28,adapted,dipep_HE,0.0,0.0
LEL-28,adapted,dipep_HF,0.0,-9.998472005541055e-06
LEL-28,adapted,dipep_HG,0.0,-0.00012314977202675524
LEL-28,adapted,dipep_HH,0.0,-3.21449226037397e-05
LEL-28,adapted,dipep_HI,0.0,-0.00032137924972996837
LEL-28,adapted,dipep_HK,0.0,-0.00023551964019398556
LEL-28,adapted,dipep_HL,0.03703703731298447,-0.0010089332275482876
LEL-28,adapted,dipep_HM,0.0,-3.381150978815405e-05
LEL-28,adapted,dipep_HN,0.0,-2.4914383949019106e-05
LEL-28,adapted,dipep_HP,0.0,0.0
LEL-28,adapted,dipep_HQ,0.0,-0.00012683479248540617
LEL-28,adapted,dipep_HR,0.03703703731298447,4.049325039466311e-05
LEL-28,adapted,dipep_HS,0.0,-7.309936144778579e-06
LEL-28,adapted,dipep_HT,0.0,2.4299446277422642e-05
LEL-28,adapted,dipep_HV,0.03703703731298447,-0.0007326527417520537
LEL-28,adapted,dipep_HW,0.0,0.0
LEL-28,adapted,dipep_HY,0.0,0.0
LEL-28,adapted,dipep_IA,0.0,-0.0005466918937290762
LEL-28,adapted,dipep_IC,0.0,0.0
LEL-28,adapted,dipep_ID,0.0,-0.002380582975977306
LEL-28,adapted,dipep_IE,0.0,-0.00566395612011127
LEL-28,adapted,dipep_IF,0.0,-0.0006463778327298939
LEL-28,adapted,dipep_IG,0.0,-0.00023872655842675463
LEL-28,adapted,dipep_IH,0.0,-0.0001954350245554381
LEL-28,adapted,dipep_II,0.0,-0.0012652008914463084
LEL-28,adapted,dipep_IK,0.0,-0.0032232399837144386
LEL-28,adapted,dipep_IL,0.0,-0.0013965873408244363
LEL-28,adapted,dipep_IM,0.0,0.0
LEL-28,adapted,dipep_IN,0.0,-0.000495815550995445
LEL-28,adapted,dipep_IP,0.0,-0.0006031053836481717
LEL-28,adapted,dipep_IQ,0.0,-0.0006462910518830644
LEL-28,adapted,dipep_IR,0.0,-0.0002900249126733325
LEL-28,adapted,dipep_IS,0.0,-0.0009152768900186715
LEL-28,adapted,dipep_IT,0.0,-0.00010537697003049785
LEL-28,adapted,dipep_IV,0.0,-0.0010997090745465876
LEL-28,adapted,dipep_IW,0.0,-0.000256318261391895
LEL-28,adapted,dipep_IY,0.0,-2.996750032286767e-05
LEL-28,adapted,dipep_KA,0.0,-0.0010443073914364169
LEL-28,adapted,dipep_KC,0.0,-0.0009239448738202098
LEL-28,adapted,dipep_KD,0.0,-0.0006402481814192593
LEL-28,adapted,dipep_KE,0.0,-0.0006107301942450367
LEL-28,adapted,dipep_KF,0.0,-0.00016461683351396038
LEL-28,adapted,dipep_KG,0.0,-0.0012574155938714904
LEL-28,adapted,dipep_KH,0.0,-0.0003157285155393079
LEL-28,adapted,dipep_KI,0.0,-0.001863983225159819
LEL-28,adapted,dipep_KK,0.0,-0.002301297047074659
LEL-28,adapted,dipep_KL,0.0,-0.0008457256370506581
LEL-28,adapted,dipep_KM,0.0,5.365037493745185e-05
LEL-28,adapted,dipep_KN,0.0,-0.00040517774510516425
LEL-28,adapted,dipep_KP,0.0,-0.00011064776036956373
LEL-28,adapted,dipep_KQ,0.0,-0.0001758129180211717
LEL-28,adapted,dipep_KR,0.0,-0.0004599152587155755
LEL-28,adapted,dipep_KS,0.0,-0.00014168832062214868
LEL-28,adapted,dipep_KT,0.0,-0.0012400792553633154
LEL-28,adapted,dipep_KV,0.0,-0.0019213745868087845
LEL-28,adapted,dipep_KW,0.0,-0.00011916402920329114
LEL-28,adapted,dipep_KY,0.0,-0.00027318443519493775
LEL-28,adapted,dipep_LA,0.0,-0.0008419603334308527
LEL-28,adapted,dipep_LC,0.0,2.631553646568613e-06
LEL-28,adapted,dipep_LD,0.0,-7.314262373539265e-05
LEL-28,adapted,dipep_LE,0.03703703731298447,-0.00014383783143093865
LEL-28,adapted,dipep_LF,0.0,-0.010830631208739876
LEL-28,adapted,dipep_LG,0.0,-0.0009179363229503385
LEL-28,adapted,dipep_LH,0.07407407462596893,-0.0029550484830421922
LEL-28,adapted,dipep_LI,0.0,-0.003198939471442316
LEL-28,adapted,dipep_LK,0.0,-0.0020396842293205057
LEL-28,adapted,dipep_LL,0.0,-0.0013856641331536838
LEL-28,adapted,dipep_LM,0.0,-7.384575758842397e-05
LEL-28,adapted,dipep_LN,0.0,-5.067315751662835e-05
LEL-28,adapted,dipep_LP,0.0,-0.002136955716922505
LEL-28,adapted,dipep_LQ,0.03703703731298447,0.00016193961247967805
LEL-28,adapted,dipep_LR,0.03703703731298447,-0.004660861479107544
LEL-28,adapted,dipep_LS,0.0,-0.0005244990372893926
LEL-28,adapted,dipep_LT,0.03703703731298447,0.000300901130508071
LEL-28,adapted,dipep_LV,0.0,-0.0010922104244749538
LEL-28,adapted,dipep_LW,0.0,-0.0007521700834584921
LEL-28,adapted,dipep_LY,0.0,-0.00018611150649697282
LEL-28,adapted,dipep_MA,0.0,-3.5085277619423707e-05
LEL-28,adapted,dipep_MC,0.0,0.0
LEL-28,adapted,dipep_MD,0.0,-4.6109613602655685e-06
LEL-28,adapted,dipep_ME,0.0,-6.321986950911811e-06
LEL-28,adapted,dipep_MF,0.0,2.3471438064715707e-05
LEL-28,adapted,dipep_MG,0.0,-0.00010770343870331273
LEL-28,adapted,dipep_MH,0.0,0.0
LEL-28,adapted,dipep_MI,0.0,-0.0019498000388977258
LEL-28,adapted,dipep_MK,0.0,-2.8602033668369746e-05
LEL-28,adapted,dipep_ML,0.0,-6.181544387994402e-05
LEL-28,adapted,dipep_MM,0.0,-6.121336345827911e-05
LEL-28,adapted,dipep_MN,0.0,-6.898522497786727e-05
LEL-28,adapted,dipep_MP,0.0,0.0
LEL-28,adapted,dipep_MQ,0.0,-4.403584002682611e-05
LEL-28,adapted,dipep_MR,0.0,-0.0004347174706956417
LEL-28,adapted,dipep_MS,0.0,-6.287896014103787e-05
LEL-28,adapted,dipep_MT,0.0,-0.00025548118098732604
LEL-28,adapted,dipep_MV,0.0,0.0
LEL-28,adapted,dipep_MW,0.0,0.0
LEL-28,adapted,dipep_MY,0.0,-3.4043169918248565e-05
LEL-28,adapted,dipep_NA,0.0,-0.000188672244922441
LEL-28,adapted,dipep_NC,0.0,-3.219190112340099e-05
LEL-28,adapted,dipep_ND,0.0,0.00015844089044528202
LEL-28,adapted,dipep_NE,0.0,-4.4185128956508494e-05
LEL-28,adapted,dipep_NF,0.0,-0.0003022377838093113
LEL-28,adapted,dipep_NG,0.0,-0.0038858546369223415
LEL-28,adapted,dipep_NH,0.0,0.0
LEL-28,adapted,dipep_NI,0.0,-3.59072328433256e-05
LEL-28,adapted,dipep_NK,0.0,0.0001761105202789037
LEL-28,adapted,dipep_NL,0.0,-0.0001802765594311875
LEL-28,adapted,dipep_NM,0.0,-1.67849948123094e-05
LEL-28,adapted,dipep_NN,0.0,0.0
LEL-28,adapted,dipep_NP,0.0,-3.363534526783504e-05
LEL-28,adapted,dipep_NQ,0.0,-0.0002148035185767276
LEL-28,adapted,dipep_NR,0.0,-0.000221970715688174
LEL-28,adapted,dipep_NS,0.0,-0.0001340563635061468
LEL-28,adapted,dipep_NT,0.0,-0.0023554874033240017
LEL-28,adapted,dipep_NV,0.0,2.447038104985717e-05
LEL-28,adapted,dipep_NW,0.0,-2.5493324008580286e-05
LEL-28,adapted,dipep_NY,0.0,-2.4976521941760177e-05
LEL-28,adapted,dipep_PA,0.0,-0.0010803461517072445
LEL-28,adapted,dipep_PC,0.0,-8.822350725683605e-05
LEL-28,adapted,dipep_PD,0.0,0.0
LEL-28,adapted,dipep_PE,0.0,4.190309107274148e-06
LEL-28,adapted,dipep_PF,0.0,-5.948701157844227e-05
LEL-28,adapted,dipep_PG,0.0,0.0001726855156962016
LEL-28,adapted,dipep_PH,0.0,2.3254088125906284e-06
LEL-28,adapted,dipep_PI,0.0,-5.241921030442681e-06
LEL-28,adapted,dipep_PK,0.0,-0.000224932027157838
LEL-28,adapted,dipep_PL,0.0,-1.4057080542616531e-05
LEL-28,adapted,dipep_PM,0.0,0.0
LEL-28,adapted,dipep_PN,0.0,0.0
LEL-28,adapted,dipep_PP,0.0,2.557332531358277e-05
LEL-28,adapted,dipep_PQ,0.0,-4.1452775047437466e-05
LEL-28,adapted,dipep_PR,0.0,0.0003899795030985054
LEL-28,adapted,dipep_PS,0.0,-0.00039248247292759464
LEL-28,adapted,dipep_PT,0.0,-0.00045049594832369337
LEL-28,adapted,dipep_PV,0.0,-0.0001388959304961378
LEL-28,adapted,dipep_PW,0.0,0.0
LEL-28,adapted,dipep_PY,0.0,0.0
LEL-28,adapted,dipep_QA,0.0,-0.00024207778522285177
LEL-28,adapted,dipep_QC,0.0,-6.164696641513313e-05
LEL-28,adapted,dipep_QD,0.0,-0.00017526217958452613
LEL-28,adapted,dipep_QE,0.0,0.0
LEL-28,adapted,dipep_QF,0.0,-0.00011559251006546111
LEL-28,adapted,dipep_QG,0.0,-0.0002320770233862547
LEL-28,adapted,dipep_QH,0.0,-0.0006754409337867119
LEL-28,adapted,dipep_QI,0.0,-0.00011842799506071764
LEL-28,adapted,dipep_QK,0.0,4.795037480104069e-05
LEL-28,adapted,dipep_QL,0.03703703731298447,0.00024345780292324692
LEL-28,adapted,dipep_QM,0.0,-4.608591252584759e-06
LEL-28,adapted,dipep_QN,0.0,-4.328024820205483e-06
LEL-28,adapted,dipep_QP,0.0,-0.0005099139898787058
LEL-28,adapted,dipep_QQ,0.03703703731298447,0.0009016621693733308
LEL-28,adapted,dipep_QR,0.03703703731298447,0.0062775776070510625
LEL-28,adapted,dipep_QS,0.0,-0.00033825608675590974
LEL-28,adapted,dipep_QT,0.0,-9.866945825515126e-06
LEL-28,adapted,dipep_QV,0.0,5.5104551343471935e-05
LEL-28,adapted,dipep_QW,0.0,-9.653685003742708e-05
LEL-28,adapted,dipep_QY,0.0,0.0
LEL-28,adapted,dipep_RA,0.0,-0.00043687413610092693
LEL-28,adapted,dipep_RC,0.0,-7.055501777422658e-05
LEL-28,adapted,dipep_RD,0.03703703731298447,-0.0005910512719083622
LEL-28,adapted,dipep_RE,0.03703703731298447,-0.003517106843038396
LEL-28,adapted,dipep_RF,0.0,0.0002516606963580712
LEL-28,adapted,dipep_RG,0.0,0.00014434135067419924
LEL-28,adapted,dipep_RH,0.0,-3.704755252374007e-05
LEL-28,adapted,dipep_RI,0.0,-0.00035409434151996156
LEL-28,adapted,dipep_RK,0.0,-0.002485345483491247
LEL-28,adapted,dipep_RL,0.03703703731298447,-0.006255850857722852
LEL-28,adapted,dipep_RM,0.0,-0.00040855877689016136
LEL-28,adapted,dipep_RN,0.0,-0.0011527697614614248
LEL-28,adapted,dipep_RP,0.0,2.2747997677596987e-06
LEL-28,adapted,dipep_RQ,0.03703703731298447,0.026005525279494644
LEL-28,adapted,dipep_RR,0.14814814925193787,-0.008977001136890969
LEL-28,adapted,dipep_RS,0.0,8.155485644538206e-05
LEL-28,adapted,dipep_RT,0.0,0.000614007246655022
LEL-28,adapted,dipep_RV,0.0,0.00016172334315242226
LEL-28,adapted,dipep_RW,0.0,-0.0004731748395830034
LEL-28,adapted,dipep_RY,0.0,-0.00016050325085013455
LEL-28,adapted,dipep_SA,0.0,1.1612291524446446e-05
LEL-28,adapted,dipep_SC,0.0,-0.00014907178354394874
LEL-28,adapted,dipep_SD,0.0,-3.852036358105813e-05
LEL-28,adapted,dipep_SE,0.0,-5.550463426212173e-06
LEL-28,adapted,dipep_SF,0.0,-8.796525413699124e-05
LEL-28,adapted,dipep_SG,0.0,-1.523319166004995e-05
LEL-28,adapted,dipep_SH,0.03703703731298447,0.0009231816296107657
LEL-28,adapted,dipep_SI,0.0,-0.00041157223258528786
LEL-28,adapted,dipep_SK,0.0,-0.003955657768716157
LEL-28,adapted,dipep_SL,0.0,-0.00027889839491774637
LEL-28,adapted,dipep_SM,0.0,0.0
LEL-28,adapted,dipep_SN,0.0,-0.0009442597095127264
LEL-28,adapted,dipep_SP,0.0,0.0003026676130519655
LEL-28,adapted,dipep_SQ,0.0,-2.8988683045562694e-05
LEL-28,adapted,dipep_SR,0.0,0.00020724532348174242
LEL-28,adapted,dipep_SS,0.0,-0.0005283238653999352
LEL-28,adapted,dipep_ST,0.0,-0.00022514563951818247
LEL-28,adapted,dipep_SV,0.0,-6.246753457814523e-05
LEL-28,adapted,dipep_SW,0.0,-0.0006867773851326436
LEL-28,adapted,dipep_SY,0.0,-7.21325733268558e-05
LEL-28,adapted,dipep_TA,0.0,-0.00041693582771346987
LEL-28,adapted,dipep_TC,0.0,0.0
LEL-28,adapted,dipep_TD,0.0,3.092125823047729e-05
LEL-28,adapted,dipep_TE,0.0,-0.00045105215256159353
LEL-28,adapted,dipep_TF,0.0,-0.0008874388330264418
LEL-28,adapted,dipep_TG,0.0,-0.0009265242844014321
LEL-28,adapted,dipep_TH,0.0,-1.9204246670599946e-05
LEL-28,adapted,dipep_TI,0.0,-0.000694671676924116
LEL-28,adapted,dipep_TK,0.0,-0.00011688812997335639
LEL-28,adapted,dipep_TL,0.0,-0.00014873089244522936
LEL-28,adapted,dipep_TM,0.0,0.0
LEL-28,adapted,dipep_TN,0.0,-8.16339408872346e-05
LEL-28,adapted,dipep_TP,0.0,-0.0004048405880752861
LEL-28,adapted,dipep_TQ,0.0,-0.0001164026872590936
LEL-28,adapted,dipep_TR,0.03703703731298447,-0.002587438984398126
LEL-28,adapted,dipep_TS,0.0,-7.029788975768627e-05
LEL-28,adapted,dipep_TT,0.0,-0.0011230259869061724
LEL-28,adapted,dipep_TV,0.0,-0.00029629923498158874
LEL-28,adapted,dipep_TW,0.0,-1.2293308002521183e-05
LEL-28,adapted,dipep_TY,0.0,-3.546327833544336e-06
LEL-28,adapted,dipep_VA,0.0,-0.0019827032085741976
LEL-28,adapted,dipep_VC,0.0,-0.00045340898602497264
LEL-28,adapted,dipep_VD,0.0,0.0
LEL-28,adapted,dipep_VE,0.0,-8.343190267692615e-05
LEL-28,adapted,dipep_VF,0.0,-0.00028146358771147527
LEL-28,adapted,dipep_VG,0.0,-0.0002694247839595923
LEL-28,adapted,dipep_VH,0.0,-0.00025212848674180713
LEL-28,adapted,dipep_VI,0.0,-0.00013625416107318952
LEL-28,adapted,dipep_VK,0.0,0.00016962611344652342
LEL-28,adapted,dipep_VL,0.0,-0.0015150476246741209
LEL-28,adapted,dipep_VM,0.0,-1.0585602016739832e-05
LEL-28,adapted,dipep_VN,0.0,-0.0001026258084171854
LEL-28,adapted,dipep_VP,0.0,-0.0005443273421648772
LEL-28,adapted,dipep_VQ,0.0,-0.00018182000765932035
LEL-28,adapted,dipep_VR,0.03703703731298447,-0.009682552128942886
LEL-28,adapted,dipep_VS,0.03703703731298447,0.00023200626684310945
LEL-28,adapted,dipep_VT,0.0,-0.0002535475384063807
LEL-28,adapted,dipep_VV,0.0,-7.90881917568866e-06
LEL-28,adapted,dipep_VW,0.0,-1.289123604169665e-05
LEL-28,adapted,dipep_VY,0.0,-7.26707138592201e-05
LEL-28,adapted,dipep_WA,0.0,0.0
LEL-28,adapted,dipep_WC,0.0,-8.145361852966224e-05
LEL-28,adapted,dipep_WD,0.0,-2.0889202396121407e-05
LEL-28,adapted,dipep_WE,0.0,-0.0020165369972153747
LEL-28,adapted,dipep_WF,0.0,-0.00032803700832093725
LEL-28,adapted,dipep_WG,0.0,-7.07071207938739e-05
LEL-28,adapted,dipep_WH,0.0,0.0
LEL-28,adapted,dipep_WI,0.0,-0.001307709435935981
LEL-28,adapted,dipep_WK,0.0,-0.0005695623227371556
LEL-28,adapted,dipep_WL,0.0,-0.0005938496023242984
LEL-28,adapted,dipep_WM,0.0,-1.1323358413618642e-05
LEL-28,adapted,dipep_WN,0.0,-5.07005045728379e-05
LEL-28,adapted,dipep_WP,0.0,-1.7076736475426065e-05
LEL-28,adapted,dipep_WQ,0.0,-0.00026876132635721215
LEL-28,adapted,dipep_WR,0.0,-0.00099851751039091
LEL-28,adapted,dipep_WS,0.0,-0.0001832407135771921
LEL-28,adapted,dipep_WT,0.0,0.0
LEL-28,adapted,dipep_WV,0.0,-2.559562206872206e-05
LEL-28,adapted,dipep_WW,0.0,-0.00021612994273416495
LEL-28,adapted,dipep_WY,0.0,-0.007226354491037118
LEL-28,adapted,dipep_YA,0.0,-4.7175131343189507e-05
LEL-28,adapted,dipep_YC,0.0,0.000504810476094969
LEL-28,adapted,dipep_YD,0.0,0.0
LEL-28,adapted,dipep_YE,0.0,2.9478587852095772e-05
LEL-28,adapted,dipep_YF,0.0,-2.0018024938588843e-05
LEL-28,adapted,dipep_YG,0.0,-0.00403338804029361
LEL-28,adapted,dipep_YH,0.0,-1.075988342275629e-05
LEL-28,adapted,dipep_YI,0.0,0.0
LEL-28,adapted,dipep_YK,0.0,-6.468784709407304e-05
LEL-28,adapted,dipep_YL,0.0,-0.00033573081787158183
LEL-28,adapted,dipep_YM,0.0,0.0
LEL-28,adapted,dipep_YN,0.0,0.0
LEL-28,adapted,dipep_YP,0.0,0.0
LEL-28,adapted,dipep_YQ,0.0,-0.0005162589493252536
LEL-28,adapted,dipep_YR,0.0,-0.0003542460266718685
LEL-28,adapted,dipep_YS,0.0,-5.770400504178077e-05
LEL-28,adapted,dipep_YT,0.0,-4.0991387946087704e-05
LEL-28,adapted,dipep_YV,0.0,-0.00020669510247220036
LEL-28,adapted,dipep_YW,0.0,-1.8721984066541632e-05
LEL-28,adapted,dipep_YY,0.0,0.0
TRR-26,adapted,length,26.0,0.012754495945197121
TRR-26,adapted,charge,7.913613319396973,-0.003571434956437521
TRR-26,adapted,boman,2.7899999618530273,-0.022868943690434906
TRR-26,adapted,hmoment,0.8533435463905334,0.00260230724935849
TRR-26,adapted,apv,0.19473077356815338,-0.014830825463672493
TRR-26,adapted,alpha,1.0549999475479126,7.2888108514457105e-06
TRR-26,adapted,basic_frac,0.3076923191547394,-0.024040440488787417
TRR-26,adapted,acidic_frac,0.0,0.0023555905539194657
TRR-26,adapted,aromatic_frac,0.03846153989434242,-0.010997519132552775
TRR-26,adapted,hydrophobic_frac,0.4615384638309479,0.009713722077730911
TRR-26,adapted,proline_frac,0.0,0.0003579322683159218
TRR-26,adapted,glycine_frac,0.0,-0.0022068701503609447
TRR-26,adapted,aa_A,0.07692307978868484,0.002722938279715366
TRR-26,adapted,aa_C,0.07692307978868484,0.0023231088723191405
TRR-26,adapted,aa_D,0.0,0.0003182801048359868
TRR-26,adapted,aa_E,0.0,8.91569559455198e-05
TRR-26,adapted,aa_F,0.0,-0.010646537238788476
TRR-26,adapted,aa_G,0.0,-0.0033889736212500106
TRR-26,adapted,aa_H,0.0,-7.646473522717087e-05
TRR-26,adapted,aa_I,0.03846153989434242,-0.008737617792666378
TRR-26,adapted,aa_K,0.03846153989434242,-0.003630272779469331
TRR-26,adapted,aa_L,0.23076923191547394,0.0023923433170584306
TRR-26,adapted,aa_M,0.0,-0.0007395575600515311
TRR-26,adapted,aa_N,0.0,0.0003671341270801206
TRR-26,adapted,aa_P,0.0,0.0006806929434503526
TRR-26,adapted,aa_Q,0.0,-0.005157633478439175
TRR-26,adapted,aa_R,0.26923078298568726,-0.036532442218962735
TRR-26,adapted,aa_S,0.03846153989434242,-0.0016213237860216493
TRR-26,adapted,aa_T,0.11538461595773697,0.003966919899437361
TRR-26,adapted,aa_V,0.07692307978868484,-0.0031251104207837845
TRR-26,adapted,aa_W,0.0,-0.005603370834143541
TRR-26,adapted,aa_Y,0.03846153989434242,-0.005726483184304357
TRR-26,adapted,dipep_AA,0.0,-0.002313432434518355
TRR-26,adapted,dipep_AC,0.0,-0.00017024757248146658
TRR-26,adapted,dipep_AD,0.0,-1.57875136563606e-05
TRR-26,adapted,dipep_AE,0.0,0.0
TRR-26,adapted,dipep_AF,0.0,-0.00012844978229093582
TRR-26,adapted,dipep_AG,0.0,-0.00022949989082596275
TRR-26,adapted,dipep_AH,0.0,4.0226353571402324e-05
TRR-26,adapted,dipep_AI,0.0,-0.003239949410021861
TRR-26,adapted,dipep_AK,0.03999999910593033,0.0015051310718266829
TRR-26,adapted,dipep_AL,0.03999999910593033,0.00890965822598778
TRR-26,adapted,dipep_AM,0.0,1.9321773653506673e-05
TRR-26,adapted,dipep_AN,0.0,-0.0005770841891095976
TRR-26,adapted,dipep_AP,0.0,0.00023351061946879224
TRR-26,adapted,dipep_AQ,0.0,-0.0004836191752472657
TRR-26,adapted,dipep_AR,0.0,-0.00014925921596027335
TRR-26,adapted,dipep_AS,0.0,-0.000659982722182591
TRR-26,adapted,dipep_AT,0.0,-9.142780350346518e-05
TRR-26,adapted,dipep_AV,0.0,-0.0033238573079790354
TRR-26,adapted,dipep_AW,0.0,-0.00010393308187567956
TRR-26,adapted,dipep_AY,0.0,-0.00014861023170830722
TRR-26,adapted,dipep_CA,0.0,-3.2799219503942747e-06
TRR-26,adapted,dipep_CC,0.0,-4.710333162204128e-05
TRR-26,adapted,dipep_CD,0.0,-4.14279361680497e-05
TRR-26,adapted,dipep_CE,0.0,-4.361611852626692e-05
TRR-26,adapted,dipep_CF,0.0,-2.3613187180773108e-05
TRR-26,adapted,dipep_CG,0.0,-0.004183818617889539
TRR-26,adapted,dipep_CH,0.0,-3.8647823247994836e-06
TRR-26,adapted,dipep_CI,0.03999999910593033,-0.0024774533064748244
TRR-26,adapted,dipep_CK,0.0,-0.00017421827434451555
TRR-26,adapted,dipep_CL,0.0,1.901441386310922e-05
TRR-26,adapted,dipep_CM,0.0,0.0
TRR-26,adapted,dipep_CN,0.0,-9.652864985560183e-05
TRR-26,adapted,dipep_CP,0.0,-0.00012078495888043362
TRR-26,adapted,dipep_CQ,0.0,0.0
TRR-26,adapted,dipep_CR,0.0,-0.0002518119779983921
TRR-26,adapted,dipep_CS,0.0,-6.892256935763295e-05
TRR-26,adapted,dipep_CT,0.03999999910593033,-0.0002615588821085583
TRR-26,adapted,dipep_CV,0.0,-0.00020722895521399468
TRR-26,adapted,dipep_CW,0.0,-0.0003094136318696167
TRR-26,adapted,dipep_CY,0.0,-0.00046896257938759515
TRR-26,adapted,dipep_DA,0.0,2.6293849699833593e-05
TRR-26,adapted,dipep_DC,0.0,0.0
TRR-26,adapted,dipep_DD,0.0,-2.2690776371507825e-05
TRR-26,adapted,dipep_DE,0.0,-0.0001156902740936407
TRR-26,adapted,dipep_DF,0.0,-0.0008529486002481359
TRR-26,adapted,dipep_DG,0.0,-0.0016694201499455365
TRR-26,adapted,dipep_DH,0.0,-4.873911997686146e-05
TRR-26,adapted,dipep_DI,0.0,4.9379196920180665e-05
TRR-26,adapted,dipep_DK,0.0,8.530244451146532e-05
TRR-26,adapted,dipep_DL,0.0,-2.9911285451487167e-05
TRR-26,adapted,dipep_DM,0.0,0.0
TRR-26,adapted,dipep_DN,0.0,0.0
TRR-26,adapted,dipep_DP,0.0,0.0
TRR-26,adapted,dipep_DQ,0.0,-6.669428028701626e-05
TRR-26,adapted,dipep_DR,0.0,-3.394556774223606e-05
TRR-26,adapted,dipep_DS,0.0,-2.105960647942304e-05
TRR-26,adapted,dipep_DT,0.0,-4.205608071342699e-05
TRR-26,adapted,dipep_DV,0.0,7.926711003001526e-05
TRR-26,adapted,dipep_DW,0.0,-4.995703894046454e-05
TRR-26,adapted,dipep_DY,0.0,-4.153914355124059e-05
TRR-26,adapted,dipep_EA,0.0,-0.0024187311650415463
TRR-26,adapted,dipep_EC,0.0,-0.00010623735760923033
TRR-26,adapted,dipep_ED,0.0,-1.3493168806481625e-05
TRR-26,adapted,dipep_EE,0.0,-4.3135854630836884e-05
TRR-26,adapted,dipep_EF,0.0,-0.0006634259921171231
TRR-26,adapted,dipep_EG,0.0,-0.0060804289883357645
TRR-26,adapted,dipep_EH,0.0,0.0
TRR-26,adapted,dipep_EI,0.0,2.4992851110492e-05
TRR-26,adapted,dipep_EK,0.0,0.00047064907521968233
TRR-26,adapted,dipep_EL,0.0,0.00028445091027447077
TRR-26,adapted,dipep_EM,0.0,0.0
TRR-26,adapted,dipep_EN,0.0,-0.00238457070207505
TRR-26,adapted,dipep_EP,0.0,1.1304933622061302e-05
TRR-26,adapted,dipep_EQ,0.0,-4.393996434220826e-06
TRR-26,adapted,dipep_ER,0.0,3.921365628398821e-06
TRR-26,adapted,dipep_ES,0.0,-0.00048778891496225696
TRR-26,adapted,dipep_ET,0.0,0.0
TRR-26,adapted,dipep_EV,0.0,6.719868783861657e-05
TRR-26,adapted,dipep_EW,0.0,-4.856081131163842e-05
TRR-26,adapted,dipep_EY,0.0,-1.2893794402698662e-05
TRR-26,adapted,dipep_FA,0.0,-0.00017059792154226958
TRR-26,adapted,dipep_FC,0.0,-0.0003524627047519036
TRR-26,adapted,dipep_FD,0.0,-1.4844022972660162e-05
TRR-26,adapted,dipep_FE,0.0,-0.0017100342398978527
TRR-26,adapted,dipep_FF,0.0,-0.001262561440499704
TRR-26,adapted,dipep_FG,0.0,-0.0005467139145688494
TRR-26,adapted,dipep_FH,0.0,-0.0004366575839583869
TRR-26,adapted,dipep_FI,0.0,-0.0017100600912578956
TRR-26,adapted,dipep_FK,0.0,-0.0013650044489185017
TRR-26,adapted,dipep_FL,0.0,-0.008220884466787063
TRR-26,adapted,dipep_FM,0.0,-0.00029798998829430465
TRR-26,adapted,dipep_FN,0.0,-1.0182372142067316e-05
TRR-26,adapted,dipep_FP,0.0,-0.00020586059177121006
TRR-26,adapted,dipep_FQ,0.0,-3.9966170701751816e-05
TRR-26,adapted,dipep_FR,0.0,-0.0001291121601834621
TRR-26,adapted,dipep_FS,0.0,-0.0003549166590473275
TRR-26,adapted,dipep_FT,0.0,-6.754629317193694e-05
TRR-26,adapted,dipep_FV,0.0,-7.586330622636831e-05
TRR-26,adapted,dipep_FW,0.0,-0.0001722425865448049
TRR-26,adapted,dipep_FY,0.0,-1.5675457003085245e-05
TRR-26,adapted,dipep_GA,0.0,-0.0005979046338094163
TRR-26,adapted,dipep_GC,0.0,-7.191273826769775e-05
TRR-26,adapted,dipep_GD,0.0,-0.00020897486609631547
TRR-26,adapted,dipep_GE,0.0,-3.4171400297542924e-05
TRR-26,adapted,dipep_GF,0.0,-0.003926478311048953
TRR-26,adapted,dipep_GG,0.0,-3.3797932926402367e-06
TRR-26,adapted,dipep_GH,0.0,-0.00017359805630993137
TRR-26,adapted,dipep_GI,0.0,-0.0010308072259556384
TRR-26,adapted,dipep_GK,0.0,-0.0006702041298625522
TRR-26,adapted,dipep_GL,0.0,-0.002920005926135172
TRR-26,adapted,dipep_GM,0.0,-0.003253077987308808
TRR-26,adapted,dipep_GN,0.0,-2.571075185789451e-05
TRR-26,adapted,dipep_GP,0.0,5.1936767668500517e-05
TRR-26,adapted,dipep_GQ,0.0,0.00016529389608741348
TRR-26,adapted,dipep_GR,0.0,-0.0017214719628476226
TRR-26,adapted,dipep_GS,0.0,-7.525630860065756e-05
TRR-26,adapted,dipep_GT,0.0,-6.360093035336865e-06
TRR-26,adapted,dipep_GV,0.0,-0.0003234059550902419
TRR-26,adapted,dipep_GW,0.0,-0.004135583147345324
TRR-26,adapted,dipep_GY,0.0,-0.001847943934224747
TRR-26,adapted,dipep_HA,0.0,-0.0005492813458373811
TRR-26,adapted,dipep_HC,0.0,2.638844530550916e-05
TRR-26,adapted,dipep_HD,0.0,0.0
TRR-26,adapted,dipep_HE,0.0,0.0
TRR-26,adapted,dipep_HF,0.0,-9.998472005541055e-06
TRR-26,adapted,dipep_HG,0.0,0.00014507096828180838
TRR-26,adapted,dipep_HH,0.0,-0.00020471601836972813
TRR-26,adapted,dipep_HI,0.0,-0.0006597134412139777
TRR-26,adapted,dipep_HK,0.0,-0.00010207620639197631
TRR-26,adapted,dipep_HL,0.0,-4.743392220745458e-05
TRR-26,adapted,dipep_HM,0.0,0.0
TRR-26,adapted,dipep_HN,0.0,-3.2680223243318436e-05
TRR-26,adapted,dipep_HP,0.0,1.3998183524250862e-05
TRR-26,adapted,dipep_HQ,0.0,-7.95481556261967e-06
TRR-26,adapted,dipep_HR,0.0,-0.0003139499604234967
TRR-26,adapted,dipep_HS,0.0,-7.597810456727036e-06
TRR-26,adapted,dipep_HT,0.0,5.419298266955074e-05
TRR-26,adapted,dipep_HV,0.0,-0.0001034325578919207
TRR-26,adapted,dipep_HW,0.0,0.0
TRR-26,adapted,dipep_HY,0.0,0.0
TRR-26,adapted,dipep_IA,0.0,-0.0004945743496916269
TRR-26,adapted,dipep_IC,0.0,-7.523035704672464e-06
TRR-26,adapted,dipep_ID,0.0,-0.0028459013511156453
TRR-26,adapted,dipep_IE,0.0,-0.005693877715305969
TRR-26,adapted,dipep_IF,0.0,-0.0007613080194661364
TRR-26,adapted,dipep_IG,0.0,-0.0006194433154289655
TRR-26,adapted,dipep_IH,0.0,-0.0003717230482857692
TRR-26,adapted,dipep_II,0.0,-0.0007439267200335098
TRR-26,adapted,dipep_IK,0.0,-0.003700881940800943
TRR-26,adapted,dipep_IL,0.03999999910593033,0.0008323646482823103
TRR-26,adapted,dipep_IM,0.0,-3.706358146577145e-05
TRR-26,adapted,dipep_IN,0.0,-0.00017346512644728098
TRR-26,adapted,dipep_IP,0.0,-0.0008177961253161179
TRR-26,adapted,dipep_IQ,0.0,-0.00017918261323014636
TRR-26,adapted,dipep_IR,0.0,-0.0001287544575771353
TRR-26,adapted,dipep_IS,0.0,-0.0014085876525074944
TRR-26,adapted,dipep_IT,0.0,-0.00010169653628989938
TRR-26,adapted,dipep_IV,0.0,-0.0014181800495176376
TRR-26,adapted,dipep_IW,0.0,-0.00031974638626234214
TRR-26,adapted,dipep_IY,0.0,-9.933453410781781e-05
TRR-26,adapted,dipep_KA,0.0,-0.00012586682712315375
TRR-26,adapted,dipep_KC,0.0,-0.0009854761081917074
TRR-26,adapted,dipep_KD,0.0,-0.0007402122077742126
TRR-26,adapted,dipep_KE,0.0,-0.0004894082145323211
TRR-26,adapted,dipep_KF,0.0,-6.76147026608426e-05
TRR-26,adapted,dipep_KG,0.0,7.045832110243999e-05
TRR-26,adapted,dipep_KH,0.0,-0.00014724803033979033
TRR-26,adapted,dipep_KI,0.0,-0.002158685399802729
TRR-26,adapted,dipep_KK,0.0,-0.00458979772256868
TRR-26,adapted,dipep_KL,0.0,-0.0012389894591686194
TRR-26,adapted,dipep_KM,0.0,5.5416036937231464e-05
TRR-26,adapted,dipep_KN,0.0,-0.0001840397161373626
TRR-26,adapted,dipep_KP,0.0,-9.719115582488392e-06
TRR-26,adapted,dipep_KQ,0.0,-0.0004311457518161953
TRR-26,adapted,dipep_KR,0.03999999910593033,-0.014373549417261634
TRR-26,adapted,dipep_KS,0.0,-0.00041147945352754985
TRR-26,adapted,dipep_KT,0.0,-0.0007208283552780979
TRR-26,adapted,dipep_KV,0.0,-0.0035079307440691555
TRR-26,adapted,dipep_KW,0.0,-0.00022091090608161834
TRR-26,adapted,dipep_KY,0.0,-0.0003338063993705572
TRR-26,adapted,dipep_LA,0.0,-0.0005197193930544906
TRR-26,adapted,dipep_LC,0.03999999910593033,-0.0005069578388150037
TRR-26,adapted,dipep_LD,0.0,-0.00026866554548729776
TRR-26,adapted,dipep_LE,0.0,4.964074031630585e-05
TRR-26,adapted,dipep_LF,0.0,-0.011947191017587391
TRR-26,adapted,dipep_LG,0.0,-0.0013085726252104874
TRR-26,adapted,dipep_LH,0.0,0.0001310179144705921
TRR-26,adapted,dipep_LI,0.0,-0.004305670119197916
TRR-26,adapted,dipep_LK,0.0,-0.0029492709913446565
TRR-26,adapted,dipep_LL,0.11999999731779099,-0.003417634506236702
TRR-26,adapted,dipep_LM,0.0,0.00012054525413035709
TRR-26,adapted,dipep_LN,0.0,-0.00018457843005937583
TRR-26,adapted,dipep_LP,0.0,-0.002794760722686101
TRR-26,adapted,dipep_LQ,0.0,-0.0002896495517219852
TRR-26,adapted,dipep_LR,0.0,-0.0001885856431215624
TRR-26,adapted,dipep_LS,0.0,-0.0008698800170017315
TRR-26,adapted,dipep_LT,0.0,-0.0005282943984804492
TRR-26,adapted,dipep_LV,0.03999999910593033,0.007857231313678612
TRR-26,adapted,dipep_LW,0.0,-0.000715871975022877
TRR-26,adapted,dipep_LY,0.03999999910593033,-0.0004656673382227261
TRR-26,adapted,dipep_MA,0.0,-0.00011313616228689393
TRR-26,adapted,dipep_MC,0.0,0.0
TRR-26,adapted,dipep_MD,0.0,-4.6109613602655685e-06
TRR-26,adapted,dipep_ME,0.0,-8.646661027493236e-05
TRR-26,adapted,dipep_MF,0.0,0.0
TRR-26,adapted,dipep_MG,0.0,-3.884320208331864e-05
TRR-26,adapted,dipep_MH,0.0,0.0
TRR-26,adapted,dipep_MI,0.0,-0.0019194228408506385
TRR-26,adapted,dipep_MK,0.0,0.00013045454952168478
TRR-26,adapted,dipep_ML,0.0,-5.922756229978737e-05
TRR-26,adapted,dipep_MM,0.0,-5.707126438182497e-06
TRR-26,adapted,dipep_MN,0.0,0.0
TRR-26,adapted,dipep_MP,0.0,0.0
TRR-26,adapted,dipep_MQ,0.0,-2.361461524723661e-05
TRR-26,adapted,dipep_MR,0.0,4.868703836140944e-05
TRR-26,adapted,dipep_MS,0.0,-4.923435073011776e-05
TRR-26,adapted,dipep_MT,0.0,-0.00024627030607289314
TRR-26,adapted,dipep_MV,0.0,0.0
TRR-26,adapted,dipep_MW,0.0,-1.402357196104132e-05
TRR-26,adapted,dipep_MY,0.0,0.0
TRR-26,adapted,dipep_NA,0.0,-0.0004173308841269869
TRR-26,adapted,dipep_NC,0.0,-3.5955980583953775e-05
TRR-26,adapted,dipep_ND,0.0,0.0
TRR-26,adapted,dipep_NE,0.0,-9.151544294738693e-05
TRR-26,adapted,dipep_NF,0.0,-0.00034962830886493866
TRR-26,adapted,dipep_NG,0.0,-0.0046831360507105626
TRR-26,adapted,dipep_NH,0.0,0.0
TRR-26,adapted,dipep_NI,0.0,-4.0856148182291954e-05
TRR-26,adapted,dipep_NK,0.0,7.118163282323709e-05
TRR-26,adapted,dipep_NL,0.0,-5.634605953118475e-05
TRR-26,adapted,dipep_NM,0.0,-7.737267309036663e-06
TRR-26,adapted,dipep_NN,0.0,0.0
TRR-26,adapted,dipep_NP,0.0,-5.7915855705097726e-05
TRR-26,adapted,dipep_NQ,0.0,-0.00027096996017567185
TRR-26,adapted,dipep_NR,0.0,-0.00030699245093811553
TRR-26,adapted,dipep_NS,0.0,1.630195832234634e-05
TRR-26,adapted,dipep_NT,0.0,-0.0016804254992996732
TRR-26,adapted,dipep_NV,0.0,-2.9126685988031315e-05
TRR-26,adapted,dipep_NW,0.0,-2.66342883714421e-05
TRR-26,adapted,dipep_NY,0.0,0.0
TRR-26,adapted,dipep_PA,0.0,-0.0005062357775807762
TRR-26,adapted,dipep_PC,0.0,-6.905201853358583e-05
TRR-26,adapted,dipep_PD,0.0,0.0
TRR-26,adapted,dipep_PE,0.0,3.9189820906200066e-05
TRR-26,adapted,dipep_PF,0.0,-1.7640887790040126e-05
TRR-26,adapted,dipep_PG,0.0,0.0002554924784785913
TRR-26,adapted,dipep_PH,0.0,-1.1324914723131586e-05
TRR-26,adapted,dipep_PI,0.0,4.796603740650175e-05
TRR-26,adapted,dipep_PK,0.0,-0.00030525033714756314
TRR-26,adapted,dipep_PL,0.0,-9.967273576442936e-06
TRR-26,adapted,dipep_PM,0.0,0.0
TRR-26,adapted,dipep_PN,0.0,0.0
TRR-26,adapted,dipep_PP,0.0,0.0
TRR-26,adapted,dipep_PQ,0.0,-4.526841065659633e-05
TRR-26,adapted,dipep_PR,0.0,1.7282667798946503e-05
TRR-26,adapted,dipep_PS,0.0,-0.00020165948213384346
TRR-26,adapted,dipep_PT,0.0,-0.0006489477358051262
TRR-26,adapted,dipep_PV,0.0,-6.317025056096788e-05
TRR-26,adapted,dipep_PW,0.0,-7.2143554133248675e-06
TRR-26,adapted,dipep_PY,0.0,0.0
TRR-26,adapted,dipep_QA,0.0,-6.278674075885733e-05
TRR-26,adapted,dipep_QC,0.0,-0.00011473574284670055
TRR-26,adapted,dipep_QD,0.0,-6.639049115134113e-05
TRR-26,adapted,dipep_QE,0.0,0.0
TRR-26,adapted,dipep_QF,0.0,-0.00011841039052580663
TRR-26,adapted,dipep_QG,0.0,-0.000237102431513525
TRR-26,adapted,dipep_QH,0.0,-0.0004897312285173388
TRR-26,adapted,dipep_QI,0.0,-8.491004727601543e-05
TRR-26,adapted,dipep_QK,0.0,-1.2698439850346527e-05
TRR-26,adapted,dipep_QL,0.0,-0.00021517786081867582
TRR-26,adapted,dipep_QM,0.0,-4.608591252584759e-06
TRR-26,adapted,dipep_QN,0.0,-6.910428132028209e-05
TRR-26,adapted,dipep_QP,0.0,-0.0001983143244402728
TRR-26,adapted,dipep_QQ,0.0,-0.0007751113877500923
TRR-26,adapted,dipep_QR,0.0,-0.003327402816838196
TRR-26,adapted,dipep_QS,0.0,-0.00035070492585071106
TRR-26,adapted,dipep_QT,0.0,0.0
TRR-26,adapted,dipep_QV,0.0,-1.961391799444836e-05
TRR-26,adapted,dipep_QW,0.0,-0.00011138528080771109
TRR-26,adapted,dipep_QY,0.0,0.0
TRR-26,adapted,dipep_RA,0.03999999910593033,-0.0018356775925343202
TRR-26,adapted,dipep_RC,0.0,-0.00011002282120089683
TRR-26,adapted,dipep_RD,0.0,-0.0003756860678154401
TRR-26,adapted,dipep_RE,0.0,0.00022878154832789232
TRR-26,adapted,dipep_RF,0.0,0.0003027740465550239
TRR-26,adapted,dipep_RG,0.0,5.818668162982748e-05
TRR-26,adapted,dipep_RH,0.0,-9.410822013023483e-05
TRR-26,adapted,dipep_RI,0.0,-0.00041655583032009034
TRR-26,adapted,dipep_RK,0.0,-0.00272080868525657
TRR-26,adapted,dipep_RL,0.03999999910593033,-0.010337720938242112
TRR-26,adapted,dipep_RM,0.0,-0.0002755090549323552
TRR-26,adapted,dipep_RN,0.0,-0.0010311907922946452
TRR-26,adapted,dipep_RP,0.0,-1.3124116428124027e-05
TRR-26,adapted,dipep_RQ,0.0,-0.007339569562589033
TRR-26,adapted,dipep_RR,0.11999999731779099,-0.012577490135110586
TRR-26,adapted,dipep_RS,0.0,5.735888114559306e-05
TRR-26,adapted,dipep_RT,0.03999999910593033,-0.00800640273862889
TRR-26,adapted,dipep_RV,0.03999999910593033,-0.003199109818554591
TRR-26,adapted,dipep_RW,0.0,-0.0008297625379149311
TRR-26,adapted,dipep_RY,0.0,-4.926149733396504e-05
TRR-26,adapted,dipep_SA,0.0,-6.259491589646179e-05
TRR-26,adapted,dipep_SC,0.0,-0.0001146134761149449
TRR-26,adapted,dipep_SD,0.0,-4.610136843101e-05
TRR-26,adapted,dipep_SE,0.0,-5.550463426212173e-06
TRR-26,adapted,dipep_SF,0.0,-0.00024420000282395063
TRR-26,adapted,dipep_SG,0.0,-6.665810485516683e-06
TRR-26,adapted,dipep_SH,0.0,-8.817724857127899e-05
TRR-26,adapted,dipep_SI,0.0,-0.0004739932946819627
TRR-26,adapted,dipep_SK,0.0,-0.004373248326925372
TRR-26,adapted,dipep_SL,0.0,-0.0006086883976659654
TRR-26,adapted,dipep_SM,0.0,0.0
TRR-26,adapted,dipep_SN,0.0,-0.0011667442385862846
TRR-26,adapted,dipep_SP,0.0,0.0002962415876186311
TRR-26,adapted,dipep_SQ,0.0,-9.626923625421502e-06
TRR-26,adapted,dipep_SR,0.03999999910593033,-0.004436127893660267
TRR-26,adapted,dipep_SS,0.0,-7.554780881642987e-05
TRR-26,adapted,dipep_ST,0.0,-7.991316704540045e-05
TRR-26,adapted,dipep_SV,0.0,-1.3140569103102139e-05
TRR-26,adapted,dipep_SW,0.0,-0.001141705121019114
TRR-26,adapted,dipep_SY,0.0,-2.1295237666867793e-05
TRR-26,adapted,dipep_TA,0.0,-0.00017814127598638293
TRR-26,adapted,dipep_TC,0.0,-4.594111337848292e-05
TRR-26,adapted,dipep_TD,0.0,3.092125823047729e-05
TRR-26,adapted,dipep_TE,0.0,-0.0004554125067786819
TRR-26,adapted,dipep_TF,0.0,-0.0006822977258877621
TRR-26,adapted,dipep_TG,0.0,-0.0017191572568474919
TRR-26,adapted,dipep_TH,0.0,-5.918473527451856e-06
TRR-26,adapted,dipep_TI,0.0,-0.0014792148647068343
TRR-26,adapted,dipep_TK,0.0,-0.00020017442194950904
TRR-26,adapted,dipep_TL,0.0,0.00012321225299213008
TRR-26,adapted,dipep_TM,0.0,0.0
TRR-26,adapted,dipep_TN,0.0,-2.155635420003518e-05
TRR-26,adapted,dipep_TP,0.0,-0.0004755902033438164
TRR-26,adapted,dipep_TQ,0.0,-8.141800592136847e-05
TRR-26,adapted,dipep_TR,0.03999999910593033,-0.00565327579269865
TRR-26,adapted,dipep_TS,0.03999999910593033,0.0005463763912167723
TRR-26,adapted,dipep_TT,0.0,-0.0010878326310661062
TRR-26,adapted,dipep_TV,0.0,-0.0002733893072819285
TRR-26,adapted,dipep_TW,0.0,-1.2293308002521183e-05
TRR-26,adapted,dipep_TY,0.0,5.32490579150175e-05
TRR-26,adapted,dipep_VA,0.03999999910593033,0.0038197544779926353
TRR-26,adapted,dipep_VC,0.0,-0.0004124966363471848
TRR-26,adapted,dipep_VD,0.0,0.0
TRR-26,adapted,dipep_VE,0.0,-4.394220436570816e-05
TRR-26,adapted,dipep_VF,0.0,-0.00028191668263549696
TRR-26,adapted,dipep_VG,0.0,-0.00029816304810943717
TRR-26,adapted,dipep_VH,0.0,-0.00043978114786130754
TRR-26,adapted,dipep_VI,0.0,-8.549054813798138e-05
TRR-26,adapted,dipep_VK,0.0,0.00027254712173751893
TRR-26,adapted,dipep_VL,0.0,-0.004103585792876022
TRR-26,adapted,dipep_VM,0.0,-1.0585602016739832e-05
TRR-26,adapted,dipep_VN,0.0,-5.695518240292168e-05
TRR-26,adapted,dipep_VP,0.0,-0.0005813791545582151
TRR-26,adapted,dipep_VQ,0.0,-0.00025258956980814625
TRR-26,adapted,dipep_VR,0.03999999910593033,-0.00805041026147092
TRR-26,adapted,dipep_VS,0.0,1.150180840699813e-05
TRR-26,adapted,dipep_VT,0.0,-0.0002525741562198126
TRR-26,adapted,dipep_VV,0.0,8.814888941311407e-06
TRR-26,adapted,dipep_VW,0.0,-9.750541497713268e-05
TRR-26,adapted,dipep_VY,0.0,-0.0001239263560718083
TRR-26,adapted,dipep_WA,0.0,0.0
TRR-26,adapted,dipep_WC,0.0,0.0001878346159185456
TRR-26,adapted,dipep_WD,0.0,-7.701640949786756e-05
TRR-26,adapted,dipep_WE,0.0,-0.0020046717154453123
TRR-26,adapted,dipep_WF,0.0,-9.670550551491804e-05
TRR-26,adapted,dipep_WG,0.0,-3.039124412108093e-05
TRR-26,adapted,dipep_WH,0.0,-4.0825829692735715e-05
TRR-26,adapted,dipep_WI,0.0,-0.0012467252186467697
TRR-26,adapted,dipep_WK,0.0,-0.0001355333985572255
TRR-26,adapted,dipep_WL,0.0,-0.0005359534263169004
TRR-26,adapted,dipep_WM,0.0,-1.1323358413618642e-05
TRR-26,adapted,dipep_WN,0.0,-8.479278449220652e-05
TRR-26,adapted,dipep_WP,0.0,-2.6668400913923187e-05
TRR-26,adapted,dipep_WQ,0.0,-0.00014303733889797185
TRR-26,adapted,dipep_WR,0.0,-0.000794771855335732
TRR-26,adapted,dipep_WS,0.0,-0.00010050999242244942
TRR-26,adapted,dipep_WT,0.0,0.0
TRR-26,adapted,dipep_WV,0.0,-9.063412267631068e-05
TRR-26,adapted,dipep_WW,0.0,-0.0001887430002295798
TRR-26,adapted,dipep_WY,0.0,-0.007333934993727881
TRR-26,adapted,dipep_YA,0.0,-0.00010865870586045173
TRR-26,adapted,dipep_YC,0.03999999910593033,-0.0042746625157318655
TRR-26,adapted,dipep_YD,0.0,0.0
TRR-26,adapted,dipep_YE,0.0,2.9478587852095772e-05
TRR-26,adapted,dipep_YF,0.0,-6.694563825581245e-06
TRR-26,adapted,dipep_YG,0.0,-0.004545377205997171
TRR-26,adapted,dipep_YH,0.0,-1.075988342275629e-05
TRR-26,adapted,dipep_YI,0.0,0.0
TRR-26,adapted,dipep_YK,0.0,-4.697791235888088e-05
TRR-26,adapted,dipep_YL,0.0,-0.0006963309332698581
TRR-26,adapted,dipep_YM,0.0,0.0
TRR-26,adapted,dipep_YN,0.0,0.0
TRR-26,adapted,dipep_YP,0.0,0.0
TRR-26,adapted,dipep_YQ,0.0,-0.0003626922732502271
TRR-26,adapted,dipep_YR,0.0,-0.0005656743249176557
TRR-26,adapted,dipep_YS,0.0,-7.817400543866905e-05
TRR-26,adapted,dipep_YT,0.0,0.0
TRR-26,adapted,dipep_YV,0.0,-9.899044012547241e-06
TRR-26,adapted,dipep_YW,0.0,-4.114811759352691e-05
TRR-26,adapted,dipep_YY,0.0,0.0
LRS-21,adapted,length,21.0,-0.018859993883602454
LRS-21,adapted,charge,7.975403308868408,-0.002030077296403207
LRS-21,adapted,boman,3.509047508239746,-0.03569950152776743
LRS-21,adapted,hmoment,0.7616627812385559,0.0020273831554031493
LRS-21,adapted,apv,0.19900000095367432,-0.012966184675066907
LRS-21,adapted,alpha,1.006666660308838,-0.0074401785554423444
LRS-21,adapted,basic_frac,0.380952388048172,-0.023884635414968252
LRS-21,adapted,acidic_frac,0.0,0.0013142127773869302
LRS-21,adapted,aromatic_frac,0.0476190485060215,-0.00898068499605994
LRS-21,adapted,hydrophobic_frac,0.3333333432674408,-0.030576058729371722
LRS-21,adapted,proline_frac,0.0476190485060215,-5.198690289952525e-05
LRS-21,adapted,glycine_frac,0.0476190485060215,-0.0027533848178275056
LRS-21,adapted,aa_A,0.0476190485060215,0.000674793638127571
LRS-21,adapted,aa_C,0.0,-0.0028028370310394513
LRS-21,adapted,aa_D,0.0,-0.0016063596988264775
LRS-21,adapted,aa_E,0.0,0.00012435264456815985
LRS-21,adapted,aa_F,0.0476190485060215,-0.0006851141030112234
LRS-21,adapted,aa_G,0.0476190485060215,-0.0038758534670576142
LRS-21,adapted,aa_H,0.0,-0.0006208634459679759
LRS-21,adapted,aa_I,0.1428571492433548,0.010518329779579423
LRS-21,adapted,aa_K,0.1428571492433548,-0.0006763576012614555
LRS-21,adapted,aa_L,0.095238097012043,-0.0033729877424149967
LRS-21,adapted,aa_M,0.0,-0.00021552169342785662
LRS-21,adapted,aa_N,0.0,-0.0005836552706779655
LRS-21,adapted,aa_P,0.0476190485060215,-0.0013588713843807364
LRS-21,adapted,aa_Q,0.0,-0.004675946152822749
LRS-21,adapted,aa_R,0.2380952388048172,-0.03269601955199519
LRS-21,adapted,aa_S,0.1428571492433548,-0.002220281304961011
LRS-21,adapted,aa_T,0.0476190485060215,-0.00037479394457723354
LRS-21,adapted,aa_V,0.0,-0.0016679996760872798
LRS-21,adapted,aa_W,0.0,-0.003782952487253591
LRS-21,adapted,aa_Y,0.0,-0.0011440282657472305
LRS-21,adapted,dipep_AA,0.0,-0.0012552181460401088
LRS-21,adapted,dipep_AC,0.0,0.0
LRS-21,adapted,dipep_AD,0.0,-1.57875136563606e-05
LRS-21,adapted,dipep_AE,0.0,-1.2651732327180615e-05
LRS-21,adapted,dipep_AF,0.0,-0.0001044047938761898
LRS-21,adapted,dipep_AG,0.0,-0.0007351309580600007
LRS-21,adapted,dipep_AH,0.0,-3.4558611621647924e-05
LRS-21,adapted,dipep_AI,0.0,-0.0036629975194792407
LRS-21,adapted,dipep_AK,0.05000000074505806,0.0002895608369136036
LRS-21,adapted,dipep_AL,0.0,-0.002405712746412695
LRS-21,adapted,dipep_AM,0.0,-1.9102155061737038e-05
LRS-21,adapted,dipep_AN,0.0,-0.00030097555239793294
LRS-21,adapted,dipep_AP,0.0,9.351134051774778e-05
LRS-21,adapted,dipep_AQ,0.0,-0.0007390416709298509
LRS-21,adapted,dipep_AR,0.0,-9.44368978568209e-05
LRS-21,adapted,dipep_AS,0.0,-0.0006682928730733686
LRS-21,adapted,dipep_AT,0.0,-0.00021436769129151503
LRS-21,adapted,dipep_AV,0.0,-0.002748533458631656
LRS-21,adapted,dipep_AW,0.0,-0.00024196284728958073
LRS-21,adapted,dipep_AY,0.0,-2.592911394007314e-05
LRS-21,adapted,dipep_CA,0.0,-2.002036757259528e-05
LRS-21,adapted,dipep_CC,0.0,-0.00011616183937998928
LRS-21,adapted,dipep_CD,0.0,-1.8828945571395004e-05
LRS-21,adapted,dipep_CE,0.0,-8.786322673066198e-05
LRS-21,adapted,dipep_CF,0.0,-3.131081236206219e-05
LRS-21,adapted,dipep_CG,0.0,-0.0041192221663912685
LRS-21,adapted,dipep_CH,0.0,-8.301529146453693e-06
LRS-21,adapted,dipep_CI,0.0,-5.2537855799628946e-05
LRS-21,adapted,dipep_CK,0.0,-0.00011076382124788583
LRS-21,adapted,dipep_CL,0.0,0.0
LRS-21,adapted,dipep_CM,0.0,0.0
LRS-21,adapted,dipep_CN,0.0,-3.5303889264562876e-05
LRS-21,adapted,dipep_CP,0.0,-0.00017892730298743593
LRS-21,adapted,dipep_CQ,0.0,0.0
LRS-21,adapted,dipep_CR,0.0,-6.562044959276253e-05
LRS-21,adapted,dipep_CS,0.0,-2.5930654337366914e-05
LRS-21,adapted,dipep_CT,0.0,-7.656655165370001e-05
LRS-21,adapted,dipep_CV,0.0,0.0
LRS-21,adapted,dipep_CW,0.0,-0.00017328242090346074
LRS-21,adapted,dipep_CY,0.0,-0.00038567255026139834
LRS-21,adapted,dipep_DA,0.0,-8.923402659478462e-06
LRS-21,adapted,dipep_DC,0.0,0.0
LRS-21,adapted,dipep_DD,0.0,-7.553274125890598e-05
LRS-21,adapted,dipep_DE,0.0,-0.00014989763115899897
LRS-21,adapted,dipep_DF,0.0,-0.0010644922911334728
LRS-21,adapted,dipep_DG,0.0,-0.0016271158744019228
LRS-21,adapted,dipep_DH,0.0,-3.647357389294446e-05
LRS-21,adapted,dipep_DI,0.0,4.331107410608659e-05
LRS-21,adapted,dipep_DK,0.0,5.839077279302675e-05
LRS-21,adapted,dipep_DL,0.0,-5.808419506530058e-05
LRS-21,adapted,dipep_DM,0.0,0.0
LRS-21,adapted,dipep_DN,0.0,-3.675308843816297e-05
LRS-21,adapted,dipep_DP,0.0,0.0
LRS-21,adapted,dipep_DQ,0.0,-3.0284242440531958e-05
LRS-21,adapted,dipep_DR,0.0,-4.952127767466468e-05
LRS-21,adapted,dipep_DS,0.0,-1.189118044893254e-05
LRS-21,adapted,dipep_DT,0.0,-3.952053163569545e-05
LRS-21,adapted,dipep_DV,0.0,0.00010948947361783935
LRS-21,adapted,dipep_DW,0.0,-1.2141082779279575e-05
LRS-21,adapted,dipep_DY,0.0,3.8456799128904775e-06
LRS-21,adapted,dipep_EA,0.0,-0.002551093122116837
LRS-21,adapted,dipep_EC,0.0,-0.00021031172505545087
LRS-21,adapted,dipep_ED,0.0,-1.5160465229416074e-05
LRS-21,adapted,dipep_EE,0.0,-9.914071964519957e-05
LRS-21,adapted,dipep_EF,0.0,-0.0010474226370461046
LRS-21,adapted,dipep_EG,0.0,-0.006473867742007882
LRS-21,adapted,dipep_EH,0.0,2.426454300833682e-05
LRS-21,adapted,dipep_EI,0.0,8.375685620726067e-05
LRS-21,adapted,dipep_EK,0.0,0.0006646378015109042
LRS-21,adapted,dipep_EL,0.0,-9.305068361478399e-06
LRS-21,adapted,dipep_EM,0.0,0.0
LRS-21,adapted,dipep_EN,0.0,-0.00225626106752878
LRS-21,adapted,dipep_EP,0.0,-8.62271344444446e-06
LRS-21,adapted,dipep_EQ,0.0,-4.519660086984422e-05
LRS-21,adapted,dipep_ER,0.0,-2.66725342521448e-06
LRS-21,adapted,dipep_ES,0.0,-0.0005216453005778772
LRS-21,adapted,dipep_ET,0.0,-1.1894597009614437e-05
LRS-21,adapted,dipep_EV,0.0,0.0
LRS-21,adapted,dipep_EW,0.0,0.0
LRS-21,adapted,dipep_EY,0.0,1.3747983433408446e-05
LRS-21,adapted,dipep_FA,0.0,-0.000171173969137835
LRS-21,adapted,dipep_FC,0.0,-0.00037106377550758093
LRS-21,adapted,dipep_FD,0.0,-4.30815449639338e-05
LRS-21,adapted,dipep_FE,0.0,-0.0019983842105942744
LRS-21,adapted,dipep_FF,0.0,-0.0009594967233557068
LRS-21,adapted,dipep_FG,0.0,-0.0009172898999984827
LRS-21,adapted,dipep_FH,0.0,-0.00034335707634112746
LRS-21,adapted,dipep_FI,0.0,-0.0016014206667846367
LRS-21,adapted,dipep_FK,0.0,-0.0007882387279333564
LRS-21,adapted,dipep_FL,0.0,-0.008374538866035921
LRS-21,adapted,dipep_FM,0.0,-0.0002006841814706024
LRS-21,adapted,dipep_FN,0.0,-1.2502520455023715e-05
LRS-21,adapted,dipep_FP,0.0,-0.000234170071696206
LRS-21,adapted,dipep_FQ,0.0,-0.00015711978045068915
LRS-21,adapted,dipep_FR,0.05000000074505806,-0.003351628548243604
LRS-21,adapted,dipep_FS,0.0,1.0756034682914564e-05
LRS-21,adapted,dipep_FT,0.0,-0.00010346724744517815
LRS-21,adapted,dipep_FV,0.0,-7.637245399579443e-05
LRS-21,adapted,dipep_FW,0.0,-6.530610132654469e-05
LRS-21,adapted,dipep_FY,0.0,0.0
LRS-21,adapted,dipep_GA,0.0,-0.0006853588612951906
LRS-21,adapted,dipep_GC,0.0,-9.388057540993101e-05
LRS-21,adapted,dipep_GD,0.0,-0.0002698135995051239
LRS-21,adapted,dipep_GE,0.0,9.738100642798632e-06
LRS-21,adapted,dipep_GF,0.0,-0.0036105994048216254
LRS-21,adapted,dipep_GG,0.0,-4.565091297491624e-05
LRS-21,adapted,dipep_GH,0.0,-0.0004172891714047575
LRS-21,adapted,dipep_GI,0.05000000074505806,3.508846092756405e-05
LRS-21,adapted,dipep_GK,0.0,-0.0006704432518450054
LRS-21,adapted,dipep_GL,0.0,-0.003110411400735254
LRS-21,adapted,dipep_GM,0.0,-0.0030637703691329295
LRS-21,adapted,dipep_GN,0.0,-5.358551893482744e-05
LRS-21,adapted,dipep_GP,0.0,-4.6305596462103834e-05
LRS-21,adapted,dipep_GQ,0.0,0.0001804688837504299
LRS-21,adapted,dipep_GR,0.0,-0.0016388814131672487
LRS-21,adapted,dipep_GS,0.0,-0.001049355512620078
LRS-21,adapted,dipep_GT,0.0,-5.2063600717855944e-05
LRS-21,adapted,dipep_GV,0.0,-0.00029056408128936455
LRS-21,adapted,dipep_GW,0.0,-0.0036472976471825804
LRS-21,adapted,dipep_GY,0.0,-0.002217624714179027
LRS-21,adapted,dipep_HA,0.0,-0.0004760761980302415
LRS-21,adapted,dipep_HC,0.0,0.0
LRS-21,adapted,dipep_HD,0.0,0.0
LRS-21,adapted,dipep_HE,0.0,0.0
LRS-21,adapted,dipep_HF,0.0,-9.998472005541055e-06
LRS-21,adapted,dipep_HG,0.0,-1.2321112967994355e-05
LRS-21,adapted,dipep_HH,0.0,-4.465657065587216e-05
LRS-21,adapted,dipep_HI,0.0,-0.0007743773255968628
LRS-21,adapted,dipep_HK,0.0,-0.0001798939982757426
LRS-21,adapted,dipep_HL,0.0,-0.00020970658599133867
LRS-21,adapted,dipep_HM,0.0,-1.707865238327561e-05
LRS-21,adapted,dipep_HN,0.0,-3.7598381334475615e-05
LRS-21,adapted,dipep_HP,0.0,0.0
LRS-21,adapted,dipep_HQ,0.0,-6.696198660648409e-05
LRS-21,adapted,dipep_HR,0.0,-0.00011436578449215591
LRS-21,adapted,dipep_HS,0.0,-3.747743828290164e-05
LRS-21,adapted,dipep_HT,0.0,5.419298266955074e-05
LRS-21,adapted,dipep_HV,0.0,-5.222186480914562e-05
LRS-21,adapted,dipep_HW,0.0,0.0
LRS-21,adapted,dipep_HY,0.0,0.0
LRS-21,adapted,dipep_IA,0.05000000074505806,0.0030815666033659596
LRS-21,adapted,dipep_IC,0.0,-2.6545481363686945e-05
LRS-21,adapted,dipep_ID,0.0,-0.0025685437091429457
LRS-21,adapted,dipep_IE,0.0,-0.006078585960193369
LRS-21,adapted,dipep_IF,0.0,-0.0009243931250754598
LRS-21,adapted,dipep_IG,0.0,-0.0005138897842414302
LRS-21,adapted,dipep_IH,0.0,-0.000823602278540674
LRS-21,adapted,dipep_II,0.0,-0.0008347301028355665
LRS-21,adapted,dipep_IK,0.05000000074505806,0.009749195847303781
LRS-21,adapted,dipep_IL,0.0,-0.0017180182185025335
LRS-21,adapted,dipep_IM,0.0,-1.022880612779365e-05
LRS-21,adapted,dipep_IN,0.0,-0.0002904464409412092
LRS-21,adapted,dipep_IP,0.0,-0.000626247091466186
LRS-21,adapted,dipep_IQ,0.0,-0.0001227566421658743
LRS-21,adapted,dipep_IR,0.0,-0.0004685468141378707
LRS-21,adapted,dipep_IS,0.05000000074505806,0.005970767756672749
LRS-21,adapted,dipep_IT,0.0,-9.909560319735639e-05
LRS-21,adapted,dipep_IV,0.0,-0.0019329706747893973
LRS-21,adapted,dipep_IW,0.0,-0.00034654827845524987
LRS-21,adapted,dipep_IY,0.0,-0.0001394797322474236
LRS-21,adapted,dipep_KA,0.0,8.503605425891381e-05
LRS-21,adapted,dipep_KC,0.0,-0.0009367984321388538
LRS-21,adapted,dipep_KD,0.0,-0.0009601054878457275
LRS-21,adapted,dipep_KE,0.0,-0.0003519221650928775
LRS-21,adapted,dipep_KF,0.0,-0.0004978649292764232
LRS-21,adapted,dipep_KG,0.0,0.0001398310636240955
LRS-21,adapted,dipep_KH,0.0,-0.00016004303157258272
LRS-21,adapted,dipep_KI,0.05000000074505806,0.004212261129369194
LRS-21,adapted,dipep_KK,0.0,-0.003430096258237159
LRS-21,adapted,dipep_KL,0.0,-0.000855998265152055
LRS-21,adapted,dipep_KM,0.0,2.7922853597267784e-05
LRS-21,adapted,dipep_KN,0.0,-0.0005510223544146073
LRS-21,adapted,dipep_KP,0.0,-9.937715187557767e-05
LRS-21,adapted,dipep_KQ,0.0,-0.00022182810334295554
LRS-21,adapted,dipep_KR,0.05000000074505806,-0.017408178787693813
LRS-21,adapted,dipep_KS,0.0,-0.00042898127742591665
LRS-21,adapted,dipep_KT,0.05000000074505806,0.0020140970879073657
LRS-21,adapted,dipep_KV,0.0,-0.0034977094618364388
LRS-21,adapted,dipep_KW,0.0,-0.00017126334095343246
LRS-21,adapted,dipep_KY,0.0,-0.00020409397150225839
LRS-21,adapted,dipep_LA,0.0,-0.00044018213048972906
LRS-21,adapted,dipep_LC,0.0,5.258771012110712e-05
LRS-21,adapted,dipep_LD,0.0,-0.00011849862583619049
LRS-21,adapted,dipep_LE,0.0,-6.962072845957099e-05
LRS-21,adapted,dipep_LF,0.0,-0.009746002898803265
LRS-21,adapted,dipep_LG,0.0,-0.0007746232013400867
LRS-21,adapted,dipep_LH,0.0,0.00015143206337501057
LRS-21,adapted,dipep_LI,0.0,-0.0037067770715797565
LRS-21,adapted,dipep_LK,0.0,-0.0026999199111467087
LRS-21,adapted,dipep_LL,0.0,-0.0007318726960760954
LRS-21,adapted,dipep_LM,0.0,-0.0001815402063413681
LRS-21,adapted,dipep_LN,0.0,-6.161609190530433e-05
LRS-21,adapted,dipep_LP,0.0,-0.0019516704315275704
LRS-21,adapted,dipep_LQ,0.0,-0.00019615312370920563
LRS-21,adapted,dipep_LR,0.05000000074505806,-0.006483971147597251
LRS-21,adapted,dipep_LS,0.0,-0.001155185165106311
LRS-21,adapted,dipep_LT,0.0,-0.0004278533012683423
LRS-21,adapted,dipep_LV,0.0,-0.0012210663887527254
LRS-21,adapted,dipep_LW,0.0,-0.0002843793962507088
LRS-21,adapted,dipep_LY,0.0,-2.3488170633662205e-05
LRS-21,adapted,dipep_MA,0.0,-8.631335729611712e-05
LRS-21,adapted,dipep_MC,0.0,0.0
LRS-21,adapted,dipep_MD,0.0,-1.8116900492472314e-05
LRS-21,adapted,dipep_ME,0.0,0.0
LRS-21,adapted,dipep_MF,0.0,7.099857946633357e-05
LRS-21,adapted,dipep_MG,0.0,-0.00010130501830783139
LRS-21,adapted,dipep_MH,0.0,0.0
LRS-21,adapted,dipep_MI,0.0,-0.0018863487763070565
LRS-21,adapted,dipep_MK,0.0,6.346377455343322e-06
LRS-21,adapted,dipep_ML,0.0,-0.0002259930682798713
LRS-21,adapted,dipep_MM,0.0,-3.876601185531725e-05
LRS-21,adapted,dipep_MN,0.0,0.0
LRS-21,adapted,dipep_MP,0.0,0.0
LRS-21,adapted,dipep_MQ,0.0,-1.492917632523897e-05
LRS-21,adapted,dipep_MR,0.0,-8.049177972720554e-06
LRS-21,adapted,dipep_MS,0.0,-2.2338976616208516e-05
LRS-21,adapted,dipep_MT,0.0,-0.00019250001125375036
LRS-21,adapted,dipep_MV,0.0,0.0
LRS-21,adapted,dipep_MW,0.0,-1.402357196104132e-05
LRS-21,adapted,dipep_MY,0.0,0.0
LRS-21,adapted,dipep_NA,0.0,-0.0003498259961674765
LRS-21,adapted,dipep_NC,0.0,-3.3733457735027464e-05
LRS-21,adapted,dipep_ND,0.0,0.0
LRS-21,adapted,dipep_NE,0.0,-4.708326914904555e-05
LRS-21,adapted,dipep_NF,0.0,-0.00022145895543828053
LRS-21,adapted,dipep_NG,0.0,-0.004037442143768021
LRS-21,adapted,dipep_NH,0.0,0.0
LRS-21,adapted,dipep_NI,0.0,-5.622620514529433e-05
LRS-21,adapted,dipep_NK,0.0,3.148132837755796e-05
LRS-21,adapted,dipep_NL,0.0,-0.0002634431903997728
LRS-21,adapted,dipep_NM,0.0,0.0
LRS-21,adapted,dipep_NN,0.0,4.57383032226104e-05
LRS-21,adapted,dipep_NP,0.0,0.0
LRS-21,adapted,dipep_NQ,0.0,-0.00014739774279092614
LRS-21,adapted,dipep_NR,0.0,-0.00021626530142141887
LRS-21,adapted,dipep_NS,0.0,-1.9034787424838516e-05
LRS-21,adapted,dipep_NT,0.0,-0.0018626474887679587
LRS-21,adapted,dipep_NV,0.0,0.0
LRS-21,adapted,dipep_NW,0.0,-7.827544088624271e-05
LRS-21,adapted,dipep_NY,0.0,-4.955905198924156e-05
LRS-21,adapted,dipep_PA,0.0,-0.0006537819818923715
LRS-21,adapted,dipep_PC,0.0,-7.234582446968714e-05
LRS-21,adapted,dipep_PD,0.0,0.0
LRS-21,adapted,dipep_PE,0.0,2.525487641952071e-05
LRS-21,adapted,dipep_PF,0.0,-0.00012251837706021975
LRS-21,adapted,dipep_PG,0.05000000074505806,-0.002959315259235376
LRS-21,adapted,dipep_PH,0.0,-1.1324914723131586e-05
LRS-21,adapted,dipep_PI,0.0,-5.9450248941694524e-05
LRS-21,adapted,dipep_PK,0.0,-0.0002445994957603477
LRS-21,adapted,dipep_PL,0.0,-2.522138815579028e-05
LRS-21,adapted,dipep_PM,0.0,0.0
LRS-21,adapted,dipep_PN,0.0,0.0
LRS-21,adapted,dipep_PP,0.0,0.0
LRS-21,adapted,dipep_PQ,0.0,-4.953990280623971e-06
LRS-21,adapted,dipep_PR,0.0,5.4465400431813455e-05
LRS-21,adapted,dipep_PS,0.0,-0.00016702235083405304
LRS-21,adapted,dipep_PT,0.0,-0.0007944034445017431
LRS-21,adapted,dipep_PV,0.0,-7.22686291986784e-05
LRS-21,adapted,dipep_PW,0.0,-8.054307100778241e-06
LRS-21,adapted,dipep_PY,0.0,0.0
LRS-21,adapted,dipep_QA,0.0,-6.159045111414029e-05
LRS-21,adapted,dipep_QC,0.0,-6.699264272327618e-05
LRS-21,adapted,dipep_QD,0.0,-4.52030779083828e-05
LRS-21,adapted,dipep_QE,0.0,0.0
LRS-21,adapted,dipep_QF,0.0,-7.741136294122652e-05
LRS-21,adapted,dipep_QG,0.0,-0.0003851103427876503
LRS-21,adapted,dipep_QH,0.0,-0.0005300391406233828
LRS-21,adapted,dipep_QI,0.0,-9.77570758361264e-05
LRS-21,adapted,dipep_QK,0.0,0.00019471383551017193
LRS-21,adapted,dipep_QL,0.0,-0.00018279400988990133
LRS-21,adapted,dipep_QM,0.0,-1.79637070422556e-05
LRS-21,adapted,dipep_QN,0.0,-0.00020057105332416033
LRS-21,adapted,dipep_QP,0.0,-0.0004844858093539499
LRS-21,adapted,dipep_QQ,0.0,-0.000518252623995685
LRS-21,adapted,dipep_QR,0.0,-0.004020304896793277
LRS-21,adapted,dipep_QS,0.0,-0.00024689773602987034
LRS-21,adapted,dipep_QT,0.0,0.0
LRS-21,adapted,dipep_QV,0.0,-8.255623452859649e-06
LRS-21,adapted,dipep_QW,0.0,-6.219746704255688e-05
LRS-21,adapted,dipep_QY,0.0,0.0
LRS-21,adapted,dipep_RA,0.0,-0.00016567198811238897
LRS-21,adapted,dipep_RC,0.0,-7.534169546368604e-05
LRS-21,adapted,dipep_RD,0.0,-0.000153585319956362
LRS-21,adapted,dipep_RE,0.0,0.0002471981057582969
LRS-21,adapted,dipep_RF,0.05000000074505806,-0.004036947279572753
LRS-21,adapted,dipep_RG,0.0,0.00024637269089841895
LRS-21,adapted,dipep_RH,0.0,-9.701497640384049e-05
LRS-21,adapted,dipep_RI,0.0,-0.00016964819966683404
LRS-21,adapted,dipep_RK,0.05000000074505806,-0.002411709643367132
LRS-21,adapted,dipep_RL,0.0,0.00036960463697728027
LRS-21,adapted,dipep_RM,0.0,-0.00037589225520381464
LRS-21,adapted,dipep_RN,0.0,-0.0007651611086022408
LRS-21,adapted,dipep_RP,0.0,0.00020643825497404495
LRS-21,adapted,dipep_RQ,0.0,-0.007057661538306843
LRS-21,adapted,dipep_RR,0.05000000074505806,0.0006222859614593417
LRS-21,adapted,dipep_RS,0.10000000149011612,-0.002187908381154597
LRS-21,adapted,dipep_RT,0.0,0.0005002571238641749
LRS-21,adapted,dipep_RV,0.0,4.4981856458499846e-05
LRS-21,adapted,dipep_RW,0.0,-0.00034457241083636094
LRS-21,adapted,dipep_RY,0.0,-0.00011727547559277286
LRS-21,adapted,dipep_SA,0.0,-0.00022306067149336552
LRS-21,adapted,dipep_SC,0.0,-0.00015151231608593683
LRS-21,adapted,dipep_SD,0.0,-3.634032019660173e-05
LRS-21,adapted,dipep_SE,0.0,0.0
LRS-21,adapted,dipep_SF,0.0,-0.000169362796493759
LRS-21,adapted,dipep_SG,0.0,-0.00016889716370166132
LRS-21,adapted,dipep_SH,0.0,-2.915979876132591e-05
LRS-21,adapted,dipep_SI,0.05000000074505806,0.0054302057312002215
LRS-21,adapted,dipep_SK,0.0,-0.003880909910380033
LRS-21,adapted,dipep_SL,0.0,-0.00045133350456546504
LRS-21,adapted,dipep_SM,0.0,0.0
LRS-21,adapted,dipep_SN,0.0,-0.0010444917709768273
LRS-21,adapted,dipep_SP,0.05000000074505806,-0.005553601262479681
LRS-21,adapted,dipep_SQ,0.0,0.0
LRS-21,adapted,dipep_SR,0.05000000074505806,-0.005011444028967077
LRS-21,adapted,dipep_SS,0.0,-0.00016276612108335356
LRS-21,adapted,dipep_ST,0.0,-0.0006996341655407741
LRS-21,adapted,dipep_SV,0.0,-8.389998007126102e-05
LRS-21,adapted,dipep_SW,0.0,-0.0006730823491578705
LRS-21,adapted,dipep_SY,0.0,0.00015968900214865747
LRS-21,adapted,dipep_TA,0.0,-0.0003350948469714111
LRS-21,adapted,dipep_TC,0.0,-1.0478236378108151e-05
LRS-21,adapted,dipep_TD,0.0,0.0002662948465061031
LRS-21,adapted,dipep_TE,0.0,-0.0006478409517785814
LRS-21,adapted,dipep_TF,0.0,-0.0009587527243816404
LRS-21,adapted,dipep_TG,0.0,-0.0017037209954589485
LRS-21,adapted,dipep_TH,0.0,0.0
LRS-21,adapted,dipep_TI,0.0,-0.00103749148452222
LRS-21,adapted,dipep_TK,0.0,-0.00028509227168354407
LRS-21,adapted,dipep_TL,0.05000000074505806,-0.0011960604256524988
LRS-21,adapted,dipep_TM,0.0,0.0
LRS-21,adapted,dipep_TN,0.0,-8.114394886072309e-05
LRS-21,adapted,dipep_TP,0.0,-0.0004333535360452178
LRS-21,adapted,dipep_TQ,0.0,-9.554748326070875e-05
LRS-21,adapted,dipep_TR,0.0,0.0008039976436741387
LRS-21,adapted,dipep_TS,0.0,-0.00015541420303113293
LRS-21,adapted,dipep_TT,0.0,-0.0016901712491983413
LRS-21,adapted,dipep_TV,0.0,-0.0008515170935205996
LRS-21,adapted,dipep_TW,0.0,0.0
LRS-21,adapted,dipep_TY,0.0,0.0
LRS-21,adapted,dipep_VA,0.0,-0.0015524328020668215
LRS-21,adapted,dipep_VC,0.0,-0.00028977636562791374
LRS-21,adapted,dipep_VD,0.0,0.0
LRS-21,adapted,dipep_VE,0.0,-0.00014779368412249632
LRS-21,adapted,dipep_VF,0.0,-0.00028772668056256185
LRS-21,adapted,dipep_VG,0.0,-0.0004072367828772257
LRS-21,adapted,dipep_VH,0.0,-0.0006343904159162446
LRS-21,adapted,dipep_VI,0.0,-7.622107695004691e-05
LRS-21,adapted,dipep_VK,0.0,-7.911035225857715e-06
LRS-21,adapted,dipep_VL,0.0,-0.003882047682999776
LRS-21,adapted,dipep_VM,0.0,0.0
LRS-21,adapted,dipep_VN,0.0,-1.0268570814185208e-05
LRS-21,adapted,dipep_VP,0.0,-0.0004483436634675248
LRS-21,adapted,dipep_VQ,0.0,-0.0010398609438994986
LRS-21,adapted,dipep_VR,0.0,0.00039252840509385295
LRS-21,adapted,dipep_VS,0.0,-0.0011649163076109157
LRS-21,adapted,dipep_VT,0.0,-0.00018998683144225132
LRS-21,adapted,dipep_VV,0.0,0.0
LRS-21,adapted,dipep_VW,0.0,-4.330136425892605e-05
LRS-21,adapted,dipep_VY,0.0,-8.04241749470955e-05
LRS-21,adapted,dipep_WA,0.0,0.0
LRS-21,adapted,dipep_WC,0.0,-1.1362626459247501e-05
LRS-21,adapted,dipep_WD,0.0,0.0
LRS-21,adapted,dipep_WE,0.0,-0.002077021955320121
LRS-21,adapted,dipep_WF,0.0,-0.0002582139399051856
LRS-21,adapted,dipep_WG,0.0,-7.33431679023762e-06
LRS-21,adapted,dipep_WH,0.0,-1.6047560054288645e-05
LRS-21,adapted,dipep_WI,0.0,-0.0013421141773969282
LRS-21,adapted,dipep_WK,0.0,-0.00019397796984703687
LRS-21,adapted,dipep_WL,0.0,-0.0004678152544092558
LRS-21,adapted,dipep_WM,0.0,0.0
LRS-21,adapted,dipep_WN,0.0,-8.781242126858491e-05
LRS-21,adapted,dipep_WP,0.0,-1.7076736475426065e-05
LRS-21,adapted,dipep_WQ,0.0,-0.00022849391953462175
LRS-21,adapted,dipep_WR,0.0,-0.000866568351212108
LRS-21,adapted,dipep_WS,0.0,-0.00020236261857237476
LRS-21,adapted,dipep_WT,0.0,0.0
LRS-21,adapted,dipep_WV,0.0,-1.3383870169170737e-05
LRS-21,adapted,dipep_WW,0.0,-0.00019641120847787064
LRS-21,adapted,dipep_WY,0.0,-0.007003635641781612
LRS-21,adapted,dipep_YA,0.0,-3.371825367287129e-05
LRS-21,adapted,dipep_YC,0.0,0.00012401406477548644
LRS-21,adapted,dipep_YD,0.0,0.0
LRS-21,adapted,dipep_YE,0.0,0.0
LRS-21,adapted,dipep_YF,0.0,-2.695277496363356e-05
LRS-21,adapted,dipep_YG,0.0,-0.00559234838593456
LRS-21,adapted,dipep_YH,0.0,0.0
LRS-21,adapted,dipep_YI,0.0,0.0
LRS-21,adapted,dipep_YK,0.0,-7.041609200008177e-05
LRS-21,adapted,dipep_YL,0.0,-0.0004104756874870099
LRS-21,adapted,dipep_YM,0.0,0.0
LRS-21,adapted,dipep_YN,0.0,0.0
LRS-21,adapted,dipep_YP,0.0,0.0
LRS-21,adapted,dipep_YQ,0.0,-0.0003957870343496864
LRS-21,adapted,dipep_YR,0.0,-0.00039354430171153543
LRS-21,adapted,dipep_YS,0.0,-8.394673400616482e-05
LRS-21,adapted,dipep_YT,0.0,-7.037625228502895e-05
LRS-21,adapted,dipep_YV,0.0,-9.789336659008997e-05
LRS-21,adapted,dipep_YW,0.0,-1.5289053825414726e-05
LRS-21,adapted,dipep_YY,0.0,0.0
SPE-22,adapted,length,22.0,-0.01887615480365619
SPE-22,adapted,charge,6.217222213745117,-0.005321050606484365
SPE-22,adapted,boman,4.504090785980225,-0.029391162693625926
SPE-22,adapted,hmoment,0.7797247767448425,-2.7240566562149043e-05
SPE-22,adapted,apv,0.22577272355556488,0.002311890823482895
SPE-22,adapted,alpha,1.0218181610107422,-0.0023778551058933096
SPE-22,adapted,basic_frac,0.40909090638160706,-0.02387118442956014
SPE-22,adapted,acidic_frac,0.09090909361839294,-0.011370828449530128
SPE-22,adapted,aromatic_frac,0.09090909361839294,-0.006250958777305468
SPE-22,adapted,hydrophobic_frac,0.22727273404598236,-0.02908574551961663
SPE-22,adapted,proline_frac,0.13636364042758942,-0.0050166199692868235
SPE-22,adapted,glycine_frac,0.0,-0.0028528783534663466
SPE-22,adapted,aa_A,0.04545454680919647,-0.0015448525468058256
SPE-22,adapted,aa_C,0.0,-0.004729437873942474
SPE-22,adapted,aa_D,0.0,-0.0005309138930603542
SPE-22,adapted,aa_E,0.09090909361839294,0.0006686439233565569
SPE-22,adapted,aa_F,0.0,-0.006655950084688349
SPE-22,adapted,aa_G,0.0,-0.0027770366835970545
SPE-22,adapted,aa_H,0.04545454680919647,-0.0025847647333086393
SPE-22,adapted,aa_I,0.0,-0.015269674173848552
SPE-22,adapted,aa_K,0.1818181872367859,-0.0045524052972244254
SPE-22,adapted,aa_L,0.04545454680919647,-0.005398595989098139
SPE-22,adapted,aa_M,0.04545454680919647,-0.0017648941300720065
SPE-22,adapted,aa_N,0.0,-0.0013053544896022928
SPE-22,adapted,aa_P,0.13636364042758942,-0.008072208894793174
SPE-22,adapted,aa_Q,0.0,-0.006134500905147625
SPE-22,adapted,aa_R,0.1818181872367859,-0.029917194741522563
SPE-22,adapted,aa_S,0.13636364042758942,-0.0009412868370621692
SPE-22,adapted,aa_T,0.0,-0.0013135166092197383
SPE-22,adapted,aa_V,0.0,-0.00018975364126931372
SPE-22,adapted,aa_W,0.04545454680919647,0.0036790286946539463
SPE-22,adapted,aa_Y,0.04545454680919647,-0.0021329980043051414
SPE-22,adapted,dipep_AA,0.0,-0.001612432096200697
SPE-22,adapted,dipep_AC,0.0,-4.982703032379017e-05
SPE-22,adapted,dipep_AD,0.0,-1.6184771050043193e-05
SPE-22,adapted,dipep_AE,0.0,-1.1635131182193774e-06
SPE-22,adapted,dipep_AF,0.0,-0.00012670862929930435
SPE-22,adapted,dipep_AG,0.0,-0.00048545967941214144
SPE-22,adapted,dipep_AH,0.0,-7.9125357426271e-05
SPE-22,adapted,dipep_AI,0.0,-0.004160947130388145
SPE-22,adapted,dipep_AK,0.0476190485060215,-1.568755065389048e-05
SPE-22,adapted,dipep_AL,0.0,-0.00349061590086745
SPE-22,adapted,dipep_AM,0.0,-1.1324425994420944e-05
SPE-22,adapted,dipep_AN,0.0,-0.000311906585643852
SPE-22,adapted,dipep_AP,0.0,7.481752187678424e-05
SPE-22,adapted,dipep_AQ,0.0,-0.0014726288546238048
SPE-22,adapted,dipep_AR,0.0,-1.3160578125006571e-05
SPE-22,adapted,dipep_AS,0.0,-0.0005810863761851777
SPE-22,adapted,dipep_AT,0.0,-0.00021262634497914103
SPE-22,adapted,dipep_AV,0.0,-0.0025185315027695014
SPE-22,adapted,dipep_AW,0.0,-0.00015543649065554184
SPE-22,adapted,dipep_AY,0.0,-6.948818135989648e-05
SPE-22,adapted,dipep_CA,0.0,-3.628123202350416e-05
SPE-22,adapted,dipep_CC,0.0,-0.00015211599421078182
SPE-22,adapted,dipep_CD,0.0,-0.00011215867923325164
SPE-22,adapted,dipep_CE,0.0,-0.00013434267346299508
SPE-22,adapted,dipep_CF,0.0,-1.940809558568352e-05
SPE-22,adapted,dipep_CG,0.0,-0.00399409551760383
SPE-22,adapted,dipep_CH,0.0,-3.5981248642557146e-05
SPE-22,adapted,dipep_CI,0.0,-3.514859479636381e-05
SPE-22,adapted,dipep_CK,0.0,-0.00020086641480827587
SPE-22,adapted,dipep_CL,0.0,-1.8316724100462583e-05
SPE-22,adapted,dipep_CM,0.0,0.0
SPE-22,adapted,dipep_CN,0.0,-4.180392838482475e-05
SPE-22,adapted,dipep_CP,0.0,-0.00018907215838223352
SPE-22,adapted,dipep_CQ,0.0,0.0
SPE-22,adapted,dipep_CR,0.0,-0.00014934792894093045
SPE-22,adapted,dipep_CS,0.0,-4.373573404139179e-05
SPE-22,adapted,dipep_CT,0.0,-8.144460424375142e-05
SPE-22,adapted,dipep_CV,0.0,-7.67647152971507e-05
SPE-22,adapted,dipep_CW,0.0,-0.00017744916828581696
SPE-22,adapted,dipep_CY,0.0,-0.0003603188018732775
SPE-22,adapted,dipep_DA,0.0,-8.923402659478462e-06
SPE-22,adapted,dipep_DC,0.0,0.0
SPE-22,adapted,dipep_DD,0.0,-7.690838563846816e-05
SPE-22,adapted,dipep_DE,0.0,-0.00015420734730650892
SPE-22,adapted,dipep_DF,0.0,-0.0009058404807959334
SPE-22,adapted,dipep_DG,0.0,-0.0022404263456085086
SPE-22,adapted,dipep_DH,0.0,-8.500555582031816e-05
SPE-22,adapted,dipep_DI,0.0,-2.465380005073444e-05
SPE-22,adapted,dipep_DK,0.0,0.00015154830257132882
SPE-22,adapted,dipep_DL,0.0,-0.00022615075064250036
SPE-22,adapted,dipep_DM,0.0,0.0
SPE-22,adapted,dipep_DN,0.0,-9.539571646409397e-06
SPE-22,adapted,dipep_DP,0.0,0.0
SPE-22,adapted,dipep_DQ,0.0,-2.3508683498526663e-05
SPE-22,adapted,dipep_DR,0.0,-7.103657993601433e-05
SPE-22,adapted,dipep_DS,0.0,-4.255592130109623e-05
SPE-22,adapted,dipep_DT,0.0,-2.457676268457351e-05
SPE-22,adapted,dipep_DV,0.0,0.00010612764466139742
SPE-22,adapted,dipep_DW,0.0,-1.2141082779279575e-05
SPE-22,adapted,dipep_DY,0.0,-5.140651055699809e-05
SPE-22,adapted,dipep_EA,0.0,-0.0023278624955435524
SPE-22,adapted,dipep_EC,0.0,-0.0003000154532650034
SPE-22,adapted,dipep_ED,0.0,-0.00019503049440378092
SPE-22,adapted,dipep_EE,0.0,-0.00016834311413132014
SPE-22,adapted,dipep_EF,0.0,-0.000765486028133504
SPE-22,adapted,dipep_EG,0.0,-0.005984498390857421
SPE-22,adapted,dipep_EH,0.0476190485060215,-0.0008407314547338928
SPE-22,adapted,dipep_EI,0.0,-8.778223479398809e-05
SPE-22,adapted,dipep_EK,0.0,0.00037052939355036827
SPE-22,adapted,dipep_EL,0.0,-2.183328964636241e-06
SPE-22,adapted,dipep_EM,0.0,0.0
SPE-22,adapted,dipep_EN,0.0,-0.0022775424583784793
SPE-22,adapted,dipep_EP,0.0,-8.62271344444446e-06
SPE-22,adapted,dipep_EQ,0.0,-8.371437231771799e-05
SPE-22,adapted,dipep_ER,0.0,7.021648611000683e-06
SPE-22,adapted,dipep_ES,0.0,-0.00046444972950658944
SPE-22,adapted,dipep_ET,0.0,-1.1894597009614437e-05
SPE-22,adapted,dipep_EV,0.0,-1.251987526191665e-05
SPE-22,adapted,dipep_EW,0.0,-2.4237116241818324e-05
SPE-22,adapted,dipep_EY,0.0476190485060215,0.0006035532537816277
SPE-22,adapted,dipep_FA,0.0,-0.00014282930574577497
SPE-22,adapted,dipep_FC,0.0,-0.0002664479614389686
SPE-22,adapted,dipep_FD,0.0,-1.874532372131325e-05
SPE-22,adapted,dipep_FE,0.0,-0.0018994362802848468
SPE-22,adapted,dipep_FF,0.0,-0.0010884035341911234
SPE-22,adapted,dipep_FG,0.0,-0.0008487477138500195
SPE-22,adapted,dipep_FH,0.0,-0.000241972634727494
SPE-22,adapted,dipep_FI,0.0,-0.00232177400635096
SPE-22,adapted,dipep_FK,0.0,-0.0008460236045878641
SPE-22,adapted,dipep_FL,0.0,-0.006842643357261049
SPE-22,adapted,dipep_FM,0.0,-0.00022808207276897545
SPE-22,adapted,dipep_FN,0.0,-2.268489259709103e-05
SPE-22,adapted,dipep_FP,0.0,-0.00014956946166988836
SPE-22,adapted,dipep_FQ,0.0,-9.924798981359686e-05
SPE-22,adapted,dipep_FR,0.0,0.0001335071348858439
SPE-22,adapted,dipep_FS,0.0,-0.00012310429779150144
SPE-22,adapted,dipep_FT,0.0,-0.00017430448726545687
SPE-22,adapted,dipep_FV,0.0,-0.00022848799789669842
SPE-22,adapted,dipep_FW,0.0,-4.759078360779859e-05
SPE-22,adapted,dipep_FY,0.0,-2.6459346244695474e-05
SPE-22,adapted,dipep_GA,0.0,-0.0006157651517519845
SPE-22,adapted,dipep_GC,0.0,-0.00012352195445276408
SPE-22,adapted,dipep_GD,0.0,-0.0002701572521893879
SPE-22,adapted,dipep_GE,0.0,9.738100642798632e-06
SPE-22,adapted,dipep_GF,0.0,-0.0034331290615917027
SPE-22,adapted,dipep_GG,0.0,-4.381700561894754e-05
SPE-22,adapted,dipep_GH,0.0,-0.00042587638741779977
SPE-22,adapted,dipep_GI,0.0,-0.0008552195195021201
SPE-22,adapted,dipep_GK,0.0,-0.0006650877427836265
SPE-22,adapted,dipep_GL,0.0,-0.0024628091001340988
SPE-22,adapted,dipep_GM,0.0,-0.0032856892880687234
SPE-22,adapted,dipep_GN,0.0,3.9833584137381535e-05
SPE-22,adapted,dipep_GP,0.0,4.0286085740979306e-05
SPE-22,adapted,dipep_GQ,0.0,0.00010868981136120769
SPE-22,adapted,dipep_GR,0.0,-0.0019434847780148777
SPE-22,adapted,dipep_GS,0.0,-0.0011210602896435697
SPE-22,adapted,dipep_GT,0.0,-7.343435118799976e-05
SPE-22,adapted,dipep_GV,0.0,-0.0007790674947503012
SPE-22,adapted,dipep_GW,0.0,-0.003692340911248782
SPE-22,adapted,dipep_GY,0.0,-0.0020804239862053453
SPE-22,adapted,dipep_HA,0.0,-0.00033515406657614764
SPE-22,adapted,dipep_HC,0.0,0.0
SPE-22,adapted,dipep_HD,0.0,0.0
SPE-22,adapted,dipep_HE,0.0,0.0
SPE-22,adapted,dipep_HF,0.0,-9.998472005541055e-06
SPE-22,adapted,dipep_HG,0.0,-5.05709966717643e-05
SPE-22,adapted,dipep_HH,0.0,-7.838297588301499e-05
SPE-22,adapted,dipep_HI,0.0,-0.0007415557461113117
SPE-22,adapted,dipep_HK,0.0,-0.000340563516029789
SPE-22,adapted,dipep_HL,0.0,-0.00013317898241293474
SPE-22,adapted,dipep_HM,0.0476190485060215,0.0009144247077209272
SPE-22,adapted,dipep_HN,0.0,-3.985566894596587e-05
SPE-22,adapted,dipep_HP,0.0,0.0
SPE-22,adapted,dipep_HQ,0.0,-5.129782770075017e-05
SPE-22,adapted,dipep_HR,0.0,-0.00015081475181804064
SPE-22,adapted,dipep_HS,0.0,-3.241947666521005e-05
SPE-22,adapted,dipep_HT,0.0,2.9893536392128095e-05
SPE-22,adapted,dipep_HV,0.0,-0.00010733508723259378
SPE-22,adapted,dipep_HW,0.0,0.0
SPE-22,adapted,dipep_HY,0.0,0.0
SPE-22,adapted,dipep_IA,0.0,-0.0005185668517828343
SPE-22,adapted,dipep_IC,0.0,-5.5840324625513246e-05
SPE-22,adapted,dipep_ID,0.0,-0.0024401438719928396
SPE-22,adapted,dipep_IE,0.0,-0.005853783744397495
SPE-22,adapted,dipep_IF,0.0,-0.0005933524478353499
SPE-22,adapted,dipep_IG,0.0,-0.000569278034801872
SPE-22,adapted,dipep_IH,0.0,-0.0004128714087019356
SPE-22,adapted,dipep_II,0.0,-0.0008456322043243557
SPE-22,adapted,dipep_IK,0.0,-0.00273417872765788
SPE-22,adapted,dipep_IL,0.0,-0.0012264917717773852
SPE-22,adapted,dipep_IM,0.0,-3.706358146577145e-05
SPE-22,adapted,dipep_IN,0.0,-0.0005983276930239635
SPE-22,adapted,dipep_IP,0.0,-0.0005782848858595773
SPE-22,adapted,dipep_IQ,0.0,-9.68197736924753e-05
SPE-22,adapted,dipep_IR,0.0,-0.0002325400544243122
SPE-22,adapted,dipep_IS,0.0,-0.0009532967969170304
SPE-22,adapted,dipep_IT,0.0,-0.00015513492534598102
SPE-22,adapted,dipep_IV,0.0,-0.0011640224070435612
SPE-22,adapted,dipep_IW,0.0,-0.00039535845587008187
SPE-22,adapted,dipep_IY,0.0,-3.0058909074845958e-05
SPE-22,adapted,dipep_KA,0.0476190485060215,-0.0011677401047538193
SPE-22,adapted,dipep_KC,0.0,-0.0005847527280317949
SPE-22,adapted,dipep_KD,0.0,-0.0007711316740532133
SPE-22,adapted,dipep_KE,0.0,-0.000608964711955204
SPE-22,adapted,dipep_KF,0.0,-9.218402912989668e-05
SPE-22,adapted,dipep_KG,0.0,-8.996538463716257e-05
SPE-22,adapted,dipep_KH,0.0,-0.00017983371875729932
SPE-22,adapted,dipep_KI,0.0,-0.00204672542602846
SPE-22,adapted,dipep_KK,0.0,-0.002726061205894709
SPE-22,adapted,dipep_KL,0.0,-0.0005202354289551471
SPE-22,adapted,dipep_KM,0.0,5.5416036937231464e-05
SPE-22,adapted,dipep_KN,0.0,-0.0001085337366787023
SPE-22,adapted,dipep_KP,0.0476190485060215,-0.0005563088787984668
SPE-22,adapted,dipep_KQ,0.0,-9.411549871244794e-05
SPE-22,adapted,dipep_KR,0.095238097012043,-0.009030636478162395
SPE-22,adapted,dipep_KS,0.0,0.0001369338128957601
SPE-22,adapted,dipep_KT,0.0,-0.000627092713548322
SPE-22,adapted,dipep_KV,0.0,-0.002669632695194826
SPE-22,adapted,dipep_KW,0.0,-0.0001226886932031004
SPE-22,adapted,dipep_KY,0.0,-0.0002823821236810088
SPE-22,adapted,dipep_LA,0.0,-0.0006621381354108967
SPE-22,adapted,dipep_LC,0.0,-6.0650024450712814e-05
SPE-22,adapted,dipep_LD,0.0,-3.5721278706561714e-05
SPE-22,adapted,dipep_LE,0.0,-0.0001835071436443792
SPE-22,adapted,dipep_LF,0.0,-0.00988335521211096
SPE-22,adapted,dipep_LG,0.0,-0.0009392509859568309
SPE-22,adapted,dipep_LH,0.0,5.198056218086019e-05
SPE-22,adapted,dipep_LI,0.0,-0.0034615119931147922
SPE-22,adapted,dipep_LK,0.0,-0.0017578171769515036
SPE-22,adapted,dipep_LL,0.0,-0.0010365447218924709
SPE-22,adapted,dipep_LM,0.0,-0.0001929044980598447
SPE-22,adapted,dipep_LN,0.0,-4.1692906719535256e-05
SPE-22,adapted,dipep_LP,0.0,-0.0017104252711248721
SPE-22,adapted,dipep_LQ,0.0,-0.00012098159312124306
SPE-22,adapted,dipep_LR,0.0,0.00012589988844869524
SPE-22,adapted,dipep_LS,0.0476190485060215,-0.0010385045298049048
SPE-22,adapted,dipep_LT,0.0,-0.0005116486937133893
SPE-22,adapted,dipep_LV,0.0,-0.0010363820210803644
SPE-22,adapted,dipep_LW,0.0,-0.0008180251121086133
SPE-22,adapted,dipep_LY,0.0,-0.00011686282320093947
SPE-22,adapted,dipep_MA,0.0,-0.00011413361444670623
SPE-22,adapted,dipep_MC,0.0,0.0
SPE-22,adapted,dipep_MD,0.0,-4.6109613602655685e-06
SPE-22,adapted,dipep_ME,0.0,-1.4870064384531355e-05
SPE-22,adapted,dipep_MF,0.0,7.099857946633357e-05
SPE-22,adapted,dipep_MG,0.0,-0.0002628182953626538
SPE-22,adapted,dipep_MH,0.0,0.0
SPE-22,adapted,dipep_MI,0.0,-0.0019441045233310028
SPE-22,adapted,dipep_MK,0.0,5.8403818355109944e-05
SPE-22,adapted,dipep_ML,0.0,-6.875020273246228e-05
SPE-22,adapted,dipep_MM,0.0,-6.121336345827911e-05
SPE-22,adapted,dipep_MN,0.0,-2.0532253310130852e-05
SPE-22,adapted,dipep_MP,0.0,0.0
SPE-22,adapted,dipep_MQ,0.0,-4.982940232804895e-05
SPE-22,adapted,dipep_MR,0.0476190485060215,-0.0005850708834556616
SPE-22,adapted,dipep_MS,0.0,-3.346530166603505e-05
SPE-22,adapted,dipep_MT,0.0,-0.000251213582364205
SPE-22,adapted,dipep_MV,0.0,0.0
SPE-22,adapted,dipep_MW,0.0,-1.853355217333477e-05
SPE-22,adapted,dipep_MY,0.0,0.0
SPE-22,adapted,dipep_NA,0.0,-0.000430212563619284
SPE-22,adapted,dipep_NC,0.0,-4.614732365967717e-05
SPE-22,adapted,dipep_ND,0.0,0.0
SPE-22,adapted,dipep_NE,0.0,-8.016382332354172e-05
SPE-22,adapted,dipep_NF,0.0,-0.00026864380777917644
SPE-22,adapted,dipep_NG,0.0,-0.0046692421476179
SPE-22,adapted,dipep_NH,0.0,0.0
SPE-22,adapted,dipep_NI,0.0,-9.57877781477226e-05
SPE-22,adapted,dipep_NK,0.0,3.301307517318447e-05
SPE-22,adapted,dipep_NL,0.0,-8.67282305729911e-05
SPE-22,adapted,dipep_NM,0.0,-1.67849948123094e-05
SPE-22,adapted,dipep_NN,0.0,-5.5225475399782055e-05
SPE-22,adapted,dipep_NP,0.0,7.024388321584979e-05
SPE-22,adapted,dipep_NQ,0.0,-0.00022677442094035235
SPE-22,adapted,dipep_NR,0.0,-0.00013682586947232924
SPE-22,adapted,dipep_NS,0.0,-0.00011421684229188955
SPE-22,adapted,dipep_NT,0.0,-0.002059471436084574
SPE-22,adapted,dipep_NV,0.0,4.7703527702745485e-06
SPE-22,adapted,dipep_NW,0.0,-7.144412367043079e-05
SPE-22,adapted,dipep_NY,0.0,-7.635320412566017e-05
SPE-22,adapted,dipep_PA,0.0,-0.0005304792225985098
SPE-22,adapted,dipep_PC,0.0,-9.460525229111251e-05
SPE-22,adapted,dipep_PD,0.0,0.0
SPE-22,adapted,dipep_PE,0.095238097012043,-0.0008010576777237355
SPE-22,adapted,dipep_PF,0.0,-3.05909341669604e-05
SPE-22,adapted,dipep_PG,0.0,0.00033599982827671937
SPE-22,adapted,dipep_PH,0.0,-2.8539235734921017e-05
SPE-22,adapted,dipep_PI,0.0,-0.00013329723931929907
SPE-22,adapted,dipep_PK,0.0,-0.00010905254327784074
SPE-22,adapted,dipep_PL,0.0,-7.06293006038205e-05
SPE-22,adapted,dipep_PM,0.0,0.0
SPE-22,adapted,dipep_PN,0.0,0.0
SPE-22,adapted,dipep_PP,0.0,0.0
SPE-22,adapted,dipep_PQ,0.0,-2.295763377976811e-05
SPE-22,adapted,dipep_PR,0.0,0.0004207109705589499
SPE-22,adapted,dipep_PS,0.0,-0.00023666044143695427
SPE-22,adapted,dipep_PT,0.0,-0.0004137229549193013
SPE-22,adapted,dipep_PV,0.0,-5.9788833097314046e-05
SPE-22,adapted,dipep_PW,0.0,-3.0822147453954616e-05
SPE-22,adapted,dipep_PY,0.0,0.0
SPE-22,adapted,dipep_QA,0.0,-0.00021864234505033405
SPE-22,adapted,dipep_QC,0.0,-7.631374323316635e-05
SPE-22,adapted,dipep_QD,0.0,-7.245326708391415e-05
SPE-22,adapted,dipep_QE,0.0,0.0
SPE-22,adapted,dipep_QF,0.0,-5.6393285178497143e-05
SPE-22,adapted,dipep_QG,0.0,-0.00038012287640537605
SPE-22,adapted,dipep_QH,0.0,-0.0005539685375791619
SPE-22,adapted,dipep_QI,0.0,-8.153602617477036e-05
SPE-22,adapted,dipep_QK,0.0,7.41319135115105e-05
SPE-22,adapted,dipep_QL,0.0,-8.778468694919186e-05
SPE-22,adapted,dipep_QM,0.0,-4.608591252584759e-06
SPE-22,adapted,dipep_QN,0.0,-0.00012189299191925687
SPE-22,adapted,dipep_QP,0.0,-0.0008301451046352258
SPE-22,adapted,dipep_QQ,0.0,-0.0007393656937099664
SPE-22,adapted,dipep_QR,0.0,-0.0040296015786801314
SPE-22,adapted,dipep_QS,0.0,-0.0004032738008189662
SPE-22,adapted,dipep_QT,0.0,0.0
SPE-22,adapted,dipep_QV,0.0,-1.1358294541588712e-05
SPE-22,adapted,dipep_QW,0.0,-0.00012287888352731634
SPE-22,adapted,dipep_QY,0.0,0.0
SPE-22,adapted,dipep_RA,0.0,-0.00034685785874023425
SPE-22,adapted,dipep_RC,0.0,-5.637265709760729e-05
SPE-22,adapted,dipep_RD,0.0,-0.0002958134492587928
SPE-22,adapted,dipep_RE,0.0,0.0002949118586848436
SPE-22,adapted,dipep_RF,0.0,0.0007530695601555471
SPE-22,adapted,dipep_RG,0.0,0.0001748639942838309
SPE-22,adapted,dipep_RH,0.0,-7.192899775360908e-05
SPE-22,adapted,dipep_RI,0.0,-0.0007799335670699247
SPE-22,adapted,dipep_RK,0.095238097012043,0.002572031390582554
SPE-22,adapted,dipep_RL,0.0,-9.417582670315156e-05
SPE-22,adapted,dipep_RM,0.0,-0.00044091918742151034
SPE-22,adapted,dipep_RN,0.0,-0.0007036776552916891
SPE-22,adapted,dipep_RP,0.0,0.00010623031669562043
SPE-22,adapted,dipep_RQ,0.0,-0.007046943968045881
SPE-22,adapted,dipep_RR,0.0,0.0007756028754786256
SPE-22,adapted,dipep_RS,0.0476190485060215,-0.0017074463090823997
SPE-22,adapted,dipep_RT,0.0,0.00036225979887676864
SPE-22,adapted,dipep_RV,0.0,-7.706137809458384e-05
SPE-22,adapted,dipep_RW,0.0476190485060215,-0.0016875670808582535
SPE-22,adapted,dipep_RY,0.0,-0.00022608914778905235
SPE-22,adapted,dipep_SA,0.0,-0.00012941594537633605
SPE-22,adapted,dipep_SC,0.0,-0.00010065140647908719
SPE-22,adapted,dipep_SD,0.0,-8.65208590306449e-05
SPE-22,adapted,dipep_SE,0.0,9.702656973710832e-06
SPE-22,adapted,dipep_SF,0.0,-6.488092091376453e-05
SPE-22,adapted,dipep_SG,0.0,-0.00015489818494661718
SPE-22,adapted,dipep_SH,0.0,-4.775217951977191e-05
SPE-22,adapted,dipep_SI,0.0,-0.0003883182676147296
SPE-22,adapted,dipep_SK,0.0,-0.003128885145979038
SPE-22,adapted,dipep_SL,0.0476190485060215,0.0009607730498311461
SPE-22,adapted,dipep_SM,0.0,0.0
SPE-22,adapted,dipep_SN,0.0,-0.0010909261422244786
SPE-22,adapted,dipep_SP,0.0476190485060215,-0.0063832052717318405
SPE-22,adapted,dipep_SQ,0.0,-4.204557050326261e-05
SPE-22,adapted,dipep_SR,0.0476190485060215,-0.0062342848120624135
SPE-22,adapted,dipep_SS,0.0,-0.0001644278580390916
SPE-22,adapted,dipep_ST,0.0,-0.000178694901515197
SPE-22,adapted,dipep_SV,0.0,-5.9622737241530315e-05
SPE-22,adapted,dipep_SW,0.0,-0.0006398734038742606
SPE-22,adapted,dipep_SY,0.0,-8.391455460866434e-05
SPE-22,adapted,dipep_TA,0.0,-0.00042134903485684837
SPE-22,adapted,dipep_TC,0.0,0.0
SPE-22,adapted,dipep_TD,0.0,4.078073890635803e-05
SPE-22,adapted,dipep_TE,0.0,-0.0004881154562156161
SPE-22,adapted,dipep_TF,0.0,-0.0010384367212547905
SPE-22,adapted,dipep_TG,0.0,-0.0009401621940909061
SPE-22,adapted,dipep_TH,0.0,-0.00013433481383587448
SPE-22,adapted,dipep_TI,0.0,-0.0007883801487309205
SPE-22,adapted,dipep_TK,0.0,-0.0002607141038164987
SPE-22,adapted,dipep_TL,0.0,-8.255148558508572e-05
SPE-22,adapted,dipep_TM,0.0,0.0
SPE-22,adapted,dipep_TN,0.0,-0.00010212238923463361
SPE-22,adapted,dipep_TP,0.0,-0.00039584701088580984
SPE-22,adapted,dipep_TQ,0.0,-0.00013948526745995524
SPE-22,adapted,dipep_TR,0.0,0.0004728570750931255
SPE-22,adapted,dipep_TS,0.0,-0.00010662671656160304
SPE-22,adapted,dipep_TT,0.0,-0.0006685588464982237
SPE-22,adapted,dipep_TV,0.0,-0.00025997555222333
SPE-22,adapted,dipep_TW,0.0,0.0
SPE-22,adapted,dipep_TY,0.0,-1.712244370911055e-05
SPE-22,adapted,dipep_VA,0.0,-0.001355411214116283
SPE-22,adapted,dipep_VC,0.0,-0.0005106702542608685
SPE-22,adapted,dipep_VD,0.0,0.0
SPE-22,adapted,dipep_VE,0.0,-0.0001293157187821648
SPE-22,adapted,dipep_VF,0.0,-0.00031270238169198644
SPE-22,adapted,dipep_VG,0.0,-0.0003065854275817727
SPE-22,adapted,dipep_VH,0.0,-0.0002002963808349785
SPE-22,adapted,dipep_VI,0.0,-0.0002606812042692246
SPE-22,adapted,dipep_VK,0.0,0.00014558011735250586
SPE-22,adapted,dipep_VL,0.0,-0.002433266508153747
SPE-22,adapted,dipep_VM,0.0,-1.0585602016739832e-05
SPE-22,adapted,dipep_VN,0.0,-5.5026487864928304e-05
SPE-22,adapted,dipep_VP,0.0,-0.0003889702423111981
SPE-22,adapted,dipep_VQ,0.0,-0.00032933472377096805
SPE-22,adapted,dipep_VR,0.0,0.0004746415747517388
SPE-22,adapted,dipep_VS,0.0,-4.025048979208958e-05
SPE-22,adapted,dipep_VT,0.0,-9.718059226185741e-05
SPE-22,adapted,dipep_VV,0.0,-7.90881917568866e-06
SPE-22,adapted,dipep_VW,0.0,-6.7898252919962015e-06
SPE-22,adapted,dipep_VY,0.0,-7.26707138592201e-05
SPE-22,adapted,dipep_WA,0.0,0.0
SPE-22,adapted,dipep_WC,0.0,-5.132755666151688e-05
SPE-22,adapted,dipep_WD,0.0,-8.454438614514315e-06
SPE-22,adapted,dipep_WE,0.0,-0.002358869443652249
SPE-22,adapted,dipep_WF,0.0,-0.00029426204323347105
SPE-22,adapted,dipep_WG,0.0,-4.8137801635377054e-05
SPE-22,adapted,dipep_WH,0.0,-1.6047560054288645e-05
SPE-22,adapted,dipep_WI,0.0,-0.001426677534138372
SPE-22,adapted,dipep_WK,0.0476190485060215,-4.101119137051663e-05
SPE-22,adapted,dipep_WL,0.0,-0.00027959483656748286
SPE-22,adapted,dipep_WM,0.0,-1.1323358413618642e-05
SPE-22,adapted,dipep_WN,0.0,-4.2849443740782145e-05
SPE-22,adapted,dipep_WP,0.0,-2.6668400913923187e-05
SPE-22,adapted,dipep_WQ,0.0,-0.0002164574182134875
SPE-22,adapted,dipep_WR,0.0,-0.0007478394451079913
SPE-22,adapted,dipep_WS,0.0,-0.00016408928934235397
SPE-22,adapted,dipep_WT,0.0,0.0
SPE-22,adapted,dipep_WV,0.0,-1.9125637194734037e-05
SPE-22,adapted,dipep_WW,0.0,-0.0002612164424594737
SPE-22,adapted,dipep_WY,0.0,-0.0070774837392153355
SPE-22,adapted,dipep_YA,0.0,-3.442472984932965e-05
SPE-22,adapted,dipep_YC,0.0,0.00012401406477548644
SPE-22,adapted,dipep_YD,0.0,0.0
SPE-22,adapted,dipep_YE,0.0,0.0
SPE-22,adapted,dipep_YF,0.0,-3.4347707318063754e-05
SPE-22,adapted,dipep_YG,0.0,-0.005213852886547552
SPE-22,adapted,dipep_YH,0.0,0.0
SPE-22,adapted,dipep_YI,0.0,-1.7775458270048674e-05
SPE-22,adapted,dipep_YK,0.0,-4.856696023105416e-05
SPE-22,adapted,dipep_YL,0.0,-0.0005345524341875995
SPE-22,adapted,dipep_YM,0.0,0.0
SPE-22,adapted,dipep_YN,0.0,0.0
SPE-22,adapted,dipep_YP,0.0476190485060215,0.0
SPE-22,adapted,dipep_YQ,0.0,-0.00043224669449221353
SPE-22,adapted,dipep_YR,0.0,-0.0003932898631417339
SPE-22,adapted,dipep_YS,0.0,-0.00014157656725690614
SPE-22,adapted,dipep_YT,0.0,-0.00022060111742041517
SPE-22,adapted,dipep_YV,0.0,-9.041787034486706e-05
SPE-22,adapted,dipep_YW,0.0,-1.8721984066541632e-05
SPE-22,adapted,dipep_YY,0.0,0.0
GFD-30,adapted,length,30.0,0.0185513296794607
GFD-30,adapted,charge,4.976833343505859,-0.002553120916985236
GFD-30,adapted,boman,1.3793333768844604,-0.015331431507731195
GFD-30,adapted,hmoment,0.5670741200447083,-0.0022330452045331815
GFD-30,adapted,apv,0.22633333504199982,0.00023013119892606175
GFD-30,adapted,alpha,1.0456666946411133,-0.0004945815610783728
GFD-30,adapted,basic_frac,0.2666666805744171,-0.013888196745638707
GFD-30,adapted,acidic_frac,0.10000000149011612,-0.017890091672618996
GFD-30,adapted,aromatic_frac,0.06666667014360428,-0.007866863731934945
GFD-30,adapted,hydrophobic_frac,0.4000000059604645,-0.011259986460053504
GFD-30,adapted,proline_frac,0.03333333507180214,-0.00043424331966186795
GFD-30,adapted,glycine_frac,0.10000000149011612,-0.006137785609409629
GFD-30,adapted,aa_A,0.0,-0.015003927945457978
GFD-30,adapted,aa_C,0.0,-0.0031903732784553203
GFD-30,adapted,aa_D,0.06666667014360428,-0.016805677896078914
GFD-30,adapted,aa_E,0.03333333507180214,-0.009284395789074256
GFD-30,adapted,aa_F,0.03333333507180214,-0.008513582127682637
GFD-30,adapted,aa_G,0.10000000149011612,-0.005459855937689389
GFD-30,adapted,aa_H,0.0,-0.00025033695646674666
GFD-30,adapted,aa_I,0.10000000149011612,0.006643178341802086
GFD-30,adapted,aa_K,0.23333333432674408,-0.006123939213259691
GFD-30,adapted,aa_L,0.13333334028720856,-0.0010044450986633343
GFD-30,adapted,aa_M,0.0,0.00023507647729337564
GFD-30,adapted,aa_N,0.03333333507180214,-0.002306407609176897
GFD-30,adapted,aa_P,0.03333333507180214,0.00102595109273883
GFD-30,adapted,aa_Q,0.03333333507180214,0.0009446214341551773
GFD-30,adapted,aa_R,0.03333333507180214,0.00948974309778168
GFD-30,adapted,aa_S,0.03333333507180214,-0.003049133584707505
GFD-30,adapted,aa_T,0.0,-0.00305261173613477
GFD-30,adapted,aa_V,0.10000000149011612,-0.006391558461580823
GFD-30,adapted,aa_W,0.0,-0.0075709118364188635
GFD-30,adapted,aa_Y,0.03333333507180214,-0.003940427355588475
GFD-30,adapted,dipep_AA,0.0,-0.001831256747110816
GFD-30,adapted,dipep_AC,0.0,7.73611496894152e-06
GFD-30,adapted,dipep_AD,0.0,-6.796715264869824e-05
GFD-30,adapted,dipep_AE,0.0,6.159339165324447e-06
GFD-30,adapted,dipep_AF,0.0,-0.00010209295606147692
GFD-30,adapted,dipep_AG,0.0,-0.0006528273834430101
GFD-30,adapted,dipep_AH,0.0,-2.2777502370073393e-05
GFD-30,adapted,dipep_AI,0.0,-0.004629449717879167
GFD-30,adapted,dipep_AK,0.0,-0.0016305428568163605
GFD-30,adapted,dipep_AL,0.0,-0.0032162360197727675
GFD-30,adapted,dipep_AM,0.0,0.00016948483631615738
GFD-30,adapted,dipep_AN,0.0,-0.00040088011050045714
GFD-30,adapted,dipep_AP,0.0,0.00022130213360853715
GFD-30,adapted,dipep_AQ,0.0,-0.0007815749386123024
GFD-30,adapted,dipep_AR,0.0,-6.169152866638895e-05
GFD-30,adapted,dipep_AS,0.0,-0.0008443883615331679
GFD-30,adapted,dipep_AT,0.0,-6.417028739812379e-05
GFD-30,adapted,dipep_AV,0.0,-0.0029762585937680814
GFD-30,adapted,dipep_AW,0.0,-4.114999050684111e-05
GFD-30,adapted,dipep_AY,0.0,-1.0615098410043902e-05
GFD-30,adapted,dipep_CA,0.0,-0.0001012220717348221
GFD-30,adapted,dipep_CC,0.0,-0.0002025019766288175
GFD-30,adapted,dipep_CD,0.0,-7.4572140425822575e-06
GFD-30,adapted,dipep_CE,0.0,-8.993023395552009e-05
GFD-30,adapted,dipep_CF,0.0,-2.563745258190509e-05
GFD-30,adapted,dipep_CG,0.0,-0.00542906945267243
GFD-30,adapted,dipep_CH,0.0,-1.639511177567178e-05
GFD-30,adapted,dipep_CI,0.0,2.0075310924652957e-05
GFD-30,adapted,dipep_CK,0.0,-0.00016995414487973025
GFD-30,adapted,dipep_CL,0.0,-5.592878612911125e-05
GFD-30,adapted,dipep_CM,0.0,0.0
GFD-30,adapted,dipep_CN,0.0,5.01557866927234e-06
GFD-30,adapted,dipep_CP,0.0,-7.237762256670953e-05
GFD-30,adapted,dipep_CQ,0.0,0.0
GFD-30,adapted,dipep_CR,0.0,-0.00016921175982884628
GFD-30,adapted,dipep_CS,0.0,-7.03256499921882e-05
GFD-30,adapted,dipep_CT,0.0,-2.2399194247260008e-05
GFD-30,adapted,dipep_CV,0.0,-0.00017339516280145053
GFD-30,adapted,dipep_CW,0.0,-6.535203183688754e-05
GFD-30,adapted,dipep_CY,0.0,-0.0002958082132057052
GFD-30,adapted,dipep_DA,0.0,7.313910150693752e-05
GFD-30,adapted,dipep_DC,0.0,0.0
GFD-30,adapted,dipep_DD,0.0,-4.638919623011677e-05
GFD-30,adapted,dipep_DE,0.0,-0.00014654772136635797
GFD-30,adapted,dipep_DF,0.0,-0.0014009193976666546
GFD-30,adapted,dipep_DG,0.0,-0.0018569818258228742
GFD-30,adapted,dipep_DH,0.0,-0.00010985369575001547
GFD-30,adapted,dipep_DI,0.03448275849223137,-0.0014108783186394813
GFD-30,adapted,dipep_DK,0.0,0.0001830286153678217
GFD-30,adapted,dipep_DL,0.0,-0.00043852592243123534
GFD-30,adapted,dipep_DM,0.0,-1.0340471784025144e-05
GFD-30,adapted,dipep_DN,0.0,-9.113997623989832e-05
GFD-30,adapted,dipep_DP,0.0,0.0
GFD-30,adapted,dipep_DQ,0.0,-9.177605720524352e-05
GFD-30,adapted,dipep_DR,0.0,-8.012970428173064e-05
GFD-30,adapted,dipep_DS,0.0,-2.682719859446847e-05
GFD-30,adapted,dipep_DT,0.0,1.3814115048486319e-05
GFD-30,adapted,dipep_DV,0.03448275849223137,-0.0053279043722757
GFD-30,adapted,dipep_DW,0.0,-6.0834233783886795e-05
GFD-30,adapted,dipep_DY,0.0,2.6497217754006586e-06
GFD-30,adapted,dipep_EA,0.0,-0.0026653300782282065
GFD-30,adapted,dipep_EC,0.0,-0.0002340523726274298
GFD-30,adapted,dipep_ED,0.0,0.0
GFD-30,adapted,dipep_EE,0.0,-0.00023137007730228784
GFD-30,adapted,dipep_EF,0.0,-0.0010215276500842214
GFD-30,adapted,dipep_EG,0.0,-0.007001430001288933
GFD-30,adapted,dipep_EH,0.0,1.7958197467191565e-05
GFD-30,adapted,dipep_EI,0.0,-0.00017232706915872858
GFD-30,adapted,dipep_EK,0.0,0.0009401938769193793
GFD-30,adapted,dipep_EL,0.0,4.1886635940436614e-05
GFD-30,adapted,dipep_EM,0.0,0.0
GFD-30,adapted,dipep_EN,0.0,-0.0027283321679841734
GFD-30,adapted,dipep_EP,0.0,-8.62271344444446e-06
GFD-30,adapted,dipep_EQ,0.0,-1.9229395918031783e-05
GFD-30,adapted,dipep_ER,0.0,-1.920674319500509e-05
GFD-30,adapted,dipep_ES,0.0,-0.00048205938270506194
GFD-30,adapted,dipep_ET,0.0,-1.4747110815292082e-05
GFD-30,adapted,dipep_EV,0.03448275849223137,-0.0032648197340371457
GFD-30,adapted,dipep_EW,0.0,-2.4237116241818324e-05
GFD-30,adapted,dipep_EY,0.0,-2.2766029733196264e-05
GFD-30,adapted,dipep_FA,0.0,-3.7684152632814476e-05
GFD-30,adapted,dipep_FC,0.0,-0.00039247512878095225
GFD-30,adapted,dipep_FD,0.03448275849223137,-3.906790740922993e-05
GFD-30,adapted,dipep_FE,0.0,-0.002087079593778641
GFD-30,adapted,dipep_FF,0.0,-0.0012817537294138003
GFD-30,adapted,dipep_FG,0.0,-0.0010785404008335961
GFD-30,adapted,dipep_FH,0.0,-0.0002661635726957533
GFD-30,adapted,dipep_FI,0.0,-0.002649932492945384
GFD-30,adapted,dipep_FK,0.0,-0.001723782412797791
GFD-30,adapted,dipep_FL,0.0,-0.009919917229565929
GFD-30,adapted,dipep_FM,0.0,-0.00021751397565855686
GFD-30,adapted,dipep_FN,0.0,1.995366131132714e-05
GFD-30,adapted,dipep_FP,0.0,-0.00011714355428128984
GFD-30,adapted,dipep_FQ,0.0,-0.0001655643186837314
GFD-30,adapted,dipep_FR,0.0,-8.651978682822369e-05
GFD-30,adapted,dipep_FS,0.0,-0.00034597797303797937
GFD-30,adapted,dipep_FT,0.0,-0.0003872825633936322
GFD-30,adapted,dipep_FV,0.0,-0.00015543183562835263
GFD-30,adapted,dipep_FW,0.0,-9.80584277920528e-06
GFD-30,adapted,dipep_FY,0.0,-7.271125627233583e-06
GFD-30,adapted,dipep_GA,0.0,-0.0006677027826908252
GFD-30,adapted,dipep_GC,0.0,-0.00021238771139460666
GFD-30,adapted,dipep_GD,0.0,-0.00044545475366858454
GFD-30,adapted,dipep_GE,0.0,1.9871931766939324e-05
GFD-30,adapted,dipep_GF,0.03448275849223137,0.011504168853053153
GFD-30,adapted,dipep_GG,0.0,-0.00028080906817820096
GFD-30,adapted,dipep_GH,0.0,-0.0003168412182596753
GFD-30,adapted,dipep_GI,0.0,-0.00021038601533946395
GFD-30,adapted,dipep_GK,0.0,-0.0014084660659928494
GFD-30,adapted,dipep_GL,0.03448275849223137,0.001725768200827425
GFD-30,adapted,dipep_GM,0.0,-0.003715846252805821
GFD-30,adapted,dipep_GN,0.0,9.604724439904662e-06
GFD-30,adapted,dipep_GP,0.0,0.00035048840899839373
GFD-30,adapted,dipep_GQ,0.0,0.0006849357505966294
GFD-30,adapted,dipep_GR,0.0,-0.0029053630263246
GFD-30,adapted,dipep_GS,0.0,-0.00046268708227903226
GFD-30,adapted,dipep_GT,0.0,7.804449518086312e-05
GFD-30,adapted,dipep_GV,0.0,-0.0008768469522933588
GFD-30,adapted,dipep_GW,0.0,-0.005058200174232232
GFD-30,adapted,dipep_GY,0.03448275849223137,0.007564673512466174
GFD-30,adapted,dipep_HA,0.0,-0.00025240946556756875
GFD-30,adapted,dipep_HC,0.0,0.0
GFD-30,adapted,dipep_HD,0.0,0.0
GFD-30,adapted,dipep_HE,0.0,0.0
GFD-30,adapted,dipep_HF,0.0,0.0
GFD-30,adapted,dipep_HG,0.0,-0.00014062611101739645
GFD-30,adapted,dipep_HH,0.0,-0.00010886828038858373
GFD-30,adapted,dipep_HI,0.0,-0.00022944365875185918
GFD-30,adapted,dipep_HK,0.0,-0.0002308362400135753
GFD-30,adapted,dipep_HL,0.0,-2.2331764060950685e-05
GFD-30,adapted,dipep_HM,0.0,-3.052326130788609e-05
GFD-30,adapted,dipep_HN,0.0,-4.269318162758694e-05
GFD-30,adapted,dipep_HP,0.0,0.0
GFD-30,adapted,dipep_HQ,0.0,-0.00010162921397855577
GFD-30,adapted,dipep_HR,0.0,-0.0003777155682892797
GFD-30,adapted,dipep_HS,0.0,-9.167345084870126e-06
GFD-30,adapted,dipep_HT,0.0,2.4299446277422642e-05
GFD-30,adapted,dipep_HV,0.0,-1.69387056625708e-06
GFD-30,adapted,dipep_HW,0.0,0.0
GFD-30,adapted,dipep_HY,0.0,0.0
GFD-30,adapted,dipep_IA,0.0,-0.00065888667741569
GFD-30,adapted,dipep_IC,0.0,-5.362292446162161e-05
GFD-30,adapted,dipep_ID,0.0,-0.003100922781750045
GFD-30,adapted,dipep_IE,0.0,-0.006515363294608934
GFD-30,adapted,dipep_IF,0.0,-0.000708330355596957
GFD-30,adapted,dipep_IG,0.0,-0.0003148914529369583
GFD-30,adapted,dipep_IH,0.0,-0.0001890489532996221
GFD-30,adapted,dipep_II,0.0,-0.0009475891074668633
GFD-30,adapted,dipep_IK,0.03448275849223137,0.0005424102317829648
GFD-30,adapted,dipep_IL,0.03448275849223137,-0.0009827476156708684
GFD-30,adapted,dipep_IM,0.0,4.537392726562978e-05
GFD-30,adapted,dipep_IN,0.0,-0.0003545259894897871
GFD-30,adapted,dipep_IP,0.0,-0.00043544608367374315
GFD-30,adapted,dipep_IQ,0.03448275849223137,-0.004557178464231907
GFD-30,adapted,dipep_IR,0.0,-0.00017245466478779404
GFD-30,adapted,dipep_IS,0.0,-0.002064797185627623
GFD-30,adapted,dipep_IT,0.0,-0.00014905627861668306
GFD-30,adapted,dipep_IV,0.0,-0.0009937871537549078
GFD-30,adapted,dipep_IW,0.0,-0.00014582298122296037
GFD-30,adapted,dipep_IY,0.0,-2.7762688362790826e-05
GFD-30,adapted,dipep_KA,0.0,-0.0004971641005039086
GFD-30,adapted,dipep_KC,0.0,-0.0012162409194327714
GFD-30,adapted,dipep_KD,0.0,-0.0010221274923290424
GFD-30,adapted,dipep_KE,0.0,-0.001643940678163708
GFD-30,adapted,dipep_KF,0.0,-0.0005949249112178487
GFD-30,adapted,dipep_KG,0.03448275849223137,-0.002074065149255602
GFD-30,adapted,dipep_KH,0.0,-0.00020544203094577908
GFD-30,adapted,dipep_KI,0.03448275849223137,-8.492693233597853e-05
GFD-30,adapted,dipep_KK,0.1034482792019844,-0.0019165464513260248
GFD-30,adapted,dipep_KL,0.0,-0.0028929566031532968
GFD-30,adapted,dipep_KM,0.0,0.0002717879744232046
GFD-30,adapted,dipep_KN,0.0,-0.00034491831371172315
GFD-30,adapted,dipep_KP,0.0,-1.4801502550676532e-05
GFD-30,adapted,dipep_KQ,0.0,-0.0003331534154365912
GFD-30,adapted,dipep_KR,0.03448275849223137,-0.008851891417282869
GFD-30,adapted,dipep_KS,0.0,-0.0007670813688864182
GFD-30,adapted,dipep_KT,0.0,-0.0009022967338783099
GFD-30,adapted,dipep_KV,0.03448275849223137,0.0028751887459377615
GFD-30,adapted,dipep_KW,0.0,-0.00013401951230810336
GFD-30,adapted,dipep_KY,0.0,-0.0004189978106920117
GFD-30,adapted,dipep_LA,0.0,-0.0009241218441250799
GFD-30,adapted,dipep_LC,0.0,-4.8436546552903896e-05
GFD-30,adapted,dipep_LD,0.03448275849223137,0.0006022558493961715
GFD-30,adapted,dipep_LE,0.0,3.484784132371533e-05
GFD-30,adapted,dipep_LF,0.0,-0.013475893901907938
GFD-30,adapted,dipep_LG,0.03448275849223137,0.0018657795515948533
GFD-30,adapted,dipep_LH,0.0,0.0006134405161239562
GFD-30,adapted,dipep_LI,0.0,-0.004712145278468268
GFD-30,adapted,dipep_LK,0.0,-0.0033241286332975377
GFD-30,adapted,dipep_LL,0.03448275849223137,-0.006968455092347405
GFD-30,adapted,dipep_LM,0.0,-7.427806329134352e-05
GFD-30,adapted,dipep_LN,0.0,-0.00038251096374295596
GFD-30,adapted,dipep_LP,0.0,-0.002264994502032068
GFD-30,adapted,dipep_LQ,0.0,-4.4944871232981255e-05
GFD-30,adapted,dipep_LR,0.0,0.0004767560167589433
GFD-30,adapted,dipep_LS,0.03448275849223137,-0.0017910593249755864
GFD-30,adapted,dipep_LT,0.0,-0.0006339986594376529
GFD-30,adapted,dipep_LV,0.0,-0.0008199313825581952
GFD-30,adapted,dipep_LW,0.0,-0.0008817097015402497
GFD-30,adapted,dipep_LY,0.0,-5.647611659317759e-05
GFD-30,adapted,dipep_MA,0.0,-0.0001359421492616921
GFD-30,adapted,dipep_MC,0.0,-4.069205936720197e-05
GFD-30,adapted,dipep_MD,0.0,0.0
GFD-30,adapted,dipep_ME,0.0,0.0
GFD-30,adapted,dipep_MF,0.0,9.915620254910705e-05
GFD-30,adapted,dipep_MG,0.0,-9.113676153182136e-05
GFD-30,adapted,dipep_MH,0.0,0.0
GFD-30,adapted,dipep_MI,0.0,-0.0019445874341947136
GFD-30,adapted,dipep_MK,0.0,0.00015219468785188743
GFD-30,adapted,dipep_ML,0.0,0.00011168008351583913
GFD-30,adapted,dipep_MM,0.0,-5.474312427224514e-05
GFD-30,adapted,dipep_MN,0.0,-4.794773040244184e-05
GFD-30,adapted,dipep_MP,0.0,0.0
GFD-30,adapted,dipep_MQ,0.0,-2.361461524723661e-05
GFD-30,adapted,dipep_MR,0.0,-0.00016560906810192112
GFD-30,adapted,dipep_MS,0.0,-8.862433202413494e-05
GFD-30,adapted,dipep_MT,0.0,-0.0002652335613441026
GFD-30,adapted,dipep_MV,0.0,-4.9961391968437774e-05
GFD-30,adapted,dipep_MW,0.0,-1.853355217333477e-05
GFD-30,adapted,dipep_MY,0.0,6.732926360432224e-06
GFD-30,adapted,dipep_NA,0.0,-0.0006815209006548049
GFD-30,adapted,dipep_NC,0.0,-2.6369288460925886e-05
GFD-30,adapted,dipep_ND,0.0,0.0
GFD-30,adapted,dipep_NE,0.0,-3.75969300056594e-05
GFD-30,adapted,dipep_NF,0.0,-3.0076513292228706e-05
GFD-30,adapted,dipep_NG,0.0,-0.0048396856646649306
GFD-30,adapted,dipep_NH,0.0,4.658781103174562e-05
GFD-30,adapted,dipep_NI,0.0,1.2328949480911367e-05
GFD-30,adapted,dipep_NK,0.03448275849223137,-0.003400065542678909
GFD-30,adapted,dipep_NL,0.0,-8.790063894705811e-05
GFD-30,adapted,dipep_NM,0.0,-1.6140184436294113e-05
GFD-30,adapted,dipep_NN,0.0,0.0
GFD-30,adapted,dipep_NP,0.0,-1.706842304583843e-05
GFD-30,adapted,dipep_NQ,0.0,-0.00038895680925175635
GFD-30,adapted,dipep_NR,0.0,-9.241317320976966e-06
GFD-30,adapted,dipep_NS,0.0,-2.4390832910719895e-05
GFD-30,adapted,dipep_NT,0.0,-0.0024321309959913703
GFD-30,adapted,dipep_NV,0.0,-0.00019846445179010435
GFD-30,adapted,dipep_NW,0.0,-0.00013157196169444918
GFD-30,adapted,dipep_NY,0.0,-5.791287810059921e-05
GFD-30,adapted,dipep_PA,0.0,-0.0004675605385593169
GFD-30,adapted,dipep_PC,0.0,-0.00024592218015495766
GFD-30,adapted,dipep_PD,0.0,0.0
GFD-30,adapted,dipep_PE,0.0,-6.37785217231948e-05
GFD-30,adapted,dipep_PF,0.0,-8.597837694205786e-05
GFD-30,adapted,dipep_PG,0.0,0.0002218120917980365
GFD-30,adapted,dipep_PH,0.0,-0.00012637530331011403
GFD-30,adapted,dipep_PI,0.0,4.632004103196464e-05
GFD-30,adapted,dipep_PK,0.03448275849223137,0.0013920269935440357
GFD-30,adapted,dipep_PL,0.0,-3.983959992198221e-05
GFD-30,adapted,dipep_PM,0.0,0.0
GFD-30,adapted,dipep_PN,0.0,0.0
GFD-30,adapted,dipep_PP,0.0,0.0
GFD-30,adapted,dipep_PQ,0.0,-3.457640188950756e-05
GFD-30,adapted,dipep_PR,0.0,0.00033459872804958153
GFD-30,adapted,dipep_PS,0.0,-0.0003077005589865764
GFD-30,adapted,dipep_PT,0.0,-0.0007107353482723923
GFD-30,adapted,dipep_PV,0.0,-9.881161600197385e-06
GFD-30,adapted,dipep_PW,0.0,-7.085456209801472e-06
GFD-30,adapted,dipep_PY,0.0,0.0
GFD-30,adapted,dipep_QA,0.0,-3.970849481567537e-05
GFD-30,adapted,dipep_QC,0.0,-4.419047200920553e-05
GFD-30,adapted,dipep_QD,0.0,-0.000143445067052915
GFD-30,adapted,dipep_QE,0.0,0.0
GFD-30,adapted,dipep_QF,0.0,-4.4004672528429763e-05
GFD-30,adapted,dipep_QG,0.0,-0.0001502989549726436
GFD-30,adapted,dipep_QH,0.0,-0.00028187893319396275
GFD-30,adapted,dipep_QI,0.0,-7.317334458333364e-05
GFD-30,adapted,dipep_QK,0.0,-0.0006290145381097044
GFD-30,adapted,dipep_QL,0.03448275849223137,0.000969694865173421
GFD-30,adapted,dipep_QM,0.0,-1.778423535809655e-05
GFD-30,adapted,dipep_QN,0.0,-0.00012701779549401568
GFD-30,adapted,dipep_QP,0.0,-0.0002493017984555206
GFD-30,adapted,dipep_QQ,0.0,-0.000687645585525951
GFD-30,adapted,dipep_QR,0.0,-0.00595319840044506
GFD-30,adapted,dipep_QS,0.0,-0.0001938946995708186
GFD-30,adapted,dipep_QT,0.0,0.0
GFD-30,adapted,dipep_QV,0.0,-1.808305562476915e-05
GFD-30,adapted,dipep_QW,0.0,-2.4924983781827236e-05
GFD-30,adapted,dipep_QY,0.0,0.0
GFD-30,adapted,dipep_RA,0.0,-0.00021238654041172767
GFD-30,adapted,dipep_RC,0.0,-0.0002232369003283306
GFD-30,adapted,dipep_RD,0.0,3.508478260189281e-05
GFD-30,adapted,dipep_RE,0.0,0.00020737506059976518
GFD-30,adapted,dipep_RF,0.0,0.0003857697081036357
GFD-30,adapted,dipep_RG,0.0,0.00030146089999557235
GFD-30,adapted,dipep_RH,0.0,-5.174624116855812e-05
GFD-30,adapted,dipep_RI,0.03448275849223137,-0.0056083841224832676
GFD-30,adapted,dipep_RK,0.0,-0.00465832523832874
GFD-30,adapted,dipep_RL,0.0,0.0009079562480301233
GFD-30,adapted,dipep_RM,0.0,-0.00022647463438463106
GFD-30,adapted,dipep_RN,0.0,-0.0007764192713196291
GFD-30,adapted,dipep_RP,0.0,-1.5938236277219343e-05
GFD-30,adapted,dipep_RQ,0.0,-0.008369597395202275
GFD-30,adapted,dipep_RR,0.0,-0.0012343860433272273
GFD-30,adapted,dipep_RS,0.0,1.935389676213675e-05
GFD-30,adapted,dipep_RT,0.0,0.0005581662778510063
GFD-30,adapted,dipep_RV,0.0,-8.639410406576441e-05
GFD-30,adapted,dipep_RW,0.0,-0.0002008793216080808
GFD-30,adapted,dipep_RY,0.0,-2.462068134144511e-05
GFD-30,adapted,dipep_SA,0.0,-0.00016118811188927588
GFD-30,adapted,dipep_SC,0.0,-0.00024534731272322485
GFD-30,adapted,dipep_SD,0.0,7.902963908941216e-05
GFD-30,adapted,dipep_SE,0.0,2.2298304179773447e-05
GFD-30,adapted,dipep_SF,0.0,-0.0006713718666859213
GFD-30,adapted,dipep_SG,0.0,3.552046390482261e-05
GFD-30,adapted,dipep_SH,0.0,-7.017495409941054e-05
GFD-30,adapted,dipep_SI,0.0,-0.0009088193798008251
GFD-30,adapted,dipep_SK,0.0,-0.005997305674095823
GFD-30,adapted,dipep_SL,0.0,-0.0006689406961187166
GFD-30,adapted,dipep_SM,0.0,0.0
GFD-30,adapted,dipep_SN,0.0,-0.0010069229572123462
GFD-30,adapted,dipep_SP,0.03448275849223137,-0.006624936570547959
GFD-30,adapted,dipep_SQ,0.0,-1.9361759420141192e-05
GFD-30,adapted,dipep_SR,0.0,0.00020776244464995144
GFD-30,adapted,dipep_SS,0.0,-7.106095825860476e-05
GFD-30,adapted,dipep_ST,0.0,-0.0003062814717072909
GFD-30,adapted,dipep_SV,0.0,0.00010971910868911843
GFD-30,adapted,dipep_SW,0.0,-0.0009180767625359542
GFD-30,adapted,dipep_SY,0.0,-0.00011281504934439712
GFD-30,adapted,dipep_TA,0.0,-0.0003933184002701812
GFD-30,adapted,dipep_TC,0.0,3.0917188723764076e-05
GFD-30,adapted,dipep_TD,0.0,0.0
GFD-30,adapted,dipep_TE,0.0,-0.0006625512999253935
GFD-30,adapted,dipep_TF,0.0,-0.0004455076516164572
GFD-30,adapted,dipep_TG,0.0,-0.0013022430853919106
GFD-30,adapted,dipep_TH,0.0,-5.798283428780803e-06
GFD-30,adapted,dipep_TI,0.0,-0.001309287318634892
GFD-30,adapted,dipep_TK,0.0,-0.00034678511670566803
GFD-30,adapted,dipep_TL,0.0,-4.553465516815492e-05
GFD-30,adapted,dipep_TM,0.0,-3.865539109593049e-05
GFD-30,adapted,dipep_TN,0.0,-6.931594848539023e-05
GFD-30,adapted,dipep_TP,0.0,-0.00044606585680592714
GFD-30,adapted,dipep_TQ,0.0,-0.00010023586431138324
GFD-30,adapted,dipep_TR,0.0,0.00023929908012289982
GFD-30,adapted,dipep_TS,0.0,-0.0001192815226825567
GFD-30,adapted,dipep_TT,0.0,-0.0009441981664006732
GFD-30,adapted,dipep_TV,0.0,-0.00038031694749649447
GFD-30,adapted,dipep_TW,0.0,0.0
GFD-30,adapted,dipep_TY,0.0,-1.712244370911055e-05
GFD-30,adapted,dipep_VA,0.0,-0.002241786523302305
GFD-30,adapted,dipep_VC,0.0,-0.000348824613009174
GFD-30,adapted,dipep_VD,0.0,0.0
GFD-30,adapted,dipep_VE,0.0,-3.3190138644324177e-05
GFD-30,adapted,dipep_VF,0.0,-0.00034073209256972955
GFD-30,adapted,dipep_VG,0.0,-0.0002846513487844056
GFD-30,adapted,dipep_VH,0.0,-0.0002475928649211025
GFD-30,adapted,dipep_VI,0.0,-0.00012258113156229925
GFD-30,adapted,dipep_VK,0.03448275849223137,-0.009300368642519501
GFD-30,adapted,dipep_VL,0.0,-0.0030583885271234313
GFD-30,adapted,dipep_VM,0.0,0.0
GFD-30,adapted,dipep_VN,0.03448275849223137,0.0007495552428644673
GFD-30,adapted,dipep_VP,0.0,-0.0006662965327317622
GFD-30,adapted,dipep_VQ,0.0,-0.0005174737144693256
GFD-30,adapted,dipep_VR,0.0,0.000615874101332642
GFD-30,adapted,dipep_VS,0.0,-0.00025557458814280513
GFD-30,adapted,dipep_VT,0.0,-0.0002475723303290228
GFD-30,adapted,dipep_VV,0.0,0.00010043251843355287
GFD-30,adapted,dipep_VW,0.0,-0.0001412311961148689
GFD-30,adapted,dipep_VY,0.0,2.3057806208640892e-05
GFD-30,adapted,dipep_WA,0.0,-8.524304012371313e-06
GFD-30,adapted,dipep_WC,0.0,-8.740877316948816e-06
GFD-30,adapted,dipep_WD,0.0,-2.0889202396121407e-05
GFD-30,adapted,dipep_WE,0.0,-0.002332025027203121
GFD-30,adapted,dipep_WF,0.0,-0.000356985977411538
GFD-30,adapted,dipep_WG,0.0,-7.906932364052272e-05
GFD-30,adapted,dipep_WH,0.0,0.0
GFD-30,adapted,dipep_WI,0.0,-0.0020803181860016328
GFD-30,adapted,dipep_WK,0.0,-0.0003417335418643918
GFD-30,adapted,dipep_WL,0.0,-0.00014869162343972598
GFD-30,adapted,dipep_WM,0.0,0.0
GFD-30,adapted,dipep_WN,0.0,-0.0010912315832201358
GFD-30,adapted,dipep_WP,0.0,-7.26630419911838e-06
GFD-30,adapted,dipep_WQ,0.0,-7.347401418378014e-05
GFD-30,adapted,dipep_WR,0.0,-0.00015950559931819425
GFD-30,adapted,dipep_WS,0.0,-0.00018689260695063694
GFD-30,adapted,dipep_WT,0.0,0.0
GFD-30,adapted,dipep_WV,0.0,-0.00017098290788327807
GFD-30,adapted,dipep_WW,0.0,-0.00013551735649829249
GFD-30,adapted,dipep_WY,0.0,-0.007947353716145838
GFD-30,adapted,dipep_YA,0.0,-0.0001120191267804453
GFD-30,adapted,dipep_YC,0.0,0.0001769142835136344
GFD-30,adapted,dipep_YD,0.0,0.0
GFD-30,adapted,dipep_YE,0.03448275849223137,-0.002269968603555776
GFD-30,adapted,dipep_YF,0.0,-6.694563825581245e-06
GFD-30,adapted,dipep_YG,0.0,-0.006029008031521632
GFD-30,adapted,dipep_YH,0.0,0.0
GFD-30,adapted,dipep_YI,0.0,0.0
GFD-30,adapted,dipep_YK,0.0,3.977208693188455e-05
GFD-30,adapted,dipep_YL,0.0,-0.0007607904466017492
GFD-30,adapted,dipep_YM,0.0,0.0
GFD-30,adapted,dipep_YN,0.0,0.0
GFD-30,adapted,dipep_YP,0.0,0.0
GFD-30,adapted,dipep_YQ,0.0,-0.00040428128306224995
GFD-30,adapted,dipep_YR,0.0,-0.00014939410423380308
GFD-30,adapted,dipep_YS,0.0,-7.747087769048816e-05
GFD-30,adapted,dipep_YT,0.0,-8.46208781582402e-05
GFD-30,adapted,dipep_YV,0.0,-0.00011514979941376689
GFD-30,adapted,dipep_YW,0.0,-0.00025905693740552394
GFD-30,adapted,dipep_YY,0.0,0.0
GPE-19,adapted,length,19.0,-0.030101440366230994
GPE-19,adapted,charge,2.976518154144287,-0.0031635253346642294
GPE-19,adapted,boman,1.5568420886993408,-0.017837806117219236
GPE-19,adapted,hmoment,0.45194515585899353,-0.02508341298638067
GPE-19,adapted,apv,0.23899999260902405,0.001031045867210718
GPE-19,adapted,alpha,1.0515789985656738,0.00021523256100663737
GPE-19,adapted,basic_frac,0.21052631735801697,0.004896254348420114
GPE-19,adapted,acidic_frac,0.05263157933950424,-0.01534916051931483
GPE-19,adapted,aromatic_frac,0.10526315867900848,-0.0036787167167473146
GPE-19,adapted,hydrophobic_frac,0.3684210479259491,-0.02008149484210335
GPE-19,adapted,proline_frac,0.05263157933950424,-3.768054297672451e-05
GPE-19,adapted,glycine_frac,0.05263157933950424,-0.0023400951953898175
GPE-19,adapted,aa_A,0.0,-0.012754006656110975
GPE-19,adapted,aa_C,0.0,-0.004608765925944031
GPE-19,adapted,aa_D,0.0,0.0007993112025068872
GPE-19,adapted,aa_E,0.05263157933950424,-0.011838173810454935
GPE-19,adapted,aa_F,0.10526315867900848,0.0032968447591394216
GPE-19,adapted,aa_G,0.05263157933950424,-0.002233885434538751
GPE-19,adapted,aa_H,0.0,-0.00019417508748941254
GPE-19,adapted,aa_I,0.0,-0.01607640725781441
GPE-19,adapted,aa_K,0.21052631735801697,-0.005418666537761567
GPE-19,adapted,aa_L,0.05263157933950424,-0.006465791683628439
GPE-19,adapted,aa_M,0.15789473056793213,-0.009630364797538236
GPE-19,adapted,aa_N,0.10526315867900848,-0.004933166842460319
GPE-19,adapted,aa_P,0.05263157933950424,-0.00036066485064212414
GPE-19,adapted,aa_Q,0.0,-0.0064197907187785504
GPE-19,adapted,aa_R,0.0,0.01601918511056812
GPE-19,adapted,aa_S,0.15789473056793213,0.0014719422520125187
GPE-19,adapted,aa_T,0.0,-0.0027570965719948435
GPE-19,adapted,aa_V,0.05263157933950424,-0.002505139941167874
GPE-19,adapted,aa_W,0.0,-0.00744838207624694
GPE-19,adapted,aa_Y,0.0,-0.0017651983384951453
GPE-19,adapted,dipep_AA,0.0,-0.0021853704056915622
GPE-19,adapted,dipep_AC,0.0,0.0
GPE-19,adapted,dipep_AD,0.0,-1.1315225285194446e-05
GPE-19,adapted,dipep_AE,0.0,-2.1225255416081844e-05
GPE-19,adapted,dipep_AF,0.0,0.00010399330089858393
GPE-19,adapted,dipep_AG,0.0,-0.00014676494069937494
GPE-19,adapted,dipep_AH,0.0,-0.0002181868071784962
GPE-19,adapted,dipep_AI,0.0,-0.0051050290494690205
GPE-19,adapted,dipep_AK,0.0,-0.0020216438397010305
GPE-19,adapted,dipep_AL,0.0,-0.00331391400143417
GPE-19,adapted,dipep_AM,0.0,-0.0001495898804437985
GPE-19,adapted,dipep_AN,0.0,-0.00030780233834054723
GPE-19,adapted,dipep_AP,0.0,0.00016897411380059933
GPE-19,adapted,dipep_AQ,0.0,-0.0011783724549446443
GPE-19,adapted,dipep_AR,0.0,-2.0585206728585283e-05
GPE-19,adapted,dipep_AS,0.0,-0.00029468234928667954
GPE-19,adapted,dipep_AT,0.0,-0.00013941744368861487
GPE-19,adapted,dipep_AV,0.0,-0.002911905569304293
GPE-19,adapted,dipep_AW,0.0,-7.65845017916789e-05
GPE-19,adapted,dipep_AY,0.0,-0.00011497473578299896
GPE-19,adapted,dipep_CA,0.0,3.212247223829303e-05
GPE-19,adapted,dipep_CC,0.0,-0.00040851066585171524
GPE-19,adapted,dipep_CD,0.0,-4.043319659615254e-05
GPE-19,adapted,dipep_CE,0.0,-6.9262666580465e-05
GPE-19,adapted,dipep_CF,0.0,-1.1710470404394441e-05
GPE-19,adapted,dipep_CG,0.0,-0.004239416512194963
GPE-19,adapted,dipep_CH,0.0,-6.0245304699869146e-05
GPE-19,adapted,dipep_CI,0.0,-0.00011740170824652464
GPE-19,adapted,dipep_CK,0.0,-0.00019569210555274867
GPE-19,adapted,dipep_CL,0.0,-8.455459172854525e-05
GPE-19,adapted,dipep_CM,0.0,0.0
GPE-19,adapted,dipep_CN,0.0,-0.00011221998432836254
GPE-19,adapted,dipep_CP,0.0,-0.00012648163016050395
GPE-19,adapted,dipep_CQ,0.0,0.0
GPE-19,adapted,dipep_CR,0.0,2.1796543761707827e-05
GPE-19,adapted,dipep_CS,0.0,-0.00032362130547845136
GPE-19,adapted,dipep_CT,0.0,-8.975084604414685e-05
GPE-19,adapted,dipep_CV,0.0,-0.00012130140030594407
GPE-19,adapted,dipep_CW,0.0,-0.00012259154300249225
GPE-19,adapted,dipep_CY,0.0,-0.0002783062293687576
GPE-19,adapted,dipep_DA,0.0,0.0
GPE-19,adapted,dipep_DC,0.0,0.0
GPE-19,adapted,dipep_DD,0.0,-9.044455526103424e-05
GPE-19,adapted,dipep_DE,0.0,-0.00035083830392200076
GPE-19,adapted,dipep_DF,0.0,-0.0008291534159114033
GPE-19,adapted,dipep_DG,0.0,-0.0022639302610595706
GPE-19,adapted,dipep_DH,0.0,-0.00012343664344472737
GPE-19,adapted,dipep_DI,0.0,-1.9276315940240204e-05
GPE-19,adapted,dipep_DK,0.0,6.256850811331908e-05
GPE-19,adapted,dipep_DL,0.0,-0.0002399872547764734
GPE-19,adapted,dipep_DM,0.0,-1.0340471784025144e-05
GPE-19,adapted,dipep_DN,0.0,0.0
GPE-19,adapted,dipep_DP,0.0,0.0
GPE-19,adapted,dipep_DQ,0.0,-5.891785588081323e-05
GPE-19,adapted,dipep_DR,0.0,-0.00015009463063682084
GPE-19,adapted,dipep_DS,0.0,-5.767592115045426e-06
GPE-19,adapted,dipep_DT,0.0,8.24617839141536e-06
GPE-19,adapted,dipep_DV,0.0,0.00015560109029786118
GPE-19,adapted,dipep_DW,0.0,0.0
GPE-19,adapted,dipep_DY,0.0,-5.140651055699809e-05
GPE-19,adapted,dipep_EA,0.0,-0.0022012752606778126
GPE-19,adapted,dipep_EC,0.0,-0.0002077155907463332
GPE-19,adapted,dipep_ED,0.0,-2.329086128458363e-05
GPE-19,adapted,dipep_EE,0.0,-0.0002399922041278923
GPE-19,adapted,dipep_EF,0.0,-0.0010017255992401941
GPE-19,adapted,dipep_EG,0.0,-0.0055249260719233365
GPE-19,adapted,dipep_EH,0.0,3.1074332142865255e-05
GPE-19,adapted,dipep_EI,0.0,-1.9084286640009443e-05
GPE-19,adapted,dipep_EK,0.0,0.00043490358390367974
GPE-19,adapted,dipep_EL,0.0,-3.907979955549809e-06
GPE-19,adapted,dipep_EM,0.0,0.0
GPE-19,adapted,dipep_EN,0.0555555559694767,0.014617517317818242
GPE-19,adapted,dipep_EP,0.0,-8.62271344444446e-06
GPE-19,adapted,dipep_EQ,0.0,-0.00014989943437468772
GPE-19,adapted,dipep_ER,0.0,0.0
GPE-19,adapted,dipep_ES,0.0,-0.0006032385948811791
GPE-19,adapted,dipep_ET,0.0,0.0
GPE-19,adapted,dipep_EV,0.0,9.459211229140875e-05
GPE-19,adapted,dipep_EW,0.0,0.0
GPE-19,adapted,dipep_EY,0.0,-3.117337579578602e-05
GPE-19,adapted,dipep_FA,0.0,-0.00011248778621766754
GPE-19,adapted,dipep_FC,0.0,-0.00044362732363845603
GPE-19,adapted,dipep_FD,0.0,-3.810256875258505e-05
GPE-19,adapted,dipep_FE,0.0,-0.001909486127445602
GPE-19,adapted,dipep_FF,0.0,-0.0010974300846858956
GPE-19,adapted,dipep_FG,0.0,-0.0007329435061641944
GPE-19,adapted,dipep_FH,0.0,-0.00029481785932224027
GPE-19,adapted,dipep_FI,0.0,-0.0021061349197665593
GPE-19,adapted,dipep_FK,0.0,-0.0013463711449288502
GPE-19,adapted,dipep_FL,0.0,-0.011573085302482775
GPE-19,adapted,dipep_FM,0.0555555559694767,0.00032105917425184007
GPE-19,adapted,dipep_FN,0.0,0.0
GPE-19,adapted,dipep_FP,0.0,-8.753247754109021e-05
GPE-19,adapted,dipep_FQ,0.0,-0.00031505270913754905
GPE-19,adapted,dipep_FR,0.0,-0.0002812558704672174
GPE-19,adapted,dipep_FS,0.0555555559694767,0.0023751060501561623
GPE-19,adapted,dipep_FT,0.0,-0.00030211935075898815
GPE-19,adapted,dipep_FV,0.0,-0.00014799557187809677
GPE-19,adapted,dipep_FW,0.0,-1.0038900884128946e-05
GPE-19,adapted,dipep_FY,0.0,-6.506122512046728e-05
GPE-19,adapted,dipep_GA,0.0,-0.0006531617226672339
GPE-19,adapted,dipep_GC,0.0,-0.00019577468905903226
GPE-19,adapted,dipep_GD,0.0,-0.0004294030666459236
GPE-19,adapted,dipep_GE,0.0,2.1160774200298628e-05
GPE-19,adapted,dipep_GF,0.0,-0.0037234307766188645
GPE-19,adapted,dipep_GG,0.0,-0.00026822331746213383
GPE-19,adapted,dipep_GH,0.0,-0.00035607390330650473
GPE-19,adapted,dipep_GI,0.0,-0.0003465444712612818
GPE-19,adapted,dipep_GK,0.0,-0.0007206562405930594
GPE-19,adapted,dipep_GL,0.0,-0.0026779050113262047
GPE-19,adapted,dipep_GM,0.0,-0.003932685760611197
GPE-19,adapted,dipep_GN,0.0,2.2381168346238204e-06
GPE-19,adapted,dipep_GP,0.0555555559694767,-0.00414907513579434
GPE-19,adapted,dipep_GQ,0.0,0.00019622087813491853
GPE-19,adapted,dipep_GR,0.0,-0.0014597124041031888
GPE-19,adapted,dipep_GS,0.0,-0.00040286023836123846
GPE-19,adapted,dipep_GT,0.0,-0.00019364549484725282
GPE-19,adapted,dipep_GV,0.0,-0.0007867886993760609
GPE-19,adapted,dipep_GW,0.0,-0.00377896775761322
GPE-19,adapted,dipep_GY,0.0,-0.002155318594808132
GPE-19,adapted,dipep_HA,0.0,-0.00038210213901339026
GPE-19,adapted,dipep_HC,0.0,3.8823226227473967e-05
GPE-19,adapted,dipep_HD,0.0,0.0
GPE-19,adapted,dipep_HE,0.0,0.0
GPE-19,adapted,dipep_HF,0.0,-9.998472005541055e-06
GPE-19,adapted,dipep_HG,0.0,-2.4914958501409e-05
GPE-19,adapted,dipep_HH,0.0,-0.00013751311476414298
GPE-19,adapted,dipep_HI,0.0,-0.0004249471665261816
GPE-19,adapted,dipep_HK,0.0,-0.00039418066089979946
GPE-19,adapted,dipep_HL,0.0,-0.00011150393685963393
GPE-19,adapted,dipep_HM,0.0,1.0700305456676087e-05
GPE-19,adapted,dipep_HN,0.0,-5.5115268377057147e-05
GPE-19,adapted,dipep_HP,0.0,0.0
GPE-19,adapted,dipep_HQ,0.0,-8.893090125826271e-05
GPE-19,adapted,dipep_HR,0.0,-0.00013049751480577655
GPE-19,adapted,dipep_HS,0.0,-6.025441328225492e-05
GPE-19,adapted,dipep_HT,0.0,2.4299446277422642e-05
GPE-19,adapted,dipep_HV,0.0,-0.00021903372809492185
GPE-19,adapted,dipep_HW,0.0,0.0
GPE-19,adapted,dipep_HY,0.0,-1.3696585488169383e-05
GPE-19,adapted,dipep_IA,0.0,-0.00019741957034833437
GPE-19,adapted,dipep_IC,0.0,-4.5101555415291884e-05
GPE-19,adapted,dipep_ID,0.0,-0.004513455299613008
GPE-19,adapted,dipep_IE,0.0,-0.006629558771080585
GPE-19,adapted,dipep_IF,0.0,-0.0010968169524351247
GPE-19,adapted,dipep_IG,0.0,-0.0014363893446720703
GPE-19,adapted,dipep_IH,0.0,-0.00012078662680904311
GPE-19,adapted,dipep_II,0.0,-0.0014115441923634052
GPE-19,adapted,dipep_IK,0.0,-0.0023147778422197792
GPE-19,adapted,dipep_IL,0.0,-0.002080295960297314
GPE-19,adapted,dipep_IM,0.0,-1.1067287343872406e-05
GPE-19,adapted,dipep_IN,0.0,-0.00043075240506495284
GPE-19,adapted,dipep_IP,0.0,-0.001268125143416786
GPE-19,adapted,dipep_IQ,0.0,0.00013835256119726873
GPE-19,adapted,dipep_IR,0.0,-9.397760865631889e-05
GPE-19,adapted,dipep_IS,0.0,-0.0023580907901208084
GPE-19,adapted,dipep_IT,0.0,-0.00021133390114953422
GPE-19,adapted,dipep_IV,0.0,-0.0014693462297163242
GPE-19,adapted,dipep_IW,0.0,-0.0002284714057819828
GPE-19,adapted,dipep_IY,0.0,0.0
GPE-19,adapted,dipep_KA,0.0,-0.00022376522076381165
GPE-19,adapted,dipep_KC,0.0,-0.0010154115139126237
GPE-19,adapted,dipep_KD,0.0,-0.0009310223274767126
GPE-19,adapted,dipep_KE,0.0,-0.001072881456135128
GPE-19,adapted,dipep_KF,0.0,-0.0007106126289993041
GPE-19,adapted,dipep_KG,0.0,2.086462791612014e-05
GPE-19,adapted,dipep_KH,0.0,-0.0002495911312732778
GPE-19,adapted,dipep_KI,0.0,-0.002921490816364663
GPE-19,adapted,dipep_KK,0.0,-0.005029081488736266
GPE-19,adapted,dipep_KL,0.0,-0.0007824522618239824
GPE-19,adapted,dipep_KM,0.1111111119389534,-0.0052897454286999785
GPE-19,adapted,dipep_KN,0.0555555559694767,-0.003105365175433296
GPE-19,adapted,dipep_KP,0.0,-5.6150417854856676e-05
GPE-19,adapted,dipep_KQ,0.0,-0.0002360387271617314
GPE-19,adapted,dipep_KR,0.0,0.0004554663054604134
GPE-19,adapted,dipep_KS,0.0555555559694767,-0.005553152498709703
GPE-19,adapted,dipep_KT,0.0,-0.0013310589227645525
GPE-19,adapted,dipep_KV,0.0,-0.0031808628624381496
GPE-19,adapted,dipep_KW,0.0,-0.0001115533912917117
GPE-19,adapted,dipep_KY,0.0,-0.00046769722519634686
GPE-19,adapted,dipep_LA,0.0,-0.00036328534894297855
GPE-19,adapted,dipep_LC,0.0,-0.00011366941995305284
GPE-19,adapted,dipep_LD,0.0,-0.0002922265771573284
GPE-19,adapted,dipep_LE,0.0,-5.745070749139221e-05
GPE-19,adapted,dipep_LF,0.0,-0.011239567561793184
GPE-19,adapted,dipep_LG,0.0,-0.0014149296896073555
GPE-19,adapted,dipep_LH,0.0,0.00019229888993145642
GPE-19,adapted,dipep_LI,0.0,-0.004696856751034434
GPE-19,adapted,dipep_LK,0.0,-0.0028270324641670643
GPE-19,adapted,dipep_LL,0.0,-0.0007163455898755732
GPE-19,adapted,dipep_LM,0.0,-0.00017180775714126996
GPE-19,adapted,dipep_LN,0.0,-0.0002698347387207121
GPE-19,adapted,dipep_LP,0.0,-0.002430340785992509
GPE-19,adapted,dipep_LQ,0.0,-0.00013031373645078063
GPE-19,adapted,dipep_LR,0.0,0.00015887405972713744
GPE-19,adapted,dipep_LS,0.0,-0.0012807046089759685
GPE-19,adapted,dipep_LT,0.0,-0.00024748465516293304
GPE-19,adapted,dipep_LV,0.0555555559694767,0.003688009557074102
GPE-19,adapted,dipep_LW,0.0,-0.0007616654038968879
GPE-19,adapted,dipep_LY,0.0,-7.123986976906715e-05
GPE-19,adapted,dipep_MA,0.0,-0.00017014495231335914
GPE-19,adapted,dipep_MC,0.0,-5.052362475327119e-06
GPE-19,adapted,dipep_MD,0.0,-0.0001517698569579516
GPE-19,adapted,dipep_ME,0.0,-3.5582774099106083e-05
GPE-19,adapted,dipep_MF,0.0555555559694767,-0.0027722886368217376
GPE-19,adapted,dipep_MG,0.0,-0.00012568402534127317
GPE-19,adapted,dipep_MH,0.0,0.0
GPE-19,adapted,dipep_MI,0.0,-0.0019715947519546844
GPE-19,adapted,dipep_MK,0.1111111119389534,-0.0029657699784567102
GPE-19,adapted,dipep_ML,0.0,1.1653045681735894e-05
GPE-19,adapted,dipep_MM,0.0,-8.408607234780913e-05
GPE-19,adapted,dipep_MN,0.0,-9.248413632566665e-05
GPE-19,adapted,dipep_MP,0.0,0.0
GPE-19,adapted,dipep_MQ,0.0,-3.0406925175925498e-05
GPE-19,adapted,dipep_MR,0.0,-0.00024087777721790025
GPE-19,adapted,dipep_MS,0.0,-5.8690554489939514e-05
GPE-19,adapted,dipep_MT,0.0,-0.00039027805268899914
GPE-19,adapted,dipep_MV,0.0,-4.9961391968437774e-05
GPE-19,adapted,dipep_MW,0.0,-4.509980212293449e-06
GPE-19,adapted,dipep_MY,0.0,0.0
GPE-19,adapted,dipep_NA,0.0,-0.0005475627956208589
GPE-19,adapted,dipep_NC,0.0,-4.4776059528803375e-05
GPE-19,adapted,dipep_ND,0.0,0.0
GPE-19,adapted,dipep_NE,0.0,3.187404394831395e-05
GPE-19,adapted,dipep_NF,0.0555555559694767,-0.0018669057130309182
GPE-19,adapted,dipep_NG,0.0,-0.004450699665172082
GPE-19,adapted,dipep_NH,0.0,0.0
GPE-19,adapted,dipep_NI,0.0,1.4023555789265366e-05
GPE-19,adapted,dipep_NK,0.0,9.012083362316973e-05
GPE-19,adapted,dipep_NL,0.0555555559694767,-0.0021020750067615715
GPE-19,adapted,dipep_NM,0.0,-9.047727503272737e-06
GPE-19,adapted,dipep_NN,0.0,0.0
GPE-19,adapted,dipep_NP,0.0,-3.8654271539951805e-05
GPE-19,adapted,dipep_NQ,0.0,-0.0006133215923582621
GPE-19,adapted,dipep_NR,0.0,7.286216197821995e-05
GPE-19,adapted,dipep_NS,0.0,0.0
GPE-19,adapted,dipep_NT,0.0,-0.0025364500986263232
GPE-19,adapted,dipep_NV,0.0,-0.00012603070613351774
GPE-19,adapted,dipep_NW,0.0,3.6516470116045994e-05
GPE-19,adapted,dipep_NY,0.0,-6.714024056872463e-05
GPE-19,adapted,dipep_PA,0.0,-0.000499898714495763
GPE-19,adapted,dipep_PC,0.0,-0.00022941293950207427
GPE-19,adapted,dipep_PD,0.0,0.0
GPE-19,adapted,dipep_PE,0.0555555559694767,0.001708732970027777
GPE-19,adapted,dipep_PF,0.0,-0.00016440559503911575
GPE-19,adapted,dipep_PG,0.0,0.00012868058791153496
GPE-19,adapted,dipep_PH,0.0,-0.0001324745589777025
GPE-19,adapted,dipep_PI,0.0,-0.00013413598615972004
GPE-19,adapted,dipep_PK,0.0,-0.0006338775193645082
GPE-19,adapted,dipep_PL,0.0,-0.00013927771205197645
GPE-19,adapted,dipep_PM,0.0,0.0
GPE-19,adapted,dipep_PN,0.0,3.3989174979497366e-05
GPE-19,adapted,dipep_PP,0.0,0.0
GPE-19,adapted,dipep_PQ,0.0,-0.0001873242194132913
GPE-19,adapted,dipep_PR,0.0,-2.3679740760785073e-05
GPE-19,adapted,dipep_PS,0.0,-0.0003175094730485796
GPE-19,adapted,dipep_PT,0.0,-0.0006208745701536679
GPE-19,adapted,dipep_PV,0.0,-0.00027283930578342986
GPE-19,adapted,dipep_PW,0.0,-7.805962488580057e-05
GPE-19,adapted,dipep_PY,0.0,0.0
GPE-19,adapted,dipep_QA,0.0,-0.00019150531741043286
GPE-19,adapted,dipep_QC,0.0,-9.453309735197026e-05
GPE-19,adapted,dipep_QD,0.0,-0.00028404903646873117
GPE-19,adapted,dipep_QE,0.0,0.0
GPE-19,adapted,dipep_QF,0.0,-9.680777495512749e-05
GPE-19,adapted,dipep_QG,0.0,-0.00011932083027859775
GPE-19,adapted,dipep_QH,0.0,-0.0004360860789961164
GPE-19,adapted,dipep_QI,0.0,-0.00011120999121432213
GPE-19,adapted,dipep_QK,0.0,1.8604522030921403e-05
GPE-19,adapted,dipep_QL,0.0,-0.00015322323768400322
GPE-19,adapted,dipep_QM,0.0,-1.778423535809655e-05
GPE-19,adapted,dipep_QN,0.0,-4.029199348284728e-05
GPE-19,adapted,dipep_QP,0.0,-0.0007218119174966
GPE-19,adapted,dipep_QQ,0.0,-0.0004937556468952636
GPE-19,adapted,dipep_QR,0.0,-0.0038319192898693213
GPE-19,adapted,dipep_QS,0.0,-0.0001895392787321052
GPE-19,adapted,dipep_QT,0.0,-6.66031952991902e-06
GPE-19,adapted,dipep_QV,0.0,-1.1358294541588712e-05
GPE-19,adapted,dipep_QW,0.0,-0.00024077963073362746
GPE-19,adapted,dipep_QY,0.0,0.0
GPE-19,adapted,dipep_RA,0.0,-0.0004309407328009694
GPE-19,adapted,dipep_RC,0.0,-1.7088357450501852e-05
GPE-19,adapted,dipep_RD,0.0,-0.00013030477060765405
GPE-19,adapted,dipep_RE,0.0,0.00021112469340079341
GPE-19,adapted,dipep_RF,0.0,0.0006219830120895716
GPE-19,adapted,dipep_RG,0.0,5.282602641967083e-05
GPE-19,adapted,dipep_RH,0.0,-3.393360197632311e-05
GPE-19,adapted,dipep_RI,0.0,-0.0005553715130471594
GPE-19,adapted,dipep_RK,0.0,-0.0039058051690771655
GPE-19,adapted,dipep_RL,0.0,0.001182928354821032
GPE-19,adapted,dipep_RM,0.0,-0.00018892138956230994
GPE-19,adapted,dipep_RN,0.0,-0.0010599432979161126
GPE-19,adapted,dipep_RP,0.0,-1.7365332345932076e-05
GPE-19,adapted,dipep_RQ,0.0,-0.006536220530217432
GPE-19,adapted,dipep_RR,0.0,-0.0005546638766858027
GPE-19,adapted,dipep_RS,0.0,6.555365077091551e-05
GPE-19,adapted,dipep_RT,0.0,-0.00021239387667187077
GPE-19,adapted,dipep_RV,0.0,-3.988661298774337e-06
GPE-19,adapted,dipep_RW,0.0,-0.0006002656891826835
GPE-19,adapted,dipep_RY,0.0,-5.5026795531607555e-06
GPE-19,adapted,dipep_SA,0.0,-0.000328079580664973
GPE-19,adapted,dipep_SC,0.0,-0.00029327580675979017
GPE-19,adapted,dipep_SD,0.0,-1.9829115143292805e-05
GPE-19,adapted,dipep_SE,0.0,0.0
GPE-19,adapted,dipep_SF,0.0,-0.00017933591616909125
GPE-19,adapted,dipep_SG,0.0,-0.00013868112859751928
GPE-19,adapted,dipep_SH,0.0,-0.00010330396784250126
GPE-19,adapted,dipep_SI,0.0,-0.0008868202911691341
GPE-19,adapted,dipep_SK,0.1111111119389534,0.023127793066208976
GPE-19,adapted,dipep_SL,0.0,-0.0012843673629047
GPE-19,adapted,dipep_SM,0.0,0.0
GPE-19,adapted,dipep_SN,0.0,-0.0012607575946906372
GPE-19,adapted,dipep_SP,0.0,0.00033803415511814963
GPE-19,adapted,dipep_SQ,0.0,-8.247575757564062e-05
GPE-19,adapted,dipep_SR,0.0,0.00013711970796742283
GPE-19,adapted,dipep_SS,0.0,-0.000256928282214432
GPE-19,adapted,dipep_ST,0.0,-0.00047275255183049824
GPE-19,adapted,dipep_SV,0.0,-3.651546832565846e-05
GPE-19,adapted,dipep_SW,0.0,-0.0008918767446292473
GPE-19,adapted,dipep_SY,0.0,-0.00010294031818669528
GPE-19,adapted,dipep_TA,0.0,-0.0006768250104172823
GPE-19,adapted,dipep_TC,0.0,-3.8667921888994363e-05
GPE-19,adapted,dipep_TD,0.0,0.0
GPE-19,adapted,dipep_TE,0.0,-0.0004764237901068943
GPE-19,adapted,dipep_TF,0.0,-0.0012968093761803357
GPE-19,adapted,dipep_TG,0.0,-0.0007566501545090271
GPE-19,adapted,dipep_TH,0.0,-0.0002551120443009628
GPE-19,adapted,dipep_TI,0.0,-0.0011519962109491613
GPE-19,adapted,dipep_TK,0.0,-0.000501173829553567
GPE-19,adapted,dipep_TL,0.0,-8.552655518237999e-05
GPE-19,adapted,dipep_TM,0.0,0.0
GPE-19,adapted,dipep_TN,0.0,-8.129108927874853e-05
GPE-19,adapted,dipep_TP,0.0,-0.0004943234692013212
GPE-19,adapted,dipep_TQ,0.0,-0.0001912700573406183
GPE-19,adapted,dipep_TR,0.0,0.00020612491473123243
GPE-19,adapted,dipep_TS,0.0,-0.00012137461193380218
GPE-19,adapted,dipep_TT,0.0,-0.0006809214769364292
GPE-19,adapted,dipep_TV,0.0,-0.000365712025817759
GPE-19,adapted,dipep_TW,0.0,0.0
GPE-19,adapted,dipep_TY,0.0,-1.712244370911055e-05
GPE-19,adapted,dipep_VA,0.0,-0.001633070776528893
GPE-19,adapted,dipep_VC,0.0,-0.0004330204941913866
GPE-19,adapted,dipep_VD,0.0,0.0
GPE-19,adapted,dipep_VE,0.0,-4.233548335794375e-05
GPE-19,adapted,dipep_VF,0.0,-0.00017752360337960278
GPE-19,adapted,dipep_VG,0.0,-0.0005881402992040966
GPE-19,adapted,dipep_VH,0.0,-0.0003911926820102506
GPE-19,adapted,dipep_VI,0.0,-6.473331584331692e-05
GPE-19,adapted,dipep_VK,0.0,0.0003534005784476028
GPE-19,adapted,dipep_VL,0.0,-0.0019342631232645534
GPE-19,adapted,dipep_VM,0.0,0.0
GPE-19,adapted,dipep_VN,0.0,-9.829358495760932e-05
GPE-19,adapted,dipep_VP,0.0,-0.0009307227068231593
GPE-19,adapted,dipep_VQ,0.0,-0.0006054341198348557
GPE-19,adapted,dipep_VR,0.0,0.00032650728328799985
GPE-19,adapted,dipep_VS,0.0555555559694767,3.961296014433899e-05
GPE-19,adapted,dipep_VT,0.0,-0.00018005745011347344
GPE-19,adapted,dipep_VV,0.0,-3.3020925321709045e-05
GPE-19,adapted,dipep_VW,0.0,-6.41888685508813e-05
GPE-19,adapted,dipep_VY,0.0,-6.98053082601396e-05
GPE-19,adapted,dipep_WA,0.0,-8.338719451625811e-05
GPE-19,adapted,dipep_WC,0.0,-0.00016826061597977312
GPE-19,adapted,dipep_WD,0.0,-9.155107693835227e-05
GPE-19,adapted,dipep_WE,0.0,-0.002645442633471959
GPE-19,adapted,dipep_WF,0.0,-0.00040958715249644765
GPE-19,adapted,dipep_WG,0.0,-6.938544653267967e-05
GPE-19,adapted,dipep_WH,0.0,0.0
GPE-19,adapted,dipep_WI,0.0,-0.00168084823132051
GPE-19,adapted,dipep_WK,0.0,-0.0001255181625257594
GPE-19,adapted,dipep_WL,0.0,-0.00024098738971886765
GPE-19,adapted,dipep_WM,0.0,0.0
GPE-19,adapted,dipep_WN,0.0,-0.00017900636899189463
GPE-19,adapted,dipep_WP,0.0,-3.859618167560353e-05
GPE-19,adapted,dipep_WQ,0.0,-0.00010210253649171156
GPE-19,adapted,dipep_WR,0.0,-0.000341386832981239
GPE-19,adapted,dipep_WS,0.0,-0.00028629645389880354
GPE-19,adapted,dipep_WT,0.0,-0.00011204967150386252
GPE-19,adapted,dipep_WV,0.0,-2.7717717262381714e-05
GPE-19,adapted,dipep_WW,0.0,-0.00025205286361383816
GPE-19,adapted,dipep_WY,0.0,-0.00737566760902901
GPE-19,adapted,dipep_YA,0.0,-8.836168247327663e-05
GPE-19,adapted,dipep_YC,0.0,0.00011434289840345699
GPE-19,adapted,dipep_YD,0.0,0.0
GPE-19,adapted,dipep_YE,0.0,3.0901379722422764e-05
GPE-19,adapted,dipep_YF,0.0,-2.0018024938588843e-05
GPE-19,adapted,dipep_YG,0.0,-0.0059484108361987685
GPE-19,adapted,dipep_YH,0.0,0.0
GPE-19,adapted,dipep_YI,0.0,-1.6170456567407124e-05
GPE-19,adapted,dipep_YK,0.0,-6.015725104589777e-05
GPE-19,adapted,dipep_YL,0.0,-0.0002925146005738239
GPE-19,adapted,dipep_YM,0.0,0.0
GPE-19,adapted,dipep_YN,0.0,0.0
GPE-19,adapted,dipep_YP,0.0,0.0
GPE-19,adapted,dipep_YQ,0.0,-0.0006644772357649632
GPE-19,adapted,dipep_YR,0.0,-0.00031589544264565094
GPE-19,adapted,dipep_YS,0.0,-8.646923679366402e-05
GPE-19,adapted,dipep_YT,0.0,-0.0001951202409434801
GPE-19,adapted,dipep_YV,0.0,-5.650747953890796e-05
GPE-19,adapted,dipep_YW,0.0,-9.624115681564765e-06
GPE-19,adapted,dipep_YY,0.0,0.0
TFK-18,adapted,length,33.0,0.031040309393617543
TFK-18,adapted,charge,6.975561618804932,0.002310625356235891
TFK-18,adapted,boman,2.3887879848480225,-0.005117383792258521
TFK-18,adapted,hmoment,0.6990761160850525,0.004502698770096911
TFK-18,adapted,apv,0.22490909695625305,0.006717055283305964
TFK-18,adapted,alpha,1.006969690322876,-0.00021075594805896092
TFK-18,adapted,basic_frac,0.21212121844291687,0.014101021642705441
TFK-18,adapted,acidic_frac,0.0,0.0015934238917412766
TFK-18,adapted,aromatic_frac,0.1515151560306549,0.007273984174350723
TFK-18,adapted,hydrophobic_frac,0.42424243688583374,0.0065718603903615475
TFK-18,adapted,proline_frac,0.06060606241226196,0.0033186377965972926
TFK-18,adapted,glycine_frac,0.03030303120613098,-0.0016701541546637361
TFK-18,adapted,aa_A,0.09090909361839294,0.007973594126653029
TFK-18,adapted,aa_C,0.0,-0.0018422338313582149
TFK-18,adapted,aa_D,0.0,0.0003819892638068927
TFK-18,adapted,aa_E,0.0,-0.0018175672550592677
TFK-18,adapted,aa_F,0.1515151560306549,0.009626281432396428
TFK-18,adapted,aa_G,0.03030303120613098,-0.0005461434319880108
TFK-18,adapted,aa_H,0.0,0.0005352586871784792
TFK-18,adapted,aa_I,0.0,-0.012188508920026628
TFK-18,adapted,aa_K,0.06060606241226196,0.002641362751857968
TFK-18,adapted,aa_L,0.03030303120613098,-0.0009021834280603217
TFK-18,adapted,aa_M,0.03030303120613098,0.004215911789582547
TFK-18,adapted,aa_N,0.09090909361839294,0.0003645577506632423
TFK-18,adapted,aa_P,0.06060606241226196,0.001564301374254992
TFK-18,adapted,aa_Q,0.0,-0.005803412361792825
TFK-18,adapted,aa_R,0.1515151560306549,-0.0031210705486498912
TFK-18,adapted,aa_S,0.09090909361839294,0.004302308146331587
TFK-18,adapted,aa_T,0.09090909361839294,0.005521357156244402
TFK-18,adapted,aa_V,0.12121212482452393,8.372369454663082e-05
TFK-18,adapted,aa_W,0.0,-0.005335565660205194
TFK-18,adapted,aa_Y,0.0,-0.0005075596666637509
TFK-18,adapted,dipep_AA,0.0,-0.0009986296853685764
TFK-18,adapted,dipep_AC,0.0,0.00013427769456913417
TFK-18,adapted,dipep_AD,0.0,0.0
TFK-18,adapted,dipep_AE,0.0,8.160699950348386e-05
TFK-18,adapted,dipep_AF,0.0,2.5509817480385616e-05
TFK-18,adapted,dipep_AG,0.0,3.1981682127927017e-05
TFK-18,adapted,dipep_AH,0.0,3.9125877353356655e-05
TFK-18,adapted,dipep_AI,0.0,-0.004246541410226406
TFK-18,adapted,dipep_AK,0.0,-0.0005505163981161408
TFK-18,adapted,dipep_AL,0.0,-0.0023821003912987285
TFK-18,adapted,dipep_AM,0.0,0.00011034365193885836
TFK-18,adapted,dipep_AN,0.0,-0.0001251508967035506
TFK-18,adapted,dipep_AP,0.0,0.00027066758520440744
TFK-18,adapted,dipep_AQ,0.0,-0.00021449947956278444
TFK-18,adapted,dipep_AR,0.03125,0.0032073930292697587
TFK-18,adapted,dipep_AS,0.03125,0.007804884447868058
TFK-18,adapted,dipep_AT,0.0,0.0001138326867644798
TFK-18,adapted,dipep_AV,0.03125,0.014402394721514692
TFK-18,adapted,dipep_AW,0.0,-4.649759409121902e-06
TFK-18,adapted,dipep_AY,0.0,-8.334175331594147e-05
TFK-18,adapted,dipep_CA,0.0,1.6683695241042443e-05
TFK-18,adapted,dipep_CC,0.0,-9.735657091866415e-05
TFK-18,adapted,dipep_CD,0.0,-7.597522908742237e-06
TFK-18,adapted,dipep_CE,0.0,0.0
TFK-18,adapted,dipep_CF,0.0,0.0
TFK-18,adapted,dipep_CG,0.0,-0.0041369616689847085
TFK-18,adapted,dipep_CH,0.0,1.7139050833544124e-05
TFK-18,adapted,dipep_CI,0.0,8.408856545915308e-05
TFK-18,adapted,dipep_CK,0.0,-6.737758891368434e-05
TFK-18,adapted,dipep_CL,0.0,0.00010052882017475635
TFK-18,adapted,dipep_CM,0.0,0.0
TFK-18,adapted,dipep_CN,0.0,0.00010210822323461389
TFK-18,adapted,dipep_CP,0.0,-3.9173096745189916e-05
TFK-18,adapted,dipep_CQ,0.0,0.0
TFK-18,adapted,dipep_CR,0.0,7.916272275208768e-05
TFK-18,adapted,dipep_CS,0.0,-8.117265840065058e-06
TFK-18,adapted,dipep_CT,0.0,-3.2310232799700464e-05
TFK-18,adapted,dipep_CV,0.0,1.4283107001085935e-05
TFK-18,adapted,dipep_CW,0.0,-1.1612297838634508e-05
TFK-18,adapted,dipep_CY,0.0,-7.167696782464806e-05
TFK-18,adapted,dipep_DA,0.0,7.84079397023955e-05
TFK-18,adapted,dipep_DC,0.0,0.0
TFK-18,adapted,dipep_DD,0.0,-7.523897430283276e-06
TFK-18,adapted,dipep_DE,0.0,-0.00010836604339503978
TFK-18,adapted,dipep_DF,0.0,-0.0004596994240984727
TFK-18,adapted,dipep_DG,0.0,-0.0022523801742651475
TFK-18,adapted,dipep_DH,0.0,0.0
TFK-18,adapted,dipep_DI,0.0,1.8846725624481998e-05
TFK-18,adapted,dipep_DK,0.0,0.0002452626178743889
TFK-18,adapted,dipep_DL,0.0,0.0001623780586013254
TFK-18,adapted,dipep_DM,0.0,0.0
TFK-18,adapted,dipep_DN,0.0,0.0
TFK-18,adapted,dipep_DP,0.0,1.1915960779860481e-05
TFK-18,adapted,dipep_DQ,0.0,-1.0573042126245163e-05
TFK-18,adapted,dipep_DR,0.0,-1.2003906214274916e-05
TFK-18,adapted,dipep_DS,0.0,6.33856486701455e-05
TFK-18,adapted,dipep_DT,0.0,9.221871887378651e-05
TFK-18,adapted,dipep_DV,0.0,0.00029616343487201
TFK-18,adapted,dipep_DW,0.0,0.0
TFK-18,adapted,dipep_DY,0.0,-2.389287508438425e-05
TFK-18,adapted,dipep_EA,0.0,-0.002059564386370591
TFK-18,adapted,dipep_EC,0.0,-2.1688725565842423e-05
TFK-18,adapted,dipep_ED,0.0,-2.815039281343642e-07
TFK-18,adapted,dipep_EE,0.0,-4.293647265784075e-05
TFK-18,adapted,dipep_EF,0.0,-0.0005819461351857099
TFK-18,adapted,dipep_EG,0.0,-0.0072620332393232906
TFK-18,adapted,dipep_EH,0.0,1.7958197467191565e-05
TFK-18,adapted,dipep_EI,0.0,6.503873545563042e-05
TFK-18,adapted,dipep_EK,0.0,0.0005710872934832689
TFK-18,adapted,dipep_EL,0.0,0.00011182633592084893
TFK-18,adapted,dipep_EM,0.0,1.1717581729202688e-05
TFK-18,adapted,dipep_EN,0.0,-0.002085123264948141
TFK-18,adapted,dipep_EP,0.0,1.992764706650576e-05
TFK-18,adapted,dipep_EQ,0.0,0.0
TFK-18,adapted,dipep_ER,0.0,0.00010078687830546329
TFK-18,adapted,dipep_ES,0.0,-0.0003311264910271076
TFK-18,adapted,dipep_ET,0.0,0.0
TFK-18,adapted,dipep_EV,0.0,3.72812693999875e-05
TFK-18,adapted,dipep_EW,0.0,0.0
TFK-18,adapted,dipep_EY,0.0,-8.700514592571747e-05
TFK-18,adapted,dipep_FA,0.0,3.921359566129356e-05
TFK-18,adapted,dipep_FC,0.0,-0.0001646663947684349
TFK-18,adapted,dipep_FD,0.0,-2.9337177077351813e-06
TFK-18,adapted,dipep_FE,0.0,-0.0018798378732074552
TFK-18,adapted,dipep_FF,0.03125,0.005056556190304633
TFK-18,adapted,dipep_FG,0.0,-0.0009732826652586389
TFK-18,adapted,dipep_FH,0.0,-0.00019258646829779934
TFK-18,adapted,dipep_FI,0.0,-0.0018544104146313537
TFK-18,adapted,dipep_FK,0.03125,0.006708840953597878
TFK-18,adapted,dipep_FL,0.03125,0.032909077297481826
TFK-18,adapted,dipep_FM,0.0,-2.6800972712287786e-05
TFK-18,adapted,dipep_FN,0.0,1.2550102340462863e-05
TFK-18,adapted,dipep_FP,0.0,0.00016655484338166967
TFK-18,adapted,dipep_FQ,0.0,-7.120228200817639e-05
TFK-18,adapted,dipep_FR,0.0,0.0002870046257427673
TFK-18,adapted,dipep_FS,0.03125,0.004672278758880387
TFK-18,adapted,dipep_FT,0.0,6.358812908459843e-05
TFK-18,adapted,dipep_FV,0.03125,0.0015698068339689585
TFK-18,adapted,dipep_FW,0.0,-1.234582228209292e-05
TFK-18,adapted,dipep_FY,0.0,-0.00023355774854710848
TFK-18,adapted,dipep_GA,0.0,-0.00010902181363505649
TFK-18,adapted,dipep_GC,0.0,-5.042241096721916e-05
TFK-18,adapted,dipep_GD,0.0,-0.00029599043754315106
TFK-18,adapted,dipep_GE,0.0,3.737988238929655e-05
TFK-18,adapted,dipep_GF,0.03125,0.014999637792653328
TFK-18,adapted,dipep_GG,0.0,0.00024596746567600333
TFK-18,adapted,dipep_GH,0.0,-4.3026700175901326e-05
TFK-18,adapted,dipep_GI,0.0,0.00010088368930916963
TFK-18,adapted,dipep_GK,0.0,0.001351632085486219
TFK-18,adapted,dipep_GL,0.0,-0.0022263396895361117
TFK-18,adapted,dipep_GM,0.0,-0.003152905231778766
TFK-18,adapted,dipep_GN,0.0,5.5017447885787945e-05
TFK-18,adapted,dipep_GP,0.0,0.0003494443756067352
TFK-18,adapted,dipep_GQ,0.0,0.0008105663962072482
TFK-18,adapted,dipep_GR,0.0,-0.0016430810370094886
TFK-18,adapted,dipep_GS,0.0,-0.0004128706538969575
TFK-18,adapted,dipep_GT,0.0,6.900870363430234e-05
TFK-18,adapted,dipep_GV,0.0,5.1563066893809794e-05
TFK-18,adapted,dipep_GW,0.0,-0.004224336593387137
TFK-18,adapted,dipep_GY,0.0,-0.0024567526032877505
TFK-18,adapted,dipep_HA,0.0,-6.475002759643505e-05
TFK-18,adapted,dipep_HC,0.0,2.638844530550916e-05
TFK-18,adapted,dipep_HD,0.0,0.0
TFK-18,adapted,dipep_HE,0.0,0.0
TFK-18,adapted,dipep_HF,0.0,-9.998472005541055e-06
TFK-18,adapted,dipep_HG,0.0,0.0
TFK-18,adapted,dipep_HH,0.0,0.0
TFK-18,adapted,dipep_HI,0.0,-0.0005286315885302886
TFK-18,adapted,dipep_HK,0.0,-0.00011733984345916847
TFK-18,adapted,dipep_HL,0.0,-3.379616566032244e-05
TFK-18,adapted,dipep_HM,0.0,9.202386221911003e-06
TFK-18,adapted,dipep_HN,0.0,6.182634654000272e-06
TFK-18,adapted,dipep_HP,0.0,7.338961522716983e-05
TFK-18,adapted,dipep_HQ,0.0,0.0
TFK-18,adapted,dipep_HR,0.0,5.975231706720079e-05
TFK-18,adapted,dipep_HS,0.0,9.411392645581277e-05
TFK-18,adapted,dipep_HT,0.0,2.4299446277422642e-05
TFK-18,adapted,dipep_HV,0.0,-0.00015064656529521664
TFK-18,adapted,dipep_HW,0.0,0.0
TFK-18,adapted,dipep_HY,0.0,0.0
TFK-18,adapted,dipep_IA,0.0,3.6200425938303267e-07
TFK-18,adapted,dipep_IC,0.0,9.726040126473389e-06
TFK-18,adapted,dipep_ID,0.0,-0.003143975124560633
TFK-18,adapted,dipep_IE,0.0,-0.0059295311197352174
TFK-18,adapted,dipep_IF,0.0,-0.0003104706090086881
TFK-18,adapted,dipep_IG,0.0,-0.0004353722212384891
TFK-18,adapted,dipep_IH,0.0,5.064647070864073e-05
TFK-18,adapted,dipep_II,0.0,-0.0007982167768732614
TFK-18,adapted,dipep_IK,0.0,-0.0015621971216566788
TFK-18,adapted,dipep_IL,0.0,-0.0003220265823232208
TFK-18,adapted,dipep_IM,0.0,-8.517070327100451e-06
TFK-18,adapted,dipep_IN,0.0,-0.00043077919891655196
TFK-18,adapted,dipep_IP,0.0,-0.00048460618781019264
TFK-18,adapted,dipep_IQ,0.0,6.866907521645781e-06
TFK-18,adapted,dipep_IR,0.0,9.511830511756028e-05
TFK-18,adapted,dipep_IS,0.0,-0.0012498341553978788
TFK-18,adapted,dipep_IT,0.0,6.347079609645358e-05
TFK-18,adapted,dipep_IV,0.0,-0.0005796815462142507
TFK-18,adapted,dipep_IW,0.0,-4.773926388042258e-05
TFK-18,adapted,dipep_IY,0.0,-1.116780262826989e-05
TFK-18,adapted,dipep_KA,0.0,0.0006094108734434626
TFK-18,adapted,dipep_KC,0.0,-0.0009402689313134584
TFK-18,adapted,dipep_KD,0.0,-0.0007438599781078234
TFK-18,adapted,dipep_KE,0.0,-0.00024298200198349557
TFK-18,adapted,dipep_KF,0.0,0.0007259745170497481
TFK-18,adapted,dipep_KG,0.0,0.0004707498510962421
TFK-18,adapted,dipep_KH,0.0,3.224025381810411e-05
TFK-18,adapted,dipep_KI,0.0,-0.0016325310118973338
TFK-18,adapted,dipep_KK,0.0,-0.0025568988233953416
TFK-18,adapted,dipep_KL,0.0,0.00028453536119826193
TFK-18,adapted,dipep_KM,0.0,0.00019713431901128143
TFK-18,adapted,dipep_KN,0.0,0.0002730080841308141
TFK-18,adapted,dipep_KP,0.0,3.170128484183633e-05
TFK-18,adapted,dipep_KQ,0.0,-0.00017611527828069465
TFK-18,adapted,dipep_KR,0.03125,0.008297917506764807
TFK-18,adapted,dipep_KS,0.0,-0.0001681706289142481
TFK-18,adapted,dipep_KT,0.0,-8.594109520494439e-05
TFK-18,adapted,dipep_KV,0.03125,0.008152408229367743
TFK-18,adapted,dipep_KW,0.0,-5.267333980880627e-05
TFK-18,adapted,dipep_KY,0.0,-0.00010251380104378619
TFK-18,adapted,dipep_LA,0.0,-0.00017263380688259408
TFK-18,adapted,dipep_LC,0.0,3.5057255209674635e-05
TFK-18,adapted,dipep_LD,0.0,7.316175985083674e-05
TFK-18,adapted,dipep_LE,0.0,0.00011888930624099138
TFK-18,adapted,dipep_LF,0.0,-0.010005587908501538
TFK-18,adapted,dipep_LG,0.0,-0.0002409629125038873
TFK-18,adapted,dipep_LH,0.0,0.0003796700657010176
TFK-18,adapted,dipep_LI,0.0,-0.0036160198325891012
TFK-18,adapted,dipep_LK,0.0,-6.74742721742411e-06
TFK-18,adapted,dipep_LL,0.0,8.074932572093988e-05
TFK-18,adapted,dipep_LM,0.03125,0.0003774988065189068
TFK-18,adapted,dipep_LN,0.0,0.00015414089871053848
TFK-18,adapted,dipep_LP,0.0,-0.0016397703721752735
TFK-18,adapted,dipep_LQ,0.0,-0.00018220100697091777
TFK-18,adapted,dipep_LR,0.0,0.0009823020381647214
TFK-18,adapted,dipep_LS,0.0,-0.0005898356058924419
TFK-18,adapted,dipep_LT,0.0,-0.00019436520570910936
TFK-18,adapted,dipep_LV,0.0,-0.0005718007892861047
TFK-18,adapted,dipep_LW,0.0,-0.00020558116346238218
TFK-18,adapted,dipep_LY,0.0,6.440307281809755e-05
TFK-18,adapted,dipep_MA,0.0,5.9080729415260285e-05
TFK-18,adapted,dipep_MC,0.0,0.0
TFK-18,adapted,dipep_MD,0.0,0.0
TFK-18,adapted,dipep_ME,0.0,-2.506023532176e-05
TFK-18,adapted,dipep_MF,0.0,4.7527141401617866e-05
TFK-18,adapted,dipep_MG,0.0,2.582215719331681e-05
TFK-18,adapted,dipep_MH,0.0,0.0
TFK-18,adapted,dipep_MI,0.0,-0.0023052688595513755
TFK-18,adapted,dipep_MK,0.0,0.00013813895665532134
TFK-18,adapted,dipep_ML,0.0,3.7501952442689454e-05
TFK-18,adapted,dipep_MM,0.0,-1.9079885387327624e-05
TFK-18,adapted,dipep_MN,0.0,4.807955407473018e-05
TFK-18,adapted,dipep_MP,0.0,0.0
TFK-18,adapted,dipep_MQ,0.0,0.0
TFK-18,adapted,dipep_MR,0.03125,0.00426883955735261
TFK-18,adapted,dipep_MS,0.0,-1.4607944570786733e-05
TFK-18,adapted,dipep_MT,0.0,-5.389202985766603e-05
TFK-18,adapted,dipep_MV,0.0,0.0
TFK-18,adapted,dipep_MW,0.0,0.0
TFK-18,adapted,dipep_MY,0.0,6.732926360432224e-06
TFK-18,adapted,dipep_NA,0.0,-0.00011137682535612326
TFK-18,adapted,dipep_NC,0.0,-5.8421224473006325e-06
TFK-18,adapted,dipep_ND,0.0,4.0550743893201544e-05
TFK-18,adapted,dipep_NE,0.0,1.9804144915460798e-05
TFK-18,adapted,dipep_NF,0.0,1.3048108096858975e-05
TFK-18,adapted,dipep_NG,0.03125,0.029338181298475766
TFK-18,adapted,dipep_NH,0.0,6.658883689790087e-05
TFK-18,adapted,dipep_NI,0.0,5.433199177177254e-05
TFK-18,adapted,dipep_NK,0.0,0.00012361724957617992
TFK-18,adapted,dipep_NL,0.0,0.0001273157639608502
TFK-18,adapted,dipep_NM,0.0,-9.047727503272737e-06
TFK-18,adapted,dipep_NN,0.0,8.609828303524328e-06
TFK-18,adapted,dipep_NP,0.0,5.980800354743724e-05
TFK-18,adapted,dipep_NQ,0.0,-5.491897930359555e-05
TFK-18,adapted,dipep_NR,0.0,8.7055110884073e-05
TFK-18,adapted,dipep_NS,0.0,0.00013328197876582507
TFK-18,adapted,dipep_NT,0.0625,0.031824511879192253
TFK-18,adapted,dipep_NV,0.0,4.369308466302965e-05
TFK-18,adapted,dipep_NW,0.0,0.0
TFK-18,adapted,dipep_NY,0.0,-9.788870938750313e-05
TFK-18,adapted,dipep_PA,0.0,-0.0003119890147264918
TFK-18,adapted,dipep_PC,0.0,0.0
TFK-18,adapted,dipep_PD,0.0,2.608382290578421e-05
TFK-18,adapted,dipep_PE,0.0,9.161366137419056e-06
TFK-18,adapted,dipep_PF,0.0,0.00030064950789505907
TFK-18,adapted,dipep_PG,0.0,0.0002962672935333377
TFK-18,adapted,dipep_PH,0.0,-1.1324914723131586e-05
TFK-18,adapted,dipep_PI,0.0,-6.056415376777951e-05
TFK-18,adapted,dipep_PK,0.0,-0.0011289153496944048
TFK-18,adapted,dipep_PL,0.0,0.00011018767141136297
TFK-18,adapted,dipep_PM,0.0,0.0
TFK-18,adapted,dipep_PN,0.0,2.7717347234834655e-05
TFK-18,adapted,dipep_PP,0.0,3.691003973295137e-05
TFK-18,adapted,dipep_PQ,0.0,-2.47506665250526e-05
TFK-18,adapted,dipep_PR,0.0,0.00017811337529908704
TFK-18,adapted,dipep_PS,0.0,5.255863243171066e-05
TFK-18,adapted,dipep_PT,0.03125,0.013580265678074615
TFK-18,adapted,dipep_PV,0.0,5.3393786836271053e-05
TFK-18,adapted,dipep_PW,0.0,0.0
TFK-18,adapted,dipep_PY,0.0,0.0
TFK-18,adapted,dipep_QA,0.0,-1.7785317768376404e-05
TFK-18,adapted,dipep_QC,0.0,-3.1389767125280845e-06
TFK-18,adapted,dipep_QD,0.0,-2.469785384958402e-05
TFK-18,adapted,dipep_QE,0.0,0.0
TFK-18,adapted,dipep_QF,0.0,-9.090457376326059e-05
TFK-18,adapted,dipep_QG,0.0,3.2471863087288936e-05
TFK-18,adapted,dipep_QH,0.0,-0.0004572421058859714
TFK-18,adapted,dipep_QI,0.0,-1.5209759749463128e-05
TFK-18,adapted,dipep_QK,0.0,0.0001364235683843092
TFK-18,adapted,dipep_QL,0.0,-3.229727876025188e-06
TFK-18,adapted,dipep_QM,0.0,-5.12339678650711e-06
TFK-18,adapted,dipep_QN,0.0,8.12576004290002e-07
TFK-18,adapted,dipep_QP,0.0,-0.00011429990330900142
TFK-18,adapted,dipep_QQ,0.0,-0.00048432025641020806
TFK-18,adapted,dipep_QR,0.0,-0.004231751503490076
TFK-18,adapted,dipep_QS,0.0,-8.585563235626415e-05
TFK-18,adapted,dipep_QT,0.0,0.0
TFK-18,adapted,dipep_QV,0.0,0.0
TFK-18,adapted,dipep_QW,0.0,-0.00019068234909037953
TFK-18,adapted,dipep_QY,0.0,0.0
TFK-18,adapted,dipep_RA,0.03125,0.0007409310075657147
TFK-18,adapted,dipep_RC,0.0,0.00012248426308364768
TFK-18,adapted,dipep_RD,0.0,1.7455916622313145e-05
TFK-18,adapted,dipep_RE,0.0,0.0001368686132146427
TFK-18,adapted,dipep_RF,0.0,0.0003322308381749119
TFK-18,adapted,dipep_RG,0.0,0.00023492857990631491
TFK-18,adapted,dipep_RH,0.0,-8.29967430236467e-06
TFK-18,adapted,dipep_RI,0.0,-0.00015325215865180116
TFK-18,adapted,dipep_RK,0.03125,0.013749977250844496
TFK-18,adapted,dipep_RL,0.0,0.0016911444979547466
TFK-18,adapted,dipep_RM,0.0,-4.563217413927078e-05
TFK-18,adapted,dipep_RN,0.0625,0.014705040494392743
TFK-18,adapted,dipep_RP,0.0,0.00016823474122551918
TFK-18,adapted,dipep_RQ,0.0,-0.008282877897892395
TFK-18,adapted,dipep_RR,0.0,0.0003759658554248436
TFK-18,adapted,dipep_RS,0.0,-6.76009672385483e-05
TFK-18,adapted,dipep_RT,0.0,0.0004208653497174591
TFK-18,adapted,dipep_RV,0.03125,0.0006598282113281203
TFK-18,adapted,dipep_RW,0.0,-3.0151427757954583e-05
TFK-18,adapted,dipep_RY,0.0,-0.0004349999144302033
TFK-18,adapted,dipep_SA,0.0,0.0005261267750293906
TFK-18,adapted,dipep_SC,0.0,1.6580028103674038e-05
TFK-18,adapted,dipep_SD,0.0,3.273552792640121e-05
TFK-18,adapted,dipep_SE,0.0,5.7873366973958396e-05
TFK-18,adapted,dipep_SF,0.03125,0.0037183534070783382
TFK-18,adapted,dipep_SG,0.0,2.9844313136499305e-07
TFK-18,adapted,dipep_SH,0.0,-6.102967769147017e-06
TFK-18,adapted,dipep_SI,0.0,-0.000171209441087524
TFK-18,adapted,dipep_SK,0.0,-0.003310902575268878
TFK-18,adapted,dipep_SL,0.0,-0.00033055672676405776
TFK-18,adapted,dipep_SM,0.0,0.0
TFK-18,adapted,dipep_SN,0.03125,0.017400439669557084
TFK-18,adapted,dipep_SP,0.03125,0.002377231340160779
TFK-18,adapted,dipep_SQ,0.0,0.0
TFK-18,adapted,dipep_SR,0.0,-0.0001535487540067077
TFK-18,adapted,dipep_SS,0.0,-5.32838327641973e-06
TFK-18,adapted,dipep_ST,0.0,0.0001445350352298601
TFK-18,adapted,dipep_SV,0.0,0.00021028711920807993
TFK-18,adapted,dipep_SW,0.0,-0.0006385731175501753
TFK-18,adapted,dipep_SY,0.0,7.352621089099879e-06
TFK-18,adapted,dipep_TA,0.0,3.8002130303050515e-05
TFK-18,adapted,dipep_TC,0.0,6.176708024160445e-05
TFK-18,adapted,dipep_TD,0.0,0.0
TFK-18,adapted,dipep_TE,0.0,-0.0004464392754843034
TFK-18,adapted,dipep_TF,0.03125,0.0062841539540898555
TFK-18,adapted,dipep_TG,0.0,-0.0005893959973896644
TFK-18,adapted,dipep_TH,0.0,1.9192755093796183e-07
TFK-18,adapted,dipep_TI,0.0,-0.001266168522111912
TFK-18,adapted,dipep_TK,0.0,-5.781313005350169e-05
TFK-18,adapted,dipep_TL,0.0,0.00031077598218368384
TFK-18,adapted,dipep_TM,0.0,0.0
TFK-18,adapted,dipep_TN,0.0,0.00016608162549695544
TFK-18,adapted,dipep_TP,0.03125,0.009223697545552141
TFK-18,adapted,dipep_TQ,0.0,-3.600241936004253e-05
TFK-18,adapted,dipep_TR,0.03125,0.001350530869763329
TFK-18,adapted,dipep_TS,0.0,-5.645474367618004e-05
TFK-18,adapted,dipep_TT,0.0,-0.000661262657590731
TFK-18,adapted,dipep_TV,0.0,-0.00016710813295730853
TFK-18,adapted,dipep_TW,0.0,-5.204028660366374e-05
TFK-18,adapted,dipep_TY,0.0,2.055407280076681e-05
TFK-18,adapted,dipep_VA,0.0625,0.015760599916060485
TFK-18,adapted,dipep_VC,0.0,-7.132788648638761e-05
TFK-18,adapted,dipep_VD,0.0,1.7322671578358836e-05
TFK-18,adapted,dipep_VE,0.0,2.363732122507288e-05
TFK-18,adapted,dipep_VF,0.03125,0.0037319478727774373
TFK-18,adapted,dipep_VG,0.0,3.4602358220561644e-05
TFK-18,adapted,dipep_VH,0.0,-7.857512920498734e-05
TFK-18,adapted,dipep_VI,0.0,0.00010741920849563041
TFK-18,adapted,dipep_VK,0.0,0.0012095663568953525
TFK-18,adapted,dipep_VL,0.0,-0.0012021870197032971
TFK-18,adapted,dipep_VM,0.0,0.0
TFK-18,adapted,dipep_VN,0.0,9.40024153280093e-05
TFK-18,adapted,dipep_VP,0.0,-0.0006112661695717548
TFK-18,adapted,dipep_VQ,0.0,-0.00022743912078684972
TFK-18,adapted,dipep_VR,0.03125,-0.0024393685539434093
TFK-18,adapted,dipep_VS,0.0,0.0001367168383150042
TFK-18,adapted,dipep_VT,0.0,4.6349870285053535e-05
TFK-18,adapted,dipep_VV,0.0,0.00017127083921427878
TFK-18,adapted,dipep_VW,0.0,-4.0705810968859646e-07
TFK-18,adapted,dipep_VY,0.0,5.31167458498563e-06
TFK-18,adapted,dipep_WA,0.0,0.0
TFK-18,adapted,dipep_WC,0.0,-1.7033206375445376e-05
TFK-18,adapted,dipep_WD,0.0,0.0
TFK-18,adapted,dipep_WE,0.0,-0.0024552955076550145
TFK-18,adapted,dipep_WF,0.0,-0.0007068440829631371
TFK-18,adapted,dipep_WG,0.0,-3.1940481458782004e-05
TFK-18,adapted,dipep_WH,0.0,0.0
TFK-18,adapted,dipep_WI,0.0,-0.0009128204685249488
TFK-18,adapted,dipep_WK,0.0,0.00014182467106427783
TFK-18,adapted,dipep_WL,0.0,5.5060289861781724e-05
TFK-18,adapted,dipep_WM,0.0,0.0
TFK-18,adapted,dipep_WN,0.0,0.00012990800894557966
TFK-18,adapted,dipep_WP,0.0,-7.26630419911838e-06
TFK-18,adapted,dipep_WQ,0.0,-2.2244620417891845e-05
TFK-18,adapted,dipep_WR,0.0,-0.00012991520415075094
TFK-18,adapted,dipep_WS,0.0,-3.855330262244015e-05
TFK-18,adapted,dipep_WT,0.0,3.0402506078731257e-05
TFK-18,adapted,dipep_WV,0.0,-1.2211751899551321e-05
TFK-18,adapted,dipep_WW,0.0,-2.054833282023342e-05
TFK-18,adapted,dipep_WY,0.0,-0.007242729498046066
TFK-18,adapted,dipep_YA,0.0,0.0
TFK-18,adapted,dipep_YC,0.0,0.00014149189839702362
TFK-18,adapted,dipep_YD,0.0,0.0
TFK-18,adapted,dipep_YE,0.0,0.0001203212732893759
TFK-18,adapted,dipep_YF,0.0,6.902572264174412e-05
TFK-18,adapted,dipep_YG,0.0,-0.0048564781031475305
TFK-18,adapted,dipep_YH,0.0,0.0
TFK-18,adapted,dipep_YI,0.0,0.0
TFK-18,adapted,dipep_YK,0.0,9.798184014513662e-05
TFK-18,adapted,dipep_YL,0.0,-9.510114751417893e-05
TFK-18,adapted,dipep_YM,0.0,0.0
TFK-18,adapted,dipep_YN,0.0,0.0
TFK-18,adapted,dipep_YP,0.0,7.98481094057562e-05
TFK-18,adapted,dipep_YQ,0.0,-0.0001996404939124806
TFK-18,adapted,dipep_YR,0.0,3.9455287628596804e-05
TFK-18,adapted,dipep_YS,0.0,-8.839367794486639e-05
TFK-18,adapted,dipep_YT,0.0,-2.015657575890762e-05
TFK-18,adapted,dipep_YV,0.0,-0.0001267681228788086
TFK-18,adapted,dipep_YW,0.0,-2.8617318967423133e-05
TFK-18,adapted,dipep_YY,0.0,3.0647194764832354e-05
LL-37,adapted,length,37.0,0.030961056119230824
LL-37,adapted,charge,5.980287551879883,0.001184338348108457
LL-37,adapted,boman,3.0,-0.010519944445064395
LL-37,adapted,hmoment,0.9663389325141907,0.015021710728068502
LL-37,adapted,apv,0.23275676369667053,0.009371163548680578
LL-37,adapted,alpha,1.076216220855713,0.007725016115701646
LL-37,adapted,basic_frac,0.29729729890823364,-0.002380872931647969
LL-37,adapted,acidic_frac,0.13513512909412384,0.0007330132518236338
LL-37,adapted,aromatic_frac,0.10810811072587967,0.006796463778768403
LL-37,adapted,hydrophobic_frac,0.3513513505458832,-0.002186829807996142
LL-37,adapted,proline_frac,0.027027027681469917,0.00291716158152829
LL-37,adapted,glycine_frac,0.054054055362939835,0.0010506927360590288
LL-37,adapted,aa_A,0.0,-0.005548151701549443
LL-37,adapted,aa_C,0.0,-0.00393211086868348
LL-37,adapted,aa_D,0.054054055362939835,0.0014703934421091145
LL-37,adapted,aa_E,0.0810810774564743,0.002433900244984665
LL-37,adapted,aa_F,0.10810811072587967,0.010506365671870018
LL-37,adapted,aa_G,0.054054055362939835,1.2431607281994475e-05
LL-37,adapted,aa_H,0.0,0.0006163607260984132
LL-37,adapted,aa_I,0.0810810774564743,0.005127997623586107
LL-37,adapted,aa_K,0.1621621549129486,0.004593536058168384
LL-37,adapted,aa_L,0.10810811072587967,0.0011248868453231924
LL-37,adapted,aa_M,0.0,-0.0004220172105236225
LL-37,adapted,aa_N,0.027027027681469917,0.0009517747283585261
LL-37,adapted,aa_P,0.027027027681469917,0.0021233694258860503
LL-37,adapted,aa_Q,0.027027027681469917,0.0033495667825904334
LL-37,adapted,aa_R,0.13513512909412384,0.0020192188514909235
LL-37,adapted,aa_S,0.054054055362939835,0.004233978292671754
LL-37,adapted,aa_T,0.027027027681469917,0.0001753676377871362
LL-37,adapted,aa_V,0.054054055362939835,0.00012486537082924501
LL-37,adapted,aa_W,0.0,-0.004114818264988519
LL-37,adapted,aa_Y,0.0,-0.002155782765187732
LL-37,adapted,dipep_AA,0.0,-0.0005496175427526837
LL-37,adapted,dipep_AC,0.0,1.9352356478249768e-05
LL-37,adapted,dipep_AD,0.0,-5.458983945755926e-06
LL-37,adapted,dipep_AE,0.0,0.00012762910383129226
LL-37,adapted,dipep_AF,0.0,6.169804846847075e-06
LL-37,adapted,dipep_AG,0.0,0.0002034571446168694
LL-37,adapted,dipep_AH,0.0,2.082338222206752e-05
LL-37,adapted,dipep_AI,0.0,-0.004045379386577571
LL-37,adapted,dipep_AK,0.0,-0.00035966942162860585
LL-37,adapted,dipep_AL,0.0,-0.002070697520329445
LL-37,adapted,dipep_AM,0.0,4.208554436385675e-05
LL-37,adapted,dipep_AN,0.0,-0.0001317589024215731
LL-37,adapted,dipep_AP,0.0,0.00025352412364727355
LL-37,adapted,dipep_AQ,0.0,-0.00047377133772013495
LL-37,adapted,dipep_AR,0.0,1.6462777796894443e-05
LL-37,adapted,dipep_AS,0.0,-0.00017132193113472214
LL-37,adapted,dipep_AT,0.0,-5.069160425407393e-05
LL-37,adapted,dipep_AV,0.0,-0.002518680335894072
LL-37,adapted,dipep_AW,0.0,-1.5157130852301566e-05
LL-37,adapted,dipep_AY,0.0,0.0
LL-37,adapted,dipep_CA,0.0,2.1575021717203844e-05
LL-37,adapted,dipep_CC,0.0,-4.210747809973882e-05
LL-37,adapted,dipep_CD,0.0,8.414032077648993e-06
LL-37,adapted,dipep_CE,0.0,2.3716636606843336e-06
LL-37,adapted,dipep_CF,0.0,1.6513362741329296e-05
LL-37,adapted,dipep_CG,0.0,-0.004775978621421464
LL-37,adapted,dipep_CH,0.0,-1.195836495401757e-05
LL-37,adapted,dipep_CI,0.0,3.5859226495043895e-05
LL-37,adapted,dipep_CK,0.0,2.4045675683930943e-05
LL-37,adapted,dipep_CL,0.0,4.388662881682061e-05
LL-37,adapted,dipep_CM,0.0,0.0
LL-37,adapted,dipep_CN,0.0,4.615345779730249e-05
LL-37,adapted,dipep_CP,0.0,-4.068598692058985e-05
LL-37,adapted,dipep_CQ,0.0,0.0
LL-37,adapted,dipep_CR,0.0,-5.977169995515926e-05
LL-37,adapted,dipep_CS,0.0,1.3725334021967573e-06
LL-37,adapted,dipep_CT,0.0,-5.009753684977924e-06
LL-37,adapted,dipep_CV,0.0,-2.493467764583661e-05
LL-37,adapted,dipep_CW,0.0,-1.4908161674330748e-05
LL-37,adapted,dipep_CY,0.0,-0.00010588548361285117
LL-37,adapted,dipep_DA,0.0,4.6538234717496965e-05
LL-37,adapted,dipep_DC,0.0,0.0
LL-37,adapted,dipep_DD,0.0,2.0134333067599458e-05
LL-37,adapted,dipep_DE,0.0,-0.00012792987109732731
LL-37,adapted,dipep_DF,0.0555555559694767,0.02056505683527566
LL-37,adapted,dipep_DG,0.0,-0.0021251028166303443
LL-37,adapted,dipep_DH,0.0,-1.405068294761396e-05
LL-37,adapted,dipep_DI,0.0,-0.00010977527694112707
LL-37,adapted,dipep_DK,0.0,0.0003249942288622953
LL-37,adapted,dipep_DL,0.0,3.0223815577139737e-05
LL-37,adapted,dipep_DM,0.0,0.0
LL-37,adapted,dipep_DN,0.0,0.0
LL-37,adapted,dipep_DP,0.0,1.1915960779860481e-05
LL-37,adapted,dipep_DQ,0.0,-7.780864007816034e-05
LL-37,adapted,dipep_DR,0.0,-1.9511885807249915e-05
LL-37,adapted,dipep_DS,0.0,0.0
LL-37,adapted,dipep_DT,0.0,1.5225124597030663e-05
LL-37,adapted,dipep_DV,0.0,0.0002175361741954133
LL-37,adapted,dipep_DW,0.0,0.0
LL-37,adapted,dipep_DY,0.0,7.243806931831717e-05
LL-37,adapted,dipep_EA,0.0,-0.0018959677755390407
LL-37,adapted,dipep_EC,0.0,-5.7782737880403924e-05
LL-37,adapted,dipep_ED,0.0,6.90908863149854e-05
LL-37,adapted,dipep_EE,0.0,-0.000264183979520698
LL-37,adapted,dipep_EF,0.02777777798473835,0.014810387264012173
LL-37,adapted,dipep_EG,0.0,-0.008020168820030848
LL-37,adapted,dipep_EH,0.0,7.362882253699058e-05
LL-37,adapted,dipep_EI,0.0,1.2590249711320492e-05
LL-37,adapted,dipep_EK,0.02777777798473835,-0.0032863031890395604
LL-37,adapted,dipep_EL,0.0,6.8955606163635e-05
LL-37,adapted,dipep_EM,0.0,0.0
LL-37,adapted,dipep_EN,0.0,-0.002551335605257375
LL-37,adapted,dipep_EP,0.0,-8.62271344444446e-06
LL-37,adapted,dipep_EQ,0.0,-4.556037795624158e-06
LL-37,adapted,dipep_ER,0.0,6.464787486617136e-05
LL-37,adapted,dipep_ES,0.02777777798473835,0.0079506502260606
LL-37,adapted,dipep_ET,0.0,-1.4747110815292082e-05
LL-37,adapted,dipep_EV,0.0,6.670972775438859e-05
LL-37,adapted,dipep_EW,0.0,-2.4237116241818324e-05
LL-37,adapted,dipep_EY,0.0,-7.821271511764955e-06
LL-37,adapted,dipep_FA,0.0,2.2289326692719077e-05
LL-37,adapted,dipep_FC,0.0,-0.00018109485497968592
LL-37,adapted,dipep_FD,0.0,-2.9870691334340066e-05
LL-37,adapted,dipep_FE,0.0,-0.0020137698103395727
LL-37,adapted,dipep_FF,0.02777777798473835,0.007150259195697104
LL-37,adapted,dipep_FG,0.0,-0.0004285248059841943
LL-37,adapted,dipep_FH,0.0,-6.94379957005605e-05
LL-37,adapted,dipep_FI,0.0,-0.002645061620351907
LL-37,adapted,dipep_FK,0.02777777798473835,0.00598316858980555
LL-37,adapted,dipep_FL,0.02777777798473835,0.031978580768478045
LL-37,adapted,dipep_FM,0.0,-4.6525546251444366e-05
LL-37,adapted,dipep_FN,0.0,0.0
LL-37,adapted,dipep_FP,0.0,1.2070539248649604e-05
LL-37,adapted,dipep_FQ,0.0,-5.746187071853241e-05
LL-37,adapted,dipep_FR,0.02777777798473835,0.0014065138071157302
LL-37,adapted,dipep_FS,0.0,-0.00018894826081619637
LL-37,adapted,dipep_FT,0.0,-3.567728850957069e-05
LL-37,adapted,dipep_FV,0.0,-0.00010681748317471941
LL-37,adapted,dipep_FW,0.0,-6.877482600652705e-05
LL-37,adapted,dipep_FY,0.0,-1.805501486884381e-05
LL-37,adapted,dipep_GA,0.0,-0.00011698999455216278
LL-37,adapted,dipep_GC,0.0,-8.760051010946907e-05
LL-37,adapted,dipep_GD,0.02777777798473835,0.00652611136695549
LL-37,adapted,dipep_GE,0.0,5.757029494004461e-05
LL-37,adapted,dipep_GF,0.0,-0.0036305842888175554
LL-37,adapted,dipep_GG,0.0,7.532586994081719e-05
LL-37,adapted,dipep_GH,0.0,-0.00011835135416703967
LL-37,adapted,dipep_GI,0.0,0.00016129110091248522
LL-37,adapted,dipep_GK,0.02777777798473835,0.0014096116892521446
LL-37,adapted,dipep_GL,0.0,-0.0015581978939767007
LL-37,adapted,dipep_GM,0.0,-0.0030702075766006853
LL-37,adapted,dipep_GN,0.0,-1.2665557093873111e-06
LL-37,adapted,dipep_GP,0.0,0.0002509473885284551
LL-37,adapted,dipep_GQ,0.0,0.000728856487779458
LL-37,adapted,dipep_GR,0.0,-0.0021783575723079013
LL-37,adapted,dipep_GS,0.0,-0.00047793184028202085
LL-37,adapted,dipep_GT,0.0,-8.891292833461113e-06
LL-37,adapted,dipep_GV,0.0,-0.00023765636655208297
LL-37,adapted,dipep_GW,0.0,-0.0033001957208866352
LL-37,adapted,dipep_GY,0.0,-0.0025337485086070147
LL-37,adapted,dipep_HA,0.0,-5.355619026526471e-05
LL-37,adapted,dipep_HC,0.0,6.521167153298313e-05
LL-37,adapted,dipep_HD,0.0,0.0
LL-37,adapted,dipep_HE,0.0,0.0
LL-37,adapted,dipep_HF,0.0,-6.212564844912463e-06
LL-37,adapted,dipep_HG,0.0,-5.05709966717643e-05
LL-37,adapted,dipep_HH,0.0,0.0
LL-37,adapted,dipep_HI,0.0,-0.00013195110340346783
LL-37,adapted,dipep_HK,0.0,-7.60336044768563e-05
LL-37,adapted,dipep_HL,0.0,1.7117452418991525e-06
LL-37,adapted,dipep_HM,0.0,9.202386221911003e-06
LL-37,adapted,dipep_HN,0.0,-5.709043244983512e-06
LL-37,adapted,dipep_HP,0.0,2.3362008785464314e-05
LL-37,adapted,dipep_HQ,0.0,-5.176073373269343e-06
LL-37,adapted,dipep_HR,0.0,-3.243770656975749e-05
LL-37,adapted,dipep_HS,0.0,0.00010660305385898991
LL-37,adapted,dipep_HT,0.0,0.00016064404345712878
LL-37,adapted,dipep_HV,0.0,3.736914662238454e-05
LL-37,adapted,dipep_HW,0.0,8.470252310015278e-06
LL-37,adapted,dipep_HY,0.0,0.0
LL-37,adapted,dipep_IA,0.0,-0.0006619645975885696
LL-37,adapted,dipep_IC,0.0,0.0
LL-37,adapted,dipep_ID,0.0,-0.002782149515650513
LL-37,adapted,dipep_IE,0.0,-0.00619211296099833
LL-37,adapted,dipep_IF,0.0,-0.0002630878856443795
LL-37,adapted,dipep_IG,0.02777777798473835,-0.0009567458572849885
LL-37,adapted,dipep_IH,0.0,8.819590430673337e-06
LL-37,adapted,dipep_II,0.0,-0.00039037615221038444
LL-37,adapted,dipep_IK,0.02777777798473835,0.00177483767087871
LL-37,adapted,dipep_IL,0.0,-0.0012518366005460652
LL-37,adapted,dipep_IM,0.0,0.0
LL-37,adapted,dipep_IN,0.0,-0.00022361404641259414
LL-37,adapted,dipep_IP,0.0,-0.00012355430645102276
LL-37,adapted,dipep_IQ,0.0,0.00010478912808101025
LL-37,adapted,dipep_IR,0.0,0.0001716506484274988
LL-37,adapted,dipep_IS,0.0,-0.001704038457087173
LL-37,adapted,dipep_IT,0.0,-8.081247154056118e-05
LL-37,adapted,dipep_IV,0.02777777798473835,0.008215606392084237
LL-37,adapted,dipep_IW,0.0,-1.6944711688465e-05
LL-37,adapted,dipep_IY,0.0,1.7651747547548736e-05
LL-37,adapted,dipep_KA,0.0,-0.00022971975376399908
LL-37,adapted,dipep_KC,0.0,-0.000712252388574547
LL-37,adapted,dipep_KD,0.02777777798473835,0.008418045697134204
LL-37,adapted,dipep_KE,0.0555555559694767,0.011266055947398988
LL-37,adapted,dipep_KF,0.0,0.0007836001322627314
LL-37,adapted,dipep_KG,0.0,0.00029608811429762645
LL-37,adapted,dipep_KH,0.0,5.814353219296031e-05
LL-37,adapted,dipep_KI,0.02777777798473835,0.0039001633943134034
LL-37,adapted,dipep_KK,0.0,-0.0011684272547457903
LL-37,adapted,dipep_KL,0.0,-0.00036341752006951815
LL-37,adapted,dipep_KM,0.0,0.00016955053061634844
LL-37,adapted,dipep_KN,0.0,0.00014946933056017255
LL-37,adapted,dipep_KP,0.0,3.720759947338218e-05
LL-37,adapted,dipep_KQ,0.0,-5.2664254675332156e-05
LL-37,adapted,dipep_KR,0.02777777798473835,0.002241853326659395
LL-37,adapted,dipep_KS,0.02777777798473835,0.0028943834979350013
LL-37,adapted,dipep_KT,0.0,-6.429708510635142e-05
LL-37,adapted,dipep_KV,0.0,-0.0018927381193650638
LL-37,adapted,dipep_KW,0.0,-1.202053250527709e-05
LL-37,adapted,dipep_KY,0.0,-0.00010105798377408453
LL-37,adapted,dipep_LA,0.0,-0.0004717356645822171
LL-37,adapted,dipep_LC,0.0,5.506885672336139e-05
LL-37,adapted,dipep_LD,0.0,-7.132197564128047e-05
LL-37,adapted,dipep_LE,0.0,3.686812109336576e-05
LL-37,adapted,dipep_LF,0.0,-0.008601180918841059
LL-37,adapted,dipep_LG,0.02777777798473835,0.003428845583575333
LL-37,adapted,dipep_LH,0.0,0.00048056481082396976
LL-37,adapted,dipep_LI,0.0,-0.0027261436295267436
LL-37,adapted,dipep_LK,0.0,-6.669410830346623e-05
LL-37,adapted,dipep_LL,0.02777777798473835,-0.00026056842742322705
LL-37,adapted,dipep_LM,0.0,6.625500219235605e-05
LL-37,adapted,dipep_LN,0.0,0.00010983528349719727
LL-37,adapted,dipep_LP,0.0,-0.0010133380593821458
LL-37,adapted,dipep_LQ,0.0,-4.978459994406437e-05
LL-37,adapted,dipep_LR,0.02777777798473835,-0.00025484417542923304
LL-37,adapted,dipep_LS,0.0,-0.00011140563214578421
LL-37,adapted,dipep_LT,0.0,-0.0003473384596679526
LL-37,adapted,dipep_LV,0.02777777798473835,0.004806521595892425
LL-37,adapted,dipep_LW,0.0,-0.00011057483007302289
LL-37,adapted,dipep_LY,0.0,-1.4281803923808303e-05
LL-37,adapted,dipep_MA,0.0,3.0042303569304624e-05
LL-37,adapted,dipep_MC,0.0,0.0
LL-37,adapted,dipep_MD,0.0,0.0
LL-37,adapted,dipep_ME,0.0,-6.321986950911811e-06
LL-37,adapted,dipep_MF,0.0,7.099857946633357e-05
LL-37,adapted,dipep_MG,0.0,-2.6811578978352957e-05
LL-37,adapted,dipep_MH,0.0,0.0
LL-37,adapted,dipep_MI,0.0,-0.0017662862565549554
LL-37,adapted,dipep_MK,0.0,4.577337819058965e-05
LL-37,adapted,dipep_ML,0.0,-0.00020751411566523017
LL-37,adapted,dipep_MM,0.0,-5.707126438182497e-06
LL-37,adapted,dipep_MN,0.0,2.42847784549955e-05
LL-37,adapted,dipep_MP,0.0,0.0
LL-37,adapted,dipep_MQ,0.0,-4.009111172538919e-05
LL-37,adapted,dipep_MR,0.0,-7.742135183163544e-05
LL-37,adapted,dipep_MS,0.0,0.0
LL-37,adapted,dipep_MT,0.0,-0.00012910561117846604
LL-37,adapted,dipep_MV,0.0,0.0
LL-37,adapted,dipep_MW,0.0,0.0
LL-37,adapted,dipep_MY,0.0,6.732926360432224e-06
LL-37,adapted,dipep_NA,0.0,-2.829107982212036e-05
LL-37,adapted,dipep_NC,0.0,3.13614923968192e-05
LL-37,adapted,dipep_ND,0.0,4.0550743893201544e-05
LL-37,adapted,dipep_NE,0.0,-1.022125157049545e-05
LL-37,adapted,dipep_NF,0.0,0.0001310773584260966
LL-37,adapted,dipep_NG,0.0,-0.004612694931895195
LL-37,adapted,dipep_NH,0.0,0.0
LL-37,adapted,dipep_NI,0.0,-2.1368043716444306e-05
LL-37,adapted,dipep_NK,0.0,0.0005039781577602545
LL-37,adapted,dipep_NL,0.02777777798473835,0.004541723826076919
LL-37,adapted,dipep_NM,0.0,-8.40291712725745e-06
LL-37,adapted,dipep_NN,0.0,0.0
LL-37,adapted,dipep_NP,0.0,7.024388321584979e-05
LL-37,adapted,dipep_NQ,0.0,-0.00012555767706475814
LL-37,adapted,dipep_NR,0.0,5.874744853655262e-05
LL-37,adapted,dipep_NS,0.0,0.00018059928865444866
LL-37,adapted,dipep_NT,0.0,-0.0022146274992728013
LL-37,adapted,dipep_NV,0.0,-1.0939145071739562e-05
LL-37,adapted,dipep_NW,0.0,6.761964924964133e-05
LL-37,adapted,dipep_NY,0.0,-3.0837143620661423e-06
LL-37,adapted,dipep_PA,0.0,-0.00018221831695550126
LL-37,adapted,dipep_PC,0.0,-2.3899530268038856e-05
LL-37,adapted,dipep_PD,0.0,0.0
LL-37,adapted,dipep_PE,0.0,4.6380311737269706e-05
LL-37,adapted,dipep_PF,0.0,8.120975729055432e-05
LL-37,adapted,dipep_PG,0.0,0.00026876263966096024
LL-37,adapted,dipep_PH,0.0,-8.086131393854813e-05
LL-37,adapted,dipep_PI,0.0,0.0002122205392447295
LL-37,adapted,dipep_PK,0.0,-1.0269301159415727e-05
LL-37,adapted,dipep_PL,0.0,6.6419086584943815e-06
LL-37,adapted,dipep_PM,0.0,0.0
LL-37,adapted,dipep_PN,0.0,6.910432375103347e-06
LL-37,adapted,dipep_PP,0.0,3.691003973295137e-05
LL-37,adapted,dipep_PQ,0.0,-1.6081260621838212e-05
LL-37,adapted,dipep_PR,0.02777777798473835,-0.0020937987122303624
LL-37,adapted,dipep_PS,0.0,-0.00022112309896483182
LL-37,adapted,dipep_PT,0.0,-0.0005101274842589062
LL-37,adapted,dipep_PV,0.0,0.00018801682760257937
LL-37,adapted,dipep_PW,0.0,-7.085456209801472e-06
LL-37,adapted,dipep_PY,0.0,0.0
LL-37,adapted,dipep_QA,0.0,-6.444657479779135e-05
LL-37,adapted,dipep_QC,0.0,-1.711855205939196e-05
LL-37,adapted,dipep_QD,0.0,-4.1322503386879396e-05
LL-37,adapted,dipep_QE,0.0,1.5755505222667664e-05
LL-37,adapted,dipep_QF,0.0,-7.108787187675899e-05
LL-37,adapted,dipep_QG,0.0,0.0001263971809687399
LL-37,adapted,dipep_QH,0.0,-0.0007143813595384189
LL-37,adapted,dipep_QI,0.0,-1.0147902443015072e-05
LL-37,adapted,dipep_QK,0.0,0.00048199216445122997
LL-37,adapted,dipep_QL,0.0,-3.3098994352083495e-05
LL-37,adapted,dipep_QM,0.0,0.0
LL-37,adapted,dipep_QN,0.0,2.4924310943756417e-05
LL-37,adapted,dipep_QP,0.0,-0.00018218295314037812
LL-37,adapted,dipep_QQ,0.0,-0.00031447734075621276
LL-37,adapted,dipep_QR,0.02777777798473835,0.01445431766448201
LL-37,adapted,dipep_QS,0.0,-4.5123834174930304e-05
LL-37,adapted,dipep_QT,0.0,0.0
LL-37,adapted,dipep_QV,0.0,9.234199880595484e-05
LL-37,adapted,dipep_QW,0.0,-2.9917608142349326e-05
LL-37,adapted,dipep_QY,0.0,0.0
LL-37,adapted,dipep_RA,0.0,-0.0003436292289155536
LL-37,adapted,dipep_RC,0.0,-3.219586044268846e-05
LL-37,adapted,dipep_RD,0.0,0.0002748069780470859
LL-37,adapted,dipep_RE,0.0,0.0002161942712311274
LL-37,adapted,dipep_RF,0.0,0.0004238730286024611
LL-37,adapted,dipep_RG,0.0,0.0003161465444045788
LL-37,adapted,dipep_RH,0.0,4.191808066921788e-06
LL-37,adapted,dipep_RI,0.0555555559694767,0.006517808845002238
LL-37,adapted,dipep_RK,0.02777777798473835,0.011806013962642064
LL-37,adapted,dipep_RL,0.0,0.0014950134036561696
LL-37,adapted,dipep_RM,0.0,-0.0001449661534795903
LL-37,adapted,dipep_RN,0.02777777798473835,0.0015395755511970306
LL-37,adapted,dipep_RP,0.0,7.623144240230275e-05
LL-37,adapted,dipep_RQ,0.0,-0.0075432785643380455
LL-37,adapted,dipep_RR,0.0,0.0007627947474718591
LL-37,adapted,dipep_RS,0.0,-0.0003324976968012214
LL-37,adapted,dipep_RT,0.02777777798473835,-0.0032580707370437542
LL-37,adapted,dipep_RV,0.0,-8.542675760532585e-05
LL-37,adapted,dipep_RW,0.0,3.9084947280317515e-05
LL-37,adapted,dipep_RY,0.0,-5.264637692138388e-05
LL-37,adapted,dipep_SA,0.0,-5.3416029309434144e-05
LL-37,adapted,dipep_SC,0.0,-0.00022134490845503624
LL-37,adapted,dipep_SD,0.0,-4.28541263946407e-06
LL-37,adapted,dipep_SE,0.0,7.40203398379459e-05
LL-37,adapted,dipep_SF,0.0,-9.302966512762665e-05
LL-37,adapted,dipep_SG,0.0,-3.5388110715537196e-05
LL-37,adapted,dipep_SH,0.0,0.0
LL-37,adapted,dipep_SI,0.0,-0.0002412109313971442
LL-37,adapted,dipep_SK,0.02777777798473835,0.02242391173274709
LL-37,adapted,dipep_SL,0.0,-1.6100758278130504e-05
LL-37,adapted,dipep_SM,0.0,0.0
LL-37,adapted,dipep_SN,0.0,-0.0009340720846907206
LL-37,adapted,dipep_SP,0.0,0.0001391147839499769
LL-37,adapted,dipep_SQ,0.0,-1.3928450179004918e-05
LL-37,adapted,dipep_SR,0.0,0.00034455990587065646
LL-37,adapted,dipep_SS,0.0,-8.402111019538176e-05
LL-37,adapted,dipep_ST,0.0,-3.403696070239554e-05
LL-37,adapted,dipep_SV,0.0,0.00016342377543046585
LL-37,adapted,dipep_SW,0.0,-0.0005964410063224691
LL-37,adapted,dipep_SY,0.0,-6.974675386390559e-05
LL-37,adapted,dipep_TA,0.0,-0.00032193854018768177
LL-37,adapted,dipep_TC,0.0,8.602391428190995e-05
LL-37,adapted,dipep_TD,0.0,7.459658097426214e-05
LL-37,adapted,dipep_TE,0.02777777798473835,0.013335823671340345
LL-37,adapted,dipep_TF,0.0,-0.0005090055222128491
LL-37,adapted,dipep_TG,0.0,-0.0006056703112258265
LL-37,adapted,dipep_TH,0.0,1.960947070382606e-05
LL-37,adapted,dipep_TI,0.0,-0.0005088162334835441
LL-37,adapted,dipep_TK,0.0,-4.213980701493601e-05
LL-37,adapted,dipep_TL,0.0,4.368442732524208e-05
LL-37,adapted,dipep_TM,0.0,0.0
LL-37,adapted,dipep_TN,0.0,5.192058477854624e-05
LL-37,adapted,dipep_TP,0.0,-0.00040261072518531514
LL-37,adapted,dipep_TQ,0.0,-8.24227912037109e-05
LL-37,adapted,dipep_TR,0.0,0.00023600289543428328
LL-37,adapted,dipep_TS,0.0,-0.0009644630258584951
LL-37,adapted,dipep_TT,0.0,-0.0006000740765272286
LL-37,adapted,dipep_TV,0.0,-0.0001505394846389053
LL-37,adapted,dipep_TW,0.0,6.233862047445829e-06
LL-37,adapted,dipep_TY,0.0,1.222594222050626e-05
LL-37,adapted,dipep_VA,0.0,-0.002117521287696291
LL-37,adapted,dipep_VC,0.0,-7.227698029015207e-05
LL-37,adapted,dipep_VD,0.0,1.7322671578358836e-05
LL-37,adapted,dipep_VE,0.0,-3.633174121038845e-05
LL-37,adapted,dipep_VF,0.0,-0.0003883804278549428
LL-37,adapted,dipep_VG,0.0,-5.674198477449633e-05
LL-37,adapted,dipep_VH,0.0,-0.00019430217767428746
LL-37,adapted,dipep_VI,0.0,2.711229879921935e-05
LL-37,adapted,dipep_VK,0.0,0.0006261913903628651
LL-37,adapted,dipep_VL,0.0,-0.0009954495531278428
LL-37,adapted,dipep_VM,0.0,-1.0585602016739832e-05
LL-37,adapted,dipep_VN,0.0,1.777250269032892e-05
LL-37,adapted,dipep_VP,0.02777777798473835,0.010292066019692033
LL-37,adapted,dipep_VQ,0.02777777798473835,0.005452381235996303
LL-37,adapted,dipep_VR,0.0,0.000402472598808202
LL-37,adapted,dipep_VS,0.0,3.18303474580953e-05
LL-37,adapted,dipep_VT,0.0,-6.69457418531258e-05
LL-37,adapted,dipep_VV,0.0,0.00011324141000891335
LL-37,adapted,dipep_VW,0.0,8.373619452791692e-06
LL-37,adapted,dipep_VY,0.0,-1.3408808724306628e-05
LL-37,adapted,dipep_WA,0.0,0.0
LL-37,adapted,dipep_WC,0.0,0.0
LL-37,adapted,dipep_WD,0.0,0.0
LL-37,adapted,dipep_WE,0.0,-0.0023464127361713175
LL-37,adapted,dipep_WF,0.0,-0.00033738657444747273
LL-37,adapted,dipep_WG,0.0,-4.16523006406085e-05
LL-37,adapted,dipep_WH,0.0,0.0
LL-37,adapted,dipep_WI,0.0,-0.0010006044802792948
LL-37,adapted,dipep_WK,0.0,1.2802598661259299e-05
LL-37,adapted,dipep_WL,0.0,-2.128397102519983e-05
LL-37,adapted,dipep_WM,0.0,0.0
LL-37,adapted,dipep_WN,0.0,-4.9361477162010354e-05
LL-37,adapted,dipep_WP,0.0,-7.26630419911838e-06
LL-37,adapted,dipep_WQ,0.0,-2.2244620417891845e-05
LL-37,adapted,dipep_WR,0.0,-0.00014250832848558228
LL-37,adapted,dipep_WS,0.0,-8.504066722961455e-05
LL-37,adapted,dipep_WT,0.0,3.0402506078731257e-05
LL-37,adapted,dipep_WV,0.0,0.0
LL-37,adapted,dipep_WW,0.0,-8.424744522234534e-05
LL-37,adapted,dipep_WY,0.0,-0.00764811517900646
LL-37,adapted,dipep_YA,0.0,-4.580673724953859e-06
LL-37,adapted,dipep_YC,0.0,0.0001565036821819609
LL-37,adapted,dipep_YD,0.0,0.0
LL-37,adapted,dipep_YE,0.0,0.00011939763301233838
LL-37,adapted,dipep_YF,0.0,-6.694563825581245e-06
LL-37,adapted,dipep_YG,0.0,-0.005524186858835845
LL-37,adapted,dipep_YH,0.0,-1.075988342275629e-05
LL-37,adapted,dipep_YI,0.0,0.0
LL-37,adapted,dipep_YK,0.0,8.762097323182711e-05
LL-37,adapted,dipep_YL,0.0,-0.00016105320062602518
LL-37,adapted,dipep_YM,0.0,0.0
LL-37,adapted,dipep_YN,0.0,0.0
LL-37,adapted,dipep_YP,0.0,0.0
LL-37,adapted,dipep_YQ,0.0,-0.00010579127711464634
LL-37,adapted,dipep_YR,0.0,-0.0001658973782614644
LL-37,adapted,dipep_YS,0.0,-1.9608554033365934e-05
LL-37,adapted,dipep_YT,0.0,-0.00011030333722216833
LL-37,adapted,dipep_YV,0.0,-6.097297646814431e-05
LL-37,adapted,dipep_YW,0.0,-4.269430790489996e-05
LL-37,adapted,dipep_YY,0.0,1.608824702198956e-05
melittin,adapted,length,26.0,0.022088033133279054
melittin,adapted,charge,4.975412845611572,0.0029742198705896357
melittin,adapted,boman,0.5699999928474426,0.019849674408821696
melittin,adapted,hmoment,0.5675710439682007,0.006751744809508078
melittin,adapted,apv,0.21892307698726654,0.006955282275209152
melittin,adapted,alpha,1.043461561203003,0.0061305698243087885
melittin,adapted,basic_frac,0.19230769574642181,0.021362202467040407
melittin,adapted,acidic_frac,0.0,0.002505527586126249
melittin,adapted,aromatic_frac,0.03846153989434242,-0.0032994660404457496
melittin,adapted,hydrophobic_frac,0.4615384638309479,0.011454434578316358
melittin,adapted,proline_frac,0.03846153989434242,0.0035086999964181144
melittin,adapted,glycine_frac,0.11538461595773697,0.006027964337523966
melittin,adapted,aa_A,0.07692307978868484,0.008226732065498003
melittin,adapted,aa_C,0.0,-0.004694876379544854
melittin,adapted,aa_D,0.0,0.0021585786583349395
melittin,adapted,aa_E,0.0,-0.0004444752084693154
melittin,adapted,aa_F,0.0,-0.007477788474761933
melittin,adapted,aa_G,0.11538461595773697,0.005817897057190724
melittin,adapted,aa_H,0.0,0.0024242165086056783
melittin,adapted,aa_I,0.11538461595773697,0.009234527435496739
melittin,adapted,aa_K,0.11538461595773697,0.006097935319068485
melittin,adapted,aa_L,0.1538461595773697,0.006465818229407209
melittin,adapted,aa_M,0.0,0.0009205904695843969
melittin,adapted,aa_N,0.0,0.0004382141770464705
melittin,adapted,aa_P,0.03846153989434242,0.0030663899124780563
melittin,adapted,aa_Q,0.07692307978868484,0.010979571781266547
melittin,adapted,aa_R,0.07692307978868484,0.007672243416025817
melittin,adapted,aa_S,0.03846153989434242,0.006524727520932458
melittin,adapted,aa_T,0.07692307978868484,0.00891931714671281
melittin,adapted,aa_V,0.07692307978868484,0.0010784018759012863
melittin,adapted,aa_W,0.03846153989434242,0.011146327817796807
melittin,adapted,aa_Y,0.0,-0.001267274013869082
melittin,adapted,dipep_AA,0.0,-0.0008839548199190588
melittin,adapted,dipep_AC,0.0,3.883186864897772e-05
melittin,adapted,dipep_AD,0.0,0.0
melittin,adapted,dipep_AE,0.0,5.392802727607559e-05
melittin,adapted,dipep_AF,0.0,0.00011414093711520113
melittin,adapted,dipep_AG,0.0,0.00046361285856978923
melittin,adapted,dipep_AH,0.0,-3.9154804242122414e-05
melittin,adapted,dipep_AI,0.0,-0.0026080525882280024
melittin,adapted,dipep_AK,0.0,-0.0002638771601052206
melittin,adapted,dipep_AL,0.03999999910593033,0.016614898846895564
melittin,adapted,dipep_AM,0.0,0.00012760299550056907
melittin,adapted,dipep_AN,0.0,4.522269538508421e-05
melittin,adapted,dipep_AP,0.0,0.000411430233108273
melittin,adapted,dipep_AQ,0.0,-4.5331820846401155e-05
melittin,adapted,dipep_AR,0.0,0.00017519740375517186
melittin,adapted,dipep_AS,0.0,-0.0003939832630617668
melittin,adapted,dipep_AT,0.0,0.000209858994983938
melittin,adapted,dipep_AV,0.03999999910593033,0.022834906247869168
melittin,adapted,dipep_AW,0.0,1.3586149476953283e-05
melittin,adapted,dipep_AY,0.0,0.0
melittin,adapted,dipep_CA,0.0,0.00017603551013092066
melittin,adapted,dipep_CC,0.0,2.3930844795111303e-05
melittin,adapted,dipep_CD,0.0,0.0
melittin,adapted,dipep_CE,0.0,0.0
melittin,adapted,dipep_CF,0.0,0.0
melittin,adapted,dipep_CG,0.0,-0.004212056176785365
melittin,adapted,dipep_CH,0.0,0.0
melittin,adapted,dipep_CI,0.0,7.768445230667272e-05
melittin,adapted,dipep_CK,0.0,6.979630579251722e-05
melittin,adapted,dipep_CL,0.0,5.70636667481867e-06
melittin,adapted,dipep_CM,0.0,0.0
melittin,adapted,dipep_CN,0.0,5.7381366599910854e-05
melittin,adapted,dipep_CP,0.0,5.909435725588219e-05
melittin,adapted,dipep_CQ,0.0,0.0
melittin,adapted,dipep_CR,0.0,0.00013034528355947644
melittin,adapted,dipep_CS,0.0,3.613360912995405e-05
melittin,adapted,dipep_CT,0.0,-1.704942877448064e-05
melittin,adapted,dipep_CV,0.0,0.0
melittin,adapted,dipep_CW,0.0,0.0
melittin,adapted,dipep_CY,0.0,-2.355785341035859e-05
melittin,adapted,dipep_DA,0.0,4.6946104148121416e-05
melittin,adapted,dipep_DC,0.0,0.0
melittin,adapted,dipep_DD,0.0,0.0
melittin,adapted,dipep_DE,0.0,0.0
melittin,adapted,dipep_DF,0.0,-0.000474403072755924
melittin,adapted,dipep_DG,0.0,-0.0020564873395999142
melittin,adapted,dipep_DH,0.0,0.0
melittin,adapted,dipep_DI,0.0,4.1605012365130884e-05
melittin,adapted,dipep_DK,0.0,0.00026073778631691304
melittin,adapted,dipep_DL,0.0,-5.220286041662849e-05
melittin,adapted,dipep_DM,0.0,0.0
melittin,adapted,dipep_DN,0.0,0.0
melittin,adapted,dipep_DP,0.0,1.1915960779860481e-05
melittin,adapted,dipep_DQ,0.0,0.0
melittin,adapted,dipep_DR,0.0,0.0
melittin,adapted,dipep_DS,0.0,2.172441207850527e-05
melittin,adapted,dipep_DT,0.0,9.298169776707567e-05
melittin,adapted,dipep_DV,0.0,0.00020475767472362703
melittin,adapted,dipep_DW,0.0,0.0
melittin,adapted,dipep_DY,0.0,0.0
melittin,adapted,dipep_EA,0.0,-0.0017865030162748316
melittin,adapted,dipep_EC,0.0,0.0
melittin,adapted,dipep_ED,0.0,1.8932724550021115e-06
melittin,adapted,dipep_EE,0.0,0.0
melittin,adapted,dipep_EF,0.0,-0.000665074819281
melittin,adapted,dipep_EG,0.0,-0.007081385067889911
melittin,adapted,dipep_EH,0.0,2.71849336845919e-05
melittin,adapted,dipep_EI,0.0,0.00010944453173287097
melittin,adapted,dipep_EK,0.0,0.0006332394796027532
melittin,adapted,dipep_EL,0.0,0.0005208478101740727
melittin,adapted,dipep_EM,0.0,0.0
melittin,adapted,dipep_EN,0.0,-0.002092978972359249
melittin,adapted,dipep_EP,0.0,1.992764706650576e-05
melittin,adapted,dipep_EQ,0.0,0.0
melittin,adapted,dipep_ER,0.0,0.0
melittin,adapted,dipep_ES,0.0,-0.00035870454773692624
melittin,adapted,dipep_ET,0.0,0.0
melittin,adapted,dipep_EV,0.0,1.9078370153631107e-05
melittin,adapted,dipep_EW,0.0,0.0
melittin,adapted,dipep_EY,0.0,0.0
melittin,adapted,dipep_FA,0.0,7.408455066673579e-05
melittin,adapted,dipep_FC,0.0,-0.0002734711099486571
melittin,adapted,dipep_FD,0.0,0.0
melittin,adapted,dipep_FE,0.0,-0.0017529217967194972
melittin,adapted,dipep_FF,0.0,-0.0002539505941070068
melittin,adapted,dipep_FG,0.0,-3.8887274294151807e-05
melittin,adapted,dipep_FH,0.0,-4.226597395836529e-05
melittin,adapted,dipep_FI,0.0,-0.002194465866666948
melittin,adapted,dipep_FK,0.0,1.237081943430603e-05
melittin,adapted,dipep_FL,0.0,-0.005951580596287716
melittin,adapted,dipep_FM,0.0,0.0
melittin,adapted,dipep_FN,0.0,3.378248250136983e-05
melittin,adapted,dipep_FP,0.0,-3.0592319088949675e-05
melittin,adapted,dipep_FQ,0.0,5.618564645232743e-06
melittin,adapted,dipep_FR,0.0,0.00027275383468103174
melittin,adapted,dipep_FS,0.0,-6.115885024764154e-05
melittin,adapted,dipep_FT,0.0,8.716261989604672e-06
melittin,adapted,dipep_FV,0.0,0.00010073163735456327
melittin,adapted,dipep_FW,0.0,0.0
melittin,adapted,dipep_FY,0.0,0.0
melittin,adapted,dipep_GA,0.03999999910593033,0.007828286648035122
melittin,adapted,dipep_GC,0.0,9.523161631314688e-05
melittin,adapted,dipep_GD,0.0,-0.00015123043647015136
melittin,adapted,dipep_GE,0.0,2.1160774200298628e-05
melittin,adapted,dipep_GF,0.0,-0.0035180810265786583
melittin,adapted,dipep_GG,0.0,0.0002728074038972815
melittin,adapted,dipep_GH,0.0,-2.0494690808970927e-05
melittin,adapted,dipep_GI,0.03999999910593033,0.003254620214312869
melittin,adapted,dipep_GK,0.0,0.0006458064039260896
melittin,adapted,dipep_GL,0.03999999910593033,0.010342370649526828
melittin,adapted,dipep_GM,0.0,-0.0031791072771660666
melittin,adapted,dipep_GN,0.0,8.59752861227551e-05
melittin,adapted,dipep_GP,0.0,0.00019563378282869205
melittin,adapted,dipep_GQ,0.0,0.0005572559465377814
melittin,adapted,dipep_GR,0.0,-0.0021446684169696374
melittin,adapted,dipep_GS,0.0,9.462867261276116e-05
melittin,adapted,dipep_GT,0.0,3.523224539082233e-06
melittin,adapted,dipep_GV,0.0,0.00013499021969948775
melittin,adapted,dipep_GW,0.0,-0.003986744503977672
melittin,adapted,dipep_GY,0.0,-0.0028991466041309315
melittin,adapted,dipep_HA,0.0,0.00011624456347676504
melittin,adapted,dipep_HC,0.0,2.638844530550916e-05
melittin,adapted,dipep_HD,0.0,0.0
melittin,adapted,dipep_HE,0.0,0.0
melittin,adapted,dipep_HF,0.0,0.0
melittin,adapted,dipep_HG,0.0,2.8783790448911145e-05
melittin,adapted,dipep_HH,0.0,-9.016384766677802e-05
melittin,adapted,dipep_HI,0.0,-1.3107125445577423e-05
melittin,adapted,dipep_HK,0.0,0.0
melittin,adapted,dipep_HL,0.0,0.00012982340480180606
melittin,adapted,dipep_HM,0.0,0.0
melittin,adapted,dipep_HN,0.0,2.411976430414563e-05
melittin,adapted,dipep_HP,0.0,5.540788401338241e-05
melittin,adapted,dipep_HQ,0.0,0.0
melittin,adapted,dipep_HR,0.0,5.743229430931233e-05
melittin,adapted,dipep_HS,0.0,0.00016924007443073764
melittin,adapted,dipep_HT,0.0,2.4299446277422642e-05
melittin,adapted,dipep_HV,0.0,0.0004364784201068334
melittin,adapted,dipep_HW,0.0,0.0
melittin,adapted,dipep_HY,0.0,0.0
melittin,adapted,dipep_IA,0.0,-4.6383741720036186e-05
melittin,adapted,dipep_IC,0.0,2.1724256742873012e-05
melittin,adapted,dipep_ID,0.0,-0.003416619801368677
melittin,adapted,dipep_IE,0.0,-0.005667698868171908
melittin,adapted,dipep_IF,0.0,0.00023281683601953903
melittin,adapted,dipep_IG,0.03999999910593033,0.007470498025812643
melittin,adapted,dipep_IH,0.0,5.578230770627258e-05
melittin,adapted,dipep_II,0.0,-0.00019220971865223634
melittin,adapted,dipep_IK,0.03999999910593033,0.010006401881898967
melittin,adapted,dipep_IL,0.0,-0.00017063714551031562
melittin,adapted,dipep_IM,0.0,-1.1067287343872406e-05
melittin,adapted,dipep_IN,0.0,1.3292495709101479e-05
melittin,adapted,dipep_IP,0.0,-0.0005721045492275722
melittin,adapted,dipep_IQ,0.0,0.0002931091801051463
melittin,adapted,dipep_IR,0.0,0.0003366329053312239
melittin,adapted,dipep_IS,0.03999999910593033,0.01881620294816879
melittin,adapted,dipep_IT,0.0,3.8083860260895194e-05
melittin,adapted,dipep_IV,0.0,-0.00027873790476011707
melittin,adapted,dipep_IW,0.0,-2.1990685252057725e-05
melittin,adapted,dipep_IY,0.0,1.0334115559103266e-05
melittin,adapted,dipep_KA,0.0,0.00020882134885820652
melittin,adapted,dipep_KC,0.0,-0.0002606141243331307
melittin,adapted,dipep_KD,0.0,-0.0002406444929622611
melittin,adapted,dipep_KE,0.0,-0.00019925618976075852
melittin,adapted,dipep_KF,0.0,0.0005700973598597916
melittin,adapted,dipep_KG,0.0,0.0007071716735792939
melittin,adapted,dipep_KH,0.0,0.0
melittin,adapted,dipep_KI,0.0,-0.0004028610667556586
melittin,adapted,dipep_KK,0.0,-0.0015699448972254072
melittin,adapted,dipep_KL,0.0,3.377151390153957e-05
melittin,adapted,dipep_KM,0.0,8.147592794176767e-05
melittin,adapted,dipep_KN,0.0,0.00023654075114828594
melittin,adapted,dipep_KP,0.0,0.00015591867669947738
melittin,adapted,dipep_KQ,0.0,3.996935773181338e-05
melittin,adapted,dipep_KR,0.07999999821186066,0.00529554844197453
melittin,adapted,dipep_KS,0.0,0.00012080619294286363
melittin,adapted,dipep_KT,0.0,4.064752705256491e-05
melittin,adapted,dipep_KV,0.03999999910593033,0.01631817895127988
melittin,adapted,dipep_KW,0.0,8.416200335969552e-05
melittin,adapted,dipep_KY,0.0,5.302849364935907e-06
melittin,adapted,dipep_LA,0.0,0.00032878006406404273
melittin,adapted,dipep_LC,0.0,0.00011457551449411247
melittin,adapted,dipep_LD,0.0,9.878035951719606e-05
melittin,adapted,dipep_LE,0.0,0.0006314444034023053
melittin,adapted,dipep_LF,0.0,-0.008266357824877536
melittin,adapted,dipep_LG,0.0,0.00029082454951991755
melittin,adapted,dipep_LH,0.0,0.0001509239043248018
melittin,adapted,dipep_LI,0.03999999910593033,0.02849589637779344
melittin,adapted,dipep_LK,0.03999999910593033,0.007154291933834316
melittin,adapted,dipep_LL,0.0,0.0016247099597331814
melittin,adapted,dipep_LM,0.0,1.6148005684629337e-05
melittin,adapted,dipep_LN,0.0,4.5857342842770265e-05
melittin,adapted,dipep_LP,0.03999999910593033,0.01884148555687414
melittin,adapted,dipep_LQ,0.0,8.474729649785474e-05
melittin,adapted,dipep_LR,0.0,0.0009848388638413921
melittin,adapted,dipep_LS,0.0,0.0003508772087625042
melittin,adapted,dipep_LT,0.03999999910593033,0.009771738840864533
melittin,adapted,dipep_LV,0.0,0.00012840524176998825
melittin,adapted,dipep_LW,0.0,-0.00011183706878941444
melittin,adapted,dipep_LY,0.0,0.0
melittin,adapted,dipep_MA,0.0,1.1434959313743176e-05
melittin,adapted,dipep_MC,0.0,0.0
melittin,adapted,dipep_MD,0.0,7.427563603522579e-05
melittin,adapted,dipep_ME,0.0,0.0
melittin,adapted,dipep_MF,0.0,7.568476448439135e-05
melittin,adapted,dipep_MG,0.0,0.0
melittin,adapted,dipep_MH,0.0,0.0
melittin,adapted,dipep_MI,0.0,-0.0016083759886970927
melittin,adapted,dipep_MK,0.0,0.00025393537015446356
melittin,adapted,dipep_ML,0.0,2.7061828116319422e-05
melittin,adapted,dipep_MM,0.0,0.0
melittin,adapted,dipep_MN,0.0,0.0
melittin,adapted,dipep_MP,0.0,0.0
melittin,adapted,dipep_MQ,0.0,1.3866343787662938e-05
melittin,adapted,dipep_MR,0.0,-0.00010495721264269694
melittin,adapted,dipep_MS,0.0,0.0
melittin,adapted,dipep_MT,0.0,0.0
melittin,adapted,dipep_MV,0.0,8.903109576102741e-06
melittin,adapted,dipep_MW,0.0,0.0
melittin,adapted,dipep_MY,0.0,6.732926360432224e-06
melittin,adapted,dipep_NA,0.0,-1.2031109364615853e-05
melittin,adapted,dipep_NC,0.0,0.0
melittin,adapted,dipep_ND,0.0,0.0
melittin,adapted,dipep_NE,0.0,-1.1208860206830571e-05
melittin,adapted,dipep_NF,0.0,4.491170508088153e-05
melittin,adapted,dipep_NG,0.0,-0.004863306978268938
melittin,adapted,dipep_NH,0.0,0.0
melittin,adapted,dipep_NI,0.0,3.813515732071535e-05
melittin,adapted,dipep_NK,0.0,0.0004927199048345719
melittin,adapted,dipep_NL,0.0,0.00021042691634909184
melittin,adapted,dipep_NM,0.0,0.0
melittin,adapted,dipep_NN,0.0,0.0
melittin,adapted,dipep_NP,0.0,4.0226212666101394e-05
melittin,adapted,dipep_NQ,0.0,-5.953404993104893e-05
melittin,adapted,dipep_NR,0.0,1.2193374449935106e-05
melittin,adapted,dipep_NS,0.0,0.00015573551368614638
melittin,adapted,dipep_NT,0.0,-0.0014983666599042995
melittin,adapted,dipep_NV,0.0,8.457052833734848e-05
melittin,adapted,dipep_NW,0.0,5.438285352402156e-06
melittin,adapted,dipep_NY,0.0,3.387742531567595e-05
melittin,adapted,dipep_PA,0.03999999910593033,0.004817845933673819
melittin,adapted,dipep_PC,0.0,0.0
melittin,adapted,dipep_PD,0.0,2.608382290578421e-05
melittin,adapted,dipep_PE,0.0,9.95437658239713e-05
melittin,adapted,dipep_PF,0.0,1.091953493899616e-05
melittin,adapted,dipep_PG,0.0,0.0003159955755431867
melittin,adapted,dipep_PH,0.0,-7.46901633113253e-05
melittin,adapted,dipep_PI,0.0,0.0001634131603336522
melittin,adapted,dipep_PK,0.0,-0.00012932165114034203
melittin,adapted,dipep_PL,0.0,0.0010316302849973894
melittin,adapted,dipep_PM,0.0,4.1415804422773655e-05
melittin,adapted,dipep_PN,0.0,6.910432375103347e-06
melittin,adapted,dipep_PP,0.0,3.2918723041956235e-05
melittin,adapted,dipep_PQ,0.0,8.559089313225823e-05
melittin,adapted,dipep_PR,0.0,0.00020261453112531956
melittin,adapted,dipep_PS,0.0,3.7610963416292565e-05
melittin,adapted,dipep_PT,0.0,-0.0006281427666398564
melittin,adapted,dipep_PV,0.0,5.3049742752371225e-05
melittin,adapted,dipep_PW,0.0,0.0
melittin,adapted,dipep_PY,0.0,3.0903320270952254e-05
melittin,adapted,dipep_QA,0.0,0.00012156315075492147
melittin,adapted,dipep_QC,0.0,-2.5319557212999397e-05
melittin,adapted,dipep_QD,0.0,0.0
melittin,adapted,dipep_QE,0.0,0.0
melittin,adapted,dipep_QF,0.0,0.0
melittin,adapted,dipep_QG,0.0,0.00024993792889827345
melittin,adapted,dipep_QH,0.0,-6.605999224919686e-05
melittin,adapted,dipep_QI,0.0,0.0
melittin,adapted,dipep_QK,0.0,0.00017177248186491838
melittin,adapted,dipep_QL,0.0,0.00012012965441557272
melittin,adapted,dipep_QM,0.0,0.0
melittin,adapted,dipep_QN,0.0,8.315759880431428e-05
melittin,adapted,dipep_QP,0.0,2.013301083727517e-05
melittin,adapted,dipep_QQ,0.03999999910593033,0.016667545500548445
melittin,adapted,dipep_QR,0.0,-0.003745063021862711
melittin,adapted,dipep_QS,0.0,0.0
melittin,adapted,dipep_QT,0.0,0.0
melittin,adapted,dipep_QV,0.0,9.232194655697061e-05
melittin,adapted,dipep_QW,0.0,-1.2198892615372905e-05
melittin,adapted,dipep_QY,0.0,0.0
melittin,adapted,dipep_RA,0.0,6.220272425888683e-05
melittin,adapted,dipep_RC,0.0,8.857498804912452e-06
melittin,adapted,dipep_RD,0.0,0.00010604913284834735
melittin,adapted,dipep_RE,0.0,0.0002554459268528
melittin,adapted,dipep_RF,0.0,0.00035936010066552006
melittin,adapted,dipep_RG,0.0,0.00033612436233339255
melittin,adapted,dipep_RH,0.0,5.33928038469574e-05
melittin,adapted,dipep_RI,0.0,4.3351022903953635e-05
melittin,adapted,dipep_RK,0.03999999910593033,0.01417743267762697
melittin,adapted,dipep_RL,0.0,0.0018065523044766096
melittin,adapted,dipep_RM,0.0,-1.0877235541345904e-05
melittin,adapted,dipep_RN,0.0,-0.0004643490807680374
melittin,adapted,dipep_RP,0.0,9.692403832097105e-05
melittin,adapted,dipep_RQ,0.03999999910593033,0.041522181299095115
melittin,adapted,dipep_RR,0.0,0.0003046527082709386
melittin,adapted,dipep_RS,0.0,7.178553104021274e-05
melittin,adapted,dipep_RT,0.0,0.0007005915925144332
melittin,adapted,dipep_RV,0.0,0.0001861771599278479
melittin,adapted,dipep_RW,0.0,6.494959175717126e-05
melittin,adapted,dipep_RY,0.0,7.84737770097848e-06
melittin,adapted,dipep_SA,0.0,0.0005264007712735129
melittin,adapted,dipep_SC,0.0,3.623523472614459e-05
melittin,adapted,dipep_SD,0.0,6.750312074757009e-05
melittin,adapted,dipep_SE,0.0,3.450666171857174e-05
melittin,adapted,dipep_SF,0.0,-1.0653976700376661e-05
melittin,adapted,dipep_SG,0.0,0.00021634956850847005
melittin,adapted,dipep_SH,0.0,2.3349823245130286e-05
melittin,adapted,dipep_SI,0.0,6.196685219255911e-05
melittin,adapted,dipep_SK,0.0,-0.0020945147625882755
melittin,adapted,dipep_SL,0.0,-1.3969139225790359e-05
melittin,adapted,dipep_SM,0.0,5.1080339792594444e-05
melittin,adapted,dipep_SN,0.0,-0.0004043726979461294
melittin,adapted,dipep_SP,0.0,0.00015837629199808614
melittin,adapted,dipep_SQ,0.0,0.0
melittin,adapted,dipep_SR,0.0,0.00021833976405581993
melittin,adapted,dipep_SS,0.0,-7.219088860885971e-06
melittin,adapted,dipep_ST,0.0,-4.8375040257027655e-05
melittin,adapted,dipep_SV,0.0,0.0002374124646920256
melittin,adapted,dipep_SW,0.03999999910593033,0.01995020792274707
melittin,adapted,dipep_SY,0.0,-1.1453588028902969e-05
melittin,adapted,dipep_TA,0.0,8.730945628281793e-05
melittin,adapted,dipep_TC,0.0,7.491618577291254e-05
melittin,adapted,dipep_TD,0.0,4.078073890635803e-05
melittin,adapted,dipep_TE,0.0,-0.00028634258978606816
melittin,adapted,dipep_TF,0.0,-7.76456970165361e-05
melittin,adapted,dipep_TG,0.03999999910593033,0.013346920509883873
melittin,adapted,dipep_TH,0.0,2.5407754132606862e-05
melittin,adapted,dipep_TI,0.0,-0.00042034772002643437
melittin,adapted,dipep_TK,0.0,0.00015634323840423735
melittin,adapted,dipep_TL,0.0,0.0002629137201601698
melittin,adapted,dipep_TM,0.0,0.0
melittin,adapted,dipep_TN,0.0,-3.510810884042071e-05
melittin,adapted,dipep_TP,0.0,-0.00011355558109625814
melittin,adapted,dipep_TQ,0.0,2.3203969463288325e-05
melittin,adapted,dipep_TR,0.0,0.0009439749040525647
melittin,adapted,dipep_TS,0.0,5.28562461655825e-05
melittin,adapted,dipep_TT,0.03999999910593033,0.022659373595647687
melittin,adapted,dipep_TV,0.0,-1.8611782485731194e-05
melittin,adapted,dipep_TW,0.0,3.277344051525207e-05
melittin,adapted,dipep_TY,0.0,2.055407280076681e-05
melittin,adapted,dipep_VA,0.0,-0.0006697558502365107
melittin,adapted,dipep_VC,0.0,4.105105484691914e-05
melittin,adapted,dipep_VD,0.0,4.696051545779888e-05
melittin,adapted,dipep_VE,0.0,0.00013487968906416607
melittin,adapted,dipep_VF,0.0,4.8057448248785675e-05
melittin,adapted,dipep_VG,0.0,0.00024213023607019872
melittin,adapted,dipep_VH,0.0,-3.625028017732503e-05
melittin,adapted,dipep_VI,0.0,0.00041843666965905244
melittin,adapted,dipep_VK,0.0,0.0011461574745061328
melittin,adapted,dipep_VL,0.07999999821186066,0.0210179702120837
melittin,adapted,dipep_VM,0.0,0.0
melittin,adapted,dipep_VN,0.0,8.159444117632265e-05
melittin,adapted,dipep_VP,0.0,-0.00047897442206126664
melittin,adapted,dipep_VQ,0.0,0.00011359269365485092
melittin,adapted,dipep_VR,0.0,0.0008800527398931862
melittin,adapted,dipep_VS,0.0,0.00014318000753306835
melittin,adapted,dipep_VT,0.0,9.826673413373374e-05
melittin,adapted,dipep_VV,0.0,0.00022778516380577977
melittin,adapted,dipep_VW,0.0,0.0
melittin,adapted,dipep_VY,0.0,4.481605073713337e-05
melittin,adapted,dipep_WA,0.0,-0.00015986843192797355
melittin,adapted,dipep_WC,0.0,0.0
melittin,adapted,dipep_WD,0.0,0.0
melittin,adapted,dipep_WE,0.0,-0.0020112557190827
melittin,adapted,dipep_WF,0.0,-1.3433919253635907e-05
melittin,adapted,dipep_WG,0.0,1.332103002866119e-05
melittin,adapted,dipep_WH,0.0,0.0
melittin,adapted,dipep_WI,0.03999999910593033,0.02140609571203419
melittin,adapted,dipep_WK,0.0,6.457899986638988e-05
melittin,adapted,dipep_WL,0.0,0.0004423563444561091
melittin,adapted,dipep_WM,0.0,0.0
melittin,adapted,dipep_WN,0.0,5.60324335067302e-06
melittin,adapted,dipep_WP,0.0,0.0
melittin,adapted,dipep_WQ,0.0,0.0
melittin,adapted,dipep_WR,0.0,1.8589365604643657e-05
melittin,adapted,dipep_WS,0.0,-9.790390479761287e-06
melittin,adapted,dipep_WT,0.0,0.0
melittin,adapted,dipep_WV,0.0,0.0
melittin,adapted,dipep_WW,0.0,-4.484927853280668e-05
melittin,adapted,dipep_WY,0.0,-0.007383290081483185
melittin,adapted,dipep_YA,0.0,-3.346668766734919e-05
melittin,adapted,dipep_YC,0.0,0.0003117078170738132
melittin,adapted,dipep_YD,0.0,0.0
melittin,adapted,dipep_YE,0.0,9.084268543728013e-05
melittin,adapted,dipep_YF,0.0,0.0
melittin,adapted,dipep_YG,0.0,-0.004262567561871626
melittin,adapted,dipep_YH,0.0,0.0
melittin,adapted,dipep_YI,0.0,6.19233173465535e-05
melittin,adapted,dipep_YK,0.0,6.517195622796574e-05
melittin,adapted,dipep_YL,0.0,9.624821560233131e-05
melittin,adapted,dipep_YM,0.0,0.0
melittin,adapted,dipep_YN,0.0,0.0
melittin,adapted,dipep_YP,0.0,0.0
melittin,adapted,dipep_YQ,0.0,-7.499500983774844e-05
melittin,adapted,dipep_YR,0.0,0.00011669114254640995
melittin,adapted,dipep_YS,0.0,2.1867009020268466e-05
melittin,adapted,dipep_YT,0.0,0.0
melittin,adapted,dipep_YV,0.0,3.3400358751672783e-05
melittin,adapted,dipep_YW,0.0,0.0
melittin,adapted,dipep_YY,0.0,1.4558947742842795e-05
GEK-25,adapted,length,25.0,0.0061430036421175
GEK-25,adapted,charge,1.98076593875885,0.001551257831499627
GEK-25,adapted,boman,4.333600044250488,-0.026954456853196716
GEK-25,adapted,hmoment,0.7330045104026794,-0.0012648096638037544
GEK-25,adapted,apv,0.2616400122642517,0.0009095166783070908
GEK-25,adapted,alpha,0.8888000249862671,-0.01752336400978372
GEK-25,adapted,basic_frac,0.2800000011920929,-0.008715182542200798
GEK-25,adapted,acidic_frac,0.20000000298023224,-0.004707006421920148
GEK-25,adapted,aromatic_frac,0.0,-0.01601696296179643
GEK-25,adapted,hydrophobic_frac,0.03999999910593033,-0.025246375441615912
GEK-25,adapted,proline_frac,0.07999999821186066,-0.0032231994752882106
GEK-25,adapted,glycine_frac,0.36000001430511475,0.003635919534661141
GEK-25,adapted,aa_A,0.0,-0.011491699509442491
GEK-25,adapted,aa_C,0.0,-0.0059278006136190345
GEK-25,adapted,aa_D,0.07999999821186066,-0.008066190257396114
GEK-25,adapted,aa_E,0.11999999731779099,0.00412635090752678
GEK-25,adapted,aa_F,0.0,-0.016100654358862508
GEK-25,adapted,aa_G,0.36000001430511475,0.005177919295552439
GEK-25,adapted,aa_H,0.0,-0.000802501080039879
GEK-25,adapted,aa_I,0.0,-0.012535701296146184
GEK-25,adapted,aa_K,0.11999999731779099,0.0013996762664617564
GEK-25,adapted,aa_L,0.0,-0.007679213785106651
GEK-25,adapted,aa_M,0.0,-0.0016753274393843793
GEK-25,adapted,aa_N,0.03999999910593033,-0.00043134544992734985
GEK-25,adapted,aa_P,0.07999999821186066,-0.0020091491830723715
GEK-25,adapted,aa_Q,0.0,-0.006500725330326461
GEK-25,adapted,aa_R,0.1599999964237213,-0.022742762737582283
GEK-25,adapted,aa_S,0.0,-0.0030297591252888318
GEK-25,adapted,aa_T,0.0,-0.00186572376980321
GEK-25,adapted,aa_V,0.03999999910593033,-0.00159841140142086
GEK-25,adapted,aa_W,0.0,-0.005893563804368277
GEK-25,adapted,aa_Y,0.0,-0.002905887381473237
GEK-25,adapted,dipep_AA,0.0,-0.0012738387971819045
GEK-25,adapted,dipep_AC,0.0,-6.308986757932866e-05
GEK-25,adapted,dipep_AD,0.0,-1.1315225285194446e-05
GEK-25,adapted,dipep_AE,0.0,4.285674331224704e-05
GEK-25,adapted,dipep_AF,0.0,-3.9474170563834326e-05
GEK-25,adapted,dipep_AG,0.0,-0.00036426784003054067
GEK-25,adapted,dipep_AH,0.0,-0.00037033060504429455
GEK-25,adapted,dipep_AI,0.0,-0.0046568192049068514
GEK-25,adapted,dipep_AK,0.0,-0.0011884051828753898
GEK-25,adapted,dipep_AL,0.0,-0.002379813268301183
GEK-25,adapted,dipep_AM,0.0,-1.1324425994420944e-05
GEK-25,adapted,dipep_AN,0.0,-0.0006966359975002363
GEK-25,adapted,dipep_AP,0.0,5.1656101510165875e-05
GEK-25,adapted,dipep_AQ,0.0,-0.0019311126742640084
GEK-25,adapted,dipep_AR,0.0,-0.00015785383490143646
GEK-25,adapted,dipep_AS,0.0,-0.0004246594907957856
GEK-25,adapted,dipep_AT,0.0,-0.0001539040720812718
GEK-25,adapted,dipep_AV,0.0,-0.0022190828697860785
GEK-25,adapted,dipep_AW,0.0,-7.640750861374729e-05
GEK-25,adapted,dipep_AY,0.0,-0.00011763692563723915
GEK-25,adapted,dipep_CA,0.0,-0.00011194623976958489
GEK-25,adapted,dipep_CC,0.0,-0.0002685713410024796
GEK-25,adapted,dipep_CD,0.0,-0.00011501359257808865
GEK-25,adapted,dipep_CE,0.0,-0.0001797116514181317
GEK-25,adapted,dipep_CF,0.0,-2.563745258190509e-05
GEK-25,adapted,dipep_CG,0.0,-0.0044246759177643145
GEK-25,adapted,dipep_CH,0.0,-4.153113128003219e-06
GEK-25,adapted,dipep_CI,0.0,-0.00017218066236350966
GEK-25,adapted,dipep_CK,0.0,-8.256486565891286e-05
GEK-25,adapted,dipep_CL,0.0,-2.0540408039040093e-05
GEK-25,adapted,dipep_CM,0.0,0.0
GEK-25,adapted,dipep_CN,0.0,-0.00025494415383083355
GEK-25,adapted,dipep_CP,0.0,-0.00020789511113479816
GEK-25,adapted,dipep_CQ,0.0,0.0
GEK-25,adapted,dipep_CR,0.0,-0.0005830574741896959
GEK-25,adapted,dipep_CS,0.0,-0.00027813436630139983
GEK-25,adapted,dipep_CT,0.0,-6.713538456901609e-05
GEK-25,adapted,dipep_CV,0.0,2.3671002146926958e-05
GEK-25,adapted,dipep_CW,0.0,-0.00013842446028415145
GEK-25,adapted,dipep_CY,0.0,-0.0005631199155896577
GEK-25,adapted,dipep_DA,0.0,0.0
GEK-25,adapted,dipep_DC,0.0,0.0
GEK-25,adapted,dipep_DD,0.0,-0.00014758418301531794
GEK-25,adapted,dipep_DE,0.0,-0.0001970474768686775
GEK-25,adapted,dipep_DF,0.0,-0.0012107643730846095
GEK-25,adapted,dipep_DG,0.0,-0.0018850662149204798
GEK-25,adapted,dipep_DH,0.0,-5.0665366622588066e-05
GEK-25,adapted,dipep_DI,0.0,-2.465380005073444e-05
GEK-25,adapted,dipep_DK,0.0416666679084301,-0.005296153697191006
GEK-25,adapted,dipep_DL,0.0,-0.00014132905300046742
GEK-25,adapted,dipep_DM,0.0,-1.0340471784025144e-05
GEK-25,adapted,dipep_DN,0.0,-9.539571646409397e-06
GEK-25,adapted,dipep_DP,0.0,0.0
GEK-25,adapted,dipep_DQ,0.0,-8.765806472046485e-05
GEK-25,adapted,dipep_DR,0.0,-0.00021106020593888522
GEK-25,adapted,dipep_DS,0.0,-6.93831198955647e-05
GEK-25,adapted,dipep_DT,0.0,-2.457676268457351e-05
GEK-25,adapted,dipep_DV,0.0416666679084301,-0.0016885043363192966
GEK-25,adapted,dipep_DW,0.0,-6.852966236033948e-05
GEK-25,adapted,dipep_DY,0.0,-4.427572322568201e-05
GEK-25,adapted,dipep_EA,0.0,-0.002642769975894264
GEK-25,adapted,dipep_EC,0.0,-0.00040711490018601224
GEK-25,adapted,dipep_ED,0.0,-0.00029468017843276484
GEK-25,adapted,dipep_EE,0.0,-0.00039038945525635046
GEK-25,adapted,dipep_EF,0.0,-0.0007840067193851415
GEK-25,adapted,dipep_EG,0.0,-0.008067968417368692
GEK-25,adapted,dipep_EH,0.0,1.7958197467191565e-05
GEK-25,adapted,dipep_EI,0.0,2.3100795320799648e-05
GEK-25,adapted,dipep_EK,0.0833333358168602,-0.0006632618061459502
GEK-25,adapted,dipep_EL,0.0,4.564834440827156e-05
GEK-25,adapted,dipep_EM,0.0,0.0
GEK-25,adapted,dipep_EN,0.0,-0.0027852237679072533
GEK-25,adapted,dipep_EP,0.0,-8.62271344444446e-06
GEK-25,adapted,dipep_EQ,0.0,-4.7607230038716144e-05
GEK-25,adapted,dipep_ER,0.0416666679084301,-6.460774961692158e-05
GEK-25,adapted,dipep_ES,0.0,-0.0006668315201664889
GEK-25,adapted,dipep_ET,0.0,0.0
GEK-25,adapted,dipep_EV,0.0,6.090344821386112e-05
GEK-25,adapted,dipep_EW,0.0,0.0
GEK-25,adapted,dipep_EY,0.0,-5.025438422049149e-05
GEK-25,adapted,dipep_FA,0.0,-4.963616862907886e-05
GEK-25,adapted,dipep_FC,0.0,0.00010522948550480336
GEK-25,adapted,dipep_FD,0.0,-1.874532372131325e-05
GEK-25,adapted,dipep_FE,0.0,-0.0022236242203568335
GEK-25,adapted,dipep_FF,0.0,-0.0011221852243894937
GEK-25,adapted,dipep_FG,0.0,-0.0009150998786082192
GEK-25,adapted,dipep_FH,0.0,-0.000273072474506469
GEK-25,adapted,dipep_FI,0.0,-0.00348724458323872
GEK-25,adapted,dipep_FK,0.0,-0.0012178906504994402
GEK-25,adapted,dipep_FL,0.0,-0.007537752645594609
GEK-25,adapted,dipep_FM,0.0,-0.00030590732052014657
GEK-25,adapted,dipep_FN,0.0,-1.2502520455023715e-05
GEK-25,adapted,dipep_FP,0.0,-0.00016543182163509122
GEK-25,adapted,dipep_FQ,0.0,-6.396832350297947e-05
GEK-25,adapted,dipep_FR,0.0,7.951780951770731e-05
GEK-25,adapted,dipep_FS,0.0,-0.00017768532775849685
GEK-25,adapted,dipep_FT,0.0,-0.00012370354707347934
GEK-25,adapted,dipep_FV,0.0,-0.00020093350312535446
GEK-25,adapted,dipep_FW,0.0,-3.219056594542715e-05
GEK-25,adapted,dipep_FY,0.0,-4.750733142012072e-05
GEK-25,adapted,dipep_GA,0.0,-0.0007648793587309976
GEK-25,adapted,dipep_GC,0.0,-0.0001885226700840668
GEK-25,adapted,dipep_GD,0.0833333358168602,0.00476360203803864
GEK-25,adapted,dipep_GE,0.125,6.112411031450252e-05
GEK-25,adapted,dipep_GF,0.0,-0.003525413897849234
GEK-25,adapted,dipep_GG,0.0,0.00012123119281157468
GEK-25,adapted,dipep_GH,0.0,-0.0004586262255103456
GEK-25,adapted,dipep_GI,0.0,-0.00016866998091426483
GEK-25,adapted,dipep_GK,0.0,-0.0008079792972645693
GEK-25,adapted,dipep_GL,0.0,-0.004418528887784005
GEK-25,adapted,dipep_GM,0.0,-0.003314655427508699
GEK-25,adapted,dipep_GN,0.0416666679084301,-0.0007257697042678734
GEK-25,adapted,dipep_GP,0.0416666679084301,-0.0025981150334890494
GEK-25,adapted,dipep_GQ,0.0,0.0001499453715587071
GEK-25,adapted,dipep_GR,0.0416666679084301,0.003790864895379701
GEK-25,adapted,dipep_GS,0.0,-0.000707856994986802
GEK-25,adapted,dipep_GT,0.0,-0.00010828004797945956
GEK-25,adapted,dipep_GV,0.0,-0.0004753906882398624
GEK-25,adapted,dipep_GW,0.0,-0.004484202058514606
GEK-25,adapted,dipep_GY,0.0,-0.0035725394100383657
GEK-25,adapted,dipep_HA,0.0,-0.00022976688263005233
GEK-25,adapted,dipep_HC,0.0,0.0
GEK-25,adapted,dipep_HD,0.0,0.0
GEK-25,adapted,dipep_HE,0.0,0.0
GEK-25,adapted,dipep_HF,0.0,-0.00010764353571269678
GEK-25,adapted,dipep_HG,0.0,-7.660529887890805e-05
GEK-25,adapted,dipep_HH,0.0,-9.984696269072476e-05
GEK-25,adapted,dipep_HI,0.0,-0.0004797225850688205
GEK-25,adapted,dipep_HK,0.0,-0.0003127169745584277
GEK-25,adapted,dipep_HL,0.0,-0.00010876218449139787
GEK-25,adapted,dipep_HM,0.0,-1.707865238327561e-05
GEK-25,adapted,dipep_HN,0.0,-9.033480700173641e-05
GEK-25,adapted,dipep_HP,0.0,0.0
GEK-25,adapted,dipep_HQ,0.0,-0.00016415106068577468
GEK-25,adapted,dipep_HR,0.0,-0.00026155872456222386
GEK-25,adapted,dipep_HS,0.0,-0.00010964796038291233
GEK-25,adapted,dipep_HT,0.0,2.4299446277422642e-05
GEK-25,adapted,dipep_HV,0.0,-5.102318492186828e-05
GEK-25,adapted,dipep_HW,0.0,0.0
GEK-25,adapted,dipep_HY,0.0,0.0
GEK-25,adapted,dipep_IA,0.0,-0.0006349903615581363
GEK-25,adapted,dipep_IC,0.0,-0.00020780382040887026
GEK-25,adapted,dipep_ID,0.0,-0.0031486550996418653
GEK-25,adapted,dipep_IE,0.0,-0.006130371379798853
GEK-25,adapted,dipep_IF,0.0,-0.0005106761787404974
GEK-25,adapted,dipep_IG,0.0,-0.0015223640815687787
GEK-25,adapted,dipep_IH,0.0,-0.00020811885154406538
GEK-25,adapted,dipep_II,0.0,-0.0009095585398712771
GEK-25,adapted,dipep_IK,0.0,-0.0022982039413389777
GEK-25,adapted,dipep_IL,0.0,-0.001069307759952619
GEK-25,adapted,dipep_IM,0.0,-0.00013499640843202967
GEK-25,adapted,dipep_IN,0.0,-0.0003523377816137024
GEK-25,adapted,dipep_IP,0.0,-0.0005753949266242861
GEK-25,adapted,dipep_IQ,0.0,-0.00030942555778155423
GEK-25,adapted,dipep_IR,0.0,-0.00014237502742540006
GEK-25,adapted,dipep_IS,0.0,-0.0008741009169270512
GEK-25,adapted,dipep_IT,0.0,-0.0001706540760499958
GEK-25,adapted,dipep_IV,0.0,-0.0009354230808749486
GEK-25,adapted,dipep_IW,0.0,-0.00019725064173934363
GEK-25,adapted,dipep_IY,0.0,-5.359480668136959e-05
GEK-25,adapted,dipep_KA,0.0,-0.00046384611381675373
GEK-25,adapted,dipep_KC,0.0,-0.001014867717415933
GEK-25,adapted,dipep_KD,0.0,-0.0009636402833477463
GEK-25,adapted,dipep_KE,0.0,-0.0009766356841762974
GEK-25,adapted,dipep_KF,0.0,-0.0005556225789256618
GEK-25,adapted,dipep_KG,0.125,-0.001407423618766354
GEK-25,adapted,dipep_KH,0.0,-0.0001610055952876365
GEK-25,adapted,dipep_KI,0.0,-0.0013691372615451621
GEK-25,adapted,dipep_KK,0.0,-0.0034618474252508867
GEK-25,adapted,dipep_KL,0.0,-0.0005130114504368748
GEK-25,adapted,dipep_KM,0.0,9.645055078250654e-05
GEK-25,adapted,dipep_KN,0.0,-0.0003120704326605653
GEK-25,adapted,dipep_KP,0.0,-0.0004809647030285224
GEK-25,adapted,dipep_KQ,0.0,-0.00012982683676752247
GEK-25,adapted,dipep_KR,0.0,-0.0014091581793782965
GEK-25,adapted,dipep_KS,0.0,-0.00015715178777228926
GEK-25,adapted,dipep_KT,0.0,-0.0005628058851526553
GEK-25,adapted,dipep_KV,0.0,-0.0024935339998326225
GEK-25,adapted,dipep_KW,0.0,-6.812219476823222e-05
GEK-25,adapted,dipep_KY,0.0,-0.00036676222327339974
GEK-25,adapted,dipep_LA,0.0,-0.0005593073898082424
GEK-25,adapted,dipep_LC,0.0,-0.0001030531214330518
GEK-25,adapted,dipep_LD,0.0,-0.00020621235078655085
GEK-25,adapted,dipep_LE,0.0,-8.938474334817755e-05
GEK-25,adapted,dipep_LF,0.0,-0.010315359342057585
GEK-25,adapted,dipep_LG,0.0,-0.0009437899987088287
GEK-25,adapted,dipep_LH,0.0,7.469293788569743e-05
GEK-25,adapted,dipep_LI,0.0,-0.003827855423392707
GEK-25,adapted,dipep_LK,0.0,-0.0012743547575875301
GEK-25,adapted,dipep_LL,0.0,-0.0005334555661158422
GEK-25,adapted,dipep_LM,0.0,-0.00015521407005645706
GEK-25,adapted,dipep_LN,0.0,-0.0001375597366398058
GEK-25,adapted,dipep_LP,0.0,-0.0014390608606212672
GEK-25,adapted,dipep_LQ,0.0,-9.456588835328473e-05
GEK-25,adapted,dipep_LR,0.0,-6.447038778203292e-05
GEK-25,adapted,dipep_LS,0.0,-0.00046367524216603406
GEK-25,adapted,dipep_LT,0.0,-0.0004308489597559675
GEK-25,adapted,dipep_LV,0.0,-0.001777404647944217
GEK-25,adapted,dipep_LW,0.0,-0.0007124834176398529
GEK-25,adapted,dipep_LY,0.0,-0.00016265475602596083
GEK-25,adapted,dipep_MA,0.0,-0.00010622399648131623
GEK-25,adapted,dipep_MC,0.0,-1.0752065167329884e-05
GEK-25,adapted,dipep_MD,0.0,-4.6109613602655685e-06
GEK-25,adapted,dipep_ME,0.0,-3.908744356292262e-05
GEK-25,adapted,dipep_MF,0.0,7.099857946633357e-05
GEK-25,adapted,dipep_MG,0.0,-0.00015182341320704439
GEK-25,adapted,dipep_MH,0.0,0.0
GEK-25,adapted,dipep_MI,0.0,-0.0020991367862255856
GEK-25,adapted,dipep_MK,0.0,4.0461316388680484e-05
GEK-25,adapted,dipep_ML,0.0,-0.0001891999933042387
GEK-25,adapted,dipep_MM,0.0,-8.690119248658457e-05
GEK-25,adapted,dipep_MN,0.0,-6.51039176030559e-05
GEK-25,adapted,dipep_MP,0.0,0.0
GEK-25,adapted,dipep_MQ,0.0,-1.942247715212345e-05
GEK-25,adapted,dipep_MR,0.0,-6.78425880945041e-05
GEK-25,adapted,dipep_MS,0.0,-4.0730380507752177e-05
GEK-25,adapted,dipep_MT,0.0,-0.00023219786382529448
GEK-25,adapted,dipep_MV,0.0,-1.4948666002836613e-05
GEK-25,adapted,dipep_MW,0.0,-1.853355217333477e-05
GEK-25,adapted,dipep_MY,0.0,0.0
GEK-25,adapted,dipep_NA,0.0,-0.0002124501947038003
GEK-25,adapted,dipep_NC,0.0,-3.3733457735027464e-05
GEK-25,adapted,dipep_ND,0.0,0.0
GEK-25,adapted,dipep_NE,0.0,-3.0916450920712174e-05
GEK-25,adapted,dipep_NF,0.0,-0.00022254949568191042
GEK-25,adapted,dipep_NG,0.0,-0.003672475207239989
GEK-25,adapted,dipep_NH,0.0,0.0
GEK-25,adapted,dipep_NI,0.0,-9.394146265214266e-05
GEK-25,adapted,dipep_NK,0.0,-0.0005435422134172702
GEK-25,adapted,dipep_NL,0.0,-0.0006568195252883808
GEK-25,adapted,dipep_NM,0.0,-5.00412835782021e-05
GEK-25,adapted,dipep_NN,0.0,0.0
GEK-25,adapted,dipep_NP,0.0416666679084301,0.0006030185547260208
GEK-25,adapted,dipep_NQ,0.0,-0.00021865961372017002
GEK-25,adapted,dipep_NR,0.0,-0.00010718483947929518
GEK-25,adapted,dipep_NS,0.0,-5.30905571011732e-05
GEK-25,adapted,dipep_NT,0.0,-0.0021934475925376017
GEK-25,adapted,dipep_NV,0.0,5.206338793808624e-06
GEK-25,adapted,dipep_NW,0.0,-1.4622969834857515e-05
GEK-25,adapted,dipep_NY,0.0,-9.296831265738008e-05
GEK-25,adapted,dipep_PA,0.0,-0.0008064620699174523
GEK-25,adapted,dipep_PC,0.0,-0.00026156352884445437
GEK-25,adapted,dipep_PD,0.0,1.023534377877839e-05
GEK-25,adapted,dipep_PE,0.0,4.704644931174398e-05
GEK-25,adapted,dipep_PF,0.0,-7.712789936848239e-05
GEK-25,adapted,dipep_PG,0.0416666679084301,-0.001847118100243047
GEK-25,adapted,dipep_PH,0.0,-2.7612276872240188e-05
GEK-25,adapted,dipep_PI,0.0,6.56802335141625e-05
GEK-25,adapted,dipep_PK,0.0,-7.209798599979837e-05
GEK-25,adapted,dipep_PL,0.0,-5.3317253287078876e-05
GEK-25,adapted,dipep_PM,0.0,0.0
GEK-25,adapted,dipep_PN,0.0,0.0
GEK-25,adapted,dipep_PP,0.0,0.00030670837148932855
GEK-25,adapted,dipep_PQ,0.0,-0.00011635138347845995
GEK-25,adapted,dipep_PR,0.0416666679084301,-0.0057317293109020425
GEK-25,adapted,dipep_PS,0.0,-0.00022891662667211832
GEK-25,adapted,dipep_PT,0.0,-0.00037051768052183973
GEK-25,adapted,dipep_PV,0.0,-5.088386258257193e-05
GEK-25,adapted,dipep_PW,0.0,-2.6195416945575067e-05
GEK-25,adapted,dipep_PY,0.0,0.0
GEK-25,adapted,dipep_QA,0.0,-0.00026088935004533906
GEK-25,adapted,dipep_QC,0.0,-8.484875720151221e-05
GEK-25,adapted,dipep_QD,0.0,-0.00011333925612517018
GEK-25,adapted,dipep_QE,0.0,0.0
GEK-25,adapted,dipep_QF,0.0,-7.733410822495336e-05
GEK-25,adapted,dipep_QG,0.0,-0.00024839795729264595
GEK-25,adapted,dipep_QH,0.0,-0.0006323232184703609
GEK-25,adapted,dipep_QI,0.0,-4.3556775319049164e-05
GEK-25,adapted,dipep_QK,0.0,7.442376667172821e-05
GEK-25,adapted,dipep_QL,0.0,-0.00014558365062551686
GEK-25,adapted,dipep_QM,0.0,-1.7269429824174195e-05
GEK-25,adapted,dipep_QN,0.0,-7.681577307499065e-05
GEK-25,adapted,dipep_QP,0.0,-0.0005598141596880992
GEK-25,adapted,dipep_QQ,0.0,-0.0005335570133690296
GEK-25,adapted,dipep_QR,0.0,-0.005033727575873169
GEK-25,adapted,dipep_QS,0.0,-0.0005688595991294831
GEK-25,adapted,dipep_QT,0.0,0.0
GEK-25,adapted,dipep_QV,0.0,-9.102616573869461e-05
GEK-25,adapted,dipep_QW,0.0,-9.383871416450251e-05
GEK-25,adapted,dipep_QY,0.0,0.0
GEK-25,adapted,dipep_RA,0.0,-5.841560975996545e-05
GEK-25,adapted,dipep_RC,0.0,-4.3661758971739515e-05
GEK-25,adapted,dipep_RD,0.0,-0.00010694684629877909
GEK-25,adapted,dipep_RE,0.0,0.00010001716662022798
GEK-25,adapted,dipep_RF,0.0,0.00038295151384144625
GEK-25,adapted,dipep_RG,0.125,-0.0041509725986392685
GEK-25,adapted,dipep_RH,0.0,-4.8825896739798724e-05
GEK-25,adapted,dipep_RI,0.0,-0.0002754476084913717
GEK-25,adapted,dipep_RK,0.0,-0.00504641657684196
GEK-25,adapted,dipep_RL,0.0,0.0009053829128336362
GEK-25,adapted,dipep_RM,0.0,-0.00044841703888218133
GEK-25,adapted,dipep_RN,0.0,-0.0006014709800211196
GEK-25,adapted,dipep_RP,0.0,0.000350834831383392
GEK-25,adapted,dipep_RQ,0.0,-0.008745731010991267
GEK-25,adapted,dipep_RR,0.0416666679084301,-0.0006132863995477034
GEK-25,adapted,dipep_RS,0.0,5.643054340107746e-05
GEK-25,adapted,dipep_RT,0.0,0.00043919975959049313
GEK-25,adapted,dipep_RV,0.0,-0.00030164758978315216
GEK-25,adapted,dipep_RW,0.0,-0.0006533703305439063
GEK-25,adapted,dipep_RY,0.0,-0.0002117922808942509
GEK-25,adapted,dipep_SA,0.0,-0.0001144979521521002
GEK-25,adapted,dipep_SC,0.0,-6.909644758733225e-05
GEK-25,adapted,dipep_SD,0.0,-4.927157194804688e-05
GEK-25,adapted,dipep_SE,0.0,9.702656973710832e-06
GEK-25,adapted,dipep_SF,0.0,-0.00023901434963397177
GEK-25,adapted,dipep_SG,0.0,-0.00012518008550673225
GEK-25,adapted,dipep_SH,0.0,-7.27554733953255e-05
GEK-25,adapted,dipep_SI,0.0,-0.0005038121155184177
GEK-25,adapted,dipep_SK,0.0,-0.0037564716499529555
GEK-25,adapted,dipep_SL,0.0,-0.0004790573997845108
GEK-25,adapted,dipep_SM,0.0,0.0
GEK-25,adapted,dipep_SN,0.0,-0.0008735603827143771
GEK-25,adapted,dipep_SP,0.0,0.0003773303064956749
GEK-25,adapted,dipep_SQ,0.0,-1.9361759420141192e-05
GEK-25,adapted,dipep_SR,0.0,7.555541182300341e-05
GEK-25,adapted,dipep_SS,0.0,-0.0004785952363227976
GEK-25,adapted,dipep_ST,0.0,-0.0002385909323965834
GEK-25,adapted,dipep_SV,0.0,-2.5109898379740543e-05
GEK-25,adapted,dipep_SW,0.0,-0.0006883482596902398
GEK-25,adapted,dipep_SY,0.0,-4.7856676628288796e-05
GEK-25,adapted,dipep_TA,0.0,-0.00045900820285556704
GEK-25,adapted,dipep_TC,0.0,-1.459654955718499e-05
GEK-25,adapted,dipep_TD,0.0,4.078073890635803e-05
GEK-25,adapted,dipep_TE,0.0,-0.00045584785611955123
GEK-25,adapted,dipep_TF,0.0,-0.0008135073113809409
GEK-25,adapted,dipep_TG,0.0,-0.000970974680312989
GEK-25,adapted,dipep_TH,0.0,-7.476399751501069e-05
GEK-25,adapted,dipep_TI,0.0,-0.0008735534904620554
GEK-25,adapted,dipep_TK,0.0,-0.0001700944629060775
GEK-25,adapted,dipep_TL,0.0,-0.00010875823939315675
GEK-25,adapted,dipep_TM,0.0,0.0
GEK-25,adapted,dipep_TN,0.0,-0.00011292898636311033
GEK-25,adapted,dipep_TP,0.0,-0.00042022202080763653
GEK-25,adapted,dipep_TQ,0.0,-0.000180292840993063
GEK-25,adapted,dipep_TR,0.0,0.00034947888208546263
GEK-25,adapted,dipep_TS,0.0,-0.0001413362733080534
GEK-25,adapted,dipep_TT,0.0,-0.0006712792927470105
GEK-25,adapted,dipep_TV,0.0,-0.00035886600312002366
GEK-25,adapted,dipep_TW,0.0,0.0
GEK-25,adapted,dipep_TY,0.0,-7.660443518491964e-05
GEK-25,adapted,dipep_VA,0.0,-0.0012186059197811007
GEK-25,adapted,dipep_VC,0.0,-0.0005270059117024015
GEK-25,adapted,dipep_VD,0.0,0.0001641263682874665
GEK-25,adapted,dipep_VE,0.0,-1.0548711278796637e-05
GEK-25,adapted,dipep_VF,0.0,-0.00021201395812295052
GEK-25,adapted,dipep_VG,0.0416666679084301,0.001987117048271285
GEK-25,adapted,dipep_VH,0.0,-0.00034994305880035203
GEK-25,adapted,dipep_VI,0.0,-0.00017858151144356957
GEK-25,adapted,dipep_VK,0.0,9.435110594833152e-05
GEK-25,adapted,dipep_VL,0.0,-0.001981335087916013
GEK-25,adapted,dipep_VM,0.0,-1.0585602016739832e-05
GEK-25,adapted,dipep_VN,0.0,-0.00018222969243177802
GEK-25,adapted,dipep_VP,0.0,-0.0005451684035916792
GEK-25,adapted,dipep_VQ,0.0,-0.0004191181367872137
GEK-25,adapted,dipep_VR,0.0,0.0005388886113142204
GEK-25,adapted,dipep_VS,0.0,5.388167727070317e-06
GEK-25,adapted,dipep_VT,0.0,-0.00019269864398999527
GEK-25,adapted,dipep_VV,0.0,0.0
GEK-25,adapted,dipep_VW,0.0,-6.869111268137157e-05
GEK-25,adapted,dipep_VY,0.0,-0.00011362442924990906
GEK-25,adapted,dipep_WA,0.0,0.0
GEK-25,adapted,dipep_WC,0.0,-7.777868919931906e-05
GEK-25,adapted,dipep_WD,0.0,-8.454438614514315e-06
GEK-25,adapted,dipep_WE,0.0,-0.0023614657476797134
GEK-25,adapted,dipep_WF,0.0,-0.0003091677683707814
GEK-25,adapted,dipep_WG,0.0,-4.788984494720029e-05
GEK-25,adapted,dipep_WH,0.0,0.0
GEK-25,adapted,dipep_WI,0.0,-0.0014344972983008268
GEK-25,adapted,dipep_WK,0.0,-0.00014915485767272337
GEK-25,adapted,dipep_WL,0.0,-0.0003041305060201538
GEK-25,adapted,dipep_WM,0.0,0.0
GEK-25,adapted,dipep_WN,0.0,-0.0001275503994579767
GEK-25,adapted,dipep_WP,0.0,-1.7076736475426065e-05
GEK-25,adapted,dipep_WQ,0.0,-0.0001284284747724977
GEK-25,adapted,dipep_WR,0.0,-0.0005316403676691314
GEK-25,adapted,dipep_WS,0.0,-0.00016556407773234125
GEK-25,adapted,dipep_WT,0.0,0.0
GEK-25,adapted,dipep_WV,0.0,-2.8019923229674483e-05
GEK-25,adapted,dipep_WW,0.0,-0.00028841619583092873
GEK-25,adapted,dipep_WY,0.0,-0.007870997331979358
GEK-25,adapted,dipep_YA,0.0,-7.5694870842512e-05
GEK-25,adapted,dipep_YC,0.0,0.00012037766972591813
GEK-25,adapted,dipep_YD,0.0,0.0
GEK-25,adapted,dipep_YE,0.0,2.9478587852095772e-05
GEK-25,adapted,dipep_YF,0.0,-1.432968237947491e-05
GEK-25,adapted,dipep_YG,0.0,-0.005733647996958507
GEK-25,adapted,dipep_YH,0.0,-1.075988342275629e-05
GEK-25,adapted,dipep_YI,0.0,0.0
GEK-25,adapted,dipep_YK,0.0,-3.755052618956857e-05
GEK-25,adapted,dipep_YL,0.0,-0.00023108503229184326
GEK-25,adapted,dipep_YM,0.0,0.0
GEK-25,adapted,dipep_YN,0.0,0.0
GEK-25,adapted,dipep_YP,0.0,0.0
GEK-25,adapted,dipep_YQ,0.0,-0.0005502057125339393
GEK-25,adapted,dipep_YR,0.0,-0.00045520552880791166
GEK-25,adapted,dipep_YS,0.0,-0.00023632539022234395
GEK-25,adapted,dipep_YT,0.0,-5.593026715369933e-05
GEK-25,adapted,dipep_YV,0.0,-0.00012973374304599695
GEK-25,adapted,dipep_YW,0.0,-1.8721984066541632e-05
GEK-25,adapted,dipep_YY,0.0,0.0
